(0 grid written by ANSYS Meshing
   nodes:       (10 (id start end type) (x y z ...))
              faces:       (13 (id start end type elemType)
                (v-0 v-1 .. v-n right-cell left-cell ...))
   cells:       (12 (id start end type elemtype))
   parent-face: (59 (start end parent child) (nchilds child0 child1 ...))
)
(2 3)
(10 (0 1 54a 0))
(13 (0 1 3243 0))
(12 (0 1 17fa 0))
(10 (3 1 2f9 1 3)(
0.09497234565375304 -0.5599749209215998 0.1943568224326953
0.1182585003066691 -0.895091916145601 0.1314305731827863
0.09922339071510849 -0.7890087974636992 0.06887334228839209
0.08124999999999967 -0.7652777786254883 0.025
0.1589641097941805 -0.7123957682043845 0.08487379300057038
0.1352891534952911 -0.7467376752342144 0.03746988216273019
0.136204537543208 -0.6960246716346917 0.03820181590750223
0.08124999999999967 -0.7652777786254883 0.075
0.1144892213171255 -0.7413386168598516 0.09687431851367176
0.08419855748913634 -0.715809814595562 0.07963602265390114
0.08331953858132539 -0.7168067931538348 0.0315547683676901
0.128346759650986 -0.6856457137342559 0.07929182819109228
-0.02283264876501589 -0.8340865287664359 0.08771415743648522
0.03798254467334129 -0.9304351500255961 0.08473736668791815
0.03220926097248759 -0.8879947633272852 0.1327091302555367
0.06075289276873726 -0.8764989028097045 0.08737911556896351
0.03249948445747245 -0.8386892111625719 0.08542273505468438
-0.0235555833177805 -0.5431104903928131 0.1834745888872548
-0.02146521922895865 -0.609281727340744 0.2402180905754163
-0.01961498122992375 -0.7643995804359626 0.2717259100159377
-0.07480013035251382 -0.6933826681975049 0.2598938724352763
-0.07166832297186597 -0.5854650045503393 0.1930752992838811
-0.0709540616494586 -0.6431345392731075 0.2256037123502152
-0.1146770690494701 -0.6241202313321649 0.18798541169317
0.04431853037211019 -0.633702886931536 0.2829593448516045
-0.03436942945997343 -0.6564941573957888 0.277655062480983
0.01369794336522534 -0.8298482813506139 0.2546339994707161
0.118830982560811 -0.8229533613884521 0.2989096815045989
0.08427305864045374 -0.7635813665986182 0.3038680702062183
0.03963810946320365 -0.7575989509861036 0.2679926868742318
-0.004521856351639281 -0.6925268412632778 0.2845543847332848
0.07736979839576084 -0.6916438875667872 0.2722161367483813
0.05442634358676072 -0.7246695442848371 0.2108837246692493
0.03323456295740983 -0.7354988101494481 0.1486738927494754
0.0731496075610244 -0.7546965621935816 0.1726062970632473
-0.0364576343535031 -0.8234773392145157 0.2183013652502976
-0.01420305689751371 -0.731737068384966 0.2095194562859989
-0.05737063353816333 -0.7849675040673778 0.1779551989342954
-0.03723730001958131 -0.8352904027966545 0.1620877322321727
-0.02091673869858654 -0.7416249579889864 0.1567270367217141
0.06378850204343715 -0.7941680315277134 0.2240440911613546
-0.0002902234849852832 -0.8493055521647134 0.1472863952008523
0.02879303781642859 -0.8409305101536998 0.2040134319225664
0.03196153878833857 -0.7885199465064963 0.150932979725912
-0.02091673869858655 -0.7916249579889864 0.1567270367217141
-0.06740084894931232 -0.7711775599555364 0.2461403070015787
-0.00309099422160002 -0.8893706265813885 0.2200327134918204
-0.07170364102211804 -0.8958863433540256 0.183302774539125
-0.09215599508950548 -0.8122175046089328 0.1930016161787894
0.04628422452991834 -0.937650995207988 0.2227892872042077
0.1476274916683616 -0.7568297130411575 0.07091137171759465
0.08512749166836145 -0.7762741557901809 0.1209113717175947
0.1186310152680187 -0.7972135823845282 0.121080024486198
0.1514096860864479 -0.7306610316899647 0.133286328645778
0.08313752053237701 -0.726846853421659 0.1234340599929803
0.1176441627353147 -0.694908285968398 0.1219118808643166
0.0684975349424482 -0.8743873962522974 0.1516701872384092
0.04610657945858496 -0.8399520350031047 0.134631570265018
0.1063007638849325 -0.8471445978371044 0.1721737818951311
0.07706498678218762 -0.8320738761568308 0.1146370536973742
0.07957728154273505 -0.8111201914974495 0.1722646739858806
0.1561894059707174 -0.5945152086261355 0.1547385132536886
-0.05312917935461496 -0.6990557124360588 0.1544364906208563
-0.1477018944516158 -0.8452211502389904 0.1761949207696415
-0.08012785687023286 -0.7459479200085036 0.1264182761297332
0.1300275945912727 -0.5753776896172786 0.04984965346542503
0.1520942676217934 -0.661733719685392 0.1689603754615576
0.2043691649064004 -0.6519555182706307 0.2415365527008793
0.04294929256701647 -0.9269463419706159 0.1534984471815916
-0.0138383772790763 -0.8970782530585645 0.155556272730181
-0.005249507042774993 -0.9448346648502837 0.1741474958845569
0.008430350458490238 -0.9830274585125183 0.05441752728677755
-0.01267503795714818 -0.9350174110104029 0.1063542449905571
0.061591252328417 -0.973235727437799 0.05441752728677755
0.07682049946735416 -0.9357185315188399 0.104326635196028
-0.1567954105603651 -0.5970201400442435 0.1567234473482653
-0.156181293300491 -0.9540987085837188 0.04081443811497766
0.2375 -0.7642360954284667 0.07734375
0.1831656507683991 -0.7242544381156881 0.04841588387348827
-0.1714616824460026 -0.9107099280559976 0.09210029230088071
-0.2333333333333333 -0.9388758060717027 0.06630769938657642
-0.1898155499927254 -0.8634465703098827 0.05037723275202647
0.07794822143086141 -0.8364698329686042 0.05025451778424418
-0.009305546169418958 -0.651522200194034 0.05335500532421013
-0.1227003030372609 -0.8920545561153576 0.1360924700775075
-0.1273000230484666 -0.9486671622082574 0.09778805667954898
-0.07265573504847876 -0.9533411511830263 0.131744518120143
-0.0955601321873155 -0.9720894912236036 0.05665725051056371
0.1908207477905681 -0.5808948258323717 0.04533278031265913
0.1663031733556045 -0.5793090635291336 0.09710534568175522
0.1775092861364815 -0.6725211679627333 0.06089409888062212
0.1547754157384486 -0.6592240195460484 0.1128803880154723
0.200647068734994 -0.6243095053594518 0.134552246076843
0.2375 -0.6226273301442462 0.06158854166666668
0.1504824255650364 -0.6373031231948089 0.05177256536909609
0.08937603150681528 -0.6742660849829902 0.04874009790706438
-0.1659873295486809 -0.6219147008454922 0.09644573405067845
-0.1372716344527693 -0.5851549042649496 0.04287086793716705
-0.06891150369466689 -0.585544015469004 0.05736442538318312
-0.0449619431238238 -0.6481111072587695 0.1092242941154869
-0.09846311711659728 -0.6191432930788681 0.1238760428607781
-0.2244556984420505 -0.6737131583693223 0.1344815378901537
-0.1125000000000002 -0.7305555572509765 0.05
-0.03117594511918648 -0.9899636124136767 0.06233878156972008
-0.1859272998702832 -0.6027715443067149 0.04424369494437724
-0.2375 -0.6564815012613932 0.07447916666666686
0.0817514836462306 -0.9076274220747249 0.04325552721421985
0.1225152631189896 -0.9467507927241819 0.06494926538691574
-0.1736785683692368 -0.7391027522537411 0.1038010362898259
-0.1619556984420505 -0.7172316571079291 0.06000237122348681
-0.207930609560981 -0.7087069166306192 0.05688151993649741
-0.1559731558711867 -0.6590912855929582 0.05675535926605091
-0.1007288708003489 -0.6822187095820362 0.09726813700940172
-0.06310250363586671 -0.6409713185678774 0.05
-0.09374070564590364 -0.6793262816471296 0.04879658844877376
-0.112558202077917 -0.62764741842483 0.06000237122348681
0.05214467654638459 -0.8852339417723546 0.2275281534367392
0.07840633636356871 -0.9053628934293345 0.1893087784703706
0.06409994802651903 -0.8551888278244792 0.223330790726348
0.1335314397642226 -0.8277820581825837 0.2504211443342502
0.1183827860981946 -0.8847467232739333 0.2266653091709215
0.08624337853096566 -0.8307570811551683 0.2656646116762799
-0.127811556481123 -0.8963605328628904 0.05125079804900362
-0.03382107686352233 -0.88235465597024 0.09078343056514297
-0.06474806615516203 -0.9235600020096892 0.05719759935672782
-0.07253920606813717 -0.8461744826631975 0.04964286350365769
0.1206550267329491 -0.6364610994197943 0.2551020470718338
0.07850702773399552 -0.6035102500879824 0.2358666787922769
0.1231820814226624 -0.6184793710329585 0.2056399996277783
0.08413578577326945 -0.5852754659302517 0.1671823283883247
0.1470551551910579 -0.7903197376372795 0.2846531521474621
0.1238835408065265 -0.6957402874939246 0.2744343981668657
0.1079458250055708 -0.7146727641671741 0.1711393761224293
0.1077591600910511 -0.7792351774671121 0.1806252654786875
0.1426592165311147 -0.7869339470914694 0.1595588553949384
0.1523538662670134 -0.7326651580441689 0.2051313867129834
0.1089464464491357 -0.7416273920308789 0.2329033430826679
0.1317026570983548 -0.80150054810036 0.2141542695502083
-0.1245543289455569 -0.7728034301325509 0.1839677282478681
-0.08429765120881175 -0.7439445152152628 0.1797992333824113
-0.1285151504273602 -0.7352719279830556 0.1257710535210802
-0.105393861350249 -0.6676992711891475 0.2220833469165923
-0.1467143413886233 -0.6706287144482013 0.1828220292908892
-0.09741872670465836 -0.6834276357208716 0.1659078190911019
-0.1166357951023454 -0.7320672837393684 0.2275120933082507
-0.1673299307082256 -0.7278916824721789 0.1739453504680958
0.1082345704662186 -0.6405408084809353 0.1553401346947237
-0.04239497643703638 -0.6341519622735656 0.1738428319308191
0.02240689670800562 -0.6695384179180621 0.2299651731715904
-0.0001985044475668 -0.6866454907135879 0.158395893934613
0.02826933965766525 -0.6125176550618416 0.1750949045499968
0.06249886314966575 -0.6823410126798766 0.1560292995248838
-0.0663205613209952 -0.8436654448076681 0.1053606955104586
-0.08161567475491958 -0.7948975698486616 0.1272260348630048
-0.09066560406960936 -0.7902166433810343 0.07320872559817507
-0.1514013709948738 -0.7874206289519883 0.1349572363656353
-0.1478027779803871 -0.8487786766979546 0.1057379282624851
-0.1788845975421317 -0.7874711489850265 0.05753609813211077
-0.1441156747549194 -0.7754531270996381 0.07722603486300483
-0.09793623607591435 -0.8385630146563298 0.1325867303734634
-0.1262026919379634 -0.8311415014316987 0.05788530875352386
-0.05098490678083182 -0.5323600809108062 0.1174606622611949
-0.04852690355446221 -0.5369290333230839 0.06471120839373444
0.1497081837028103 -0.8381823638503942 0.1444018255254466
0.185484701360613 -0.7827135147617159 0.09449271761619614
0.1243427493220146 -0.8765540702800911 0.04789903002815692
0.1684345114517334 -0.9035068754070886 0.03265370512598777
0.1877043240148912 -0.8390513145257182 0.04359119375088618
0.1366373485714092 -0.813931734497627 0.05781515517384184
0.1431928840386931 -0.8729731135511095 0.08291517459214645
-0.09468560252169428 -0.5444990432155954 0.04740962921738048
-0.09221938292454179 -0.5590059280273595 0.1461230490838965
-0.1110168634543903 -0.5239395228476876 0.09340125358206403
-0.1220679520492279 -0.5766238293150088 0.1026472625266488
0.09518786587911587 -0.5788491049032443 0.09905913453395156
0.008940108285389593 -0.5346013213487266 0.09180476806286963
0.06152753167763295 -0.549056140736555 0.04854551113846851
0.0132195898357322 -0.6477374938766872 0.1136347293583952
0.08798242556503617 -0.6678586804457853 0.1017725653690961
0.03693087923211655 -0.6541453002141584 0.06391104210385327
-0.00275320926842514 -0.5985177849951966 0.061697448557245
0.05258040915017174 -0.6122609782968202 0.1074977673115952
0.0778390041788707 -0.6143974055132974 0.05259935117814195
-0.01510399586460621 -0.8460108075772369 0.04386825432265338
0.04262121219046257 -0.9090624660746761 0.040884570000163
0.03369394016963267 -0.8459397488783187 0.03988548881798794
-0.006788802601453332 -0.9148302637077746 0.04612330343011746
0.2319921011517177 -0.9280102976496342 0.4957937529157158
-0.08987835029706018 -0.1340412300992914 1.026207363417069
-0.2414832648970617 0.1199403350433701 0.885806053660791
0.1276110091109188 -0.9472530635529677 0.2088012703700817
0.1074546296071877 -0.7315138969732264 0.05553250812532434
-0.2130305994555605 0.4671490093738468 0.5930767116580458
0.01499896891494531 -0.8773784223251437 0.07084547010936874
0.01113037749879656 -0.8339153143402139 0.7682072385484866
0.08933210297168478 0.9386951847162367 0.4945237536128594
-0.07255367600137864 0.7942489342542134 0.6492427492665236
0.01201074928832281 -0.06696139216654531 0.7314411416892802
-0.1907963278684876 1.063501661715374 0.3916394269385608
-0.1634832767011354 1.00635544933035 0.3158322595032226
-0.0858642054345163 -1.048193574492643 0.6424623148145854
0.1239038312939514 -0.6481021501874527 0.5933980925078582
0.08760366084190641 0.9578602315932103 0.8368769465248352
-0.1337887894702727 0.07800811569897068 0.7979676392167517
0.04450557023428415 -0.01417963815913545 0.4903913511633435
-0.2331692668235086 -0.9369328427587963 0.9221298511670896
0.001558422768715398 0.9877874973009322 1.023676820957141
-0.1298006046479162 0.1646149297223107 0.8570706692743595
0.01771645433080584 -1.221312587239728 0.8920951450327322
-0.201234542743211 0.9805395417813332 0.9041558114537523
0.1991883664925083 -0.209272846925498 0.9414506122404767
0.02572451863838482 1.225253633045204 0.8572590170917057
0.10992908473663 0.3210529813747691 0.6115036176119671
0.1082366855863498 0.2859520018084001 0.4762393685226987
0.01979648759434661 -0.2865616764292686 0.7259117512143768
0.06147327115018844 -0.1689951425118621 0.7454993009074904
0.2124874881020336 0.3740408258059007 0.6764872589085239
0.1716486181223669 0.4251807162831009 0.5483003710875494
0.221950361842264 0.2950299278175745 0.5609698643939569
-0.06476441769053234 0.7227658828301284 0.8607533808298691
0.0673409809200293 0.5231800704425461 0.7626791119169649
0.08984271595062783 0.2016117623724763 0.5602613925518529
-0.01744343801848739 0.3334022269501318 0.6473918206164458
0.08498865076806973 -0.9323726735247847 0.7451163340441586
0.07609478872186255 -0.5728226568088293 0.9883339051056724
0.1115767544628241 -0.3369179912815337 0.5848230958983188
0.06721131831150569 -0.4715097553723409 0.3782351951977253
-0.0003180971916960171 -0.5137057325223299 0.2505187488371716
-0.08510595965597174 -0.6328292077325735 0.511308887200399
-0.08578025235836721 -0.7402674586347486 0.5383368672188319
0.04972005485502783 -0.5988667281091616 0.819486082571513
-0.03948718754235069 0.9394693813067306 0.5468232196005586
-0.07370373317360826 -0.2916828088221226 0.850807603211294
0.1159709070201776 -0.3472718480410657 0.9208606741586194
-0.05415594414631849 -0.1907113501844526 0.7328844827989419
-0.02113732659911584 -0.4052920411973249 0.6366968074865692
0.03184480347217274 -0.5557652140385096 0.6344985529811721
0.1165148640360709 0.4662934324135424 0.6511579492790054
0.2118155906782525 0.1262715497477689 0.6614697757518846
0.2352058920463913 0.2294881588570659 0.6590554309634165
0.0238497077572489 0.4062894166510259 0.4812942905890724
0.1923642313979742 0.05522870430097625 0.4256065842592279
0.0157513635713691 0.673347085434678 0.7478528174004345
0.1914761660324989 0.4887041583619466 0.804552788795355
0.1956984711408175 0.8258190933179967 0.552530236958902
-0.1784667829525292 0.7449797375472768 0.6356546414113221
0.1900526271512905 0.8598549993859711 0.7728662356005419
0.06868193457047642 -0.7718361786497145 0.6341055029181007
-0.1813756651082337 -0.7137776622128623 0.4658775680542565
-0.07844913936019828 -0.728590239913969 0.3683638113389328
0.1880238929243645 0.3610028826091981 0.4487141658501863
0.06178738444680627 0.2252244221839839 0.6835871358001681
0.09662126674086953 -0.8450047805338704 0.8367977010211367
-0.03876390770289278 -0.5770198909397627 0.9780536524893033
-0.07337593238825108 0.9886477078765394 0.663007197740758
0.1492616003831015 -0.2136592020333081 0.601292668027522
0.1062324304388787 -0.4365994449790117 0.2847994145037708
-0.1186711680777141 -0.451769282519197 0.3915114220716991
-0.0936432393365379 -0.6143932872833932 0.2673601960776854
0.02369598281235583 -0.6733130702624446 0.5100842094048621
-0.02697599689318394 -0.591709788517592 0.3730302062517913
-0.08474163333127399 -0.4931278228420825 0.7767873982969865
0.07582524788329051 -0.4164742125222712 0.7432744952029098
-0.1904209935125146 -0.795028882987553 0.5475539799782541
0.07628923642605592 -1.163537537610281 0.7082290032791774
-0.0702457659089593 -0.763105830609083 0.7993455921870255
0.147337344971722 -0.6013059774314161 0.8819284284130267
-0.1054612855614599 0.4018730296254766 0.09920889030030378
0.09810559377738184 0.8082499487694036 0.2029386231354729
0.13099484681555 -0.006821541333224808 0.7544742152737752
0.2132043930175458 -0.1834681232604394 0.4383329993816756
0.1298168271926891 -0.064120882495149 0.378079557625876
0.07754167292009947 0.8313131875518985 0.5341297042895008
-0.106788145753314 0.9394875982822402 0.3958158708432639
-0.1008101412349441 0.7683911251299272 0.9779087391174849
-0.07578017127094203 0.5711852729914346 0.8507373353964582
0.02865373880974583 -0.8740810783747652 0.3282545300969957
0.06776146268256564 1.045314007560356 0.5563452512607776
-0.07396510700015413 1.08109928781617 0.37247130241676
0.06072003975617674 -0.2704890718463092 0.8585464769076462
-0.01963104255338198 -0.1591510627057664 0.83633848678303
0.07389190854254674 -0.4601767805297592 0.5683535237691154
0.1816902113133818 -0.4619589510547218 0.7607895408773598
0.193114177798957 -0.6295093388550815 0.7794803641559404
0.2124670836073144 -0.1193979671097501 0.5601106005324068
0.1785614141449616 -0.3659707441396026 0.4972050120826527
0.07729743340182925 0.3713544219292495 0.7386525805921094
0.2228667230926751 0.3414900827822148 0.7960705608706432
0.1837391720996059 0.1204833553776455 0.7871767740120702
0.2114946040701401 0.1534024892630852 0.5336531780979183
0.1557938940678921 -0.3182296735940354 0.2244567966999333
0.1315197956643731 -0.4474905129357059 0.1797089398501115
-0.1258150328013646 0.4478821517465838 0.4747634209193051
-0.06276935786869177 0.3176974235529337 0.5054335407176254
0.1981884013084367 0.311490680250145 0.2389621380305956
0.2126702777225941 0.5367171138588744 0.327535167453581
0.07751194286634505 -1.21036063047768 0.5867416771770523
0.02693341653677112 -1.098536828448062 0.4297980018170856
-0.1150380597826011 -1.135495433844677 0.3910681701900476
-0.1951570107318642 -0.981023903228427 0.6807033635712372
0.1606645156545415 0.1133059224285454 0.3122146462392466
0.1112559626183943 0.1380653225326234 0.4404558101767369
0.09921479914198904 0.4391463639553969 0.8732619962666842
0.07817662449431374 0.6318548679344437 0.8664924346880275
-0.01626733159905398 0.7051541970661243 0.6023703553795718
0.03720444424300041 0.5559307018796286 0.5140789751662352
0.1893543620786953 0.5889026509186601 0.722607549249568
0.1896363287594483 0.5692888087800897 0.580609723732524
0.08851757135279366 0.8975762719532319 0.9754364764015286
0.1896035265469277 0.9173229326796938 0.6097096274351351
0.1974050847011823 1.006088641494075 0.7336261045271102
-0.1591250039884926 0.8757843937311269 0.6832430697952973
0.07287298394049105 0.8117940435479493 0.834895259400689
0.1331649649953316 -0.8914031651245384 0.5994179132536946
-0.06972419711002065 -0.8445753836387787 0.4466716928758582
-0.2194146978519856 -0.7173811258525578 0.3458373146716576
-0.1856481125589902 -0.9777719553333831 0.4269296948095057
-0.06887261853508536 -1.12556216408108 0.2534210320244974
-0.1972877872272553 0.08940534533886259 0.2480555130499542
0.1173896632762737 0.3600322790542125 0.3757685956489946
-0.07336125967546414 0.216089664671037 0.573956850754673
-0.09440260616418965 0.4200013506896995 0.2301368431196658
0.08632329941120118 -0.719413149738987 0.7890052588595515
-0.1120689520969999 -0.5336019715872963 0.6289426845828356
-0.09888163558407173 -0.6179298199173544 0.8730059025648929
-0.1228071254916917 0.8289813303358828 0.5144111949913195
-0.0357738007862672 0.9068145633593721 0.8992645760857685
-0.1430058387244153 1.029279518823263 0.5257095933885062
0.1185961800625234 -0.8382526671529416 0.3938874809405934
0.09770768003905814 0.9574113501265161 0.2369186512429755
-0.08439383117195957 -0.220788796133405 0.609827378390092
0.03394519878544477 -0.247981344121193 0.5174443381381605
0.0009933894373595098 -0.3600127959000016 0.2683062520926945
-0.1798766794713617 -0.4986894589427617 0.3052585910762594
-0.171648707249693 -0.306153447191615 0.332090208882808
0.2068437913712246 -0.4962989753684217 0.325740361840708
0.06431193759210294 -0.7164643411980015 0.3572966877523727
0.008166522602827332 -0.7832499159779727 0.2134540734434283
-0.09123022565098614 -0.3628101203032584 0.7342021447115838
-0.0286983469239856 -0.6797194395527462 0.6704705062181133
-0.1973524240249893 -0.9064826208595969 0.5386027316691178
-0.0003590870193341873 -1.073839748217728 0.7133107650948967
0.1897220443999943 -1.020049786462326 0.5715590237287337
-0.03967935050791932 -0.9525965159259338 0.8217030913981501
0.1718403559803502 -1.161223037585222 0.5208394120629958
0.01133284685715908 -0.3977653065110243 0.9857323532289726
-0.1114491924271659 -0.4150590392128544 0.9268442086888699
0.100724659442769 -0.4839650066122674 0.9151579069159513
-0.1940030063659919 -0.346807862984215 0.8536889437479269
0.002199302892375467 0.4359122341431095 0.123800702320963
-0.06777320756921205 0.5920223150705261 0.2110013822017731
-0.03013518956120933 0.7708187007936969 0.1799036919971197
0.003408954910619101 0.0755449709794925 0.7066099154786435
0.1348685950736946 -0.05069554022256165 0.6403480447117637
0.2052685150609383 0.20796929151559 0.4470776330779157
0.1931883403708908 -0.1498046695496795 0.3223130840190872
0.2064269625941731 -0.06978080151483969 0.4630354803962142
0.1523552841132802 -0.3106410294810477 0.3783578175605851
-0.206028573556647 -0.05862154338461095 0.8812036191608656
0.1872171334044114 0.8993477706317446 0.4350074021401091
-0.01866094510706214 0.9198248368829055 0.2941746534204802
0.2116592342418034 0.8612727583142091 0.2176987726832532
-0.07811163668730126 -0.3860961204413106 0.4936210760717554
-0.0622741837496272 -0.104048012913857 0.1380196632656942
0.1732836679533862 -0.107735664313786 0.1525106672921115
0.1925433183811431 0.7446775189006537 0.469428413031948
-0.08727681392967761 0.5841313728227424 0.3823372614043624
-0.2085122838909292 0.6181455764653171 0.6140202323172219
-0.1924391808478831 0.009179154068994546 0.6495595322584533
0.04340920677347878 0.04073785823389423 0.3802054131947796
-0.168394778270975 0.6540777107432318 0.9010094285511328
-0.08727857222628406 -0.8606517176627887 0.2651423858758741
0.2159163609093911 1.084035575458453 0.1566766771674723
0.09878321411773412 1.193661484379381 0.2252728901217686
0.1945194318235105 -1.016517486066256 0.4483542807075166
0.008937125223075073 -1.025062390512351 0.2775185760278587
0.09547590112353288 -1.170167656547863 0.2820908689939993
0.03763342015159239 1.03451084855113 0.4172586150757404
0.1007878262263554 -0.1427397252321572 0.8800595855172763
0.1749471969651972 -0.3053273137239111 0.7012144721532881
0.1638586017234308 -0.5388202964305624 0.650642586857611
0.198299709972804 -0.2587540655856458 0.5339588297632571
0.1716635104501846 0.2461394688943373 0.7520444595600989
0.1723673571631579 0.2163771314959805 1.008835228476263
0.2115320862038968 -0.4031142641412365 0.2512396839877868
-0.2223773339288012 0.5147887859196877 0.4811386533114953
-0.1717506979164252 0.5446917962559693 0.2739448838026622
0.1979235971990147 0.4036758598257373 0.3272338165919114
-0.1039173227172471 0.4195709806921105 0.5998510016989946
0.1983356781798675 0.5068983968624799 0.4736644926982933
0.07798239084104101 0.2904419305840745 0.1969599188314061
0.1368214865219933 0.5054417861587769 0.2211453546759097
0.03214460617182675 -0.998825671286644 0.9312297594043683
-0.0193457005825287 -1.185746304544437 0.8134772464166369
-0.1923909944498672 -1.063572534604389 0.765179370532971
0.04322829578497785 -1.105158239417046 0.5603111000732289
0.07747416657242012 -1.210245512772512 0.4408835498913662
-0.02395903680475429 -1.200741111763571 0.3476359846206618
-0.05893893501218078 -1.188847051470529 0.6135579967212155
-0.2001480942479293 -1.036393704295288 0.5711781601755518
0.06800725774096041 0.2821994332541445 0.079649985766579
-0.09523587666184936 0.2860725989308943 0.185770105678516
-0.07629738873293661 0.2770089144737654 0.07631407826237971
0.2054636079453514 0.1650224147267216 0.2136659601674969
-0.05746728420833652 -0.04707451314652104 0.3046732862581345
0.1904466698713316 0.006265151344815059 0.272340062189934
-0.02422994158788322 0.47055661105134 0.8222832077061447
-0.09689951714690985 0.6040716369646788 0.7175254961953031
0.07076234986920807 0.6142930600683922 0.6470351466919114
0.05688556364037823 0.7591825453076646 0.9808200971310914
0.08639665788884333 0.9756041568680668 0.6753562621046444
-0.02651533015863865 1.022721998466383 0.8124349116852897
-0.08916515383984079 0.8088545692021074 0.780307495945933
0.08921347120555112 0.7977554174764255 0.6715771287746055
0.1836680353644451 -0.755489368461179 0.6055539457204711
-0.2100511999179219 0.9589656014328233 0.4585607271701427
-0.05047547510294024 0.01276470244469452 0.8595838995366832
0.1004772597495034 0.04679584478254176 0.8651147698093291
0.05690561612546658 -0.8199200487887022 0.4967738478798503
-0.1913785776163962 -0.8421073625280626 0.3821106517047355
-0.1404766008566327 -1.040898399501086 0.2899123099549967
0.1216761588321476 -0.5804500491102627 0.4969623107699634
-0.1940126260116426 0.04459973611404951 0.3549213002659824
-0.2173874902228369 -0.3350386182814187 0.4570570838259955
-0.02302962104257762 0.2236981972817697 0.4230815141946737
-0.1962098168757998 0.465039074528845 0.1636711904910114
0.2157031409076927 -0.6329267200217055 0.5995145417506026
0.1784780785129005 -0.8075037467458538 0.7547475618451104
-0.1814993993987176 -0.6094250150992826 0.7480650683144117
-0.1592157558725281 0.7025231157631124 0.4755551917577025
-0.06988610721391986 0.0752406844467219 0.1812093193422498
-0.06961769623909028 0.885530569409236 1.010219738368157
0.2073526381642461 0.4102077137497931 0.9049984043000421
-0.214502144194131 0.958591031284349 0.5958780009852739
0.06679113593341009 1.132413516539666 0.6643020226704336
-0.0202064567385541 -0.5114486202215052 0.4947478364770119
0.1242923818105144 -0.7527526087693818 0.1383442743728245
0.1037744607784395 -0.8123696845096735 0.2352280761413648
0.03290247611051432 0.9215448728868011 0.1302111681985976
-0.19195634817601 0.9106675106634755 0.2583867859962447
-0.2044619902864268 -0.08819221404797134 0.4928697673967883
0.03315930167698178 -0.7196415006776222 0.8983436681609873
0.1748048247530966 1.047456992073164 0.4811567646360995
0.01790252425251956 -0.1362942558986825 0.6184982142244246
-0.154041350408172 -0.3720866609591549 0.2199668946613743
-0.2079624618333231 -0.2115414489078469 0.4041990651738239
0.1601739566679933 -0.5634246966020323 0.2091500783665537
-0.0491726477121851 -0.6918034696500975 0.2216984182281392
-0.1801053455645769 -0.2276084621930317 0.7365186891068982
-0.0677289521731804 -0.8864266668599237 0.6367211979387544
0.2018490431391649 -0.9672791511522213 0.7116477254337461
0.1006365863390844 -0.9713798248170169 0.8625048079093366
0.1546646911084106 -1.119321552641922 0.6293057672147622
-0.01785409458159404 0.2967413080504001 0.8352688702765645
-0.1409601973393172 -0.9770541001409615 0.892682856850661
0.2121589614659853 -1.209953566736358 0.745763711079771
-0.003206113024242698 -0.4238770535372215 0.8556614598436426
-0.200971595496168 -0.426513071854315 0.7263407720556374
-0.01337665706370259 0.5076233732509298 0.261947441316086
0.03590947137675554 0.6960110638441158 0.2822750221683984
0.130750548137914 0.03783061388161063 0.5461336652282841
0.06961948901448994 -0.1728385178561162 0.3800050841713898
-0.09924077035547833 -0.09851388953449187 0.9119561673021306
0.188042103359149 1.123767176242022 0.3775278390129934
0.05585800508121581 0.8479134212405373 0.3962890894391358
0.1869333596157513 0.8035459644599602 0.3259158891487711
0.08336253125133487 -0.3369747307795087 0.1150214443182242
0.02679841743655418 -0.3508545038669297 0.426572818215378
0.05628596200438285 -0.16381513670883 0.1033545797176214
0.1736987294738596 -0.2144822847715935 0.1893817955263396
-0.1351078873559785 1.015814489032003 0.09508981229548562
-0.1992931742184483 -0.05636943807664997 0.7680102001579149
0.09502288274531179 0.7049740143938985 0.516992164012664
-0.1003185661896017 0.5927392115028108 0.5688141156050219
0.05387349750959927 -0.007039806726100608 0.09897894294077597
-0.2063464811136792 0.03174707340279279 0.108082108231075
-0.06099383882156866 -0.01183936161922271 0.6022931059011666
0.1476523528928657 0.246379154801179 0.3391579509595427
-0.1059347846327693 0.1059565939049101 0.357035969337162
-0.2345220216076041 0.739859947530964 0.8449539740187341
-0.09648494318444237 1.196885410633097 0.3709703832586637
0.1286731579116301 1.092517239552331 0.8499162116186864
0.1907786804407017 0.9360621836949419 0.8948296835278116
-0.01108880396572957 1.0739377949174 0.9596980203297847
-0.1096579808589287 -0.7865115268048153 0.1509662066795747
0.1210842485093933 1.095005236953045 0.2175029162451075
0.1081017873229176 -0.9792083295613795 0.3523400389515248
0.0974401927878919 -1.084718794631421 0.1890847686243389
0.1761337171696228 -1.115697275686015 0.3809469855210437
-0.0734120516107208 1.133216894134288 0.5318561145352516
0.06542107279969889 0.7270843950017143 0.1033610446131865
-0.1011538619839273 0.8448337504861536 0.09293033061388699
0.1771024864466954 -0.1472789348392716 0.7581141190160388
0.1814804314794061 -0.4195545256461081 0.6207506935387053
-0.07368768408133858 0.165124386299714 0.9680716723091611
0.07701334151872433 0.1008005736133846 0.9940569089322394
0.1742156136034402 0.2721246977708131 0.8838552789956632
0.2143968074122612 -0.4264468202174965 0.3862850238714082
-0.1677891056784971 0.4673413878755477 0.3491369306011921
0.09693656157956651 0.506348051637226 0.3897979317374516
0.07329624037953578 0.4008777104707898 0.2398835883899829
0.08659253810162151 -1.113475475872213 0.9173469107863518
-0.05407717211209409 -1.116494801605006 0.9220678070699316
-0.1027485069937623 -1.117515583252689 0.7720417685723776
-0.03290821365449316 -1.194567133451261 0.4813850531000061
-0.1646753164299261 -1.139854367009797 0.6245514927573909
-0.2077685485359811 -1.100076162129058 0.46834824501835
-0.2053001964484232 1.123772666870774 0.9513142962387845
-0.2112487718809282 -0.6468797487429508 0.891669185999834
-0.0193397258608554 0.1938680132636854 0.1256785820958329
0.1011886059141433 0.1424439553693297 0.1696121382372487
0.07280359496518142 -0.02971098638408354 0.2439686761042846
-0.02475499107861162 0.495784493369383 0.6904555443531385
0.1902408735826988 0.7685019520413621 0.8925779870418031
0.1885197909235522 0.6221602805233283 0.8834280103534804
0.2263251507124991 0.752772626023533 0.6797881003548379
-0.007567315168749229 0.8990402731886928 0.7439587038826909
0.2131740004281205 -0.7992543831076077 0.4795410439652467
0.2068278647446698 -0.888952987918556 0.3996585487130178
-0.2121411202629772 0.8264175699690476 0.3854034511556663
0.06874905466264795 1.167871858568158 0.4372466325245087
0.03528757519514469 0.1622027353610276 0.8392967853612128
0.1928126622254336 -0.03916852251551738 0.8633315570100882
-0.08441029276089611 -0.9587641250612343 0.3534848187354623
-0.1370936911402288 -1.127143891630708 0.1284172590502909
0.2313460520228942 -0.5623266143521806 0.4522638627937738
0.2183189013771095 0.9679400094560175 0.2021517080130131
0.2420165290270986 -1.120061637417678 0.4687999911575006
0.07136049027116563 -0.9311198027235377 1.030605963427007
-0.2165712004574771 0.1434913294320204 0.3369781446146325
-0.1821724393933929 -0.4427579318405691 0.5619703856702473
-0.215572859422629 0.1409537652787069 0.7647187867801194
-0.1949200244995041 0.3393302799355639 0.516190234628179
-0.1047640913319121 -1.225910675178212 0.1976854281911072
-0.1968367154709414 0.3572902696029081 0.225044424622629
-0.04308534053540091 -0.4587936021584176 0.1262546763298038
0.1490101138862457 -0.6743098367904354 0.6938091154528223
-0.181940840330755 -0.6731530407102932 0.59926798879212
0.2038866943455886 1.19506382478887 0.5065515149409928
-0.09499568920040351 -1.220341495173304 0.7295340316984658
-0.2007239969137953 0.2742027591623611 0.7854872354294983
-0.2091299767340565 0.7224973872666972 0.2852746723393517
-0.1855726506003086 0.5277975624611027 0.8463315388151794
-0.2245849722716309 -0.8908254334329428 0.6619290380522368
-0.2308836834676125 -0.5477296830266848 0.6275209117854892
-0.1737777331582904 0.1925434599571933 0.2402162059799516
0.09324922370686949 -0.5126689921116736 0.1203911708652053
-0.1726259258974707 0.856238048159753 0.9085175150862438
0.0871768922243934 0.3969824795539593 0.9970968578331338
-0.1768497257158742 1.022827745578744 0.7113539242495732
-0.06150205747252037 1.150654567280003 0.7255201629295276
0.1092657419772255 0.4072394825374703 0.1039722250313114
-0.1805630893838155 -0.6261569860337635 0.3698448068541962
0.1959694027212261 -0.8043159150214788 0.1889854352323923
0.2334446841005488 0.7428482200338753 0.2072150192457863
0.02034167117018556 -1.209485051542147 0.2014098478643587
-0.09949448431713558 0.9385512670058648 0.1937252984033432
-0.1912142311936716 -0.08693853265800172 0.3666855143609331
-0.05800505372207421 -0.2465252451684974 0.9696389148538809
0.09377443634776568 -0.6992289170422724 0.9963495171818354
0.01529958841350102 -0.8578790017661651 0.9707673286312527
0.07112428730680352 0.5738036102828697 0.9803252436351287
0.1905981423415219 1.093024508151818 0.6127841179657179
-0.1400317934699372 -0.2416953528815929 0.496945252923725
-0.129953543530431 -0.2162541181228349 0.2500758045181741
0.09901505978894463 -0.6648450697843633 0.2152355224704867
-0.1870910778966321 -0.141857944775237 0.615004628250053
0.08617273981189819 -1.015486462878922 0.6398615344295241
-0.08316280374698848 0.3283488443754004 0.981523812341346
-0.177236131653821 0.03734080539947206 0.8939364702028443
-0.1969733174427576 0.2219897142763928 0.447232588361354
-0.08772431701961086 -1.020087965351446 0.9986645114049566
0.1040970358404324 -1.208134497127512 0.8383345946484025
-0.2047126479725302 -0.5037021374716592 0.8579366929720385
-0.1556535817514732 0.5382729393499686 0.09366287775722333
0.173179796041015 0.6435565027460854 0.2466685986669971
0.1073096403117843 -1.1655308806618 0.1106295193120583
-0.1773394716926325 1.074917415619527 0.8111438254789028
0.1253559025358443 -0.1521985514045545 0.4979887450236695
0.03008768883077598 -0.1381518311741072 0.9801558419169457
-0.2107297485059267 0.2539379951129163 0.110080807493816
0.1438659486645384 0.999086759303366 0.3391231799409391
0.1965321442287984 -0.3949044790947269 0.1045603294619003
0.07940769881355414 -0.01590713317647545 0.9741013413138911
0.0476048278377891 -0.2135779526723086 0.249457865066458
-0.169937455622077 1.122543002916764 0.1016646453591103
-0.1703215710707651 -0.1813178942871808 0.8574105710695991
-0.01199916586882038 0.7074480982761314 0.4330363672000517
-0.1865033071876654 -0.9254396261827273 0.7907087544239594
-0.1000221770969471 0.02058457312959635 0.07951366919163778
0.03444725094145366 -0.8976456335596575 0.1876265487963941
-0.1675274566677479 0.1537942641165934 0.616368886885699
-0.06347170694508325 -0.7289794432268043 1.000695530995575
-0.01814466232273814 0.08510659523691098 0.5085171902395044
-0.204513131144915 0.6848988141848436 1.002302004323882
-0.1960882423137937 1.117133123477709 0.3167605499132728
0.08794771131033598 1.034244546339354 0.9566635105298538
0.205164171068333 1.166459300076587 0.7622881604438168
-0.1797349336753838 -0.7860869511367213 0.2310212031565716
0.006295677394465725 1.064318351233911 0.1183053680303363
0.1428349542135156 -0.9084713148191398 0.4837713338327063
0.1856297767346406 -1.046415685354606 0.277754886407317
-0.09357087747708918 1.212364991702071 0.6220055599269115
-0.07288580664176247 0.6783603823496208 0.09626586783818755
0.1994636566777086 -0.3453144365587644 0.8458884055673264
0.07117614921995351 0.2697560691813918 0.9488288602618752
-0.1300752497549259 0.3837872488643232 0.7877580000063285
-0.1700629839742686 0.6869240401299355 0.7518262422869346
0.1486475434014068 -0.4706632759315161 0.4680455080117236
-0.02686652723000378 0.3685035012125934 0.3432603187928364
0.01271129752198056 -1.068451376318873 0.82740814138688
-0.09715085807644631 -1.088741697395577 0.5065698624979924
-0.1087158517529276 1.169731137729155 0.9935553445466164
0.04982016849009032 -1.007488595187935 0.1210074486221994
-0.03433466288864526 1.189321307639271 0.2055102181660187
0.2163685142362399 -0.8909049089865136 0.8726164468705018
-0.2131765664109697 -0.7356920259673995 0.8185806782642168
-0.174598087633901 1.210431557767581 0.7184336399241212
-0.1646794242366291 -0.5206880803745819 0.1934421522495571
-0.00492651092300407 0.1626082256515189 0.2840270664191215
0.201024669156068 0.611380906684952 0.4688932869780194
0.1647924667662388 0.7020782505725696 0.764865847702374
0.1849557472966453 -0.75839909227966 0.3247769563231629
-0.2245047214590664 1.082426923134057 0.5181361906064612
0.07837032257907925 1.154280086314225 0.3216052277948207
0.2013280698170485 0.8099279304749208 1.003322665593496
0.04913136263721488 -0.05726015249420179 0.847324383929834
-0.1960881449319774 -1.037494867243948 0.1926396383853197
0.1533496515397001 -0.7022575557638027 0.4892893794964871
0.2005802151812441 -0.7651340937982067 0.9959028438768426
-0.05164561199112107 -0.0830021477294129 0.4541824988715895
-0.1030791968726371 0.222491571295987 0.7297398028278171
-0.1745266772589027 0.5075051718898232 0.7067266433109335
-0.09144045991248108 0.7887389695438032 0.3187253027843058
-0.05239359377561142 1.139687087564179 0.8575990184659118
-0.1869699270033426 0.25102672004961 1.01779434712961
-0.1252637350533811 0.7139510175015752 0.2153409806610615
-0.1609032107448778 1.183320209816909 0.2250959745016103
-0.03624575516668958 1.057913526167385 0.2416603669460202
-0.09506633868175877 1.205102198201322 0.09302104427567394
-0.04399133232477936 0.4322232236555746 0.9436931421444396
-0.1531692610878877 -0.67147577737806 0.1160805755612976
-0.14243558710989 -0.7996578395487403 0.9119255538142137
-0.09432544323825083 -0.08828919300677314 0.726258849972397
-0.0805470879276458 -0.2029922732219495 0.3844169655176958
-0.1489353964327088 0.2597093507473335 0.3344563677890282
0.1259648511300727 -0.6357173608915708 0.1035451307381922
-0.06267034745496756 -1.019351412750716 0.1527676452193689
-0.1595215562078933 -1.192751590419824 0.8857836418610201
-0.2107992062899496 0.9185568940280654 1.01201377144102
0.1507977704440986 -0.8607529908285156 0.9673756095572178
0.001756685760158775 -0.964064211586617 0.4982438194432537
0.1322682437648501 0.6895007315470044 0.3941114600252595
0.2239419561946524 0.147321625412741 0.08935006195864202
-0.1538718910944691 0.9291244617237866 0.7960567258363773
0.2051361004654874 0.0113722790610204 0.9787824982302668
0.1913494710767626 1.222191770291289 0.8844946601358941
-0.224948546566527 1.211585649849308 1.017983531598567
0.04821814798941149 1.176276448898177 0.9825345130493666
-0.2208571755135439 0.7954860861740749 0.07253156194239042
-0.1821724393933931 0.3490740661621095 0.6416666666666669
-0.1943124300089982 0.1280931390445092 0.9811623244024998
-0.2004456108316632 0.7129420147231142 0.1125098280225765
0.1997681047121453 -0.1227324646220032 0.9821724393933934
0.2053875111065266 -0.3968650952103678 0.9808762615656849
-0.04679306944386497 -0.5725152482632963 0.116430428937338
-0.1826455733758291 -0.664923120072905 0.2461353543364393
0.1044555957315974 -0.8528632402672326 0.1027937322451817
0.207493090596408 -1.081439823145492 0.1248763198650758
0.2194966870356068 -1.219113708672959 0.1048461853937283
0.1821724393933929 1.209562449024722 0.6685574308709722
-0.2012068983476177 1.183568217972411 0.5570151119546378
0.1873371532360719 0.8979592364051714 0.1102133699530354
0.2166833328843993 0.3611111111111118 1.0166833328844
0.1906972179122091 1.225394979113201 0.3810600242311942
-0.2218767324294866 1.217099260384249 0.3379814290902918
0.04488070878680512 1.188285864454143 0.1213369593131679
-0.2129330224982459 1.218581482129374 0.08706695552581926
-0.2166833328843993 -0.07222222222222228 1.0166833328844
-0.2020459938187534 0.4050340685384335 0.971302860853907
-0.1865109179816868 0.6149176897888684 0.1806121719972578
-0.1946628067109529 0.3674774278725825 0.0886971578249369
-0.2169043781488254 -0.8058921589628573 0.1007325456239023
0.2328599150935367 -0.08599931688833369 0.06804240677841836
0.1425853019958588 -0.5997599497463426 0.3362772785996707
-0.1956596672033571 -0.7097269420644637 0.9829529365646482
-0.09288891704094127 -1.194048650123116 1.005625686384966
0.200420243982736 -1.153419882673144 0.9916405549939755
0.1866755711967652 -1.071669189247004 0.7762429011936356
-0.1862622854187488 -1.21241195417059 0.5204065801796505
-0.2124360159145593 -1.21193142062189 0.09800617267814314
0.2140258565525457 -0.698109380808918 0.1186580993701665
-0.181072436384889 1.111230893871572 0.6380850637692771
0.09472280381374315 1.184003080514832 0.5476863448970998
0.1453805258504365 1.029855603565698 0.1054496555095048
0.2058875595728946 -0.5623201780327616 0.9756261136741113
0.1821724393933931 -0.2718364362363458 0.09930555555555561
-0.1885350270768525 -0.3120166099598797 0.6157823968288074
-0.06575000858769722 -1.216963352826227 0.08823831556119983
-0.1966481218582048 -1.083647450801665 0.9986471827866591
-0.1851019938093609 0.07227085115266187 0.4717525092686333
0.2004086480297825 -0.9169915145494834 0.08718238750177236
-0.1823512722779546 -0.9101035037815491 0.993145161999509
0.2020464626840763 -0.5374656889735029 0.09850062355828346
0.1901732003738402 1.188558275166979 0.1148156726814784
-0.05853435050029282 -0.01098269659779444 0.9865623185376756
-0.1864890354234479 -0.4301517233459245 0.1015622655787004
-0.2173410013719016 1.184518902873319 0.8428848358206859
-0.2152442520330477 -0.4084754403382621 0.9919072761091141
-0.2095967790452067 0.9479497385759993 0.09472661864278714
0.1985271164689195 0.4068114597264131 0.1283317025052447
-0.1950383223916684 0.557159402559591 0.9783603754155427
-0.06835472736537769 0.6237383679343189 0.9885099775752177
-0.1945617678777082 0.1365575194732183 0.1358035246507605
-0.1719589234549432 -1.010003434801178 0.0848547223381808
-0.2061806365354071 -0.5695974316037533 0.08307863550906044
-0.08556829786897213 -0.8866764178629783 0.1074392378390062
0.1838783630660364 0.6844923176523762 0.984064877699395
-0.1810255860113231 -0.2458767244793731 0.1111597940098473
-0.2166430550915718 -1.227777777777778 1.016643055091572
0.2026431983406279 -1.195193703057821 0.2608299507404352
-0.1893850774468439 0.2541194487915125 0.8952066653837425
-0.2105376801641516 1.189842340185427 0.4323088389434991
0.08857440089462688 -0.2426162380711346 0.9835632838034032
0.1941279519612384 0.5269008164281176 0.9812899158714743
-0.1860783175267543 1.038378117210321 0.1995642545957556
-0.2112834025686289 0.8039085519290007 1.008279035836651
-0.2023036093591263 -1.213530205610805 0.3946662644319701
0.1853904538506367 -0.7258534028485387 0.8799648673457907
-0.1963018820252265 -0.5605126714698441 0.9749634196026593
-0.1932500301235054 -0.05717835753074377 0.1705581793937322
0.08334994257737605 1.197837304263297 0.7948322418582358
0.2072537105125727 0.9497077579943252 1.018482096146571
0.2182157718191568 1.192409878662522 0.2720316722778865
0.1936473275786333 0.5492599511676998 0.1051299831092581
-0.1937249734165018 -1.159190731345897 0.2359054276975864
0.191529741441752 0.2700721998169915 0.1163709152666546
0.1913540613939889 -1.001177888079902 0.9664971902621253
0.1662926951347312 -0.8752934143743231 0.2891086192507737
-0.1821724393933929 -0.7853446369089253 0.6921035902931938
-0.1908341749819379 -1.065534615456529 0.889313918554725
-0.05561717005909284 -0.2875155375158736 0.1128249114223315
-0.1821724393933929 -0.9006471607806577 0.1979377718132735
0.1900915554050392 0.7299259399239476 0.1022658436112744
-0.1849288805309914 0.3568167629613085 0.3747355257417255
-0.1845800386687903 0.8512390442609536 0.1667932965588929
0.05098825364834386 0.5923736985522777 0.1240215390181744
0.05000000000000007 -1.20570987616645 0.982147771070178
0.2189995801371448 -1.219158383776471 0.618548182519551
-0.01783393291693302 -1.123033340622238 0.1109739434207246
0.1916325931364092 0.6929865549974655 0.5984735936350025
-0.1021378516454776 -0.8494616558311501 0.9821724393933934
0.2188834192209352 -1.218883419220935 0.8937500000000003
0.189365123432052 0.02426629515190998 0.1201912251388548
-0.2076908639334181 -1.205858308644735 0.7011945857993691
-0.1862525346443042 -0.5661666218790016 0.4939939549199449
-0.1894499135334495 -0.2515828405903605 0.9747025740737207
0.1845777710731505 0.1225639225617869 0.9384796820299035
0.2010429716894785 -1.209445605474566 0.4193805922258148
0.2058913091203585 1.135119627563157 0.9935816289263906
-0.1341060306706837 1.007538243203727 0.9868982786058629
))
(10 (4 2fa 54a 1 3)(
0.04999999999999959 -0.7499999999999999 0
0.1107319755478556 -0.7278909679318548 0
0.04999999999999959 -0.7499999999999999 0.05
-4.192202140984591e-16 -0.7999999999999999 0.05
0.04999999999999958 -0.7999999999999999 0.05
0.04999999999999959 -0.7499999999999999 0.1
-4.192202140984591e-16 -0.7499999999999999 0.1
-4.192202140984591e-16 -0.7999999999999999 0.1
0.08295766429675701 -0.546002766339145 0
0.05887568975775503 -0.9961584298262474 0
-0.05000000000000041 -0.7499999999999999 0
-0.05000000000000041 -0.7499999999999999 0.1
-0.05000000000000041 -0.7499999999999999 0.05
-4.121147867408581e-16 -0.7 0
-0.01005090415426342 -0.649856531980867 0
-4.050093593832571e-16 -0.7 0.05
-0.05000000000000042 -0.7999999999999999 0.05
-0.1111111111111114 -0.7898148176405165 0
-0.1660008624129474 -0.5820849306210936 0
-0.1145833333333333 -1.01944443766276 0
-0.2260587696913193 -0.9515568516538503 0
-0.1655985244061075 -0.9802207466057004 0
0.1725146228956978 -0.5781444558050601 0
0.2169975049478885 -0.6162249647517009 0
0.2353790174845217 -0.9495009183888313 0
0.2233032139876173 -0.8684896242781224 0
0.2324392992910996 -0.7957598628901912 0
0.2296204967468242 -0.6657255622406569 0
0.2244560743824046 -0.732266351987372 0
0.1689763183867704 -0.7008012082146009 0
-0.1708333333333334 -0.8388888956705729 0
-0.2314527177640603 -0.8024599360128228 0
-0.2216666666666667 -0.8800000047471789 0
0.1124999999999998 -0.7805555572509766 0
0.1166316575833123 -0.849171980615664 0
-4.121147867408581e-16 -0.7 0.1
-0.009721274133593213 -0.5390540498268207 0
-0.02543812368447193 -0.6021228329693287 0
-0.06468256617142672 -0.5364602310154133 0
-0.1227022719002011 -0.5449097705961207 0
0.1012463867838286 -0.6161636222206128 0
0.1072751505918715 -0.6741044041060826 0
0.0499999999999996 -0.7 0.05
0.04672661733242209 -0.6564856976071477 0
-0.1122685185185188 -0.7283950624819155 0
-0.0625 -1.05 0
-0.001626833466721357 -1.006871664805323 0
-0.2375 -0.6083333316379125 0
0.1100212800902377 -0.9713355906731574 0
0.1218732526877818 -0.9174869650918898 0
0.1552641535540243 -0.9537679350252198 0
-0.2375 -0.6805555538601348 0
-0.1722474708504802 -0.7040442952265694 0
-0.2243361625514403 -0.7380449248897099 0
-0.1256025036358665 -0.6104157613169009 0
-0.1125000000000002 -0.6694444427490235 0
-0.05000000000000041 -0.7 0.05
-0.06663275645772258 -0.6356303676919791 0
-0.1103867176147753 -0.9381586841144712 0
-0.1079861111111113 -0.8614197565714518 0
0.1717059631901744 -0.8247651075321907 0
-0.04843750000000021 -0.8752057620860911 0
-4.192202140984591e-16 -0.7999999999999999 0
0.07362249596368048 -0.879046559600233 0
0.01982756853659345 -0.9568749355919473 0
0.0178006200470361 -0.8885687843676867 0
0.0499999999999996 -0.7 0.1
0.04999999999999958 -0.7999999999999999 0.1
-0.05000000000000042 -0.7999999999999999 0.1
-0.05000000000000041 -0.7 0.1
-0.1718801440329219 -0.7689369018805862 0
0.0499999999999996 -0.7 0
0.1749999999999999 -0.7611111145019531 0
-0.05000000000000041 -0.7 0
-0.05000000000000042 -0.7999999999999999 0
0.04999999999999958 -0.7999999999999999 0
-0.2003246642436696 -1.162837508671542 0
-0.2028594956594544 0.9537369617328146 0
-0.1709888826710342 0.07222222198064052 0
0.1709888826710342 0.07222222198064067 0
-0.1534228606183511 -0.38354642241104 0
0.1703616082790178 -0.8935025056562377 0
0.1887460016208646 1.066223441980608 0
0.1103578667266699 1.161048100691364 0
0.05625000000000006 1.038194438934326 0
-0.05010171138017962 -0.4799344665029569 0
0.1677338295499538 -0.4707119385703693 0
0.1661523517957588 -0.6419856651707556 0
0.03150858506233689 -0.5995593427408479 0
0.1833333333333333 -1.16805554707845 0
-0.149149407082927 0.3309764871773037 0
0.1491446496189981 0.3309734832706607 0
0.1144620062634677 0.7261165551458939 0
-0.1331898660679811 0.7513015257221405 0
-0.1106984922023946 -0.1636744645633506 0
0.1519341392979907 -0.1873191111979404 0
0.06719761761585828 -0.9353463173773259 0
0.1399400354330421 -1.03957477979241 0
0.06867015269895649 -1.166997985548186 0
0.01789447033751999 -1.066947290717321 0
-0.1687499999999999 1.18263888168335 0
-0.0916666666666667 -1.133333333333333 0
-0.0428437422616001 -0.9621606098040401 0
-0.2007866459975872 -1.060913083845022 0
-0.1683007810775546 -0.9104294969474213 0
-0.05203085358407878 1.116679634323418 0
-0.1874999999999999 1.065277763366699 0
-0.1691995365286691 -0.5078769040564866 0
-0.07620500727173302 -0.5819426371357548 0
-0.175 -0.6388888854980469 0
0.15 -0.03611111068725575 0
-4.736951571734001e-18 -0.09027777841356052 0
-0.15 -0.03611111068725573 0
0.1448694589175278 0.4726642796754974 0
-8.365250047371357e-06 0.3946431853896238 0
-0.1448948812940233 0.4726823031153561 0
4.864569219564971e-17 0.7944444427490235 0
-0.1130528921890755 0.8768378735334784 0
-0.0851311110225921 0.989598185929447 0
0.02170171430342275 0.9158876055777162 0
0.1649174066417929 0.9595727288548123 0
0.1351369483826972 0.8407223804613666 0
0.1497935956508771 -0.3324405794699979 0
0.01152003487702552 -0.4077240142128701 0
-0.1068902044863266 -0.2783500252991355 0
0.01181124013706676 -0.2317518652834959 0
0.15 0.1805555547078451 0
4.422335611680382e-18 0.07222222137451197 0
-0.15 0.1805555547078451 0
9.473903143468002e-18 0.234722221798367 0
-0.1463507931703107 0.6196466201409833 0
-2.001165985982646e-05 0.5258403373005582 0
3.552713678800501e-17 0.6680555547078449 0
0.1371730829346415 0.6051381755890113 0
-0.2028594956594544 0.9537369617328146 1.1
0.1709888826710342 0.07222222198064067 1.1
-0.1709888826710342 0.07222222198064052 1.1
0.1887460016208646 1.066223441980608 1.1
0.05625000000000006 1.038194438934326 1.1
0.1103578667266699 1.161048100691364 1.1
-0.15 -1.185648142496745 1.1
0.15 -1.185648142496745 1.1
0.1534922959694369 -0.9259282786329719 1.1
-0.1534922959694368 -0.925928278632972 1.1
0.15 -1.07129628499349 1.1
9.747160684105224e-17 -1.131481486002604 1.1
2.325276945638706e-17 -0.991802532741862 1.1
-0.15 -1.07129628499349 1.1
-0.149149407082927 0.3309764871773038 1.1
0.1491446496189981 0.3309734832706608 1.1
0.1144620062634677 0.7261165551458939 1.1
-0.1331898660679811 0.7513015257221405 1.1
0.1493043141364357 -0.18764183873431 1.1
-0.1493043141364357 -0.1876418387343103 1.1
0.149699814126974 -0.6300637211131779 1.1
-0.149699814126974 -0.6300637211131782 1.1
-0.1687499999999999 1.18263888168335 1.1
-0.05203085358407878 1.116679634323418 1.1
-0.1874999999999999 1.065277763366699 1.1
0.145277625794848 -0.4718140723905738 1.1
-0.145277625794848 -0.471814072390574 1.1
-1.8947806286936e-17 -0.539841678269075 1.1
0.15 -0.03611111068725575 1.1
-0.15 -0.03611111068725573 1.1
-4.736951571734001e-18 -0.09027777841356052 1.1
0.1448694589175278 0.4726642796754974 1.1
-0.1448948812940233 0.4726823031153561 1.1
-8.365250047371357e-06 0.3946431853896238 1.1
4.864569219564971e-17 0.7944444427490235 1.1
-0.0851311110225921 0.989598185929447 1.1
-0.1130528921890755 0.8768378735334784 1.1
0.02170171430342275 0.9158876055777162 1.1
0.1351369483826972 0.8407223804613666 1.1
0.1649174066417929 0.9595727288548123 1.1
-0.1529212589669961 -0.7771190972085439 1.1
-4.736951571734003e-18 -0.8453375916519346 1.1
0.152921258966996 -0.7771190972085436 1.1
-2.921120135902634e-17 -0.6916074788108756 1.1
-0.1458258848186144 -0.3288034556750862 1.1
1.578983857244668e-18 -0.39640034811617 1.1
0.1458258848186144 -0.3288034556750861 1.1
8.68441121484567e-18 -0.2532614525580872 1.1
-0.15 0.1805555547078451 1.1
4.422335611680382e-18 0.07222222137451197 1.1
0.15 0.1805555547078451 1.1
9.473903143468002e-18 0.2347222217983671 1.1
-0.1463507931703107 0.6196466201409833 1.1
-2.001165985982646e-05 0.5258403373005582 1.1
0.1371730829346415 0.6051381755890113 1.1
3.552713678800501e-17 0.6680555547078449 1.1
-0.1499999999999998 -1.3 0
1.70530256582424e-16 -1.3 0
-0.1499999999999998 -1.3 1.1
1.70530256582424e-16 -1.3 1.1
0.1500000000000002 -1.3 0
0.1500000000000002 -1.3 1.1
0.02995212734890151 -1.3 0.4358534903101804
0.188765260607915 -1.3 0.8776282836318817
0.07397255960790478 -1.3 0.8594768618248008
0.1069139090360752 -1.3 0.9683551252261906
0.1571263031760935 -1.3 0.3512567824083303
0.1198543690227166 -1.3 0.1108226698434542
0.164555710755249 -1.3 0.225041474970621
-0.1928315451307485 -1.3 0.9241752153006683
-0.1898271288110465 -1.3 0.1766191028811374
0.002990160864150767 -1.3 0.3236049463095361
-0.1499999999999998 -1.3 0.3093750000000002
-0.02682624643373964 -1.3 0.166255206211564
0.1645914185139678 -1.3 0.7745857654836019
2.273736754432321e-16 -1.3 0.7562500000000002
-0.04982304513038131 -1.3 0.9317038614344362
-0.1656914346220484 -1.3 0.7962932682631223
0.1500000000000002 -1.3 0.4812500000000002
0.1316486077322917 -1.3 0.6355721095787328
0.006204295891450442 -1.3 0.5684389867897053
-0.1484465989878351 -1.3 0.6371721587534096
-0.1311924551964134 -1.3 0.4645506974676296
-0.2999999999999998 -1.155555555555556 1.1
-0.2999999999999998 -1.3 1.1
-0.2999999999999999 -0.7222222222222227 1.1
-0.3000000000000001 1.155555555555556 1.1
-0.2999999999999998 -1.3 0.4125000000000001
-0.2999999999999998 -1.3 0
-0.2999999999999998 -1.3 0.275
-0.2999999999999998 -1.3 0.1375
-0.2999999999999998 -1.155555555555556 0
-0.2999999999999999 0 0
-0.2999999999999999 -0.1444444444444446 0
-0.2999999999999999 -0.1444444444444446 1.1
-0.3 0.1444444444444443 0
-0.3 0.7222222222222225 0
-0.3 0.2888888888888889 1.1
-0.3 0.2888888888888889 0
-0.2999999999999999 -0.5777777777777781 1.1
-0.3 1.011111111111111 1.1
-0.2999999999999998 -1.3 0.9625000000000002
-0.3 0.866666666666667 1.1
-0.3 0.7222222222222225 1.1
-0.2999999999999999 -0.8666666666666673 0
-0.2999999999999999 -1.011111111111112 0
-0.2999999999999999 -0.2888888888888891 1.1
-0.2999999999999999 -0.4333333333333335 1.1
-0.2999999999999999 -0.2888888888888891 0
-0.2999999999999999 -0.4333333333333335 0
-0.3 0.5777777777777779 0
-0.3 0.4333333333333335 0
-0.2999999999999998 -1.3 0.5500000000000002
-0.2999999999999999 -0.5777777777777781 0
-0.2999999999999999 -0.7222222222222227 0
-0.3 0.5777777777777779 1.1
-0.3 0.4333333333333335 1.1
-0.2999999999999998 -1.3 0.8250000000000003
-0.2999999999999998 -1.3 0.6875000000000001
-0.3 0.1444444444444443 1.1
-0.2999999999999999 0 1.1
-0.2999999999999999 -0.8666666666666673 1.1
-0.2999999999999999 -1.011111111111112 1.1
-0.3 1.011111111111111 0
-0.3 0.866666666666667 0
-0.3000000000000001 1.155555555555556 0
-0.3000000000000001 1.217606945366012 0.3830050971267651
-0.3000000000000001 1.133630952380952 0.1546875
-0.3 1.042087832974162 0.2602231168305723
-0.2999999999999999 0.07745684952033753 0.315095454970555
-0.3 0.2195749821364184 0.211977897262988
-0.2999999999999999 -0.1416488399159373 0.8429392792833277
-0.2999999999999999 -0.2390881573581899 1.008667325040413
-0.2999999999999999 -0.2638159977778369 0.9013636351639667
-0.2999999999999998 -1.18899631508586 0.3150137335473394
-0.2999999999999999 -0.04208881769789673 0.09621255280836692
-0.2999999999999999 0.0117264354784304 0.2026882640539221
-0.2999999999999998 -1.04409744828926 0.8319203931732175
-0.2999999999999998 -0.7685837816166461 1.007474985324757
-0.2999999999999998 -1.149537027994792 0.8822916666666671
-0.2999999999999998 -1.152546346028646 0.9911458333333337
-0.2999999999999999 -0.6501352573341476 0.9924295275914566
-0.3 0.1921709466284492 0.8364388515769053
-0.3 0.2375487104561732 0.9788175495909792
-0.3000000000000001 1.225162252304502 0.4801461924064185
-0.2999999999999998 -1.199848277805376 0.4498450254981994
-0.3 0.6473922784306535 0.9852388804978941
-0.2999999999999999 -0.6722443091325488 0.4013141924757613
-0.3 0.8088991015284046 0.1098557994010035
-0.2999999999999998 -1.002969370085537 0.9537296958242906
-0.2999999999999998 -0.9482159065239045 0.8426249775968151
-0.3000000000000001 1.139784211499457 0.3083724613639111
-0.2999999999999999 -0.1994280270509735 0.525610799227092
-0.3000000000000001 1.171354167938233 0.9839843750000002
-0.3000000000000001 1.185284063817967 0.5884150029727163
-0.2999999999999998 -1.195394181766031 0.1412535111141639
-0.2999999999999999 0.004810153105678637 0.4307508098282747
-0.3000000000000001 1.19774939155608 0.8825153507066736
-0.2999999999999998 -1.07107355421738 0.2310797058504479
-0.2999999999999998 -1.076654481247073 0.1027497495167206
-0.2999999999999999 -0.5923098200653967 0.8578867481700423
-0.3 0.1976080229017473 0.3131944444444448
-0.2999999999999999 0.1317386844776297 0.2087962962962966
-0.3 0.1974691155639753 0.1117034748957037
-0.2999999999999999 0.07342506364942188 0.1030694063097779
-0.2999999999999999 0.143641336725444 0.6908674459967566
-0.2999999999999999 0.07365774978510717 0.5565531738444868
-0.3000000000000001 1.133937166792061 0.4668731361735396
-0.3 1.033135518753793 0.4026757168241382
-0.2999999999999999 -0.2497685343424478 0.1604166666666671
-0.3 0.547420381309446 0.7099524221645609
-0.2999999999999999 0.08059326490842887 0.9599832778723211
-0.2999999999999999 -0.09905757188756933 0.9658436015477346
-0.2999999999999999 -0.3350308753119573 0.2902777777777782
-0.2999999999999999 -0.1364197608100042 0.4277777777777781
-0.3 0.6720594534420233 0.1324617287364151
-0.2999999999999999 -0.6076710557866454 0.2773990052345904
-0.3 0.3554293969507908 0.1444106641890363
-0.3 0.5236110992431642 0.1375000000000003
-0.3 0.4694444427490236 0.2750000000000004
-0.3 0.3611110992431642 0.5500000000000004
-0.2999999999999999 -0.4846399901774148 0.5493021877589481
-0.3 0.6770833282470705 0.658854166666667
-0.2999999999999998 -0.9610849353042129 0.1326153987731528
-0.2999999999999999 -0.6740741170247395 0.1489583333333337
-0.2999999999999998 -0.8200231730143226 0.1518229166666671
-0.3 0.3791666564941409 0.9625000000000002
-0.3 0.5288773111414028 0.9553385416666668
-0.3 0.4784722137451174 0.8192708333333336
-0.2999999999999999 0.08951687345860865 0.8057346908580771
-0.2999999999999999 -0.02323915759896386 0.8347130492874874
-0.2999999999999999 -0.2661377575907743 0.4178645581994306
-0.2999999999999999 -0.3791666870117187 0.1375000000000005
-0.2999999999999999 -0.5235779048236713 0.1398095564279875
-0.2999999999999999 0.01850071283677812 0.6865670700578881
-0.2999999999999999 -0.5109131482620103 0.9793978142243969
-0.2999999999999999 -0.3650503458359506 0.9873368238074802
-0.3 0.5255456270490375 0.5585937500000003
-0.3 0.5796048220679874 0.4005642361111114
-0.3 0.3296454488380511 0.840045285061751
-0.3 0.415277770996094 0.6875000000000003
-0.3 0.2708333282470706 0.6875000000000003
-0.3 0.3224086902053269 0.2934606481481485
-0.3 0.4152777709960939 0.4125000000000004
-0.3 0.2166666564941409 0.5500000000000004
-0.3 0.2752361484012788 0.4245181061209554
-0.2999999999999999 0.1383446505671998 0.4279535441331384
-0.2999999999999999 -0.3391233114725626 0.5427197566039899
-0.2999999999999999 -0.4324127449127254 0.8370649283842592
-0.2999999999999999 -0.3943583504692845 0.675633702991878
-0.2999999999999999 -0.4694444580078123 0.2750000000000005
-0.2999999999999999 -0.559722229003906 0.4125000000000005
-0.2999999999999999 -0.4152777862548826 0.4125000000000005
-0.2999999999999998 -0.8606744745924436 0.9257057901742362
-0.2999999999999998 -0.990904444190275 0.756828710208046
-0.3 0.9208333358764651 0.9281250000000002
-0.3 0.6307098928771744 0.258534968489856
-0.3 0.7493055496215821 0.366666666666667
-0.2999999999999998 -1.078321214465236 0.3915488444419717
-0.2999999999999998 -0.9517881809529642 0.4826048867150917
-0.2999999999999999 -0.2703443922779718 0.770324095906446
-0.2999999999999999 -0.08232474299839555 0.5680059523809525
-0.2999999999999999 -0.2287037099202473 0.6416666666666669
-0.2999999999999999 -0.1171195119010404 0.7244951090132915
-0.3 0.8817129580179851 0.4764756944444447
-0.3 0.7041666564941408 0.5156250000000003
-0.3 0.8576388854980471 0.6359375000000003
-0.3 0.8125000000000002 0.7906250000000002
-0.3 0.640722966509911 0.8255433608228027
-0.3 0.7673611145019533 0.9453125000000002
-0.3 0.9503735910485643 0.1556282569423415
-0.3 0.7944444402058921 0.2348958333333336
-0.3 0.9155134595134494 0.314129323324521
-0.2999999999999999 -0.5493582638638539 0.7024596669578194
-0.2999999999999999 -0.1203703816731768 0.1833333333333337
-0.2999999999999999 -0.1884130763301141 0.2991898148148151
-0.2999999999999999 -0.0498027854057334 0.3096225406052026
-0.2999999999999998 -1.137387584706396 0.5613747150407515
-0.2999999999999998 -1.132755806747748 0.7382732780612247
-0.2999999999999999 -0.6499999999999998 0.5500000000000004
-0.2999999999999998 -0.9869295632498604 0.6304129464285719
-0.2999999999999998 -0.8124999999999998 0.5843750000000003
-0.3 1.028890233430133 0.5889890108969006
-0.3000000000000001 1.148415049357387 0.7443180208857438
-0.3 0.9750000000000002 0.7562500000000002
-0.3 1.068977740484781 0.8967743576476241
-0.2999999999999998 -0.9208333740234373 0.3093750000000005
-0.2999999999999998 -0.7854166870117185 0.4296875000000004
-0.2999999999999999 -0.7468368846963813 0.2866190535610925
-0.2999999999999998 -0.7288853556925171 0.8849477557491212
-0.2999999999999999 -0.6948081437573864 0.7264784443291483
-0.2999999999999998 -0.8487257669693897 0.7654573265504327
-0.3000000000000001 1.3 0
-0.3000000000000001 1.3 1.1
-0.3000000000000001 1.3 0.1375
-0.3000000000000001 1.3 0.9625000000000002
-0.3000000000000001 1.3 0.8250000000000003
-0.3000000000000001 1.3 0.275
-0.3000000000000001 1.3 0.4125000000000001
-0.3000000000000001 1.3 0.6875000000000001
-0.3000000000000001 1.3 0.5500000000000002
-1.70530256582424e-16 1.3 1.1
-0.1500000000000002 1.3 1.1
-1.70530256582424e-16 1.3 0
-0.1500000000000002 1.3 0
0.1499999999999998 1.3 1.1
0.1499999999999998 1.3 0
-0.01763605434128158 1.3 0.4357968571319394
0.1881014973239792 1.3 0.2193753988188154
0.0867746656110408 1.3 0.2349089627592995
0.1106571563032255 1.3 0.1316762045719952
0.188766643364758 1.3 0.877590942288345
0.1069139090360749 1.3 0.9683551252261906
0.07398751379318412 1.3 0.8594424343936021
-0.1876420952875205 1.3 0.1772802901350824
-0.1928311408248129 1.3 0.9241750622863043
-0.1656914346220487 1.3 0.7962932682631222
-0.04982181907154353 1.3 0.9316994955276393
-1.70530256582424e-16 1.3 0.7562500000000002
0.1642736908743651 1.3 0.7742237096138033
-0.04993029517227305 1.3 0.1713473860067976
-0.1384187348150704 1.3 0.3245837274844062
0.01849915146678103 1.3 0.3304262063840447
0.1665458181334913 1.3 0.3217196180148444
0.1486547233908811 1.3 0.6329988066512836
0.1336873851059896 1.3 0.4625403833735399
-0.006032735635067525 1.3 0.5674787469203584
-0.1500000000000002 1.3 0.4812500000000002
-0.1536206950428528 1.3 0.6397953358639135
0.2999999999999998 1.3 1.1
0.2999999999999998 1.155555555555557 1.1
0.3000000000000001 -1.3 0.6875000000000001
0.3000000000000001 -1.155555555555555 0
0.3000000000000001 -1.3 0
0.3000000000000001 -1.3 0.5500000000000002
0.2999999999999998 1.3 0.4125000000000001
0.2999999999999998 1.3 0
0.2999999999999998 1.3 0.275
0.2999999999999998 1.3 0.1375
0.3000000000000001 -1.3 0.1375
0.2999999999999998 1.155555555555557 0
0.2999999999999999 4.547473508864641e-16 1.1
0.2999999999999999 0.144444444444445 1.1
0.3 -0.5777777777777775 0
0.2999999999999999 1.011111111111112 1.1
0.2999999999999999 0.7222222222222231 1.1
0.2999999999999999 0.8666666666666677 1.1
0.2999999999999999 0.144444444444445 0
0.3 -0.433333333333333 0
0.3 -0.7222222222222221 1.1
0.3000000000000001 -1.3 0.8250000000000003
0.2999999999999999 4.547473508864641e-16 0
0.3 -1.011111111111111 0
0.2999999999999999 0.2888888888888896 1.1
0.2999999999999998 1.3 0.9625000000000002
0.3 -0.8666666666666666 0
0.3 -0.7222222222222221 0
0.2999999999999999 0.8666666666666677 0
0.2999999999999999 1.011111111111112 0
0.3 -0.2888888888888885 1.1
0.3 -0.1444444444444439 1.1
0.3 -0.2888888888888885 0
0.3 -0.1444444444444439 0
0.2999999999999999 0.2888888888888896 0
0.2999999999999999 0.433333333333334 0
0.3 -0.5777777777777775 1.1
0.3 -0.433333333333333 1.1
0.2999999999999998 1.3 0.5500000000000002
0.2999999999999999 0.433333333333334 1.1
0.2999999999999999 0.5777777777777785 1.1
0.2999999999999999 0.5777777777777785 0
0.2999999999999999 0.7222222222222231 0
0.2999999999999998 1.3 0.8250000000000003
0.2999999999999998 1.3 0.6875000000000001
0.3 -1.011111111111111 1.1
0.3 -0.8666666666666666 1.1
0.3000000000000001 -1.3 0.4125000000000001
0.3000000000000001 -1.3 0.275
0.3000000000000001 -1.3 1.1
0.3000000000000001 -1.3 0.9625000000000002
0.3000000000000001 -1.155555555555555 1.1
0.2999999999999999 0.1965356624683811 0.9703468282844457
0.3000000000000002 -1.217606946647905 0.7169949029458239
0.3000000000000001 -1.133630949111212 0.9453125000000001
0.3000000000000001 -1.04208783155018 0.8397768813352635
0.3 -0.08942031720245859 0.995509597029559
0.3 -0.1619767781951682 0.90072878508756
0.2999999999999998 1.176660148906291 0.3352455972200569
0.2999999999999998 1.152546297709147 0.9911458333333336
0.2999999999999999 0.8817322920829511 0.7225750334013246
0.3000000000000002 -1.225162254949393 0.6198538083751234
0.2999999999999998 1.207306410823737 0.4677334816227603
0.2999999999999998 1.094720081287981 0.4731411100594485
0.2999999999999999 0.6745183443310226 0.384345728734309
0.3000000000000001 -0.808899144581568 0.9901442021942637
0.3000000000000001 -1.139784210390008 0.7916275391845794
0.3000000000000002 -1.171354216893514 0.1160156249999999
0.3000000000000002 -1.18528406575879 0.5115849979231656
0.2999999999999998 1.195394181709155 0.1412535132163084
0.3000000000000002 -1.197749400400302 0.2174846493437096
0.3 -0.1043302788824271 0.5208860098195224
0.2999999999999999 1.071067260513399 0.2310512974284772
0.2999999999999999 1.076654483206655 0.1027497462180761
0.3 -0.4226035589364524 0.4490158283019283
0.3 -0.04220770219066003 0.8790406597515658
0.3 0.04921478098160992 0.9858360823843775
0.2999999999999999 0.7225497498951015 0.7789577905543641
0.2999999999999999 0.6252612406584861 0.6536258357209406
0.3 -0.6063657747904456 0.1231770833333334
0.2999999999999999 0.8546296259562177 0.9739583333333335
0.3000000000000001 -1.124590838378131 0.6154475765109377
0.3000000000000001 -1.033135525800825 0.6973242830610639
0.2999999999999999 0.2404296056174451 0.1451742541152264
0.3 -0.3280092900594073 0.1604166666666667
0.3 0.1024342345787738 0.1507771164021165
0.3 0.0425741199356612 0.2836796369782482
0.2999999999999999 0.3350308753119577 0.290277777777778
0.3 -0.2427469363742402 0.2902777777777779
0.2999999999999999 0.516589511447483 0.5423611111111112
0.2999999999999999 0.1926125034688855 0.292490630511464
0.3 0.1364197608100046 0.4277777777777779
0.2999999999999999 0.6620823355686019 0.5084753963273686
0.2999999999999999 0.8139423710111496 0.5938056227349112
0.3 -0.6720594676929641 0.9675382717595954
0.3 -0.3560957124498152 0.5576388888888889
0.2999999999999999 0.2216821017795141 0.557638888888889
0.2999999999999999 0.6168981501261398 0.2807291666666668
0.3 -0.4694444580078123 0.8250000000000003
0.3 -0.523611129760742 0.9625000000000002
0.3 -0.2327750956786272 0.977777777777778
0.3 -0.3791666870117185 0.9625000000000002
0.2999999999999999 0.9610850408847206 0.132615930577407
0.2999999999999999 0.6740740712483728 0.1489583333333334
0.2999999999999999 0.8200231463114424 0.1518229166666668
0.2999999999999999 0.2808642035590281 0.4277777777777779
0.3 -0.2969136081271699 0.4277777777777778
0.2999999999999999 0.3791666870117191 0.1375000000000001
0.2999999999999999 0.526620379130046 0.1432291666666667
0.3 -0.1986111297607417 0.1375
0.3 -0.04963287848686173 0.1435322971781305
0.3 -0.5789062713290016 0.6991288442460318
0.3 -0.2166666870117185 0.5500000000000002
0.3 -0.4152778167724607 0.6875000000000001
0.3 -0.3012801567947465 0.8250000000000002
0.3 -0.2558265289502726 0.6732643683158041
0.3 -0.1083333435058591 0.275
0.3 -0.01805555725097634 0.4125000000000001
0.3 -0.1625000152587888 0.4125
0.2999999999999999 0.3611111145019535 0.5500000000000002
0.2999999999999999 0.3069444427490237 0.6875000000000002
0.2999999999999999 0.4694444580078129 0.2750000000000001
0.2999999999999999 0.5597222290039066 0.4125000000000001
0.2999999999999999 0.4152777862548832 0.4125000000000001
0.3 -0.3835221899014603 0.3176797715622406
0.3 -0.4782742062778625 0.1973546710401099
0.3 -0.5180941615634492 0.3676215277777778
0.3 -0.9158917846587925 0.1666429162324982
0.3 -0.6306881709116567 0.84150437219671
0.3000000000000001 -0.749305569966634 0.7333333333333335
0.2999999999999999 1.052714898344643 0.3598405600439397
0.2999999999999999 0.9445955716883859 0.4621456699258468
0.3 0.1038332828112662 0.8516932083947656
0.2999999999999999 0.252777770996094 0.8250000000000003
0.2999999999999999 0.3540895190768774 0.9548611111111114
0.2999999999999999 0.8425925954182947 0.8479166666666669
0.2999999999999999 0.9990740763346357 0.9395833333333335
0.2999999999999998 1.146026235368517 0.8698784722222224
0.2999999999999999 0.9997248873281733 0.791932250330688
0.3 -0.1439014601993058 0.7799301187802343
0.3 -0.1072128617487406 0.6402806543392685
0.3 -0.7609164597359112 0.1431878876569644
0.3000000000000001 -0.8817129762437605 0.6235243055555557
0.3000000000000001 -0.8576388931274412 0.4640625
0.3000000000000001 -0.9749999898274739 0.9395833333333335
0.3000000000000001 -0.9155134702718472 0.7858706758718916
0.3000000000000001 -0.7944444529215495 0.865104166666667
0.3 0.05292128364234827 0.5663315637847056
0.3 0.1604457239020687 0.7062118964343973
0.3 0.0062334607101036 0.7437237835138063
0.2999999999999999 0.4734567938910593 0.6722222222222224
0.2999999999999999 1.006229599707554 0.6209530740228076
0.2999999999999998 1.176706205556206 0.5882142797597046
0.2999999999999998 1.151981141517962 0.7299580128532118
0.3000000000000001 -1.028890237906745 0.511010989897218
0.3000000000000002 -1.148415045027046 0.3556819793301841
0.3000000000000001 -1.068977740080948 0.2032256423883639
0.3000000000000001 -0.9749999898274735 0.34375
0.2999999999999999 0.4192901221381296 0.8097222222222225
0.2999999999999999 0.6908385117857203 0.9388444791968962
0.2999999999999999 0.5091713324541269 0.9517939993981545
0.2999999999999999 0.5796987306129227 0.8073361838586968
0.2999999999999999 0.9145498156554531 0.2954461526939738
0.2999999999999999 0.7854166641235355 0.4296875000000001
0.2999999999999999 0.7484723428329294 0.2903365806775092
0.3000000000000001 -0.8124999847412108 0.309375
0.3 -0.64185232533613 0.259932326375955
0.3 -0.5213541954585482 0.5395647321428572
0.3000000000000001 -0.7041667022705076 0.5843750000000001
0.3 -0.6747846091184665 0.4185588210978836
))
(13 (1 1 2da5 2 3)(
4 2fa 2fb 6b1 6b2 
4 3 6 6cb 6d1 
6 2fb 4 190 6b0 
2fa 4 2fc 186 6ac 
8 3 4 6d3 6d6 
6 5 7 6b3 6b7 
6 7 2fb 192 698 
8 4 2fc 19b 6ab 
4 b 2fa 6ac 6b2 
8 9 3 6bf 6c2 
b 4 2fb 191 6b2 
b 2fb 2fa 6ae 6b2 
b 2fc 4 19a 6ac 
2fc b 2fa 196 6ac 
b 2fb 7 193 699 
c 5 7 e3 6bb 
8 2fc a 19d 68d 
5 c 9 18b 6a7 
a 9 8 69b 69f 
b a 2fc 19c 68e 
3 4 2fe 6d6 6d7 
c 9 a 685 689 
8 2fe 3 183 6d6 
2fe 2fc 4 187 6ab 
4 2fe 8 6ab 6d6 
2fc 2fe 8 195 6ab 
e f 10 676 67c 
d 11 2fd 665 666 
10 11 f 1a9 651 
11 2fe 2fd 645 646 
2ff 2fc 8 195 68d 
12 16 13 168 7b3 
2ff a 2fc 198 68d 
a 8 2ff 68d 6a1 
13 16 17 6eb 7b4 
2ff 2fe 8 194 195 
18 16 17 1b4 622 
1a 17 13 630 6ee 
15 17 1a 62c 6f7 
13 1a 19 6f0 7b6 
15 1f 14 1ae 702 
1b 1e 14 15d 628 
6 3 33 18d 6ca 
15 1a 1f 627 6ff 
6 33 5 18f 6a6 
14 1e 1f 701 7b7 
9 33 3 18c 6c8 
19 1a 1f 70a 7ba 
8 3 34 185 6c2 
d 11 2a 1a3 680 
3 34 9 6c2 6c3 
9 5 33 18e 6a5 
f 2a 11 1a2 67f 
3 35 9 6c3 6c8 
d 301 2fd 664 665 
19 1f 20 709 7bb 
14 1b 24 629 6fd 
d 301 11 665 680 
36 5 9 18a 6a5 
1d 1e 20 1b7 60a 
8 34 9 6a0 6c2 
2fd 301 11 661 665 
1e 1f 20 ee 604 
5 38 9 18a 18b 
14 25 1e 626 7b7 
25 14 1f 1ad 7b7 
21 1e 20 ed 1b8 
c 38 5 189 18b 
8 37 9 69f 6a0 
8 a 37 69f 6a1 
a 37 9 68a 69f 
a 38 9 689 68a 
c 38 9 18b 689 
a c 38 689 68b 
1f 1e 25 ec 7b7 
2a 27 d 4e 50 
1e 21 25 eb 607 
15 14 2e 1b0 705 
23 22 21 f2 5ff 
29 1b 1e 617 7bc 
21 22 25 1bc 5fb 
301 27 d 50 51 
1e 1d 29 1b5 7bd 
2a f 2b 49 4b 
39 10 f 1a8 67d 
2a 301 d 50 680 
21 1e 29 1b6 60d 
10 3a f 1a8 1a9 
8 34 2ff 69d 6a2 
11 3a f 1a9 67f 
22 2ff 300 5d9 5da 
11 3a 10 1a7 1a9 
301 2a 11 1ce 680 
2b 24 1b 610 7be 
24 2e 14 40 704 
21 23 29 5eb 5f1 
25 14 2e 41 1af 
24 27 26 47 48 
8 2ff 37 6a1 6a2 
11 10 3c 1a7 640 
22 25 28 5db 5de 
2ff 37 a 69c 6a1 
1b 2b 29 e8 614 
22 300 28 5d7 5d8 
28 26 25 1c8 5c8 
2ff 2c 22 5da 5f9 
2c 23 22 5f3 5f7 
3 35 33 6c8 6c9 
2f 1b 24 710 7be 
3 34 35 6c3 6c4 
27 2b 24 1c0 5e7 
2c 300 2ff 5d5 5da 
22 300 2c 5d8 5da 
36 33 5 58 6a5 
22 28 2c 5d3 5d8 
2c 23 29 1c3 5cf 
f e 45 675 67b 
2f 1b 2b 7be 7bf 
9 35 33 6c7 6c8 
24 26 2e 42 46 
27 2a 2b 5b8 5b9 
9 34 35 6c1 6c3 
25 2e 26 43 44 
2c 28 300 5b3 5d8 
2d 26 27 5ba 5bd 
9 33 36 6a4 6a5 
5 38 36 188 18a 
27 2f 24 1bf 1c0 
28 26 2d 5c0 5c4 
8 37 34 6a0 6a2 
39 2b f 38 39 
2a 27 301 50 53 
9 37 34 69e 6a0 
e 49 f 2f 675 
3a 2a f 4b 67f 
3c 34 3 184 6c4 
30 27 24 1bf 5e4 
2d 300 28 5b3 5b4 
22 2ff 34 5f9 5fa 
3a 2b f 39 4b 
24 26 31 46 48 
2d 2a 27 53 5b9 
2b 2c 29 1cd 5ac 
3 35 3c 6c0 6c4 
31 24 27 48 5e4 
2c 2a 2b 5a9 5aa 
301 300 2c 5b0 5b5 
27 2b 2d 5b7 5b9 
22 34 23 5f7 5f8 
39 3b 2 6dd 6e1 
36 9 38 18a 6aa 
2b 2f 24 1c0 7be 
3a 11 2a 1cf 67f 
31 27 26 48 5e5 
2d 301 27 52 53 
2d 2c 300 5b3 5b5 
9 38 37 688 68a 
301 2c 2a 1d0 5ab 
2c 28 2d 5af 5b3 
2d 301 300 5b5 5b6 
a 38 37 68a 68c 
2b 2f 27 1be 1c0 
2d 2b 2a 5a9 5b9 
22 37 2ff 5f5 5fa 
f e 4b 67b 67c 
2c 2d 2a 5a9 5ab 
2d 301 2a 53 5ab 
4b e 10 e6 67c 
22 23 37 f0 5f8 
2d 2b 2c 5a8 5a9 
f 10 4b 67c 67d 
30 24 2f 1bf 5ea 
2c 2d 301 5ab 5b5 
2e 24 31 46 5ce 
2ff 34 2c 5f4 5f9 
22 2c 34 5f7 5f9 
2e 26 31 45 46 
27 2f 30 1bd 1bf 
23 2c 34 1c1 5f7 
24 31 30 5e3 5e4 
39 3a f 39 1a8 
27 31 30 5e4 5e6 
10 3a 39 1a6 1a8 
10 39 3c 1a6 652 
d 2fd 30a 664 667 
10 3c 3a 1a6 1a7 
11 3c 3a 1a7 653 
2a 46 f 49 67e 
37 2ff 34 5fa 6a2 
2b f 46 49 4a 
22 34 37 5f8 5fa 
23 3d 29 1c3 1c4 
23 34 37 5f6 5f8 
23 3d 2c 1c1 1c3 
3a 2b 2a 4b 5aa 
6 2fb 317 697 698 
3f 28 25 1c7 5df 
3a 2a 2c 1d1 5aa 
7 2fb 317 698 69a 
5 6 4f 6a6 6b7 
2c 2b 3a 1cb 5aa 
7 317 6 698 6b9 
7 4f 5 6b7 6b8 
7 6 4f 6b7 6b9 
2b 3d 29 1cc 1cd 
2c 29 3d 1c3 1cd 
26 28 41 1c6 5c4 
4b 39 2 6da 7b2 
23 34 3d 1c1 1c2 
2c 3d 2b 1cb 1cd 
f 45 39 679 67a 
3 4 31b 6d0 6d1 
2fa 31b 4 6ad 6b1 
3 53 4 6d0 6d7 
2d 41 26 5c4 5c5 
4 31b 2fb 6b0 6b1 
3 6 31b 6d1 6d2 
4 6 31b 6b0 6d1 
2d 28 41 5c4 5c6 
39 2b 3a 39 3a 
6 31b 2fb 6af 6b0 
2c 3d 34 1c1 5d1 
46 27 2a 55 5b8 
3d 39 2b 3a 3b 
2b 27 46 1be 5b8 
f 4b 39 67a 67d 
3a 3d 2b 3a 1cb 
d 301 30a 663 664 
f 46 45 672 673 
2c 3a 3d 1cb 5ad 
10 39 4b 678 67d 
2a 2b 46 49 5b8 
35 34 3c 598 6c4 
40 30 31 716 7c6 
27 46 2f 1bd 1be 
2fe 53 3 181 6d7 
27 30 46 1bd 5e8 
35 34 3d 596 598 
e 45 49 671 675 
f 49 45 673 675 
4 53 2fe 6d4 6d7 
f 46 49 673 674 
49 e 48 35 656 
2b 46 2f 1be 5e9 
28 3f 41 1c5 5c9 
35 3b 3c 594 599 
4b 45 e 677 67b 
3c 3d 34 593 598 
35 3d 3b 597 599 
e 48 4a 65c 65d 
f 45 4b 67a 67b 
3a 39 3c 3c 1a6 
35 3c 3d 598 599 
3b 3c 39 3d 57a 
3a 39 3d 3a 3c 
30 2f 46 1bd 7c3 
28 300 305 5b2 5b4 
3b 39 3d 3d 3e 
3d 3c 39 3c 3d 
47 2f 30 99 7c3 
e 4b 4a e4 659 
3d 3a 3c 3c 579 
3b 3d 3c 3d 599 
2f 32 47 5a7 714 
2d 300 305 5b4 5b6 
11 53 10 63f 640 
2d 305 28 5b4 5c6 
5 5b 7 e3 6b8 
53 2fe 11 17f 641 
38 36 43 587 589 
2d 305 301 5b1 5b6 
5 33 4f 59 6a6 
5 5b c e1 e3 
5 c 5c e1 189 
4f 33 6 6a3 6a6 
c 5b 7 e2 e3 
7 323 2fb 699 69a 
323 2fb b 695 699 
46 2f 47 5a2 7c3 
324 2fa b 196 197 
7 323 b 693 699 
30 47 46 7c3 7c4 
45 32 47 16d 59e 
305 41 28 5c1 5c6 
5f c 7 e2 694 
324 2fc a 199 68e 
2fc 324 b 196 68e 
b 7 60 19f 693 
c 60 7 19e 694 
2d 305 41 5c6 5c7 
a b 324 684 68e 
53 3c 3 182 6d5 
b 60 a 1a1 684 
c a 60 1a0 683 
4b 45 39 67a 7b1 
46 47 45 538 7d2 
2ff 31d 22 5d4 5d9 
49 46 45 673 7d2 
10 53 3c 63e 640 
47 49 45 73c 7d2 
3c 53 11 180 640 
49 47 46 7d1 7d2 
22 31d 300 5d7 5d9 
22 28 31d 5d7 5e0 
28 31d 300 5d6 5d7 
5 36 5c 188 6a8 
5 5c 38 188 189 
317 4f 6 6b4 6b9 
7 317 4f 6b9 6ba 
c 5c 38 189 6a9 
16 18 65 1b2 7b8 
42 310 302 72a 7cd 
e 6b 10 e6 e7 
3 53 31b 6cf 6d0 
31b 53 4 6cc 6d0 
306 304 30b 75 52c 
309 308 307 50d 50f 
306 30a 30b 525 52a 
5 4f 5b 6b6 6b8 
55 30 40 147 7c5 
7 5b 317 6b5 6ba 
7 4f 5b 6b8 6ba 
30 46 57 5a3 7c4 
7 317 323 696 69a 
36 38 5c 188 589 
30 57 47 715 7c4 
4d 30d 30f 10c 10e 
30f 30e 4d 4e7 760 
5 5c 5b e1 6bc 
5c 43 36 584 589 
2 6c 4b 2c 2e 
38 5c 43 589 58a 
65 18 4c 620 7b9 
3e 43 5c 17 7c8 
c 5c 5b e0 e1 
3e 5d 43 17 1d 
47 46 57 7c4 7d1 
5f 7 5b e2 6bd 
e 4a 6b e4 e5 
57 46 49 539 7d1 
e 6b 4b e4 e6 
57 49 47 125 7d1 
44 5d 43 19 1a 
42 302 322 64 7cd 
6b 10 4b 7c e6 
7 323 5f 691 692 
76 2 39 6e1 7b2 
c 5b 5f e0 e2 
c 5f 5c e0 6be 
2 3b 76 17e 6e1 
314 4e 316 510 753 
7 323 60 692 693 
4d 30e 51 4e8 75d 
7 60 5f 692 694 
4e 315 316 9 a 
309 54 308 50c 50e 
7a 1c 1d 153 619 
1e 1b 7a 15c 7bc 
60 323 b 68f 693 
4f 315 4e 9 b 
d 27 7c 4e 4f 
7a 1d 1e 155 7bd 
324 a 60 201 684 
4f 4e 316 9 4df 
b 324 60 682 684 
c 5f 60 690 694 
13 19 80 6f1 7b5 
4f 316 315 9 7dc 
2b 1b 75 ea 7bf 
4f 315 317 7db 7dc 
2a d 7c 4e 1a5 
310 59 42 61 72c 
4f 317 316 4de 7dc 
1b 29 77 e8 e9 
55 57 30 145 5a4 
f 7c 2a 1a4 67e 
1b 77 2b e8 ea 
4d 50 51 114 4f4 
2f 75 1b 70f 7bf 
51 30e 31a 51a 74d 
4b 2 76 6e8 7b2 
7a 1b 29 e9 7bc 
20 7f 19 15b 61c 
7a 29 1d 618 7bd 
7a 1e 29 7bc 7bd 
310 42 322 5f 7cd 
310 5f 42 5f 61 
1c 83 1d 150 60f 
6b 53 10 7e 64d 
58 30d 4d 10d 10f 
2b 77 29 e8 1cc 
309 31d 54 51b 520 
319 52 318 7dd 7de 
52 50 51 4da 77c 
318 52 31a 4db 7de 
41 305 67 557 558 
2f 2b 75 611 7bf 
84 20 1d 712 7c0 
52 319 31a 779 7de 
54 308 31f 513 518 
51 31a 52 4cf 784 
8e 17 15 62d 6f4 
310 311 59 4e6 763 
17 8e 18 29 2a 
4d 56 50 115 7d9 
2a 7c 27 4e 55 
309 307 325 50a 50f 
13 94 12 1ac 7b3 
1e 89 1d 1b5 1b7 
309 325 308 50e 50f 
32 2f 75 615 70d 
5a 5c 3e 5a 5b 
59 42 5a 129 7d0 
17 18 90 29 1b3 
85 23 21 f1 5f0 
48 328 4a f8 fa 
1d 20 89 1b7 7c0 
f 46 7c 674 67e 
49 68 48 744 7d3 
5a 5d 3e 5b 724 
1e 89 20 1b7 1b8 
12 94 16 636 7b3 
4a 328 303 f7 f9 
21 89 1e 1b6 1b8 
16 13 94 7b3 7b4 
3e 5c 5d 17 5b 
7c f 49 30 674 
94 13 17 635 7b4 
77 39 2b 3b 3f 
12 13 97 b5 1ac 
21 89 20 1b8 60b 
53 31b 31c 4c2 4c7 
306 304 67 71 75 
16 94 17 1b4 7b4 
77 29 3d 1cc 5ae 
67 305 306 523 527 
a9 6 3 6ca 6d2 
16 94 18 1b2 1b4 
13 19 95 7b5 7b6 
3d 77 2b 3b 1cc 
18 94 17 1b3 1b4 
23 21 89 5f0 5f1 
13 95 1a 62f 7b6 
43 5d 5c 17 18 
304 30b 67 74 75 
5e 311 315 519 750 
1d 89 29 1b5 60c 
317 5b 315 4dd 7db 
306 30b 67 75 529 
1e 29 89 1b5 1b6 
23 86 29 1c4 5f2 
4a 32a 303 530 745 
4f 315 5b 778 7db 
59 5f 42 61 7d0 
5f 5a 42 1f1 7d0 
5b 317 4f 6ba 7db 
19 95 1a 7b6 7ba 
21 29 89 1b6 5f1 
58 56 4d 4ea 4ef 
d 30a 7e 66e 66f 
3f 71 41 1e0 56f 
4b 6b 4a e4 7d5 
23 29 89 5f1 5f2 
42 5f 322 5f 547 
76 39 3b 6e1 6e2 
1f 19 95 7ba 7bb 
95 19 20 61a 7bb 
1a 95 1f 61b 7ba 
4a 6c 4b 747 7d5 
3b 39 77 3e 6e2 
8c 26 25 44 1c8 
d 27 99 4f 54 
55 56 50 1f7 759 
3d 39 77 3b 3e 
76 32 45 17c 6db 
1f 95 1e ec ee 
86 23 34 1c2 5d2 
3d 3b 77 3e 578 
1e 95 20 ed ee 
23 85 37 ef 602 
28 8c 25 1c7 1c8 
15 2e 91 62b 6f9 
1e 95 21 eb ed 
1f 95 20 ee 7bb 
26 8c 28 1c6 1c8 
27 7c 46 4d 55 
325 308 54 509 50e 
21 20 95 ed 606 
309 54 325 50e 522 
39 45 76 6d9 7b1 
46 2a 7c 55 67e 
1e 25 95 eb ec 
2e 8c 25 44 5cc 
1f 25 95 ec 605 
2e 26 8c 44 45 
22 96 21 1ba 1bc 
86 3d 23 1c2 1c4 
311 5e 59 4e5 766 
21 95 25 eb 1bb 
8c 31 26 45 5cd 
21 96 25 1bb 1bc 
22 98 21 f2 1ba 
4b 76 39 7b1 7b2 
59 5f 310 60 61 
23 98 21 f1 f2 
22 96 25 1bc 5de 
30c 62 321 756 7d8 
22 98 23 f0 f2 
57 55 56 143 4a7 
86 3d 29 1c4 5d0 
5b 5e 315 4e0 775 
28 22 96 5de 5e0 
a b3 c 683 68b 
310 5f 322 5e 5f 
57 58 56 bf c1 
8b 31 2e d5 7c2 
34 86 35 592 596 
325 324 309 51c 521 
28 96 25 5de 5df 
8c 2e 31 45 7c2 
57 68 49 123 7d4 
36 85 38 583 587 
38 85 37 57b 580 
3f 25 8c 1c7 5cb 
33 a5 5 58 59 
4b 76 45 6ea 7b1 
ac 16 12 16c 63a 
35 86 3b 58f 597 
2 a4 3b 171 6e5 
86 34 3d 1c2 596 
26 41 8c 1c6 5ca 
65 4c 61 52e 7d7 
27 9a 26 5bd 5be 
36 a5 5 56 58 
28 8c 3f 1c5 1c7 
87 35 3b 58f 591 
35 3d 86 596 597 
61 4c 66 66 6b 
28 41 8c 1c5 1c6 
4c 8f 18 24 61d 
327 58 30d 10b 4e9 
16 ac 18 16a 7b8 
3 a9 33 6c9 6ca 
332 308 307 50b 50d 
8 3 33d 183 185 
36 85 43 587 7c7 
86 3d 3b 595 597 
a9 35 3 6c5 6c9 
309 308 332 50c 50d 
2d 26 9a 5bd 5c5 
2d 27 9a 1c9 5bd 
38 43 85 587 588 
31 8b 40 d7 59f 
22 37 98 f0 600 
59 5e 5a 106 108 
6 33 a9 6c6 6ca 
5a 5c 5d 5b 5d 
23 37 98 ef f0 
31f 63 31e 1fa 4b7 
64 54 31d 4bb 4bd 
320 31e 63 1fb 4b5 
27 a0 26 5be 5e5 
d b8 2fd 666 667 
49 46 7c 670 674 
5d 5c 5b 78c 7e3 
326 67 304 72 74 
43 88 36 718 7c7 
5a 5e 5d 105 107 
33c 2fc a 198 199 
81 43 44 575 71d 
11 d b8 660 666 
5d 5b 5e 78e 7e2 
7d 49 48 34 7d3 
59 5a 5f 106 7d0 
328 68 48 535 742 
25 96 3f 5dd 5df 
2fd 11 b8 647 666 
2fe 3 33d 181 183 
2fa 345 4 186 6ad 
30a 99 d 669 66e 
6 342 2fb 697 6af 
5f 5c 5a 5c 5d 
5f 5d 5a 5d 105 
326 67 30b 74 52d 
5f 5b 5c e0 7e3 
e b9 10 e7 657 
59 5f 5e 106 4a3 
341 2fa b 197 6ae 
5a 5f 5e 105 106 
3f 96 28 1e3 5df 
5d 5b 5f 7e2 7e3 
5f 5c 5d 5d 7e3 
5f 5e 5b 4a2 7e2 
341 b 2fb 695 6ae 
345 2fc 4 186 187 
69 30c 62 86 757 
5d 5e 5f 105 7e2 
a0 31 26 5e1 5e5 
27 30 a0 5e2 5e6 
27 a0 31 5e5 5e6 
ba 2fd 11 646 647 
8 33d 2fe 183 194 
ba 10 11 63c 63f 
ba 2fe 2fd 646 648 
3f 8c 41 1c5 1e2 
5f 323 322 49d 49e 
88 44 43 53e 72e 
26 41 9a 5c3 5c5 
11 ba 2fe 641 646 
2 4b aa 2c 6d8 
60 323 322 49e 4a0 
6b 53 31c 4cc 4cd 
60 322 5f 49e 49f 
11 2fd 33d 645 661 
60 5f 323 49e 692 
38 98 37 580 582 
345 2fe 4 187 6d4 
3f 41 90 1e0 1e2 
72 308 54 516 518 
2fe 33d 11 17f 645 
3f 64 71 1e7 565 
329 30c 69 4f6 758 
72 31f 308 517 518 
30 a0 31 5e6 7c6 
60 325 322 4a0 4a1 
54 332 308 50c 516 
38 43 93 588 58a 
2d 41 9a 5c5 5c7 
32a 4a 6c 211 746 
325 323 60 49b 4a0 
54 332 309 508 50c 
a 37 b3 687 68c 
68 58 57 c0 c2 
6b 6c 4a 210 7d5 
60 324 325 496 499 
a b3 38 68b 68c 
6b 4b 6c 80 7d5 
41 71 67 1ed 55d 
10 a6 4b 7c 7d 
4d 334 30d 10c 10d 
30b 30a 7e 4f9 4fe 
b3 38 c 686 68b 
3e 93 43 138 7c8 
33d 2ff 8 194 69d 
2ff 33c a 198 69c 
75 77 1b ca ea 
4d 30f 334 10c 4f3 
5 a5 4f 57 59 
80 81 1 ff 7a1 
30 40 a0 7c5 7c6 
330 62 30c 85 7d8 
82 80 1 bd 7a1 
7a 1b 77 c9 e9 
a0 40 31 5a0 7c6 
2d 9a 305 5c2 5c7 
33 35 a5 1d3 1d7 
82 81 1 7a1 7a3 
36 a5 33 58 1d5 
7a 78 1c db 616 
50 7b 4d 4f5 7d9 
d 7e 7c 66c 66d 
33e 27 d 51 54 
33d 3 34 184 185 
a4 3b 35 58d 591 
64 65 63 209 489 
332 306 67 70 52b 
68 58 327 d2 4a4 
2b 75 77 ea 613 
49 7d 57 532 7d4 
31d 96 22 5dc 5e0 
3 31b a9 6cf 6d2 
301 33e d 51 663 
33d 11 2a 1ce 1cf 
33 35 a9 1d7 6c9 
3 53 a9 6ce 6cf 
3c 33d 3 182 184 
33d 8 34 185 69d 
18 ac 4c 707 7b9 
18 90 65 1b1 623 
33d 301 11 1ce 661 
54 31f 72 4b1 518 
33c 37 a 687 69c 
6 a9 31b 6cd 6d2 
7a 29 77 e9 612 
76 75 32 17a 6e6 
31d 28 96 1e4 5e0 
61 62 69 491 493 
52 7b 50 4d9 7df 
7b 56 4d 4ef 7d9 
33c 2ff 22 5d4 5f5 
342 6 33 6a3 6c6 
58 334 30d 10d 4f2 
16 65 94 1b2 624 
6b 31c 32b 4cb 4ce 
318 7b 52 4d2 4d7 
58 7b 4d 4ef 4f1 
41 305 9a 559 5c7 
18 65 94 1b1 1b2 
a6 10 53 7e 7f 
58 4d 334 10d 4f1 
41 305 9b 558 559 
7f 80 19 cb 631 
78 83 1c 139 60e 
66 6a 61 20c 791 
76 77 39 6de 6e2 
3a 33d 11 1cf 653 
76 3b 77 6e0 6e2 
48 e b9 37 65d 
7b 50 56 1f6 7d9 
330 321 62 4f7 7d8 
3c 11 33d 180 653 
33d 2c 2ff 5d5 5f4 
b9 e 4a e5 65d 
79 76 3b 17d 6e0 
68 328 327 47d 796 
6a 61 69 78f 7e4 
7d 48 68 531 7d3 
79 3b 77 6df 6e0 
72 308 332 515 516 
d b8 30a 667 66f 
49 68 7d 7d3 7d4 
e bb 48 35 37 
e bb 49 31 35 
31f 72 63 4ab 4b0 
64 72 54 4ad 4af 
b8 30a 2fd 662 667 
306 9b 305 527 528 
b3 37 38 582 68c 
33d 2c 300 5b0 5d5 
28 33f 300 5b2 5d6 
7f 20 84 159 603 
301 27 33e 51 52 
72 333 308 515 517 
33d 34 2ff 5f4 69d 
2d 27 33e 52 1c9 
33d 2a 2c 1d0 1d1 
332 333 308 514 515 
38 93 5c 585 58a 
33c 2ff 37 5f5 69c 
33d 2a 301 1ce 1d0 
305 9b 30a 526 528 
33c 37 22 5f5 600 
306 9b 30a 528 52a 
69 329 6a 117 47c 
301 33d 2c 1d0 5b0 
306 30b 9b 529 52a 
58 7b 56 4ee 4ef 
5c 93 3e 574 7c8 
2d 33e 301 52 5b1 
70 62 61 492 493 
30b 30a 9b 4fe 52a 
33 a5 4f 59 59d 
83 89 1d 14b 608 
89 84 1d 14c 7c0 
6e 67 326 6f 47e 
55 a0 30 5a1 7c5 
33d 34 2c 5d1 5f4 
d 30a 33e 663 669 
2 6c aa 2b 2c 
8d 67 41 1eb 1ed 
93 5c 43 58a 7c8 
23 85 86 5ee 5ef 
57 56 7d bf 4a6 
90 64 3f 1e7 1e9 
84 89 20 609 7c0 
56 58 7d bf 4ee 
302 b1 42 f 65 
57 7d 58 bf c0 
3a 2a 33d 1cf 1d1 
89 85 21 5ec 5f0 
d 99 7c 4f 66c 
33d 3a 2c 1d1 5ad 
65 71 64 1e8 20b 
64 63 72 209 4ae 
32a 6c 32b 213 47a 
6a 32d 329 47b 799 
70 69 61 493 7e4 
69 62 70 87 493 
65 63 72 208 209 
23 85 89 5ef 5f0 
d 99 7e 66c 66e 
61 74 62 205 492 
64 72 65 209 20b 
70 61 6a 20d 7e4 
6b 32b 6c 212 479 
23 89 86 5ef 5f2 
53 33d 3 181 182 
13 80 95 1aa 7b5 
66 6f 6a 20e 792 
33d 3d 2c 5ad 5d1 
331 67 326 6d 6f 
6b a6 10 7c 7e 
3f 94 64 1e9 56b 
74 63 62 204 48b 
6c 32a 32c 478 47a 
40 9d 55 726 7c9 
32b 6c 32c b1 47a 
33f 3f 28 1e3 5c9 
b3 60 a 200 683 
74 61 65 207 48a 
72 332 54 511 516 
80 97 13 b4 1aa 
63 74 65 206 208 
33f 28 41 5c1 5c9 
60 b3 c 681 683 
12 97 82 b7 bc 
3f 64 96 1e5 56b 
32e 326 6e 480 483 
49 7d 7c 33 654 
29 86 89 5ed 5f2 
95 80 19 62e 7b5 
6 317 342 697 6b4 
8f 8e 18 26 28 
42 b7 302 64 65 
b9 53 10 64d 64e 
342 4f 6 6a3 6b4 
55 a0 40 7c5 7c9 
8f 4c 66 22 67 
17 90 8e 29 61e 
6d 66 6f 11f 485 
3c 33d 34 184 593 
16 65 ac 621 7b8 
15 91 8e 62a 6fb 
18 90 8e 28 29 
33d 34 3d 593 5d1 
ba 10 53 63f 64e 
18 8f 90 28 61f 
70 6a 69 48e 7e4 
31f 333 72 512 517 
11 ba 53 63f 641 
ac 18 65 7b8 7b9 
2fe 53 ba 63d 641 
8a 79 3b 176 6e4 
81 44 7f 576 71b 
8d 41 71 1df 1ed 
32d 6a 6f 215 793 
4d 7b 334 4ec 4f1 
33d 3a 3c 579 653 
6 342 31b 6af 6cd 
33d 3d 3a 579 5ad 
35 86 87 58c 58f 
6e 67 331 6e 6f 
345 4 31b 6ad 6cc 
6e 326 331 6f 483 
85 36 88 221 7c7 
a1 30b 318 502 507 
33d 3c 3d 579 593 
345 4 53 6cc 6d4 
68 57 7d c0 7d4 
53 11 33d 17f 180 
90 17 94 1b3 625 
3f 90 71 1e0 1e7 
6e 67 71 1ee 47f 
44 84 7f 53a 73a 
68 7d 58 c0 4a5 
87 36 88 13d 220 
53 33d 2fe 17f 181 
18 94 90 1b1 1b3 
7e 335 30b 503 505 
28 305 33f 5b2 5c1 
94 13 95 1ab 634 
90 71 41 1df 1e0 
41 9b 67 558 55b 
32d 6f 32e 217 477 
87 3b 86 58f 590 
94 97 12 1ac 632 
64 72 71 20b 487 
70 6a 6f 20f 214 
33e 305 2d 5b1 5c2 
8b 2e 8c 7c1 7c2 
6e 73 67 6e 47f 
330 74 62 81 490 
94 97 13 1ab 1ac 
65 72 71 20a 20b 
6e 6f 32e 218 476 
6f 32d 32f 475 477 
74 61 70 48f 492 
99 7c 27 4c 4f 
70 62 74 82 492 
85 21 98 f1 601 
13 95 97 1aa 1ab 
32f 32e 6f 219 477 
6e 6f 6d 473 7e6 
8b 8c 31 5a6 7c2 
86 3b 8a 58e 590 
23 98 85 ef f1 
8a 3b 87 1da 590 
41 67 9f 1eb 55b 
6e 70 32e 476 484 
318 335 7b 501 506 
33f 41 3f 56f 5c9 
73 67 331 6c 6e 
33c 324 a 199 201 
74 72 63 208 488 
9e 318 319 4dc 7dd 
9d 52 50 77e 7df 
33c a 60 200 201 
74 65 71 20a 486 
70 32e 6f 216 476 
71 67 73 21d 47f 
6e 32e 331 483 484 
65 72 74 208 20a 
313 312 a7 4e3 76c 
88 84 44 53d 731 
43 85 88 58b 7c7 
332 67 73 73 21c 
6e 70 6f 474 476 
318 9e 52 4d8 7dd 
4a 48 33a fa 65f 
91 8b 2e 162 7c1 
52 9e 319 77a 7dd 
70 331 32e 481 484 
a5 4f 4e 53b 737 
8c 91 2e 5a5 7c1 
303 4a 33a f9 533 
67 305 9b 527 558 
345 53 2fe 63d 6d4 
b9 48 4a 65d 65f 
a8 313 314 76e 7da 
6e 331 70 482 484 
306 67 9b 527 529 
21 96 95 1b9 1bb 
a8 4e 314 4e1 772 
33c 22 31d 5d4 5dc 
351 317 7 696 6b5 
71 70 6e 76 77 
52 318 a1 4d7 4d8 
341 b 323 68f 695 
49 bb 48 34 35 
55 50 9d 1f9 77d 
302 31e b1 16 542 
324 341 b 197 682 
21 95 98 1b9 5fc 
30b 9b 67 524 529 
38 85 93 57f 588 
341 b 60 682 68f 
21 98 96 1b9 1ba 
95 25 96 1bb 5fe 
3e af 5a 572 71f 
58 334 7b 4f0 4f1 
73 70 6e 77 482 
b9 6b e e5 e7 
3e 82 93 136 1de 
22 98 96 1ba 5fd 
6e 331 73 6e 482 
8d 8c 41 1e1 570 
41 33f 305 557 5c1 
71 73 6e 77 47f 
b9 6b 10 e7 64d 
af 42 5a 1f2 72b 
56 7d 7b 4ed 4ee 
81 43 93 137 573 
90 3f 8c 1e2 56d 
331 70 73 470 482 
58 7d 7b 4ee 4f0 
71 70 73 77 79 
330 331 74 83 472 
85 98 37 ef 580 
31d 33f 28 1e4 5d6 
334 7d 58 4eb 4f0 
70 74 331 84 470 
90 41 8c 1e1 1e2 
38 98 85 57f 580 
74 70 71 78 79 
90 41 8d 1df 1e1 
31d 96 64 1e6 56c 
71 73 72 21f 46d 
85 43 93 586 588 
74 70 73 79 470 
74 71 72 20a 46d 
332 72 73 21e 46b 
99 9a 27 1ca 5bf 
331 73 74 470 471 
71 74 73 79 46d 
b0 12 82 bb bc 
333 330 74 46f 472 
73 74 72 46c 46d 
73 331 333 46e 471 
33 342 4f 59d 6a3 
2 a4 aa 6dc 6e7 
333 332 72 46b 515 
331 333 74 471 472 
31e 320 a3 4b3 4b5 
31c 53 a6 4c6 4cd 
73 333 72 46b 46c 
351 5b 7 6b5 6bd 
3f 90 94 1e9 563 
333 332 73 469 46b 
74 72 333 46a 46c 
73 333 74 46c 471 
a9 53 31b 4c7 6cf 
309 b4 31d 51f 520 
a9 31c 31b 4c4 4c7 
d 7c b8 668 66d 
3c 33d 53 180 182 
a9 53 31c 4c6 4c7 
309 b4 54 520 522 
38 93 98 57f 581 
7 351 323 691 696 
6b 4b a6 7c 80 
d 7e b8 66d 66f 
7 5f 351 691 6bd 
302 42 350 f 72a 
322 b7 302 62 64 
a6 4b 6c 7b 80 
65 64 90 1e8 1ea 
4c ae 61 749 7d7 
ac 4c 65 7b9 7d6 
42 322 b7 64 547 
27 a0 99 5bb 5bf 
26 9a a0 5bc 5be 
96 94 3f 567 56b 
27 9a a0 5be 5bf 
5f 42 b7 1ef 547 
ae 4c 65 7d6 7d7 
8b 9c 40 141 562 
a4 35 87 1d8 591 
4b 6c aa 2c 7b 
65 64 94 1ea 564 
77 76 75 467 7e7 
7e 99 30a 4fc 66e 
87 a5 35 1d2 1d8 
87 a5 36 13f 1d4 
344 306 30b 525 52c 
b0 12 97 bc 637 
75 76 79 178 7e7 
63 a3 31e 4b5 4b6 
7e 30a 9b 4fc 4fe 
75 79 77 c8 7e7 
a4 87 3b 1d9 591 
7e 30b 9b 4fe 4ff 
a2 ac 12 12b 639 
321 320 ab 1fd 788 
344 30a 30b 4f9 525 
76 77 79 6e0 7e7 
8d 41 9f 1eb 55c 
6e 67 8d 1ec 1ee 
63 320 a3 4b5 7e0 
319 32f 9e 4d0 781 
309 324 b4 51f 521 
309 325 b4 521 522 
7a 77 79 c7 468 
78 7a 79 d9 466 
a7 312 32c 4e4 769 
41 9a 9b 559 55a 
8d 67 71 1ed 1ee 
b2 54 31d 4bd 4bf 
b0 a2 12 dc 63b 
a1 335 30b 505 507 
66 6d 92 121 537 
90 71 64 1e7 1e8 
9c 9d 40 132 7ca 
65 90 71 1e8 566 
31d b4 54 4bf 520 
30b a1 7e 4ff 505 
42 350 310 72a 72c 
7b 9d 50 1f8 7df 
9a 41 9f 554 55a 
b5 31f 31e 4b4 4b7 
41 9f 9b 55a 55b 
b5 54 31f 4ac 4b1 
33f 54 309 508 51b 
8d 6e 6d 54f 550 
6b a6 53 7e 4cd 
a6 32b 31c 4c9 4ce 
40 a0 9c 561 7ca 
48 328 33a fa 534 
3f 33f 64 1e5 565 
335 334 7b 461 462 
6b a6 31c 4cd 4ce 
342 314 4e 4e1 510 
40 9d a0 7c9 7ca 
63 ab 320 1fc 7e0 
321 ab 62 1ff 789 
52 9d 7b 4d5 7df 
31c 339 53 4c8 4cc 
4a 328 33a f9 fa 
af 3e 82 1dd 721 
342 4e 316 4df 510 
9b 305 9a 555 559 
7d 334 7b 462 4f0 
8d 6e 71 1ee 55f 
335 7d 7b 462 465 
318 7b a1 4d7 506 
342 4f 4e 4df 53b 
41 67 33f 557 55d 
35 a5 a4 1d6 1d8 
335 334 7d 462 463 
35a 4a 303 530 533 
335 7e 7b 465 504 
342 4f 316 4de 4df 
99 30a 9b 4fb 4fc 
a1 318 335 506 507 
4a 303 35b 11b 745 
342 317 4f 4de 6b4 
7e 7b 7d 460 465 
52 7b a1 4d5 4d7 
48 4a 35d f8 11d 
31d 324 b4 51e 51f 
335 7e 7d 464 465 
33e 99 d 54 669 
b9 4a 6b e5 658 
4a 303 35d f7 11b 
7d 7c 7e 457 45c 
b2 31d 64 4bd 56c 
b2 54 64 4bc 4bd 
54 b4 325 51d 522 
33 a9 a5 1d7 59b 
35 a4 a9 1d6 59a 
35 a9 a5 1d6 1d7 
63 b5 31e 4b6 4b7 
6e 9f 67 1ec 55e 
63 62 ab 1fe 7e1 
b5 54 64 4af 4bc 
b5 63 31f 4b0 4b7 
33f 305 67 523 557 
341 309 325 50a 51c 
33f 67 306 523 52b 
a1 9b 30b 4fa 4ff 
b3 93 38 57c 581 
59 350 42 127 72c 
81 80 7f 101 455 
79 8a 78 177 6e3 
61 62 ae 205 48c 
54 33f 31d 4bb 51b 
33f 71 3f 565 56f 
63 ae 62 204 7e1 
37 98 b3 57d 582 
304 343 67 71 72 
61 ae 65 207 7d7 
33f 41 71 55d 56f 
38 b3 98 581 582 
82 81 80 454 7a1 
340 30b 67 524 52d 
306 343 67 70 71 
63 65 ae 206 48d 
33c 22 96 5dc 5fd 
342 6 a9 6c6 6cd 
324 60 b4 203 499 
345 31b 53 4c2 6cc 
b8 2fd 338 644 649 
324 325 b4 499 521 
322 5f b7 49f 547 
33c 22 98 5fd 600 
33c b3 a 200 687 
60 325 b4 498 499 
345 53 31c 4c2 4c8 
92 66 8f 536 73f 
9e 6e 6d 552 7e6 
60 322 b7 49f 4a1 
b7 322 325 49c 4a1 
9f 6e 6d 550 552 
6f 9e 6d 79e 7e6 
90 64 94 1e9 1ea 
6e 9e 6f 21a 7e6 
60 5f b7 49a 49f 
352 54 308 509 513 
90 94 65 1b1 1ea 
32f 6f 9e 21b 7a0 
83 8a 78 577 719 
a6 6b 32b 479 4ce 
60 b7 325 498 4a1 
ba 338 2fd 648 649 
a6 6c 32b b2 479 
52 9d 9e 4d1 4d6 
ba 2fd b8 647 649 
6b 6c a6 80 479 
33e 27 99 54 1ca 
32b a7 6c b1 b2 
6b 339 53 4cc 64f 
ba 11 b8 642 647 
338 2fe ba 643 648 
32b a7 32c b0 b1 
33e 9a 27 1c9 1ca 
33f 28 96 1e3 1e4 
63 64 b5 4aa 4ae 
6b 339 31c 4cb 4cc 
9e a1 318 4d3 4d8 
7c 49 bb 32 33 
7d 48 bb 34 655 
96 64 94 56a 56b 
b9 10 ba 64a 64e 
49 bb 7d 33 34 
e b9 bb 36 37 
6c a7 32c b1 79d 
b8 7e 30a 66a 66f 
a6 4b aa 7a 7b 
52 a1 9d 4d5 4d6 
b9 6b 53 64d 64f 
b5 72 54 4af 4b1 
52 a1 9e 4d6 4d8 
8d 6d 92 54a 7cb 
b5 31f 72 4b0 4b1 
33f 31d 64 1e6 4bb 
59 350 310 72c 764 
90 8d 71 1df 56e 
351 59 310 60 4e6 
33e 2d 9a 1c9 5c2 
85 88 86 223 451 
64 54 33f 4ad 4bb 
351 311 59 4e5 4e6 
362 4d 30e 4e7 4e8 
89 83 88 149 7e8 
87 86 88 222 44f 
85 89 86 451 5ef 
362 30f 4d 4e7 4f3 
84 89 88 14a 453 
a0 55 9d 560 7c9 
88 85 89 44e 451 
33c 98 37 57d 600 
88 83 8a 7a4 7e8 
61 ae 74 205 207 
88 89 86 450 451 
89 8a 83 452 7e8 
332 343 308 50b 514 
324 60 33c 201 203 
74 62 ae 204 205 
8a 87 86 44f 590 
351 5e 311 4e5 519 
8d 9f 67 1eb 1ec 
74 ae 63 204 206 
88 8a 86 44f 450 
351 5f 310 5e 60 
336 313 a8 22d 7da 
8a 87 88 44c 44f 
89 86 8a 44d 450 
5b 351 315 4dd 4e0 
b1 af 42 545 546 
74 ae 65 206 207 
336 a8 314 4e2 7da 
4e a8 a5 53c 734 
a7 a8 313 22c 76f 
88 8a 89 450 7e8 
317 351 5b 4dd 6b5 
4c ac ae 74a 7d6 
351 315 5e 4e0 519 
344 2fd b8 644 662 
81 93 82 135 571 
341 60 323 49b 68f 
362 4d 50 4f4 4f5 
33f 96 3f 1e3 1e5 
341 324 60 496 682 
352 31f 54 4ac 513 
362 51 30e 4e8 51a 
6d 8d 9c 551 7cb 
341 325 324 496 51c 
7c 99 7e 66b 66c 
341 60 325 496 49b 
b5 63 72 4ae 4b0 
362 4d 51 4e8 4f4 
b5 72 64 4ae 4af 
31c 336 a6 4c1 4c5 
af b7 42 1f0 546 
345 2fe ba 63d 643 
302 b7 b1 63 65 
80 82 97 b6 638 
9f 67 9b 556 55b 
9c 92 6d 728 7cb 
42 b7 b1 65 546 
8d 8c 8b 447 449 
9f 6d 8d 550 551 
6e 8d 9f 1ec 550 
a9 336 31b 4c3 4c4 
344 7e 30a 4f9 66a 
a6 a9 53 4c0 4c6 
a9 336 31c 4c4 4c5 
360 58 30d 4e9 4f2 
344 30b 7e 4f9 503 
342 a5 33 59b 59d 
48 35d 328 f8 742 
72 33f 54 4ad 511 
a9 a6 31c 4c5 4c6 
a1 7b 335 504 506 
33f 332 54 508 511 
68 48 35d 742 743 
32a 35a 4a 211 530 
31d b2 96 568 56c 
4a 35d 328 f7 f8 
362 51 50 4da 4f4 
8d 90 8c 1e1 448 
35a 6b 4a 210 658 
8b 91 8c 44b 7c1 
6b 339 32b 4ca 4cb 
362 52 50 4d9 4da 
7b 7e a1 500 504 
342 33 a9 59b 6c6 
32a 35b 4a 745 746 
35a 4a 6c 210 211 
362 318 52 4d2 4db 
ab a3 320 786 7e0 
92 8c 8b 449 44b 
340 67 326 47e 52d 
362 31a 51 4cf 51a 
a1 335 7e 504 505 
360 48 328 534 535 
33c 37 b3 57d 687 
92 8b 8d 449 7cc 
362 52 31a 4cf 4db 
48 360 68 531 535 
4a 6c 35b 746 748 
8f 8e 90 28 fc 
92 8c 8d 448 449 
351 5e 59 4a3 4e5 
362 51 52 4cf 4da 
352 325 54 509 51d 
91 8c 90 445 44a 
9c 6d 9e 54e 553 
33e 9a 305 555 5c2 
8e 91 8f fc fe 
5e 351 5b 4a2 4e0 
305 33e 9b 526 555 
351 5f 59 60 4a3 
8e 90 91 fc 443 
92 8b 91 446 44b 
92 90 8c 448 44a 
9f 6d 9c 551 553 
326 67 343 6d 72 
8f 90 91 fb fc 
a3 b0 31e 130 7cf 
90 8d 92 444 448 
92 91 8c 44a 44b 
5f 5b 351 4a2 6bd 
99 33e 30a 4fb 669 
9f 9e 6d 552 553 
8f 92 90 fb 442 
80 97 95 1aa 633 
97 82 93 1f3 541 
9e 6e 9f 54d 552 
8f 91 92 fb fd 
30a 33e 9b 4fb 526 
92 91 90 fb 44a 
5f 351 5e 4a2 4a3 
351 322 5f 5e 49d 
5f 351 323 49d 691 
85 93 98 57e 57f 
340 30b 9b 4fa 524 
340 6e 67 47e 55e 
340 326 6e 47e 480 
33f 71 64 487 565 
31e b5 a3 4b6 7cf 
365 62 30c 756 757 
33f 64 72 487 4ad 
7e 9b 99 4fc 4fd 
71 33f 67 21d 55d 
ab 63 a3 4a9 7e0 
94 b2 64 569 56a 
b9 33a 48 65e 65f 
367 30c 62 85 86 
340 a1 30b 4fa 502 
33f 332 67 21c 52b 
9c 8d 8b 54b 7cc 
96 b2 64 56a 56c 
31e b0 b1 11 7ce 
33f 67 73 21c 21d 
b9 4a 33a 65b 65f 
33a 48 bb 65a 65e 
48 b9 bb 37 65e 
331 67 343 6c 6d 
95 96 94 225 439 
33c 31d 96 568 5dc 
9c 8b 92 727 7cc 
365 69 30c 757 758 
a6 32b a7 b2 b3 
94 95 97 1ab 225 
9c 92 8d 7cb 7cc 
332 67 343 70 73 
340 6e 32e 218 480 
96 94 97 224 225 
b2 31d b4 4ba 4bf 
9d 7b a1 4d4 4d5 
73 343 67 6c 73 
69 367 30c 86 4f6 
a6 a7 6c b2 7e5 
95 97 96 225 227 
7e 99 a1 4f8 4fd 
31e b0 b5 7ce 7cf 
62 ad ab 6 7 
340 32e 6f 218 219 
98 93 97 43c 441 
b2 b4 54 4be 4bf 
b1 b5 31e 544 7ce 
95 96 98 1b9 227 
31d 96 33f 1e4 1e6 
7e 9b a1 4fd 4ff 
ab 62 ae 7 7e1 
340 6f 6e 218 21a 
95 97 98 227 437 
b2 b5 54 4bc 4be 
32f 6f 340 219 21b 
96 97 98 226 227 
63 ab ae 4a8 7e1 
340 9e 318 4d3 4dc 
62 ad ae 7 8 
b4 54 b5 4b9 4be 
340 319 9e 4d0 4dc 
7d 360 48 531 655 
a6 6c aa 7b 7e5 
340 318 a1 4d3 502 
ac 65 ae 52f 7d6 
6c a7 aa 79b 7e5 
a3 63 b5 4b2 4b6 
342 a5 4e 53b 53c 
33f 71 72 21f 487 
342 a8 314 4e1 4e2 
342 4e a8 4e1 53c 
342 4f a5 53b 59d 
366 31e 63 1fa 1fb 
71 73 33f 21d 21f 
332 33f 72 21e 511 
9f 8d 9c 54c 551 
33f 73 72 21e 21f 
365 321 62 756 789 
31f 366 63 1fa 4ab 
33f 73 332 21c 21e 
9a 9b 99 229 435 
7d 334 337 45f 463 
360 58 327 4a4 4e9 
366 320 63 1fb 1fc 
366 321 62 1ff 4f7 
335 337 7d 463 464 
337 7d 7c 45c 45d 
337 335 7e 45e 464 
360 68 58 4a4 4a5 
b1 350 302 d f 
337 7e 7c 45a 45c 
b1 350 42 f 10 
b3 b4 60 202 497 
337 7e 7d 45c 464 
73 331 343 6c 46e 
302 b1 352 63 542 
7e b8 7c 45a 66d 
362 7b 4d 4ec 4f5 
344 30a b8 662 66a 
343 332 73 73 469 
362 4d 334 4ec 4f3 
b9 339 53 64f 650 
33c 31d b2 4ba 568 
a9 31b 342 4c3 6cd 
9a 99 a0 229 5bf 
9b 9a 9f 22b 55a 
343 332 333 469 514 
b7 b3 60 494 497 
b5 64 b2 4b8 4bc 
ba 53 339 64c 650 
33f 96 64 1e5 1e6 
9b 99 a0 228 229 
343 333 73 469 46e 
60 b7 b4 497 498 
33c b4 31d 4ba 51e 
34b a7 312 4e3 4e4 
a4 87 a5 1d8 59c 
9a a0 9b 229 22b 
34b a7 313 22c 4e3 
9e 9d 9c 42d 42f 
325 b4 b7 495 498 
b9 53 ba 64e 650 
302 b7 352 62 63 
9b a1 99 228 4fd 
34b 313 a8 22c 22d 
9f 9d 9c 42f 431 
9f 9c 9e 42f 553 
9a a0 9f 22b 433 
9f 9d 9e 42e 42f 
9c a0 9d 431 7ca 
68 327 35d 109 796 
9b a0 9f 22a 22b 
7d bb 7c 33 45d 
b0 97 82 bc 1f5 
a1 a0 99 228 434 
9f 9c a0 42c 431 
362 50 7b 4d9 4f5 
68 35d 328 742 796 
a1 9b 9f 22a 432 
9f a0 9d 430 431 
362 7b 318 4d2 501 
63 366 62 1fe 48b 
9b a0 a1 228 22a 
a1 9e 9d 42e 4d6 
9f a1 9d 42e 430 
340 67 9b 524 556 
a1 9e 9f 42a 42e 
a0 9d a1 42b 430 
360 68 327 47d 4a4 
362 52 7b 4d2 4d9 
32a 6c 35a 211 213 
6b 35a 32b 212 4ca 
a1 9f a0 22a 430 
360 328 68 47d 535 
35a 6c 32b 212 213 
340 67 9f 556 55e 
93 b6 82 1dc 1f3 
35a 6c 6b 210 212 
35b 32a 6c 478 746 
34b 31c a6 4c1 4c9 
366 72 31f 4ab 512 
365 69 62 755 757 
97 b6 82 1f3 1f5 
33c 60 b3 200 202 
33c 324 b4 203 51e 
35b 6c 32c 478 79c 
69 62 367 86 87 
33c 60 b4 202 203 
a3 31e 34f 130 4b3 
360 334 58 4eb 4f2 
345 53 339 4c8 64c 
34f a3 320 4b3 786 
344 7e 335 45e 503 
7d 58 360 4a5 4eb 
345 ba 53 63d 64c 
69 365 329 119 758 
96 b2 94 224 56a 
6e 340 9e 21a 54d 
b2 97 94 224 438 
340 32f 9e 21b 4d0 
340 9f 6e 54d 55e 
340 6f 9e 21a 21b 
96 97 b2 224 226 
98 93 b3 43f 581 
367 69 329 47c 4f6 
af 82 b0 1f4 53f 
b2 96 98 226 436 
367 6a 69 47c 48e 
366 62 330 490 4f7 
b2 98 97 226 440 
367 6a 329 47b 47c 
33a 35a 4a 533 65b 
ab 320 34f 786 788 
367 330 62 81 85 
35a b9 4a 658 65b 
ab 34f 321 787 788 
34f b0 31e 13 130 
70 367 62 82 87 
97 93 b6 1f3 441 
98 b6 93 43f 441 
366 72 63 488 4ab 
339 6b b9 64b 64f 
366 62 74 48b 490 
32d 367 6a 215 47b 
366 63 74 488 48b 
367 62 74 81 82 
a4 a5 a9 1d6 7ea 
98 97 b6 440 441 
360 33a 48 534 65a 
352 31e b1 542 544 
336 a8 a6 22f 425 
a5 a4 aa 7ac 7ea 
af 82 b6 1db 1f4 
367 69 70 87 48e 
a2 a3 ad c4 428 
82 b6 b0 1f4 1f5 
367 6a 6f 214 215 
a7 a6 a8 22e 423 
336 a9 a6 425 4c5 
a8 a9 a5 427 7e9 
352 b5 31e 4b4 544 
352 54 b4 4b9 51d 
360 48 bb 655 65a 
367 70 6a 214 48e 
a8 336 a9 422 425 
352 54 b5 4ac 4b9 
a8 a9 a6 424 425 
a9 aa a4 426 7ea 
7d 360 68 4a5 531 
352 b5 31f 4ac 4b4 
a8 a5 aa 7ab 7e9 
aa a7 a6 423 7e5 
a5 aa a9 7e9 7ea 
a8 aa a6 423 424 
a3 a2 b0 c6 549 
32d 6f 367 215 217 
aa a7 a8 420 423 
a9 a6 aa 421 424 
367 6f 32e 216 217 
a6 32b 34b b3 4c9 
a8 aa a9 424 7e9 
34b a7 32b b0 b3 
70 367 32e 216 481 
ac a2 ad 12d 548 
ad ab a3 429 7a8 
337 7c b8 45a 45b 
34b 32c a7 b0 4e4 
7e b8 337 456 45a 
367 6f 70 214 216 
367 70 331 84 481 
33c 96 98 436 5fd 
322 352 b7 62 49c 
b2 b3 98 43a 43e 
366 74 330 46f 490 
367 74 330 81 83 
b3 b6 93 43d 43f 
352 b4 325 495 51d 
b1 302 375 d 16 
70 74 367 82 84 
97 b6 b0 1f5 540 
367 74 331 83 84 
337 7c bb 45b 45d 
366 72 74 46a 488 
ab ae ad 7 41f 
97 b6 b2 43b 440 
337 bb 7d 458 45d 
366 333 72 46a 512 
352 325 b7 495 49c 
ad ac ae 41e 7af 
98 b2 b6 43e 440 
b8 7c bb 459 45b 
98 b6 b3 43e 43f 
99 33e 9a 1ca 435 
366 74 333 46a 46f 
9b 99 33e 435 4fb 
9b 33e 9a 435 555 
4a 35b 35d 11b 11c 
b5 b0 a3 543 7cf 
ab 321 365 787 789 
366 320 ab 1fc 1fd 
360 334 7d 45f 4eb 
334 362 7b 461 4ec 
321 ab 366 1fd 1ff 
335 7b 362 461 501 
b0 b1 af 231 41d 
340 9b 9f 432 556 
340 a1 9b 432 4fa 
340 9f 9e 42a 54d 
340 9e a1 42a 4d3 
344 7e 337 456 45e 
340 a1 9f 42a 432 
33c b2 96 436 568 
344 b8 7e 456 66a 
af b0 b6 1f4 231 
b1 b0 b5 233 7ce 
33c 98 b2 436 43a 
b1 af b6 230 231 
33c 98 b3 43a 57d 
b4 b2 b3 f3 419 
b0 b6 b1 231 233 
b1 b7 af 230 546 
62 ab 365 6 789 
b2 b4 b5 f5 4be 
b2 b6 b3 f3 43e 
b0 b6 b5 233 41b 
62 ad 365 5 6 
b4 b6 b2 f3 f5 
366 ab 62 1fe 1ff 
b1 b6 b5 232 233 
b4 b3 b6 f3 f4 
b2 b5 b6 f5 418 
366 ab 63 1fc 1fe 
b7 b6 af 230 41c 
b7 b1 b5 232 41a 
b7 b4 b3 f4 497 
b4 b6 b5 f5 f6 
b1 b6 b7 230 232 
b7 b3 b6 f4 417 
b4 b7 b5 f6 416 
b7 b6 b4 f4 f6 
b7 b6 b5 f6 232 
6b 35a 339 4ca 64b 
342 a8 a5 427 53c 
342 336 a8 422 4e2 
342 a5 a9 427 59b 
35a b9 6b 64b 658 
342 a9 336 422 4c3 
31e 375 b0 11 13 
342 a8 a9 422 427 
31e b1 375 11 16 
338 337 b8 410 414 
b3 33c b2 419 43a 
b4 b2 33c 419 4ba 
b3 33c b4 202 419 
34b 336 a6 22f 4c1 
a6 34b a7 b3 22e 
336 a8 34b 22d 22f 
34b a8 a6 22e 22f 
34b a8 a7 22c 22e 
338 ba b8 415 649 
b8 337 33b 413 414 
b8 338 33b 414 415 
b8 bb 337 413 45b 
b9 ba 339 40f 650 
ba 33b 338 411 415 
ab 34f a3 786 7a8 
339 b9 33b 234 40f 
ba b8 33b 237 415 
a3 34f ad c3 7a8 
33a 33b b9 235 40e 
ba 339 33b 40d 40f 
bb 337 33b 412 413 
bb 33b b8 236 413 
ba 33b b9 239 40f 
b9 33a bb 40e 65e 
34f a3 b0 c5 130 
33b 33a bb 40c 40e 
bb b9 33b 238 40e 
360 337 7d 458 45f 
ad ab 34f 7a8 7a9 
344 b8 337 410 456 
344 338 b8 410 644 
360 7d bb 458 655 
345 ba 338 411 643 
345 339 ba 40d 64c 
345 ba 33b 40d 411 
352 b1 b5 41a 544 
b1 b7 352 63 41a 
352 b5 b4 416 4b9 
352 b4 b7 416 495 
352 b7 b5 416 41a 
ab ad 365 6 7a9 
51 30e 3e8 74d 74e 
51 30e 3e9 74e 75e 
339 35a b9 234 64b 
35a 33a b9 235 65b 
35a 33b b9 234 235 
bb 360 337 412 458 
51 3e8 31a 74d 784 
52 3e8 319 779 77b 
52 31a 3e8 779 784 
51 3e8 52 784 785 
360 bb 33a 40c 65a 
360 33b bb 40c 412 
ab 365 34f 787 7a9 
b0 375 b1 11 12 
ad 34f 365 7a7 7a9 
34f 375 b0 13 15 
b1 375 350 d e 
3f1 6a 329 118 799 
6a 32d 3f1 799 79a 
32d 6a 3f2 793 79a 
6f 3f2 6a 793 794 
3f2 32d 6f 475 793 
3f2 6f 32f 475 79f 
437 50 51 110 112 
438 4c 66 1e 20 
6a 438 66 790 792 
66 438 6f 11e 792 
6f 6a 438 792 794 
438 66 92 120 740 
51 3e8 3e9 74c 74e 
3c3 35c 3b9 40b c14 
3bc 35c 3c3 384 c14 
6a 3f1 3f2 798 79a 
59 310 4af 763 764 
59 4af 311 763 766 
4e 4bb 314 754 772 
5e 311 4af 750 766 
4e 4bc 314 753 754 
4e 315 4bc a c 
4e 4bc 316 a 753 
5e 4af 315 750 751 
5e 59 4af 766 767 
5e 4bc 315 751 776 
361 41f 346 35e 3a8 
51 437 3e8 74c 783 
51 3e9 437 74c 75c 
c0 3 4 6cb 6d3 
6 c0 3 18d 6cb 
c0 4 2fb 190 191 
c0 6 4 190 6cb 
c0 6 5 18f 6b3 
c0 4 2fc 19a 19b 
c0 8 3 6bf 6d3 
c0 9 3 18c 6bf 
c0 2fb 6 190 192 
8 c0 4 19b 6d3 
c0 7 5 6b3 6bb 
c0 2fb 7 192 193 
6 c0 7 192 6b3 
9 c0 5 18e 6a7 
b c0 4 191 19a 
b 2fb c0 191 193 
8 2fc c0 19b 19d 
c0 5 c 6a7 6bb 
c0 b 7 193 19f 
c0 2fc a 19c 19d 
c0 8 9 69b 6bf 
c0 2fc b 19a 19c 
c0 8 a 19d 69b 
c0 c 7 19e 6bb 
c0 a 9 685 69b 
b c0 a 19c 1a1 
c0 9 c 685 6a7 
c c0 a 1a0 685 
6a 3f1 438 797 798 
6a 438 3f2 794 798 
a8 4bb 313 76e 770 
a8 314 4bb 76e 772 
4e 4bb a8 772 773 
c2 e f 2f 676 
d c2 11 1a3 660 
c2 10 e 657 676 
c2 f 10 651 676 
c2 f 11 1a2 651 
6f 3f2 438 794 795 
c2 11 10 63c 651 
36a 407 3dc c15 eba 
3dd 36a 407 ba1 c15 
c0 3 33 18c 18d 
c0 33 5 18e 18f 
bf 2 3b 171 17e 
6 33 c0 18d 18f 
d 2a c2 1a3 1a5 
41f 346 3db 3a8 3ce 
c0 33 9 18c 18e 
c2 2a f 1a2 1a4 
c2 11 2a 1a2 1a3 
5d 4f0 5e 78b 78d 
348 3dc 424 c12 eb5 
59 4af 350 762 764 
2 bf 4b 2e 6e8 
348 3df 424 829 c12 
393 404 3de abe c10 
3db 41f 361 3a7 3a8 
c2 49 e 2f 31 
c2 f 49 2f 30 
40d 395 3d5 ad5 c0d 
3ea 404 393 bf6 c10 
3e9 361 41f 3a7 3b4 
12 e4 13 b5 168 
40a 3d5 3a8 ad9 c16 
3e3 395 40d b9c c0d 
12 16 e4 166 168 
e4 16 13 167 168 
13 e4 19 6f1 6f2 
45 bf 32 16f 17c 
419 3d6 398 a4d c19 
3d7 406 3c8 9e2 9e3 
406 3d9 3c8 9e2 bbc 
c0 7 60 19e 19f 
419 3e4 398 c19 e05 
c0 60 a 1a0 1a1 
b 60 c0 19f 1a1 
c0 60 c 19e 1a0 
40a 3a8 3f9 b2a c16 
bf 6c 2 2d 2e 
4b bf 45 6e9 6ea 
40b 3e5 3c5 b7d c1c 
14 15 fa 702 705 
1a 15 fa 6f8 6ff 
bf 2 76 17e 6e8 
14 fa 1f 702 703 
1f 15 fa 6ff 702 
3f7 382 42b a65 c0c 
40b 3c5 3f5 a26 c1c 
42b 382 3f8 ab7 c0c 
1f fa 1a 6ff 700 
103 13 16 167 6eb 
13 17 103 6eb 6ee 
3c6 41b 3d9 bba c0e 
15 103 17 6f4 6f7 
3da 41b 3c6 b07 c0e 
103 16 17 622 6eb 
13 1a 103 6ee 6ef 
103 16 18 16b 622 
18 17 103 2a 622 
1a 15 103 6f7 6f8 
13 19 105 6f0 6f2 
17 103 1a 6ee 6f7 
13 1a 105 6ef 6f0 
547 5d 44 1b 1c 
14 2e fa 705 706 
2e fa 15 6f9 705 
19 1a 105 6f0 70a 
c2 d 7c 1a5 668 
19 1f 105 70a 70b 
1f 105 1a 700 70a 
7c c2 f 30 1a4 
bf a4 2 171 173 
1b 14 115 15d 161 
1e 115 14 15d 15e 
75 bf 32 17a 17b 
76 32 bf 17a 17c 
39a 443 3e3 9e4 9e5 
1c 115 1d 153 154 
1e 115 1b 15c 15d 
c2 2a 7c 1a4 1a5 
115 1e 1d 155 156 
bf 6c 4b 2e af 
bf 3b 76 17d 17e 
39a 3eb 443 9e4 b45 
79 bf 3b 175 17d 
bf 76 45 17c 6ea 
2f 1b 115 70f 711 
4b 76 bf 6e8 6ea 
80 e4 1 bd 100 
82 1 e4 bd be 
c2 b8 d 660 668 
7c 49 c2 30 32 
e c2 b9 36 657 
c2 b8 11 642 660 
e c2 bb 31 36 
c2 10 b9 64a 657 
c2 10 ba 63c 64a 
c2 ba 11 63c 642 
2f 115 32 70d 70e 
e4 80 13 b4 6f1 
e4 12 82 b7 ba 
bf 3b a4 171 172 
e4 19 80 cc 6f1 
12 97 e4 b5 b7 
e4 13 97 b4 b5 
c2 49 bb 31 32 
149 1c 1d 14f 154 
91 15 fa 6f9 6fc 
75 bf 76 178 17a 
152 14 1b 628 629 
1e 151 14 15e 701 
14 1f 151 701 703 
75 79 bf 178 179 
152 14 1e 626 628 
76 bf 79 178 17d 
19 151 1f 709 70b 
151 20 19 15a 709 
152 24 14 40 629 
151 1e 1d 156 60a 
1b 152 1e 617 628 
25 152 14 41 626 
151 1e 1f 604 701 
151 20 1d 60a 712 
151 20 1e 604 60a 
15 8e 103 6f4 6f5 
151 1f 20 604 709 
17 8e 103 2a 6f4 
103 18 8e 25 2a 
1e 21 152 607 60d 
24 152 1b 610 629 
152 21 22 5fb 5ff 
1e 152 25 607 626 
152 14 2e 40 41 
152 23 21 5eb 5ff 
1b 152 29 614 617 
152 22 23 5f3 5ff 
152 25 21 5fb 607 
2b 1b 152 610 614 
91 2e fa 164 6f9 
152 25 22 5db 5fb 
1e 29 152 60d 617 
115 75 1b ca 70f 
24 152 26 42 47 
152 21 29 5eb 60d 
152 25 26 43 5c8 
24 152 27 47 5e7 
115 77 1b c9 ca 
152 28 22 5d3 5db 
152 26 27 47 5ba 
152 23 29 5cf 5eb 
7a 115 1b c9 15c 
152 25 28 5c8 5db 
115 7a 1c da 153 
152 26 28 5c0 5c8 
152 22 2c 5d3 5f3 
7a 1d 115 153 155 
152 2c 23 5cf 5f3 
152 2b 24 5e7 610 
115 7a 1e 155 15c 
152 2b 27 5b7 5e7 
152 2e 24 40 42 
25 2e 152 41 43 
152 26 2d 5ba 5c0 
152 2e 26 42 43 
152 29 2b 5ac 614 
152 28 2c 5af 5d3 
152 27 2d 5b7 5ba 
152 2c 29 5ac 5cf 
152 2d 28 5af 5c0 
152 2c 2b 5a8 5ac 
152 2b 2d 5a8 5b7 
152 2d 2c 5a8 5af 
2f 75 115 70d 70f 
75 115 32 17b 70d 
1b 14 174 161 6fd 
14 174 24 6fd 704 
1b 24 174 6fd 710 
b8 c2 7c 459 668 
14 174 2e 704 706 
c2 7c bb 32 459 
2f 174 1b 710 711 
4e 4bb 4bc 752 754 
80 e4 82 b6 bd 
24 174 2e 5ce 704 
24 2f 174 5ea 710 
24 30 174 5e3 5ea 
24 31 174 5ce 5e3 
5e 4bc 4af 74f 751 
487 48e 34d 9d6 9d7 
2f 174 30 9a 5ea 
e4 97 80 b4 b6 
31 174 2e d4 5ce 
e4 97 82 b6 b7 
31 174 30 5e3 716 
48e 48a 34d 9d6 b3c 
2f 178 30 99 9a 
2f 178 32 70e 714 
174 40 30 148 716 
174 31 40 d6 716 
ba c2 b8 237 642 
47 178 2f 99 714 
c2 b8 33b 236 237 
47 30 178 99 9b 
c2 bb b8 236 459 
c2 ba b9 239 64a 
178 47 32 16e 714 
c2 33b b9 238 239 
c2 bb b9 36 238 
ba 33b c2 237 239 
c2 33b bb 236 238 
151 1d 84 151 712 
20 151 84 158 712 
75 77 115 c8 ca 
75 115 79 c8 179 
115 79 77 c7 c8 
115 77 7a c7 c9 
115 7a 79 c7 d8 
1b6 1d 1c 60f 619 
3ae 392 505 95c 95d 
9 1b5 33 6a4 6c7 
9 34 1b5 69e 6c1 
15 14 1c0 1ae 1b0 
9 35 1b5 6c1 6c7 
1c0 13 17 630 635 
9 36 1b5 6a4 6aa 
9 37 1b5 688 69e 
1c0 17 15 62c 62d 
9 1b5 38 688 6aa 
1c0 13 1a 62f 630 
1c0 1a 15 627 62c 
5e 4af 4f0 74f 765 
1c0 1a 17 62c 630 
1c0 1f 14 1ad 1ae 
15 1c0 1f 1ae 627 
1b6 29 1d 60c 618 
1c0 1a 1f 61b 627 
1c0 14 25 1ad 1af 
5e 4f0 4bc 74f 774 
1c0 25 1f 1ad 605 
1c0 14 2e 1af 1b0 
23 34 1b5 5d2 5f6 
1c0 15 2e 1b0 62b 
23 37 1b5 5f6 602 
25 1c0 2e 1af 5cc 
29 3d 1b6 5ae 5d0 
33 1b5 35 1d3 6c7 
1b5 33 36 1d5 6a4 
1b5 34 35 592 6c1 
34 1b5 37 5f6 69e 
1b5 36 38 583 6aa 
1b5 38 37 57b 688 
25 1c0 3f 5cb 5dd 
1b6 3d 3b 578 595 
3ff 47e 492 ab5 c0a 
492 481 3ff a0e c0a 
3e 1bf 43 1d 138 
1bf 44 43 19 71d 
4e 52e 4bb 752 771 
4a4 353 4e4 88 8b 
4e 4bc 52e 752 777 
493 47f 41d a55 c17 
41d 480 493 b40 c17 
bd 39d 393 17e2 17e6 
1e5 31 26 5cd 5e1 
bd 393 39e 17e2 17eb 
34c 4ea 4ac b31 c09 
482 49f 410 b88 c18 
49f 484 410 a8b c18 
4e4 353 4b8 88 89 
bd 39e 39d 17e2 17e3 
80 1 1bf ff 100 
81 1bf 1 ff 7a3 
82 1 1bf 7a2 7a3 
cf 384 397 1707 1708 
26 1e5 41 5c3 5ca 
1b6 1c 78 60e 616 
bd 393 3af 17eb 17f1 
1b6 1c 7a 616 619 
1b6 7a 1d 618 619 
4a0 41a 483 c1a c39 
41a 484 4a0 a91 c1a 
4be 4ea 34c b0c c09 
3e 5d 1bf 1d 725 
cf 384 3a3 16ff 1707 
1e5 40 31 59f 5a0 
cf 3a5 384 16ff 1703 
bd 3af 39e 17eb 17ec 
1b6 83 1c 60e 60f 
29 1b6 77 5ae 612 
83 1b6 1d 608 60f 
cf 384 3a7 1701 1703 
1bf 43 5d 19 1d 
1bf 5d 44 19 1b 
1b6 7a 29 612 618 
89 1d 1b6 608 60c 
23 1b5 85 5ee 602 
23 1b5 86 5d2 5ee 
10c 36c 354 1468 146b 
cf 397 3a3 1707 170e 
10c 36d 354 1466 1468 
1b6 29 86 5d0 5ed 
1b6 3b 77 578 6df 
1b6 29 89 5ed 60c 
4ad 4d9 39c a3a c1b 
1b6 77 3d 578 5ae 
79 1b6 3b 6df 6e4 
1c0 15 8e 62a 62d 
17 1c0 8e 61e 62d 
1c0 91 15 62a 62b 
1b5 86 34 592 5d2 
90 1c0 17 61e 625 
13 1c0 94 634 635 
85 1b5 36 221 583 
1b5 86 35 58c 592 
1c0 95 13 62f 634 
1b5 87 35 1d2 58c 
1b5 37 85 57b 602 
3ae d3 392 95c 16d4 
cf 3a3 3a5 16ff 1705 
87 1b5 36 1d4 220 
1b5 85 38 57b 583 
1b5 36 88 220 221 
17 94 1c0 625 635 
381 4ed 4ad a40 c11 
cf 3a5 3a7 1703 1704 
4ae 4ed 381 bf9 c11 
1c0 95 1a 61b 62f 
86 1b6 3b 58e 595 
86 1b6 3d 595 5d0 
25 8c 1c0 5cb 5cc 
e1 394 399 15f7 15f8 
39c 4d9 4c0 a6f c1b 
3b 1b6 8a 58e 6e4 
1c0 95 1f 605 61b 
10c 36d 36c 1468 146f 
e1 39b 394 15f7 1601 
e1 399 39b 15f7 15fa 
25 1c0 95 5fe 605 
25 1c0 96 5dd 5fe 
8c 2e 1c0 5a5 5cc 
3e 1bf 82 136 722 
91 1c0 2e 5a5 62b 
10c 37d 36c 146f 1470 
e1 3ab 394 1601 1602 
33 a5 1b5 1d3 1d5 
44 7f 1bf 71b 71c 
37d 36d 10c 8ff 146f 
81 1bf 43 137 71d 
1b5 35 a5 1d2 1d3 
44 1bf 81 71b 71d 
1b5 a5 36 1d4 1d5 
e1 3ab 39b 1600 1601 
1c0 3f 8c 56d 5cb 
3e 93 1bf 136 138 
1c0 3f 90 563 56d 
1c0 94 3f 563 567 
1bf 93 43 137 138 
1c0 96 3f 567 5dd 
4c1 359 50e 9dc 9dd 
359 4c2 50e 9dc ad2 
3c4 4e7 4ab a80 c0f 
4f0 5d 547 23f 240 
d1 3c0 3c1 16e9 16ee 
394 4ff 4b5 9f6 c1d 
19 236 20 61a 61c 
fe 39a 395 14e3 14e4 
fe 395 39b 14e3 14ee 
d1 3c0 3cb 96e 16f2 
d1 3cc 3c0 16e9 16f2 
d1 3c1 3cc 16e9 16ea 
fe 39b 39a 14e3 14e6 
236 21 20 606 60b 
4c5 4ff 394 b11 c1d 
d1 3cc 3cb 16f2 16f3 
1e5 8c 26 5ca 5cd 
fe 395 3ab 14ee 14ef 
505 4bf 392 95d c13 
392 4c0 505 a6e c13 
fe 3ab 39b 14ee 1600 
4d1 4e7 3c4 b84 c0f 
1e5 31 8b 59f 5a6 
1e5 31 8c 5a6 5cd 
26 1e5 9a 5bc 5c3 
1b6 77 79 468 6df 
1b6 79 78 466 6e3 
1b6 7a 77 468 612 
1b6 78 7a 466 616 
26 a0 1e5 5bc 5e1 
1b6 7a 79 466 468 
1e5 40 8b 562 59f 
8c 41 1e5 570 5ca 
1e5 8d 41 55c 570 
1b6 83 78 577 60e 
3a2 113 391 8eb 141c 
3ae 4bf 505 95d a73 
a0 31 1e5 5a0 5e1 
3a4 391 113 8eb 1416 
24f f 2b 38 4a 
1b6 78 8a 577 6e3 
1b6 79 8a 6e3 6e4 
1e5 41 9a 554 5c3 
1e5 40 9c 561 562 
1b5 85 86 223 5ee 
1e5 9f 41 554 55c 
1e5 a0 40 561 5a0 
85 88 1b5 221 223 
87 1b5 86 222 58c 
1b5 88 86 222 223 
89 83 1b6 452 608 
3a2 3a4 113 8eb 8ec 
24f 39 f 38 679 
1b5 88 87 220 222 
8a 1b6 83 452 577 
113 391 3b7 141c 141d 
1b6 86 89 44d 5ed 
1b6 8a 86 44d 58e 
7f 1bf 80 cd 101 
81 7f 1bf 101 71b 
80 1bf 81 ff 101 
1b6 89 8a 44d 452 
1bf 81 82 135 7a3 
f 45 24f 672 679 
24f f 46 4a 672 
113 3b7 3a2 141c 141f 
223 82 1 be 7a2 
236 43 44 53e 575 
24f 2f 2b 5e9 611 
12 26b 16 166 16c 
1bf 93 81 135 137 
1bf 82 93 135 136 
16 18 26b 16a 16b 
1b5 a5 87 1d2 1d4 
3e 223 5a 71f 720 
24f 32 2f 5a7 615 
24f 2b 39 38 3f 
223 5a 42 128 72b 
1c0 90 8c 445 56d 
1c0 8c 91 445 5a5 
1c0 8e 90 443 61e 
1c0 91 8e 443 62a 
36c 36b 15e 89f 8a0 
1c0 90 91 443 445 
223 12 82 ba bb 
1c0 90 94 563 625 
31 2e 257 d4 d5 
16c 358 369 115c 115e 
be 40f 40e 17d7 17da 
16c 36a 358 115a 115e 
2b 24f 46 4a 5e9 
16d 359 368 114d 114e 
1c 26f 1d 14f 150 
95 1c0 94 439 634 
96 94 1c0 439 567 
96 1c0 95 439 5fe 
46 24f 2f 5a2 5e9 
a2 218 12 dc 12b 
2f 24f 47 5a2 5a7 
24f 45 32 59e 6db 
24f 32 47 59e 5a7 
15e 37d 36b 8a0 11c5 
36c 37d 15e 8a0 1470 
417 400 c7 99d 99e 
266 45 e 671 677 
109 3ca 3cb 149d 149e 
45 24f 39 679 6d9 
e 48 266 656 65c 
ce 415 3f9 1713 1715 
31 257 40 d6 d7 
e 266 49 656 671 
16c 36a 369 115e 115f 
109 3cf 3ca 149d 14a4 
ac 12 218 12a 12b 
109 3cf 3cb 1496 149d 
e 266 4a 659 65c 
e 4b 266 659 677 
b0 218 12 b9 dc 
135 3a5 3a2 8c3 12dc 
3a6 3a2 135 8c2 8c3 
3a6 3a5 135 8c3 12d5 
be 42b 40e 17d3 17d7 
400 428 c7 99d 1776 
135 3a7 3a5 12d5 1704 
be 42b 40f 17d7 17d8 
46 45 24f 538 672 
135 3a6 3a7 12d5 12d6 
47 24f 45 538 59e 
400 c8 428 993 1776 
46 24f 47 538 5a2 
236 7f 19 61c 631 
80 236 19 62e 631 
26b 4c 18 23 707 
b0 12 223 b9 bb 
79 3b 22a 175 176 
3e 82 223 721 722 
415 416 ce 977 1710 
be 40e 43d 17d3 17dd 
236 7f 20 603 61c 
417 427 c7 999 1774 
236 20 84 603 609 
417 c7 428 99d 1774 
103 e4 13 167 6ed 
236 21 85 5ec 601 
266 32 45 16d 16f 
22a 36 87 13d 13f 
22a 88 36 13d 13e 
e4 16 103 165 167 
266 47 32 16d 16e 
236 20 89 609 60b 
236 89 21 5ec 60b 
13 105 e4 6ed 6f2 
8c 1e5 8b 447 5a6 
22a 3b 87 1d9 1da 
8d 8b 1e5 447 54b 
8d 1e5 8c 447 570 
95 236 19 61a 62e 
8a 3b 22a 176 1da 
287 c 38 686 6a9 
19 e4 105 6ec 6f2 
c7 427 428 176e 1774 
236 20 95 606 61a 
236 21 95 5fc 606 
3e4 457 d2 965 966 
44 22a 88 72f 732 
236 98 21 5fc 601 
29a 12 16 636 63a 
4e6 4a9 48c bae c0b 
191 36c 355 1037 1038 
48c 4aa 4e6 b37 c0b 
be 43d 42b 17d3 17d4 
1e5 9c 8b 54b 562 
be 43e 42b 17d4 17d5 
266 45 47 16d 73c 
193 354 36c 1028 146b 
1e5 8d 9c 54b 54c 
15 fa 103 6f3 6f8 
266 49 45 671 73c 
15a 39b 399 11eb 15fa 
15a 39a 39b 11ec 14e6 
266 47 49 124 73c 
1e5 8d 9f 54c 55c 
ce 3f9 455 1713 1714 
49 266 48 656 744 
266 45 4b 677 6e9 
1a 103 fa 6f6 6f8 
129 3cf 3cb 134c 1496 
4a 266 48 11d 65c 
129 3cb 3d0 134c 134d 
22a 36 a5 13f 140 
3ce 129 3cf 8d3 1354 
191 355 378 1033 1034 
bf 115 32 de 17b 
236 44 7f 53a 576 
1a fa 105 6f6 700 
3d2 3c8 12b 8ce 8cf 
129 3d0 3ce 1354 1355 
43 236 81 573 575 
4a 266 4b 659 747 
42a c1 445 9b1 17c6 
129 3d0 3cf 134c 1354 
236 81 44 575 576 
13 103 105 6ed 6ef 
191 37b 355 1033 1037 
22a 3b a4 172 1d9 
282 18 4c 61d 620 
29c 35 3 6c0 6c5 
3e af 223 71f 721 
193 354 37a 1022 1026 
c1 448 42a 17c6 17c7 
236 84 44 53a 53d 
85 236 43 586 58b 
1f 105 fa 6fe 700 
193 354 37b 1026 1028 
1e5 9f 9a 433 554 
29c 2 39 6da 6dd 
be 43d 43e 17d4 17d6 
1e5 9a a0 433 5bc 
236 88 43 53e 58b 
400 468 c8 993 994 
1e5 9c 9f 42c 54c 
236 88 44 53d 53e 
223 42 af 545 72b 
29c 2 3b 6dd 6e5 
103 105 1a 6ef 6f6 
e4 1 124 23a 23c 
1e5 a0 9c 42c 561 
15a 3ac 39a 11e8 11e9 
15a 399 3ad 11eb 11ed 
b1 223 42 10 545 
24f 75 2b 611 613 
29c 3 3c 6c0 6d5 
15a 39a 3ad 11e8 11ec 
15a 399 3ae 11ed 11ee 
c1 445 434 17c3 17cd 
15b 39a 3ac 11df 11e9 
15a 3ad 39b 11eb 11ec 
24f 2b 77 3f 613 
1e5 9f a0 42c 433 
3e4 475 d2 966 967 
c1 434 448 17c3 17c4 
24f 2f 75 611 615 
93 236 43 573 586 
24f 32 75 615 6e6 
24f 76 32 6db 6e6 
ce 415 455 1710 1713 
416 455 ce 979 1710 
29c 10 39 652 678 
191 37b 36c 1037 103a 
115 14 fa 15f 160 
29c 2 4b 6d8 6da 
39 76 24f 6d9 6de 
24f 77 39 3f 6de 
10 3c 29c 63e 652 
3ac 3ad 15a 8a4 11e8 
193 36c 37b 1028 103a 
3ac 3af 15a 8a3 8a4 
15a 3ad 3ae 8a6 11ed 
c1 448 445 17c3 17c6 
15a 3ad 3af 8a4 8a6 
3af 3ae 15a 8a5 8a6 
47 30 288 9b 715 
378 191 37b 865 1033 
45 24f 76 6d9 6db 
20 2ad 19 15a 15b 
4e 22a a5 735 738 
193 37b 37a 1026 1027 
10 29c 4b 7d 678 
287 c 5c 6a9 6be 
223 350 42 10 126 
468 428 c8 993 99c 
287 5f c 690 6be 
287 60 c 681 690 
4c 29b 18 23 24 
8b 2e 257 d5 162 
189 38b 38a 107a 107b 
36 5 2b4 56 6a8 
189 38c 38a 1070 107a 
189 38b 38c 1071 107a 
8b 257 31 d5 d7 
3 29c 53 6ce 6d5 
34e 370 1b7 844 845 
91 2e 257 162 164 
1b7 371 34e 843 845 
288 49 47 124 125 
65 282 18 620 623 
372 34e 1b7 842 843 
5a 223 af 71f 72b 
68 48 266 743 744 
266 49 68 122 744 
381 3b2 180 871 10b7 
29c 35 3b 58d 594 
78 79 22a 102 177 
29c 35 3c 594 6c0 
29c 39 3b 57a 6dd 
8b 257 40 d7 141 
29c 3c 39 57a 652 
26f 1c 83 13a 150 
4a 266 6c 747 748 
266 6c 4b af 747 
83 1d 26f 14b 150 
29c 3b 3c 57a 594 
84 26f 1d 14c 151 
29c 10 53 7f 63e 
392 d3 505 95c 16cf 
78 22a 83 13b 719 
89 26f 1d 14b 14c 
180 38f 3b2 10be 10c0 
180 38f 3b3 10c0 10c1 
57 288 30 146 715 
8a 22a 78 177 719 
8a 22a 79 176 177 
9c 40 257 134 141 
29c 4b 39 678 6da 
35f 327 20d 8c 8f 
1b7 371 36e f76 f77 
287 38 5c 585 6a9 
1b7 371 370 845 f72 
1b7 373 36e f77 f78 
372 371 1b7 843 846 
1af 37a 379 f9a f9b 
287 5a 3e 5a 572 
ac 26b 12 12a 16c 
373 371 1b7 846 f77 
88 22a 83 7a4 7a5 
372 373 1b7 846 847 
287 3e 5c 5a 574 
8a 22a 83 719 7a4 
16 26b ac 16a 16c 
5 4f 2b4 57 6b6 
22a 87 88 13d 44c 
287 42 5a 1f1 1f2 
ac 26b 18 16a 707 
22a 8a 87 1da 44c 
3ae 505 d3 95c 16d7 
1d7 347 364 eca ecb 
22a 8a 88 44c 7a4 
288 57 47 125 715 
29a 65 16 621 624 
57 49 288 123 125 
287 42 5f 1ef 1f1 
236 80 7f 455 631 
236 7f 81 455 576 
236 80 81 454 455 
236 82 80 454 638 
61 282 4c 66 52e 
236 81 82 454 571 
236 7f 84 53a 603 
1d7 36f 347 ece ecf 
115 bf 75 179 17b 
1d7 370 347 eca ece 
180 3b2 3b3 10bd 10c0 
19a 390 3a2 ffc ffd 
65 282 4c 52e 620 
44 26f 84 731 73b 
1db 349 368 ebe ebf 
66 4c 282 66 67 
282 8f 18 61d 61f 
a2 218 a3 c4 c6 
bf 79 115 104 179 
282 90 18 61f 623 
1d3 350 374 345 346 
1dc 36a 348 eb2 ebb 
19a 390 3a6 ffd ffe 
1d3 375 350 342 346 
44 88 26f 731 732 
1d5 358 369 edb 115c 
1d5 368 359 edf 114e 
236 88 84 453 53d 
223 af 82 53f 721 
1d5 369 359 edd edf 
223 b0 82 bb 53f 
236 85 88 44e 58b 
236 84 89 453 609 
53 29c 3c 63e 6d5 
5 5b 2b4 6b6 6bc 
236 89 85 44e 5ec 
2b4 36 43 584 718 
2b4 5c 5 6a8 6bc 
d2 474 457 16de 16e1 
d2 475 457 966 16de 
236 88 89 44e 453 
a2 218 ac 12b 12d 
a4 22a 87 1d9 59c 
a2 ad 218 c4 12d 
87 22a a5 13f 59c 
93 236 81 571 573 
f9 413 46f 1509 150a 
a3 ad 218 c3 c4 
288 68 49 122 123 
82 93 236 541 571 
95 236 80 62e 633 
1d7 364 363 ecc ecd 
a2 218 b0 c6 dc 
236 80 97 633 638 
a3 218 b0 c5 c6 
85 236 93 57e 586 
349 379 1db 82a ebe 
179 3c2 3c4 10db 10df 
76 24f 75 467 6e6 
82 236 97 541 638 
1d5 377 358 edb edc 
77 75 24f 467 613 
1d5 359 377 edd ede 
77 24f 76 467 6de 
2cd 30 27 5e2 5e8 
3c7 3c2 179 87c 10df 
1d5 369 368 edf ee0 
19a 3b7 390 ffc 1000 
f9 477 413 28b 150a 
3a6 19a 3a2 8c2 ffd 
44 2b4 43 1a 72e 
85 98 236 57e 601 
179 3c7 3c4 10df 10e0 
ac 218 ad 12c 12d 
1d7 363 370 ecc ed2 
fa 14 151 15f 703 
1d7 364 370 eca ecc 
f6 461 436 1528 1529 
f6 462 436 1526 1528 
f6 436 463 1526 1527 
1db 368 369 ebd ee0 
13f 408 401 129e 129f 
56 57 288 c1 144 
287 c b3 681 686 
56 288 58 c1 d1 
236 97 93 43c 541 
1d5 369 377 edb edd 
57 58 288 c1 c2 
236 93 98 43c 57e 
236 95 97 437 633 
236 98 95 437 5fc 
1f fa 151 6fe 703 
1d7 370 36f ece ed1 
19a 3a2 3b7 ffc 141f 
d2 475 474 16de 16df 
287 82 3e 1dd 1de 
1d3 375 374 346 348 
236 97 98 437 43c 
287 5c 5a 5a 5c 
1d3 374 377 347 348 
a4 22a a5 59c 7aa 
26b 4c ac 707 74a 
27 46 2cd 4d 5e8 
1d3 375 377 348 34c 
19 105 151 708 70b 
4c ae 26b 74a 74b 
5f 5a 287 5c 1f1 
149 115 1c 14d 154 
149 115 1d 154 157 
29c a4 2 6dc 6e5 
15 8e 29b 6f5 6fb 
5f 287 5c 5c 6be 
29a 12 94 632 636 
1db 379 368 ebd ebe 
2be 6c 2 2b 2d 
1f 151 105 6fe 70b 
1db 379 369 ebc ebd 
29b 8e 18 25 26 
287 38 93 57c 585 
91 29b 15 6fb 6fc 
66 29b 4c 20 22 
8f 29b 18 24 26 
29a 97 12 632 637 
1eb 356 36e e66 e68 
18d 3be 3c2 104e 1053 
b0 223 af 41d 53f 
29a 94 16 624 636 
a3 218 34f c3 c5 
b1 af 223 41d 545 
b0 223 b1 12 41d 
151 115 14 15e 15f 
2cd 46 30 5a3 5e8 
29c a9 3 6c5 6ce 
29c aa 2 6d8 6dc 
1ec 36e 357 e54 e55 
282 61 65 48a 52e 
287 5f 60 49a 690 
1ec 357 36f e54 e57 
61 66 282 66 20c 
287 93 3e 1de 574 
1eb 373 356 e66 e67 
18d 3be 3c7 1053 1054 
8f 4c 282 67 61d 
58 288 327 d2 d3 
18e 3c7 3be 104c 1054 
13f 401 422 129e 12a4 
57 68 288 c2 123 
68 58 288 c2 d2 
18d 3c2 3c7 87c 1053 
29a 12 a2 639 63b 
151 1d 115 156 157 
2b4 5c 36 584 6a8 
3a2 3a4 1b0 8ec f91 
18d 3ce 3be 104e 1051 
34f 218 ad c3 12e 
151 115 1e 156 15e 
282 61 6a 20c 20d 
1b0 3a3 3a4 f8e f8f 
1b0 3a2 3a5 f91 12dc 
1b0 3a5 3a3 f8e 1705 
18d 3d0 3be 1051 1052 
13f 408 422 1295 129e 
1b0 3a4 3a5 f8e f91 
218 b0 34f 15 c5 
1eb 37e 356 e64 e68 
18d 3c2 3ce 104e 104f 
10 a6 29c 7d 7f 
102 453 454 29e 14c6 
3cb 3cc 18a 86d 16f3 
1eb 37f 356 e61 e64 
18e 3c8 3c7 1049 104b 
282 6a 66 20c 20e 
3cb 3cd 18a 86c 86d 
18e 3be 3d2 104c 104d 
18a 3cc 3cd 86d 1069 
2ad 7f 19 cb 15b 
f6 462 461 1528 152a 
2ad 19 80 cb cc 
29a ac 12 639 63a 
f6 462 463 1525 1526 
51 50 2ab 110 77c 
50 2ab 52 77c 77e 
43 2b4 5c 18 584 
70 282 61 20d 48f 
282 6d 66 485 537 
29a 16 ac 621 63a 
12 29a b0 637 63b 
43 5d 2b4 18 1a 
52 319 2ab 77a 77b 
1ec 36f 36e e54 e56 
18e 3c7 3d2 1049 104c 
44 5d 2b4 1a 1c 
bf 32 178 dd 170 
7f 2ad 20 159 15b 
3d2 18e 3c8 8ce 1049 
2b4 315 4e b c 
66 282 6f 20e 485 
2cd 49 46 539 670 
51 52 2ab 77c 785 
1ec 371 36e e56 f76 
1ec 36f 370 e5b ed1 
1eb 36e 373 e66 f78 
68 327 288 d2 109 
266 35d 48 11d 743 
1ec 36f 371 e56 e5b 
18d 3ce 3d0 1051 1355 
266 4a 35b 11c 748 
18f 3d0 3cb 86b 134d 
1ec 370 371 e5b f72 
4f 2b4 4e b 737 
282 65 71 486 566 
282 74 61 48a 48f 
287 b3 38 57c 686 
3d1 3cb 18f 86a 86b 
4f 315 2b4 b 778 
13c 430 413 9d 9e 
266 35d 4a 11c 11d 
20 84 2ad 158 159 
af 287 3e 1dd 572 
91 257 8b 162 446 
282 74 65 486 48a 
282 6a 6f 20e 20f 
20d 35f 346 361 364 
257 8b 92 446 727 
349 1ff 378 82b dfa 
3d1 3d0 18f 86b 1045 
349 1ff 379 82a 82b 
18f 3d2 3d0 1045 1048 
af 42 287 1f0 1f2 
70 6a 282 20d 20f 
20d 361 346 35e 361 
18f 3d1 3d2 1045 1046 
223 350 b1 e 10 
1eb 37e 36e e68 e69 
3e 2c0 5a 720 724 
257 92 91 446 7a6 
6e 6d 282 473 54f 
312 2be 313 76c 76d 
6f 282 6d 473 485 
5d 3e 2c0 724 725 
59 42 2c0 127 129 
fa 174 14 160 706 
6e 282 6f 473 474 
2c0 42 5a 128 129 
8b 257 9c 141 727 
287 b7 42 1ef 1f0 
218 34f 34a 371 372 
d4 491 490 16c6 16ca 
282 6e 70 76 474 
2e7 40 30 147 148 
5 a5 2b4 56 57 
2cd 55 30 5a1 5a4 
282 71 6e 76 55f 
282 70 6f 20f 474 
2cd 30 57 5a3 5a4 
d4 495 490 16ca 16cb 
d4 495 491 16bf 16ca 
64 29a 63 489 4aa 
d4 496 491 16bc 16bf 
218 b0 375 14 15 
282 70 71 76 78 
65 63 29a 489 48d 
9c 92 257 727 729 
65 29a 64 489 564 
29c a4 35 58d 59a 
5b 2b4 315 775 778 
d4 494 495 16c3 16c4 
d4 494 496 16c1 16c3 
8f 29b 4c 22 24 
1eb 37f 37e e64 e65 
d4 496 495 16bf 16c3 
282 70 74 78 48f 
30f 2cb 30d 10e 75a 
4f 2b4 5b 6b6 778 
5e 315 2b4 775 776 
4d 30d 2cb 10e 10f 
30e 2cb 30f 760 761 
282 74 71 78 486 
30e 2cb 4d 75d 760 
30f 4d 2cb 10e 760 
29c 3b a4 58d 6e5 
29c a9 35 59a 6c5 
46f 477 f9 911 150a 
151 149 1d 152 157 
2 2be a4 173 6e7 
20d 35f 361 360 361 
1dc 348 3dc eb5 ebb 
66 8f 282 67 536 
83 26f 88 149 7a5 
90 282 65 566 623 
287 93 5c 574 585 
89 26f 83 149 14b 
84 88 26f 14a 731 
44 7f 2ad 71c 73a 
84 26f 89 14a 14c 
282 66 92 536 537 
2be 2 aa 2b 6e7 
2cb 50 4d 114 115 
89 88 26f 149 14a 
115 14 174 160 161 
44 84 2ad 73a 73b 
1e4 397 384 e7e 1708 
2cd 46 57 539 5a3 
ea 3ae d3 95e 95f 
174 fa 2e 163 706 
51 2cb 30e 75d 75e 
b0 375 223 12 14 
2b4 88 36 13e 718 
319 32f 2ab 781 782 
c7 c8 400 1775 1776 
223 b1 375 e 12 
2cb 4d 51 114 75d 
2cd 49 57 532 539 
115 1b 174 161 711 
8d 282 6d 54a 54f 
2b4 5c 5b 6bc 78c 
13f 46c 401 129f 12a0 
29c 4b a6 7a 7d 
8d 282 6e 54f 55f 
5d 5b 2b4 78c 78e 
2b4 5d 5c 18 78c 
5e 2b4 5b 775 78e 
378 379 1fe 864 dfc 
218 34a 375 371 407 
5d 2b4 5e 78d 78e 
379 378 1ff 82b dfc 
378 1fe 37b 864 865 
1fe 379 37a dfb f9b 
29c aa 4b 7a 6d8 
282 6d 92 537 54a 
1fe 379 37b 864 dfb 
46f 108 471 912 14ad 
1fe 37a 37b dfb 1027 
58 2cb 30d 10b 10f 
51 2cb 50 112 114 
9c 40 2ab 132 134 
8d 282 71 55f 56e 
13f 46c 408 1296 129f 
4d 2cb 56 115 4ea 
2ab 9d 40 131 132 
375 218 34f 15 371 
2b4 88 43 718 72e 
14f 42d 429 1223 1224 
4d 58 2cb 10f 4ea 
90 71 282 566 56e 
44 2b4 88 72e 72f 
46f 108 477 911 912 
4c 2cc 61 6b 749 
287 af 5a 1f2 572 
477 471 108 912 14ab 
27 7c 2cd 4c 4d 
66 4c 2cc 1e 6b 
312 32c 2be 769 76a 
1f0 381 39c 81f e3c 
167 403 42c 1185 1189 
2cb 50 56 115 116 
68 35d 266 741 743 
1dc 3dc 36a eba ebb 
5a 59 2c0 108 129 
55 30 2e7 145 147 
57 2e7 30 145 146 
55 50 2cd 1f7 1f9 
2f 115 174 70c 711 
1f6 38a 38b e2c 107b 
2cd 56 50 1f6 1f7 
477 13c 413 28b 2d9 
36 2b4 a5 56 140 
13c 478 413 9e 2d9 
5d 5a 2c0 107 724 
59 5e 2c0 108 767 
35b 6c 266 23e 748 
15d 444 405 11d1 11d2 
5a 5e 2c0 107 108 
287 60 b3 494 681 
6d 2ab 66 11f 121 
5d 2c0 5e 107 78b 
327 2cb 30d 10a 10b 
287 5f b7 1ef 49a 
e1 fe 39b 15f4 1600 
66 6f 2ab 11e 11f 
287 b7 60 494 49a 
2f 178 115 70c 70e 
43f 42d 14f 8aa 1226 
223 375 350 e 342 
a6 29c 53 7f 4c0 
178 32 115 df 70e 
c8 c7 428 99b 1776 
8f 66 29b 22 73f 
2e7 55 40 147 726 
29c 53 a9 4c0 6ce 
167 403 43e 1180 1185 
15d 405 450 11d1 11d4 
2cb 58 56 d1 4ea 
29a 64 94 564 569 
228 36b 355 d3b d3c 
1ef 3b0 382 e48 e49 
55 2cd 56 1f7 4a7 
29a 94 65 564 624 
228 355 36c d3b 1038 
1ef 382 3b1 e48 e4b 
2cd 57 55 4a7 5a4 
92 66 29b 73f 740 
1f0 3b1 381 e39 e3c 
2cd 57 56 4a6 4a7 
381 1f0 3b2 871 e39 
78 2e3 1c db 139 
282 8d 90 444 56e 
7a 2e3 1c da db 
93 82 287 1dc 1de 
90 8f 282 442 61f 
282 92 8d 444 54a 
e1 3ab fe 15ff 1600 
99 27 2cd 4c 5bb 
6d 6f 2ab 11f 79e 
92 282 8f 442 536 
9d 50 2ab 77e 77f 
1c8 3ca 3bf f11 f17 
90 282 92 442 444 
14e 42d 452 2ff 301 
6f 32f 2ab 79f 7a0 
15d 405 45c 11d4 11da 
2ab 319 9e 77a 781 
46e 456 12c 8cc 8cd 
46 7c 2cd 4d 670 
14e 454 42d 2ff 122e 
14e 452 430 304 307 
29a a3 63 4a9 4b2 
2ab 9d 52 4d1 77e 
456 470 12c 8cc 1334 
14e 453 430 303 304 
2ab 52 9e 4d1 77a 
2cd a0 27 5bb 5e2 
14f 42d 454 8aa 122e 
13c 430 478 9e a0 
2cd 7c 49 654 670 
175 4ea 34c 10f6 10f7 
2cd 7d 49 532 654 
2e3 1c 83 139 13a 
be cc 43d 17de 17df 
348 424 1dc 828 eb5 
26b ac ad 12c 7af 
167 42c 42b 1186 118a 
26b ae ac 74a 7af 
159 4a6 3ce 11f8 11f9 
58 2cb 327 d3 10b 
63 29a ab 4a8 4a9 
ad 26b ae 7af 7b0 
36c 228 36b 89f d3b 
1c8 3ca 3cf 833 14a4 
1dc 407 36a eb6 eba 
63 29a ae 48d 4a8 
29a 65 ac 52f 621 
2cd 30 a0 5a1 5e2 
18b 40b 409 105c 105d 
65 ae 29a 48d 52f 
1f0 3b1 39c e3c e3d 
171 425 426 111b 111c 
4e a5 2b4 737 738 
2cc 61 62 48c 491 
29a b2 64 4b8 569 
180 381 4ae 10b7 10b8 
13d 45a 45b 12ab 12ac 
e4 1 1bf 100 23a 
241 353 35b 380 381 
1bf 5d 4f0 23f 723 
241 353 35c 381 382 
29a 63 b5 4aa 4b2 
43f 454 14f 8a9 8aa 
4f a5 2b4 57 737 
66 2ab 92 120 121 
29a b5 64 4aa 4b8 
14f 46b 429 1224 1225 
2cc 66 61 6b 791 
287 82 af 1db 1dd 
211 38a 388 dc6 dc7 
2e7 50 55 759 77d 
6c 32c 2be 79c 79d 
138 462 463 12be 1525 
2e7 50 56 116 759 
46e 12c 470 8cc 1332 
211 388 38c dc6 dc8 
14f 42d 46b 1224 1226 
167 42b 43e 1186 1187 
211 38c 38a dc6 1070 
167 42c 43e 1185 1186 
2cd 50 7b 1f6 1f8 
241 35b 35c 37f 381 
61 69 2cc 491 78f 
241 35b 35d 37b 37f 
62 2cc 69 491 755 
287 b6 82 1db 1dc 
241 35d 35c 37e 37f 
6a 2cc 61 78f 791 
1ef 3b0 3b1 e43 e48 
288 327 35d d0 109 
6a 66 2cc 790 791 
170 42a 436 111f 1123 
14e 452 453 302 304 
50e 359 16d 88a 88b 
1ef 3b0 3b3 e40 e43 
288 68 35d 109 741 
6d 2ab 92 121 728 
14e 452 454 2ff 302 
4e 2be a5 734 735 
312 2be a7 769 76c 
1ef 3b1 3b3 e43 e47 
453 14e 454 29e 302 
313 2be a7 76c 76f 
1f0 3b1 3b2 e38 e39 
a8 313 2be 76f 770 
1f0 3b3 3b1 e38 e47 
2cc 329 69 117 119 
55 2e7 56 143 759 
1f0 3b2 3b3 e38 10bd 
2cc 69 6a 117 78f 
57 2e7 55 143 145 
4e a8 2be 734 773 
138 462 474 12bc 12be 
8f 29b 8e 26 fe 
2cc 6a 329 117 118 
57 56 2e7 143 144 
138 463 474 12be 12bf 
180 4b9 38f 10be 10bf 
14f 43f 46b 1226 1227 
8e 91 29b fe 6fb 
2cd 7b 56 1f6 4ed 
b3 93 287 43d 57c 
171 442 425 111b 111e 
8f 91 29b fd fe 
13d 45a 476 2de 12ab 
171 442 426 1114 111b 
92 8f 29b fd 73f 
13d 476 45b 2df 12ab 
34d 34e 258 7f6 c70 
93 287 b6 1dc 43d 
2ab 6d 9c 54e 728 
2ad 80 7f cb cd 
92 29b 91 fd 7a6 
2cd 56 7d 4a6 4ed 
146 461 460 1260 1262 
2cd 7d 57 4a6 532 
2ab 9e 6d 54e 79e 
24e 36a 348 c9e eb2 
15d 450 444 11d1 11d8 
146 460 462 125f 1262 
42a 445 170 9b1 111f 
146 461 462 1262 152a 
1bf 547 44 1b 71a 
9e 2ab 32f 781 7a0 
7f 84 2ad 159 73a 
6f 2ab 9e 79e 7a0 
350 247 374 345 38e 
29a 97 94 438 632 
211 388 3a9 dc8 dcb 
211 388 3aa dcb dcc 
4c 2cc ae 749 74b 
24a 35e 363 caf cb0 
24a 35e 364 cad caf 
211 3a9 38c dc8 dc9 
245 354 37a cc6 1022 
2c0 350 42 126 127 
24a 363 364 caf ecd 
170 436 445 111f 1121 
173 464 412 1103 1104 
2cd 50 9d 1f8 1f9 
24e 348 379 c9e c9f 
24e 348 37a c9f ca0 
363 34d 258 7f6 7f7 
180 3b2 4ae 10b5 10b7 
363 258 34e 7f6 c73 
171 426 45d 1114 1118 
15d 45c 450 11d4 11d5 
13c 477 478 2d8 2d9 
23f 37c 36d cdc ce2 
2f 178 174 9a 70c 
23f 36d 37d 8ff ce2 
30 178 174 98 9a 
287 af b6 1db 41c 
af 287 b7 1f0 41c 
2e7 40 9d 131 726 
1a7 401 41c fcd fcf 
183 432 433 10a0 10a6 
180 4b9 3b2 10b5 10be 
2cd 55 9d 1f9 560 
287 b3 b6 417 43d 
29a a2 a3 428 549 
cf 135 3a5 1700 1704 
287 b7 b3 417 494 
34e 258 370 844 c73 
29a 94 b2 438 569 
a0 2cd 55 560 5a1 
24e 369 36a ca1 115f 
cf 3a7 135 1702 1704 
1bf 124 1 23a 23b 
29a b0 97 540 637 
35b 6c 29d 23d 23e 
287 b6 b7 417 41c 
29a b2 97 438 43b 
3ef 431 1aa 850 851 
1fc 3e4 398 e05 e06 
3ef 1aa 432 850 fbd 
211 3aa 3a9 dcb dce 
18b 456 409 1057 105a 
155 45b 470 1216 1218 
29a b6 97 43b 540 
155 471 45b 1216 1219 
29a a3 ab 429 4a9 
29a ac a2 548 639 
23f 37c 37d ce2 ce8 
170 436 461 1121 1529 
29a ad a2 428 548 
9c 2ab 92 728 729 
225 39f 38f d47 d48 
29a a3 ad 428 429 
a9 a4 29c 426 59a 
6c 2be a7 79b 79d 
225 3a1 38f d48 d51 
aa 29c a4 426 6dc 
29a a2 b0 549 63b 
312 2be 35b 768 76a 
a7 2be 32c 769 79d 
b0 29a a3 543 549 
155 477 45b 1219 121a 
2be aa 6c 2b 79b 
29c a6 a9 421 4c0 
25c 357 36e c66 e55 
182 434 445 10ab 17cd 
29c a6 aa 7a 421 
24e 379 369 ca1 ebc 
20d 346 41f 35e 35f 
24e 379 36a c9e ca1 
183 433 446 10a3 10a4 
1f9 3be 3d0 e19 1052 
29c a9 aa 421 426 
29a a3 b5 4b2 543 
171 442 45d 1110 1114 
29a ad ab 41f 429 
1f9 3d2 3be e19 104d 
9c 2ab 9d 132 42d 
29a ac ad 41e 548 
29a ab ae 41f 4a8 
258 370 363 c73 ed2 
182 44b 434 10ab 10ac 
171 442 45f 110f 1110 
266 35b 35d 11c 37b 
29a ae ac 41e 52f 
9e 9c 2ab 42d 54e 
2cd 7d 7b 460 4ed 
29a ad ae 41e 41f 
9e 2ab 9d 42d 4d1 
2cd 7b 7e 460 500 
d3 505 4da 16cc 16d0 
170 461 445 1121 1127 
2cd 7c 7d 457 654 
1bf 5d 547 1b 23f 
2cd 7e 7c 457 66b 
2cd 7d 7e 457 460 
225 39f 3a1 d48 d4d 
25c 37c 357 c64 c65 
155 470 471 1216 1217 
2cc ad 62 5 8 
2cc ae 61 48c 749 
225 3b3 38f d51 d52 
62 2cc ae 8 48c 
25c 357 37e c64 c66 
23c 38c 389 cf3 cf7 
18b 46e 409 105a 105c 
23c 389 38d cf3 cf4 
59 2c0 350 127 762 
29a b5 b0 41b 543 
24e 37a 379 c9f f9a 
23c 38b 38c cf5 1071 
18b 46e 40b 105c 1061 
182 445 446 10ad 10af 
29a b0 b6 41b 540 
23c 38d 38b cf5 cf9 
183 458 432 10a0 10a1 
241 353 3bc 382 383 
29a b2 b5 418 4b8 
9d 2e7 50 77d 77f 
23c 38d 38c cf3 cf5 
183 433 458 10a0 10a3 
29a b6 b2 418 43b 
155 471 477 1219 14ab 
35f 30d 2cb 10a 75b 
d3 513 4da 16d0 16d6 
bf 1e7 32 dd de 
1f9 3d0 3d2 e19 1048 
182 445 44b 10ab 10ad 
29a b5 b6 418 41b 
2cb 30d 361 75a 75b 
182 446 44b 10ad 10ae 
30e 361 2cb 75f 761 
2cb 361 30f 75a 761 
231 38c 3a9 d1e dc9 
20d 361 41f 35d 35e 
241 3bc 35c 382 384 
1dc 3dc 407 eb4 eba 
22f 393 3ac d2c d2d 
1a7 401 44e fcc fcd 
3b3 3a1 225 80f d51 
230 3aa 394 d23 d24 
225 39f 3b5 d4d d4e 
171 45d 45f 1110 1111 
230 394 3ab d23 1602 
2e7 55 9d 726 77d 
239 38e 3a0 d05 d08 
22f 3af 393 d2c 17f1 
225 3a1 3b5 d4b d4d 
241 3c3 35c 384 40a 
239 38e 3a1 d08 d0a 
26b 4c 438 1f 21 
99 2cd 7c 4c 66b 
7b 2cd 9d 1f8 4d4 
25c 36e 37e c66 e69 
183 446 458 10a3 10aa 
2cd 99 7e 4f8 66b 
78 79 2e3 d9 102 
1a8 418 43f fc7 fc9 
78 2e3 7a d9 db 
7b 2cd a1 4d4 500 
7a 79 2e3 d8 d9 
1fc 398 419 e05 e07 
232 3b6 390 d1c d1d 
182 445 461 10af 1127 
232 390 3b7 d1c 1000 
182 461 446 10af 10b0 
2cd 7e a1 4f8 500 
383 255 384 7f8 c80 
25c 37d 37c c68 ce8 
383 385 255 7f8 7f9 
25c 37e 37c c64 c68 
2e3 83 78 139 13b 
2be 6c 35b 23d 79c 
385 384 255 7f8 824 
25c 37e 37d c68 c69 
239 3b3 38e d07 d0a 
239 3a1 3a0 d08 d09 
230 3a9 3aa d29 d2a 
2be 35b 32c 76a 79c 
230 3a9 3ab d27 d29 
1b9 426 41c f4f f50 
230 3ab 3aa d23 d29 
3aa 231 3a9 d2a dce 
109 129 3cb 1495 1496 
244 392 39c ccd cce 
431 432 1aa 850 fba 
418 44f 1a8 854 fc7 
244 392 39e cc8 ccd 
232 3b5 39f d17 d4e 
1dc 424 3dc eb4 eb5 
1b9 42e 418 f56 f59 
1aa 431 433 fba fbb 
1a7 41c 44e fcd fce 
2be a5 a4 7aa 7ac 
3ac 22f 3af 8a3 d2c 
232 39f 3b6 d17 d18 
1aa 433 432 fba 10a6 
109 129 3cf 1496 14a2 
f7 4ee 4dd 1516 151b 
216 3c6 3c8 da5 da6 
216 3c9 3c6 da1 da6 
216 3c7 3c8 da7 104b 
1a7 401 46c fcf 12a0 
41c 1b9 42e 841 f51 
216 3c9 3c7 da7 da8 
216 3c9 3c8 da6 da7 
e1 15a 399 15f9 15fa 
a5 2be a8 734 7ab 
d3 505 513 16d0 16d1 
aa 2be a4 6e7 7ac 
e1 39b 15a 15f4 15fa 
2be aa a5 7ab 7ac 
245 3e2 354 cc6 cc7 
2be a8 a7 420 76f 
280 363 35e a14 cb0 
e1 15c 399 15f3 15f9 
db 501 50a 1658 1659 
1a5 41e 45a 32b fd4 
244 39c 39e ccd cd0 
1be 418 42e f41 f59 
2be a7 aa 420 79b 
10c 36c 15e 146c 1470 
2be aa a8 420 7ab 
239 3a1 3b3 80f d0a 
da 4fa 518 1669 166b 
2cd a0 99 434 5bb 
1dc 407 408 eb7 eb8 
35f 327 2cb 8f 10a 
2cd 99 a1 434 4f8 
1a0 428 460 fe4 fe6 
2cc 62 365 5 755 
244 3af 392 cc8 cc9 
248 39e 39c cbc cd0 
2cd 9d a0 42b 560 
2cd a1 9d 42b 4d4 
2cd a0 a1 42b 434 
232 3b6 3b5 d17 d1a 
db 518 501 1658 165c 
1bd 42d 429 336 1223 
3cb 21c 3cd 86c d84 
1a0 468 428 99c fe6 
232 3b7 3b5 d1a d1b 
db 519 501 165c 165d 
232 3b6 3b7 d1a d1c 
69 2cc 365 119 755 
1be 43f 418 f41 fc9 
2cc 329 365 119 11a 
3d1 21c 3cb 86a d84 
10c 15e 37d 900 1470 
255 3a7 383 c80 c81 
255 384 3a7 c80 1701 
244 39e 3af cc8 17ec 
21c 3cd 3d1 d84 d85 
1b8 400 466 f66 f67 
1a7 46c 41c fcf fd0 
f2 4f7 4fc 155e 155f 
bc 52f 530 17f2 17f5 
400 468 1b8 994 f66 
db 50a 518 1658 165b 
23f 36d 3ee cdc ce6 
46e 456 18b 8cd 105a 
23f 36d 3ef ce6 ce9 
1a0 472 428 fe4 fe5 
fe 39a 15a 14e5 14e6 
ea 3ae 15a 159d 159e 
fe 39b 15a 14e6 15f4 
28e 349 378 a38 dfa 
248 39c 3b1 cbc e3d 
fe 39a 15b 14e2 14e5 
1a5 41e 476 32a 32b 
1a8 44f 43f fc5 fc7 
251 395 3a8 c94 c95 
248 3b1 39e cbc cbd 
22c 3c3 3c4 d30 d31 
1c1 45c 403 f3a f3b 
52f bc 53b 9b8 17f5 
251 3ab 395 c94 14ef 
1bd 440 429 335 336 
3df 37a 245 7fe cc2 
43f 1a8 454 8a9 fc5 
112 468 c8 995 996 
22c 3c4 3c7 d2f 10e0 
1dc 407 424 eb4 eb7 
1ad 469 420 fa3 faa 
d9 519 518 1676 167a 
bc 53b 530 17f5 17f9 
3c3 3c9 22c 809 d30 
1c1 45f 403 83b f3a 
1dc 408 424 eb7 eb9 
22c 3c9 3c4 d2f d30 
da 4fa 537 166b 166c 
bc 530 53e 244 17f9 
245 3e2 37a cc2 cc6 
1bd 440 42d 336 33d 
1b9 418 45d f56 f57 
db 518 519 165c 167a 
353 29d 35b 380 3db 
23f 3ee 37c cdc cdd 
22c 3c7 3c9 d2f da8 
190 45b 46d 103c 103d 
2cc ad ae 8 7b0 
1be 43f 42e f3e f41 
1e7 32 115 de df 
e4 80 1bf ce 100 
253 3b4 391 c90 c92 
1b9 41c 45d f4f f51 
190 470 45b 103c 1218 
2ab 3e8 319 77b 780 
51 2ab 3e8 783 785 
294 36f 357 7f1 e57 
52 3e8 2ab 77b 785 
24a 3fd 35e cad cae 
1d8 403 43e ec3 1180 
f2 516 4f7 155e 1562 
bc 53b 53e 17f9 17fa 
92 257 438 73d 73e 
24a 364 3fb 7fd cba 
44f 454 1a8 852 fc5 
251 3a8 3a9 c97 c98 
f7 528 4dd 150e 1516 
1ad 47a 420 faa fab 
3fd 364 24a 7fd cad 
251 3a8 3ab c94 c97 
1fc 3e4 419 e03 e05 
1b9 45d 426 f4f 1118 
319 2ab 3f2 780 782 
251 3a9 3ab c97 d27 
f7 4dd 52b 150e 1513 
f2 516 4fc 1555 155e 
265 397 396 c51 c53 
e4 12 218 b8 169 
223 1 e4 be 23c 
398 396 265 818 c51 
452 1bd 42d 301 33d 
3bf 23d 3c0 802 cef 
265 398 397 c51 c52 
363 34d 2a5 7f7 aae 
3bf 3c1 23d 802 803 
f0 501 519 156c 165d 
3c1 3c0 23d 802 16ee 
1ae 459 446 f9e f9f 
190 46d 46e 103e 103f 
2c3 ad 34f 12e 7a7 
4a3 3ca 1c8 833 f0d 
1b9 42e 45d f51 f56 
190 46d 470 103c 103e 
12b 13e 3c8 2c7 2cb 
38f 25e 3b3 d52 10c1 
190 46e 470 103e 1332 
241 3bc 3c3 384 cd7 
297 357 37c a69 c65 
d9 518 537 1676 1677 
438 4c 29b 20 21 
4a3 3cf 1c8 832 833 
d9 519 537 166e 1676 
23d 3ca 3bf cef f11 
1ae 446 461 f9e 10b0 
da 537 518 166b 1677 
23d 3c0 3ca cef cf0 
f7 528 4ee 1516 1519 
23d 3cb 3c0 96e cf0 
1c8 4b6 3bf f17 f18 
176 48c 48d 10eb 10ee 
176 48c 48e 10ee 10ef 
34c 34d 2b7 889 b0b 
46f f9 108 911 1508 
176 48d 48e 10ea 10ee 
2b7 34c 34e b0b b0f 
1a0 468 460 fe6 fe7 
2b7 34e 34d b0b c70 
241 3c4 3c3 cd6 d31 
d9 53f 519 166e 166f 
2ee 327 35d cf d0 
1bd 452 440 33c 33d 
f5 4fe 524 1532 1534 
35f 2ee 327 8c cf 
223 12 e4 b8 ba 
f9 108 477 289 911 
23d 3cb 3ca cf0 149e 
1c8 4b6 3ca f0d f17 
1d8 403 45f 83b ec3 
1a0 460 472 fe4 fe9 
f9 413 13c 28b 28c 
ad 365 2c3 7a7 7ad 
49a 176 48d 884 10e3 
176 49b 48c 10eb 10ec 
ef 534 501 1573 1574 
49b 48d 176 884 10eb 
f2 4fc 534 1555 155a 
ef 501 535 1573 157a 
2aa 36d 354 acc 1466 
1be 42e 46b f3e f42 
10c 354 193 1467 146b 
1ae 461 459 f9e fa2 
f0 535 501 156c 157a 
10f 4e8 511 144b 144d 
fb 518 50a 1501 165b 
476 1a4 45b 2df 325 
2ac 359 368 ad3 114d 
45a 1a5 476 2de 32b 
1a4 45b 477 325 121a 
272 3a6 390 c20 ffe 
346 2bb 35f 364 3c6 
2c1 34d 34c 889 b36 
fb 50a 51c 1501 1503 
10f 4e8 517 143f 144b 
30e 3e9 2cb 75e 75f 
253 391 3e7 c90 c91 
34a 2c3 34f 372 3b9 
f0 519 526 156d 156f 
49a 49b 176 884 885 
10f 4f9 50b 1443 1445 
22a bf 3b 172 175 
2cc 365 ad 5 7ad 
511 100 514 905 14cf 
44 547 22a 72d 730 
1be 46b 43f f3e 1227 
1b2 460 462 f85 125f 
372 373 2a1 847 a94 
1fd 420 40d dfd e01 
11e 4eb 500 13bc 13c4 
d9 537 53f 166e 1673 
4e 52e 22a 733 736 
2ab 3f2 32f 782 79f 
276 394 3aa 9f7 d24 
fb 51c 518 1501 1502 
6f 3f2 2ab 795 79f 
1d8 43e 43d ec4 ec5 
2b7 372 34c b0e b0f 
f5 544 4fe 152f 1534 
10c 36c 193 146b 146c 
372 2b7 34e 842 b0f 
1fc 419 41d e0a e0d 
10f 4f9 517 1445 1446 
f2 534 516 1555 1558 
f0 519 535 156c 156d 
51 3e9 2cb 75c 75e 
384 293 385 824 a58 
1d8 43d 442 ec4 ec6 
1d8 43e 442 ec2 ec4 
2bb 35f 35c 3c8 3c9 
11e 50b 4eb 13c3 13c4 
128 502 4e1 1361 1363 
11d 511 4e8 13c8 144d 
123 4f9 4f5 1399 139a 
d9 518 da 1677 167b 
1a4 477 476 325 329 
2c3 365 34a 3b9 3bb 
1ca 451 450 f07 f08 
1a4 476 478 328 329 
27c 38e 3b0 a07 a08 
1e0 464 412 ea1 1103 
1b2 472 460 f85 fe9 
d9 db 518 167a 167b 
477 1a4 478 2d8 329 
2c6 364 347 b4e ecb 
1e0 412 465 ea1 ea2 
da 518 db 1668 167b 
d9 db 519 1679 167a 
124 1 223 23b 23c 
28a 380 3a4 84c 9e0 
3ce 159 129 8d4 1356 
1b2 462 472 f85 f86 
437 2ab 50 110 111 
27c 3b3 38e a07 d07 
15a 15b 39a 11e9 14e5 
2c3 34f 365 3b9 7a7 
521 503 10b 901 147e 
1b2 462 474 f86 12bc 
15a 399 15c 11ea 15f9 
127 4f4 4f8 1370 1374 
10f 511 50b 1441 1442 
f0 526 535 156d 156e 
1c1 45c 45e f37 f3c 
437 51 2ab 110 783 
290 39c 381 81f a41 
1c1 45f 45c f3a f3c 
1b8 466 467 f62 f63 
1ad 47a 469 fa8 faa 
159 4e5 4a6 11f1 11f2 
127 4fb 4f4 1370 1371 
66 438 29b 20 740 
511 52d 100 905 906 
1b8 468 466 f62 f66 
3cb 18a d1 96d 16f3 
2b9 359 374 b17 b18 
1c1 45f 45e f3c f3d 
1b8 467 468 f62 f69 
1ca 450 45c f07 11d5 
10f 50b 517 1441 1445 
d1 18a 3cc 16f1 16f3 
52d 514 100 905 14d2 
293 397 384 a58 e7e 
253 3b4 3e7 c8f c90 
1ca 451 45c f05 f07 
127 4fb 4f8 136d 1370 
122 4fc 501 139d 139e 
f7 52b 528 150e 150f 
2c6 347 36f 9cc ecf 
293 385 397 a58 a5a 
2b9 377 359 b17 ede 
281 3a0 3a1 a1b d09 
133 4ef 4ee 12f2 12f3 
212 421 401 dbf dc3 
10f 517 511 1441 144b 
212 422 401 dc3 12a4 
136 4fe 4dd 12ca 12cb 
11e 50b 500 13c4 13c5 
ef 535 534 1573 1575 
3aa 388 28b 9bc dcc 
ef 534 536 1572 1575 
be d0 cc 17e0 17e1 
11b 503 510 13de 13e1 
ef 535 536 1575 1576 
1b2 474 472 f86 f87 
29e 353 3bc 383 a82 
245 3df 3e2 cc2 cc3 
15a 15b 3ac 11e7 11e9 
11c 510 503 13d6 13e1 
11b 503 512 13d9 13de 
db 501 f0 1657 165d 
12d 4f7 4fb 1325 1326 
128 4e1 51b 1361 1362 
178 32 1e7 dd df 
253 3b4 3f3 c8c c8f 
1d8 45f 43e ec2 ec3 
1ca 469 450 f08 f09 
12d 4fc 4f7 1325 155f 
2c7 355 36b b5a d3c 
1ca 451 469 f08 f0a 
127 4f4 50c 1374 1375 
11d 4e8 52d 13c8 13c9 
3e4 475 1fc 967 e03 
1d8 442 45f ec2 110f 
134 4fa 4ef 12e2 12e5 
12d 4fb 4fc 1325 1328 
398 292 396 818 a4c 
127 50c 4f8 1374 137e 
f5 544 524 1534 1535 
d9 537 da 1671 1677 
134 4ef 4fd 12e3 12e5 
35f 2cb 361 360 75b 
2ca 37a 348 b66 ca0 
11d 4e8 534 13c9 13cc 
138 f6 462 916 1525 
281 3a0 3b5 a1a a1b 
281 3a1 3b5 a1b d4b 
11b 510 512 13de 13df 
f6 138 463 1524 1525 
1e0 463 436 ea4 ea5 
42a 170 c1 9b1 9b2 
1e0 436 464 ea4 ea6 
27c 3b0 3b3 a07 e40 
23f 3ee 3ef ce5 ce6 
214 40e 425 db2 db4 
11c 503 521 13d6 147e 
374 2b9 377 347 b17 
66 2ab 438 11e 120 
2cf 376 34a 3af 3b0 
296 382 3b0 a64 e49 
298 39c 392 a70 cce 
f4 53f 537 1544 1673 
294 357 3e0 7f0 a5d 
1f3 446 433 e2d 10a4 
134 4fa 4fd 12e5 12e6 
128 502 50d 135f 136a 
ef f0 501 1579 157a 
3f1 329 2cc 118 11a 
127 51a 4f8 137e 137f 
3f1 2cc 6a 118 797 
519 d9 f0 94a 1679 
217 431 402 d9b d9c 
1fb 45a 411 e0f e12 
f4 537 542 1544 1545 
cf 3a3 1b0 1705 170b 
db 519 f0 165d 1679 
cf 3a5 1b0 1700 1705 
438 2cc 4c 1e 1f 
2b3 3b8 346 3cc b02 
1f3 433 44b e2d e2e 
3e0 297 357 a5d a69 
27c 3e1 38e a05 a08 
222 421 402 d59 d5a 
212 421 422 dc3 dc4 
180 4ae 4b9 10b5 10b6 
222 422 402 d57 d59 
f4 541 53f 1542 1543 
11c 510 521 13d4 13d6 
f4 53f 542 1542 1544 
11c 522 510 13d4 13d5 
db fb 50a 165a 165b 
f4 541 542 153f 1542 
2cf 376 358 3ae b75 
128 51a 502 1360 136a 
382 39d 2a7 806 ab6 
128 502 51b 1360 1361 
2af 386 38b ae0 ae4 
11e 548 4eb 13bc 13bd 
438 2ab 6f 11e 795 
2af 386 38d adf ae0 
2b0 387 38a af0 af4 
2a2 39f 38f a9e d47 
f6 146 461 152a 152d 
146 462 f6 916 152a 
214 43d 40e db2 17dd 
212 401 44e dbf fcc 
2bb 3b8 346 3c6 3cc 
1fb 411 46d e0f e10 
127 51a 50c 137c 137e 
122 534 4fc 139d 155a 
170 445 c1 9b1 9b3 
2af 38b 38d ae0 cf9 
137 52b 4dd 12c3 1513 
f9 477 13c 28a 28b 
1f3 44b 446 e2d 10ae 
128 51a 50d 136a 136b 
109 18a 3cb 148d 149c 
da 518 fb 1663 1668 
511 52d 11d 906 13c8 
28a 380 3e4 a2b a2d 
2db 36a 358 ba2 115a 
113 3a2 19a 1419 141f 
db fb 518 165b 1668 
437 50 2cb 112 113 
299 3ae 399 a7b 11ee 
122 501 534 139d 1574 
92 29b 438 73e 740 
28a 380 3e6 9e0 a2b 
217 402 44a d9b d9e 
294 3fc 357 7f0 7f1 
15e 36c 191 11c9 11ca 
11c 522 521 13d1 13d4 
d9 537 ee 1670 1671 
da ee 537 166d 1671 
51 437 2cb 112 75c 
10d 1b7 373 1458 1459 
d5 da d6 16a8 16a9 
2a7 393 39d abf 17e6 
2a8 38e 3a0 ac7 d05 
214 40e 449 db4 db5 
15e 193 36c 11c9 146c 
120 526 519 13ac 13ad 
d5 db d6 16a9 16b2 
102 453 14e a7 29e 
253 3f3 3e7 c8e c8f 
1fd 479 40d e01 e02 
d5 d9 da 16ad 16af 
102 454 14e 29e 29f 
136 538 4dd 12cb 12cc 
109 3cb 18f 1495 149b 
d5 d9 db 16af 16b5 
102 454 14f 29f 14c5 
180 4d5 4ae 10b3 10b6 
137 4dd 538 12c3 12cc 
d5 da db 16a9 16af 
2b3 346 3d8 3cd b02 
11e 548 500 13bb 13bc 
d6 da db 16a3 16a9 
128 51b 51a 1360 1366 
d5 de d6 16b2 16b4 
1fc 419 475 e03 e0a 
128 51c 51a 1366 1367 
2b3 3db 346 3cd 3ce 
222 422 421 d59 dc4 
1e0 463 464 ea0 ea4 
128 51b 51c 1366 1368 
d9 f4 537 1670 1673 
d9 db da 167b 16af 
1e0 465 463 ea0 ea3 
c1 182 434 17cd 17d0 
27c 3b0 3e1 a03 a08 
1e0 464 465 ea0 ea1 
159 4e5 4f2 11f3 11f4 
297 3e0 37c a67 a69 
2aa 354 3e2 acb cc7 
214 425 43d db2 db8 
1fc 41d 475 e0a e0b 
d5 db de 16b2 16b9 
2bb 35c 3b9 3c8 40b 
375 34a 2e6 406 407 
386 2bc 38d adf b22 
d6 db de 169d 16b2 
34a 2e6 376 3b0 406 
3fd 3fb 24a 7fc 7fd 
245 423 3df 7ff cc3 
133 537 4ef 12eb 12ec 
2bb 35f 3b8 3c6 3c7 
121 526 525 13a0 13a6 
120 526 527 13ae 13b0 
113 19a 3b7 141e 141f 
2bb 35f 3b9 3c7 3c8 
3fb 3ff 24a 7fc cbb 
180 4d5 4b9 10b6 10bb 
136 4fe 524 12cd 1532 
134 4ef 537 12e2 12ec 
2e1 378 355 bc0 1034 
245 423 3e2 cc3 cc4 
21d 447 40e d7a d7c 
214 425 442 db8 111e 
d9 53f f4 1672 1673 
d5 df de 16aa 16b3 
3fd 24a 3ff 7fc cb2 
292 396 3d6 a4c a4e 
222 44a 402 d5a d9e 
21d 449 40e d7c db5 
266 32 bf 16f 170 
247 350 4b4 38d 38e 
292 3d6 398 a4c a4d 
217 433 431 d99 fbb 
c6 d8 eb 1788 178d 
bf 22a 79 103 175 
294 3fc 36f 7f1 9cd 
212 44e 421 dbf dc1 
1fd 479 420 dff e01 
157 4f3 4f2 1207 1208 
ef f0 535 157a 157c 
38d 389 2bf 9df cf4 
229 413 430 9d 374 
35d 2ee 35c 37e 3a9 
3c3 35c 2bb 40a 40b 
2f2 368 349 be9 ebf 
214 449 425 db4 db7 
133 542 4ee 12f0 12f2 
2ee 35c 35f 3a9 3c9 
2aa 3ef 354 acb acc 
133 4ef 542 12eb 12f2 
35f 2ee 35d cf 3a9 
297 37c 3ee a67 cdd 
1b3 49c 496 f81 f82 
120 519 53f 13ac 166f 
182 445 c1 9b3 17cd 
2ae 3a8 395 ad4 c95 
2e8 356 373 bd0 e67 
134 537 4fa 12e2 166c 
438 92 2ab 120 73d 
376 2e6 358 3ae bc9 
496 49e 1b3 84b f82 
3a2 19a 135 8c2 12dd 
2e6 358 377 bc9 edc 
23f 3ee 42f cdf ce3 
11d 534 52d 13c9 13ca 
f6 436 170 1523 1529 
121 535 525 139f 13a0 
ee f4 537 1586 1670 
2b8 399 394 b16 15f8 
245 431 3e2 cc4 cc5 
121 525 536 139f 13a2 
121 535 526 13a0 13a1 
12 e4 26b 166 169 
12b 18e 3c8 2cb 8ce 
24b 403 405 7f3 ca8 
3a6 135 19a 8c2 12da 
28a 3e6 3a4 9e0 9e1 
2af 3ba 386 ae1 ae5 
23f 3ee 432 ce3 ce5 
27c 3b0 3f7 a02 a03 
2af 386 3bb ae4 ae5 
253 412 3e7 c89 c8e 
23f 3ef 432 ce5 fbd 
438 66 2cc 1e 790 
1b3 49c 49e f82 f83 
129 18d 3ce 1355 1356 
129 3cb 18f 134d 1495 
e4 26b 16 165 166 
136 4fe 538 12cb 12cd 
129 18d 3d0 1351 1355 
2c2 39d 382 806 b3d 
eb d8 d7 951 168c 
289 3c5 3cc a28 a29 
3a2 1b0 113 8ec 1419 
2b0 3bd 387 9e9 9f2 
289 3cd 3c5 a25 a29 
2af 38b 3bb ae3 ae4 
21f 42a 43c d68 d69 
296 3f7 382 a64 a65 
2e8 37f 356 bcc e61 
120 53f 526 13ac 13b0 
45 266 bf 16f 6e9 
41c 22e 42e 840 841 
113 1b0 3a4 8ec 1417 
129 18f 3d0 134d 134e 
120 53f 527 13b0 13b1 
2a6 35e 3fd ab1 cae 
254 3ff 400 c83 c84 
214 442 43d db8 ec6 
14e 42d 14f 300 122e 
6a 2cc 438 790 797 
41d 493 1fc 81a 81b 
3d2 12b 18e 8ce 1335 
2df 36b 37f bb7 bb8 
d5 ee d9 16ad 16ae 
217 431 44a d99 d9b 
215 434 44b da9 10ac 
d5 ee da 16ac 16ad 
44f 213 435 853 dbc 
215 434 44c dab daf 
cf 1e4 384 16fe 1708 
257 2e fa 163 164 
289 3cd 3cc a29 1069 
253 3f3 412 c8d c8e 
217 433 44a d98 d99 
215 44d 434 da9 daf 
1fb 45b 45a e11 12ac 
d5 d6 f1 16a8 16b1 
213 451 435 dbb dbc 
d5 d9 f0 16b5 16bb 
bf 266 4b af 6e9 
121 536 535 139f 1576 
e2 500 11e 15ef 15f0 
d9 da ee 1671 16ad 
d5 ee df 16a7 16ab 
d5 f0 db 16b5 16b9 
454 435 213 853 db9 
ec d7 e2 94c 1694 
2bf 3a8 389 b2b b2c 
245 402 423 cc0 cc1 
222 421 44a d5a d5b 
db 501 122 1656 1657 
d5 f1 da 16a8 16ac 
44 547 26f 730 739 
2aa 3ef 36d acc ce9 
d6 f1 da 16a4 16a8 
2e7 50 437 111 113 
18e 13e 3c8 2cb 12aa 
e0 f8 c3 9ae 17b7 
d5 de f0 16b8 16b9 
191 193 36c 103a 11c9 
108 471 155 14aa 14ab 
d9 f0 db 1679 16b5 
d7 e9 eb 1689 1692 
d5 f1 df 16ab 16b0 
e4 223 82 ba be 
146 138 462 916 917 
21f 43c 43b d65 d6b 
247 4b4 374 38b 38e 
2e6 375 376 3ab 406 
2c2 3b1 382 b3d e4b 
f2 110 516 155b 1561 
db f0 de 165e 16b9 
377 2e6 375 34c 3ab 
229 413 453 374 d38 
108 477 155 14ab 14ac 
2e6 376 377 3ab bc9 
24d 409 416 ca2 ca3 
175 4e6 4e9 10f0 10f4 
175 4ea 4e6 10f0 10f1 
16e 4fd 4e1 1140 1141 
348 2ca 3df 829 b66 
e0 c3 fd 9ad 17b2 
29e 3c3 3bc a85 cd7 
2c3 34a 3ec 3b7 3bc 
2c3 3ed 34a 3bb 3bc 
245 402 431 cc1 d9c 
1fb 46d 45a e0f e11 
175 4e9 4ea 10f0 10fc 
163 4fc 4fb 119d 1328 
cf 1e4 397 1708 170f 
1a0 428 c7 99b 176c 
2eb 36b 37d bd4 11c5 
254 417 3ff c83 c87 
1fb 46d 45b e11 103d 
1a0 c8 428 99b 99c 
417 400 254 99e c83 
3e1 2a8 38e a05 ac1 
2a7 393 3de abe abf 
2c2 39d 39e b3e 17e3 
22a a4 bf 172 174 
37f 2eb 36b bb8 bd4 
10f 11d 4e8 1440 144d 
103 16 26b 165 16b 
519 120 d9 94b 166f 
191 193 37b 1039 103a 
f2 4fc 122 155a 155d 
215 44b 44d da9 daa 
103 26b 18 27 16b 
247 4c1 374 38a 38b 
29e 3c4 3c3 a84 cd6 
21e 42f 458 d75 d78 
215 44d 44c daf db0 
163 501 4fc 119c 139e 
ef 122 501 1574 1579 
d5 ee f1 16ab 16ac 
501 f0 122 1579 1657 
d6 fb da 16a3 16a4 
24b 42c 403 7f3 1189 
d6 fb db 169e 16a3 
2ae 395 3d5 ad4 ad5 
213 451 44f dbc dbd 
135 1b0 3a2 12dc 12dd 
f6 461 170 1529 152c 
24b 42c 405 7f2 7f3 
400 1b8 c8 994 1768 
2a7 382 3f8 ab6 ab7 
221 451 435 d5e dbb 
165 516 4e8 1192 1193 
136 524 538 12cd 12d1 
da f1 ee 1662 16ac 
44f 213 454 852 853 
e8 ff c5 9a8 1794 
2a7 3de 39d abb abf 
21d 447 448 d7f d82 
208 459 460 de5 de6 
165 4e8 517 1192 143f 
135 3a5 1b0 12dc 1700 
da db fb 1668 16a3 
d5 de fc 16aa 16b8 
21d 447 449 d7c d7f 
208 459 461 de6 fa2 
d5 df fc 16a6 16aa 
4e 2b4 4bc c 777 
41f 2b3 346 35f 3ce 
21d 448 449 d7f d80 
163 4fb 50a 119d 119e 
160 36e 1b7 11b1 11b2 
de f0 ef 1628 1629 
da 134 4fa 166a 166c 
2b4 315 4bc c 776 
289 3c5 3f5 a25 a26 
21f 464 42a d68 d6d 
163 4fc 50a 119c 119d 
df ee f1 161e 16ab 
d9 ee f4 1670 1675 
d7 100 d8 1697 1699 
2c6 347 3fb b4e b52 
454 14e 14f 29f 122e 
2c6 3fc 347 9cc b52 
1fa 46e 46d e18 103f 
f7 4dd 136 1515 1520 
52f 4f3 157 9b7 1209 
27c 3e1 3f7 a03 a04 
2c5 39a 3ac b4a 11df 
208 467 459 de7 de8 
166 4f9 50b 118e 1443 
159 3ce 18d 11f7 1356 
ef 10e 536 1577 1578 
2bc 386 3d3 b21 b22 
2eb 37d 37e bd5 c69 
208 468 459 de5 de7 
208 461 460 de6 1260 
163 50a 501 119c 1659 
13d 45b 155 12ad 12b0 
137 52b 538 12c1 12c3 
f7 4dd 137 1513 1515 
dd f4 ee 1633 1635 
c7 112 c8 1777 1778 
2a8 38e 3f4 ac1 ac7 
2c2 39d 3b1 b3d b3e 
2eb 37d 37f bd4 bd5 
21e 467 42f d75 d76 
f2 4f7 12d 155f 1563 
1bf 223 1 23b 7a2 
3b0 296 3f7 a02 a64 
2af 3ba 3bb ae5 ae6 
2c2 39e 3b1 b3e cbd 
2cf 3dd 358 b71 b72 
2eb 37e 37f bd5 e65 
137 53a 52b 12c1 12c4 
10b 11b 503 147c 147d 
de fc df 162c 16aa 
2cf 34a 3ec 3af 3b7 
289 3cd 3f5 a22 a25 
453 229 430 303 374 
292 419 398 a4d e07 
12c 470 155 132c 132d 
10b 503 11c 147c 147e 
2e2 388 38a bc4 dc7 
164 515 4f9 1194 1195 
12d f2 4fc 91e 155f 
2c9 391 3b4 b62 c92 
16e 4fe 4fd 1142 1143 
d7 e2 100 1696 1698 
2c3 365 3ed 3bb 3c0 
312 4b8 2be 768 76b 
2bc 38d 3d3 b22 b23 
208 460 468 de5 fe7 
164 517 4f9 1195 1446 
c6 10e d8 1783 1786 
296 42b 382 a65 a66 
2ae 3d5 3a8 ad4 ad9 
511 11d 100 906 14d0 
2c9 3b7 391 b62 141d 
21e 458 446 d72 10aa 
175 4e9 507 10fc 10fd 
e5 f9 e6 26d 272 
150 51d 51e 309 30a 
312 4bb 2be 76b 76d 
21e 446 459 d72 f9f 
175 4ea 507 10fa 10fc 
157 4f2 53b 1207 120a 
d6 f1 fb 169f 16a4 
d5 f0 fc 16b8 16ba 
c7 117 c8 176f 1777 
150 51d 51f 30a 30e 
313 4bb 2be 76d 770 
157 4f3 53b 9b7 1207 
ca 104 ed 253 1753 
e5 e6 fa 271 272 
150 51f 51e 30a 30c 
2af 3c5 3ba add ade 
21f 43b 464 d65 d66 
43e 23a 42b 1187 17d5 
4e 2be 4bb 771 773 
2b0 3c1 3bd 9e8 ae9 
28a 3e6 3e4 a2a a2b 
245 431 423 cc1 cc4 
21f 464 43c d65 d68 
23f 432 42f ce3 ce4 
23e 420 443 ceb cec 
208 468 467 de7 f69 
133 542 537 12eb 1545 
da fb f1 1661 16a4 
2cb 3e9 361 3b4 75f 
3ba 2d0 386 ae1 b78 
221 469 435 d5c d5e 
137 538 53a 12c1 12c2 
4f9 51d 166 8dd 118e 
289 40b 3c5 a24 a26 
2ce 390 3b6 b6e d1d 
2cf 358 3ec b71 b75 
e1 e7 fe 15fb 1604 
2a7 3f8 39d ab6 abb 
2d7 391 3a4 b95 1416 
2da 395 39a b9e 14e4 
237 45d 418 d0c f57 
de fc ef 1629 162a 
41c 46c 22e 840 fd0 
18d 179 3c2 87c 10de 
16a 509 507 891 116e 
2a8 3a0 3f4 ac7 ac8 
2af 3cc 3ba ade ae6 
2b3 3c6 3b8 b04 b06 
2c8 3a0 3b4 b60 b61 
2dd 383 3a7 ba8 c81 
23b 44d 421 cfd cfe 
237 45e 418 d0b d0c 
de f0 fc 1629 16b8 
373 10d 1eb 8f5 1458 
280 487 35e a10 a14 
2a7 393 404 ab8 abe 
2af 3cc 3bb ae6 ae7 
265 485 396 c53 c58 
23b 421 44e cfd dc1 
11b 503 11c 13e1 147c 
d7 e2 107 1694 1695 
280 35e 488 a10 a17 
3b4 2c9 3a0 b61 b63 
265 397 485 c53 c54 
265 396 486 c56 c58 
221 435 46f d5c d5d 
1e1 48b 499 e91 e99 
165 534 4e8 1193 13cc 
e3 101 e4 262 263 
2bb 3b9 3b8 3c7 b1e 
3a0 2c9 3b5 a1a b63 
1e1 48b 49a e99 e9d 
d9 53f 120 166f 1672 
ca f8 104 252 1754 
5e 2b4 4bc 774 776 
27c 40f 3e1 9fe a04 
2d4 3ae 392 b8c 16d4 
e3 e4 102 258 25a 
18d 3c7 179 87c 87d 
387 2ec 38a af0 bda 
2d4 392 3af b8c cc9 
1c8 4a3 4b6 f0d f0e 
10f 511 11d 144c 144d 
2cc 3ed 365 3b2 3c0 
280 363 487 a13 a14 
2ec 387 38b bd8 bda 
179 18e 3c7 87d 10dc 
2c6 3fb 364 b4e cba 
358 2db 3dd b72 ba2 
250 426 425 c99 111c 
23e 420 450 cea ceb 
1e1 49f 48b e91 e96 
c4 111 e8 17a1 17a5 
2ca 37a 3df 7fe b66 
2ec 38a 38b bda e2c 
21e 458 459 d70 d72 
c5 e8 111 1793 1796 
2cc 3f1 365 11a 3b2 
59 2c0 4af 762 767 
f5 136 4fe 1532 1538 
c6 119 d8 178b 178d 
c4 112 e8 17a7 17a8 
bc 52f 13a 17f4 17f6 
e3 e4 105 25a 25e 
3c5 2af 3cc a28 ade 
43d 23a 43e ec5 17d6 
d7 ec 107 1688 1694 
e5 f9 fa 272 274 
181 4f5 4f9 10b1 139a 
e5 e6 104 26f 271 
f9 e6 fa 272 27d 
3c3 3b9 2bb 40b b1d 
253 3e7 465 c89 c8a 
11b 510 11c 13e0 13e1 
109 3ca 1c8 14a3 14a4 
5e 4af 2c0 765 767 
516 515 164 8f2 119a 
230 4ff 394 d21 d26 
10b 11c 521 147a 147e 
3c6 2bb 3b8 b04 b1f 
166 50b 51d 118e 118f 
164 515 517 1195 119a 
2f0 389 38c be3 cf7 
24b 403 45c ca8 f3b 
22e 46b 42e d2e f42 
1e1 49a 499 e99 e9f 
164 516 517 119a 119b 
ef 535 121 1576 157b 
ef f0 fc 157e 1629 
266 6c bf ad af 
22e 46c 42e 840 d2e 
100 11d 52d 906 14d3 
2b3 3b8 3d8 b02 b03 
18d 18e 3be 1050 1054 
ef 122 534 1571 1574 
ef 121 536 1576 1577 
c4 e8 116 179f 17a6 
2c6 36f 3fc 9cc 9cd 
2bb 3c9 3b8 b1e b1f 
24b 45c 405 ca8 11da 
16d 50f 50e 1145 1149 
165 517 516 1192 119b 
109 1c8 3cf 149f 14a4 
e5 104 ed 270 276 
383 385 2f8 7f9 c03 
2b3 3b8 3da b03 b06 
2bb 3c9 3b9 b1d b1e 
386 2d0 3d3 b21 b76 
24d 456 409 ca2 1057 
f2 534 122 1559 155a 
c4 111 f5 17af 17b0 
107 ec e2 93a 1694 
2d0 3d4 386 b76 b78 
1e1 499 49f e91 e92 
382 2a7 42b a66 ab7 
2c9 3b5 3b4 b63 b64 
21e 467 458 d70 d75 
10b e1 e7 93c 15fc 
297 3ee 3e0 a67 a68 
221 469 451 d5e f0a 
21e 459 467 d70 de8 
49e 48b 1ea 821 e6e 
f2 cd 110 97d 1727 
2c9 3b4 3b7 b62 b64 
2db 36a 3dd ba1 ba2 
235 46a 429 d0e d0f 
16d 515 50e 1149 114a 
16c 358 1d5 1158 115c 
d7 118 d8 168d 168f 
1ea 48b 49f 821 e96 
27c 3f7 40f a01 a04 
2ae 395 40d ad5 ada 
2c9 3b5 3b7 b64 d1b 
235 429 46b d0e 1225 
16d 50f 515 1149 114c 
e7 106 ed 15ce 15cf 
18d 3c7 18e 87d 1054 
1d5 359 16d 88d 114e 
c8 1a0 468 996 99c 
3fa 38d 2bc 9de b23 
2d5 3b6 39f b90 d18 
d7 119 d8 168c 168d 
2cf 3ec 376 3af b75 
348 2ca 424 828 829 
2bf 3f9 389 b2c b2e 
e7 107 ed 15cf 15d5 
3fa 2bf 389 9df b2e 
16e 544 4e1 113f 1140 
c6 eb 119 178c 178d 
2bb 3c9 3c3 809 b1d 
224 457 463 d55 d56 
f4 120 53f 1549 1672 
125 44b 182 138e 1390 
ec ed 106 1590 1594 
e6 104 f8 27f 282 
294 3e0 3fc 7f0 a60 
224 457 465 d54 d55 
e5 fa 104 271 27a 
150 51e 547 30b 30c 
3af 2d4 3ae 8a5 b8c 
416 24d 455 979 97a 
3fa 2bf 38d 9de 9df 
2bb 3c9 3c6 b1f da1 
23e 469 420 cea fa3 
ec 107 ed 158e 1594 
fa e6 104 271 3ec 
150 51f 547 30c 311 
2b3 3c6 3da b06 b07 
24d 416 456 ca2 ca4 
220 470 456 d63 1334 
e5 105 fa 277 27a 
2b2 3d2 3d1 afc 1046 
2dd 3a7 3a6 bab 12d6 
17e 500 50b 10c2 13c5 
da 134 537 166c 166d 
1c8 4a3 4d6 f0e f16 
2be bf 2 2d 173 
512 500 17c 878 879 
4f8 50a 184 8d8 109f 
2f9 380 398 c05 c07 
d5 11f d9 16ae 16b7 
d3 118 ea 16d9 16da 
500 514 17c 878 10cd 
e3 105 102 25a 25b 
e6 108 f9 281 15dd 
2b2 3d7 3d2 af8 afe 
17e 511 500 10c2 10c3 
105 e4 102 25a 26a 
2ae 3a8 40a ad7 ad9 
250 425 449 c9b db7 
16d 1d5 368 114e 1154 
16c 369 1d5 115c 1161 
d7 118 e9 168a 1693 
e4 103 105 26b 6ed 
2c5 39a 3eb b45 b4a 
23e 443 450 ceb cee 
23b 44c 44d cfc db0 
23b 44c 44e cfa cfc 
224 463 465 d55 ea3 
17e 514 500 10c3 10cd 
136 137 4dd 12cc 1515 
d7 e9 119 1692 1693 
d5 11f df 16a6 16a7 
e5 105 104 27a 27b 
49e 49f 1ea 820 821 
3a8 2f0 389 b2b be2 
250 425 44c c99 c9b 
23b 44d 44e cfc cfd 
220 456 47b d63 d64 
289 3f5 40b 9ec a26 
27e 3ff 417 a0a c87 
2f0 389 3a9 be2 be3 
250 44c 426 c99 c9a 
194 4f6 4f4 101a 101b 
d7 eb 119 168c 1692 
27c 43a 3e1 9fd 9fe 
292 3d6 419 a4d a4f 
eb d8 119 168c 178d 
181 4f5 51d 322 10b1 
21a 46f 471 d95 14ad 
165 516 534 1193 1558 
f5 136 524 1531 1532 
149 1c 26f 14e 14f 
181 4f5 51e 321 322 
2f0 38c 3a9 be3 d1e 
2f9 3a3 380 c06 c07 
194 4f7 4f6 1020 1021 
10e 536 121 1452 1577 
dc 114 f3 1640 1649 
d5 d6 126 16b1 16b4 
149 1d 26f 14f 152 
361 2cb 41f 35d 3b4 
2f9 3a4 380 84c c06 
dd 114 f3 1637 163a 
15 29b fa 6f3 6fc 
168 524 523 893 117c 
194 4f4 4fb 101a 1371 
3e 223 1bf 71e 722 
4f9 181 51d 8dd 10b1 
52f 157 53b 9b7 9b8 
28e 349 4b3 a32 a38 
2b3 3da 3d8 b03 b05 
17e 50b 511 10c2 1442 
2b3 3d8 3db 3cd b00 
196 4f6 4f7 1009 1021 
194 4fb 4f6 101a 1020 
133 134 4ef 12ec 12ef 
e7 106 107 15cf 15d7 
2ec 387 3bb bd6 bd8 
221 46f 469 d5c d5f 
194 4fb 4f7 1020 1326 
184 4f8 51a 109b 137f 
16d 368 1db 1153 1154 
16c 1db 369 1160 1161 
ee 133 537 1585 1586 
4f0 5d 2b4 240 78d 
db de 122 165e 165f 
5e 4f0 2b4 774 78d 
2ec 387 3bd 9e9 bd6 
28e 349 4b7 a31 a32 
294 414 3e0 a5e a60 
1c8 4b6 4d6 f0c f0e 
184 51c 4f8 109b 109f 
17d 512 510 10c5 13df 
ee 537 134 1585 166d 
253 465 412 c89 ea2 
21a 47a 46f d95 d97 
17c 513 512 10cb 10cc 
16e 544 4fd 1140 1142 
13f 1a7 401 12a0 12a5 
d5 126 de 16b3 16b4 
26f 1d 151 151 152 
512 17c 514 878 10cb 
543 507 16a 890 891 
107 ec 106 92c 1594 
126 d6 de 954 16b4 
487 2a5 34d 9d7 aae 
38b 2ec 3bb ae3 bd8 
186 4fa 518 1097 1669 
16e 544 4fe 1142 152f 
d5 126 df 16b0 16b3 
257 439 438 38f 391 
513 514 17c 87a 10cb 
3c5 2d0 3ba add b7a 
2bf 3f9 3a8 b2a b2c 
21a 471 47a d95 d96 
f7 52b 137 1512 1513 
107 ed 106 1594 15cf 
d5 11f ee 16a7 16ae 
15 103 29b 6f3 6f5 
543 509 16a 891 1174 
11a e2 ec 93a 15ed 
2c5 3ac 3ea b43 b49 
260 436 42a c5a 1123 
f4 537 133 1545 1586 
2c5 3eb 3ac b43 b4a 
2f9 397 398 c08 c52 
270 41a 427 c2b c2c 
220 471 470 d60 1217 
186 51b 4fa 1095 1096 
17e 511 514 10c3 14cf 
414 297 3e0 a5e a6c 
186 4fa 51c 1095 1097 
16a 545 509 1174 1175 
29b 18 103 25 27 
2c8 3a0 3f3 b5e b60 
d9 ee 11f 1675 16ae 
2a7 3f8 3de abb abc 
3f4 2c8 3a0 ac8 b5e 
e9 119 eb 15ab 1692 
174 257 2e d4 163 
fa 105 103 290 6f6 
274 41e 41f 3a0 3a2 
34d 2a5 48e 9d7 aab 
2a8 3e1 3f4 ac0 ac1 
2aa 3ef 3e2 aca acb 
2b2 3f0 3d1 afb afc 
2d7 391 3e6 b92 b95 
272 390 4b1 c20 c21 
221 47a 469 d5f fa8 
162 52d 534 11a0 13ca 
c7 117 112 1777 177b 
105 fa 104 27a 294 
2a6 35e 47c aaf ab1 
2b2 3d2 3f0 af8 afc 
2d7 3e7 391 b92 c91 
c8 117 112 176a 1777 
12c 18b 456 8cd 132f 
2db 407 36a ba1 eb6 
162 52d 536 119f 11a0 
de df 126 162d 16b3 
dd ee 11f 1630 1635 
31 257 174 d4 d6 
52f 157 bc 9b8 17f4 
2d1 3c2 3c4 b83 10db 
e4 2ad 19 cc 6ec 
289 40c 40b a20 a21 
2f5 3ac 393 bf5 d2d 
237 45e 45d d0c d0d 
1c8 4e3 4b6 f0c f0f 
df 11f ee 161c 16a7 
d9 f4 11f 1674 1675 
237 45f 45d d0d 1111 
416 24d 47b 97a ca4 
2b2 3f0 3d7 af8 af9 
237 45e 45f d0d f3d 
221 46f 47a d5f d97 
220 470 47b d60 d63 
3a2 19a 1b0 12dd 1419 
f4 542 133 153e 1545 
ec 11a ed 158c 158e 
d9 f4 120 1672 1674 
44 2ad 547 71a 739 
2da 395 3e3 b9c b9e 
2f9 3a3 397 c08 170e 
220 47b 471 d60 d61 
d7 107 118 1686 168e 
2f9 3a3 398 c07 c08 
dd 11f f4 1634 1635 
db f0 122 1657 165e 
d5 fc 11f 16a6 16b6 
2d0 3d4 3ba b78 b79 
184 51c 50a 109f 1503 
162 534 536 11a0 1572 
d6 de 12e 169c 16a2 
c8 1b8 468 994 995 
270 427 428 c2a 176e 
de 122 ef 1623 1628 
2ab 3f2 3e8 3d3 780 
293 485 385 a57 a5a 
2a7 404 3de abd abe 
3a8 2bf 40a ad7 b2a 
de 122 f0 1628 165e 
d5 f1 126 16b0 16b1 
39a 2da 3e3 9e5 b9e 
2f0 3a9 3a8 be2 c98 
226 473 472 d42 d43 
196 50f 4f6 1009 100a 
e8 ff 116 15b8 15c0 
db 163 501 1656 1659 
d6 126 f1 16a5 16b1 
3f7 296 40f a01 a63 
488 2a6 35e a17 aaf 
226 472 474 d42 f87 
196 4f7 50f 1009 100c 
4a4 353 29e 8b 3d5 
5d 4f0 2c0 723 78b 
36e 1eb 160 898 11b1 
22e 46b 46c 9ba d2e 
226 474 473 d42 d46 
29e 4a5 353 3d5 a82 
5e 2c0 4f0 765 78b 
53b bc 157 9b8 17f8 
489 385 293 9ca a57 
363 2a5 487 a13 aae 
160 1ec 36e 899 11b2 
276 394 4b5 9f6 9f7 
250 449 44c c9b c9c 
23e 450 469 cea f09 
102 1a8 454 14c4 14c5 
168 543 523 117c 117d 
174 40 257 d6 142 
543 524 168 895 117c 
fc 11f df 945 16a6 
292 396 47d a4e a50 
2c8 3b4 3f3 b60 c8c 
209 49a 48b de4 e9d 
188 50d 51a 107f 136b 
168 524 544 895 1535 
3a4 2d7 3e6 9e1 b95 
294 3fc 414 a5f a60 
196 4f7 515 100c 100d 
c5 f3 131 179a 179c 
2f9 3a4 3a3 c06 f8f 
196 4f7 516 100d 1562 
cd 12e f2 172a 172b 
44 547 2b4 1c 72d 
209 49d 48b de1 de4 
df f1 126 1617 16b0 
db 163 50a 1659 165a 
11a 107 e2 93a 93b 
f6 c5 131 9a1 1798 
2ae 40a 3d5 ad8 ad9 
272 4b1 3a6 c20 c23 
c5 138 e8 178f 1794 
272 3a6 4b2 c1f c23 
51d 181 51e 309 322 
274 41e 437 3a2 3a4 
4e 52e 2b4 736 777 
3e4 1fc d2 967 968 
297 42f 3e0 a68 a6c 
519 17f 526 13ad 156f 
bd 22f 393 17ee 17f1 
430 26b 438 69 6a 
274 41f 437 3a1 3a2 
2ae 40d 3d5 ad5 ad8 
184 51a 51c 109b 1367 
f4 ee 11f 1635 1675 
46e 18b 12c 8cd 1333 
235 46a 46b 9bb d0e 
2d0 3e5 3ba b79 b7a 
ea 118 107 15a3 15a4 
d7 119 118 168d 1693 
292 396 486 a50 c56 
186 518 51c 1097 1502 
d8 119 118 1685 168d 
27c 43a 40f 9fe a00 
25f 43c 447 c5d c5e 
ef 122 f0 1579 1628 
223 218 12 b8 b9 
257 91 fa 164 6fa 
293 485 397 a5a c54 
25f 43c 448 c5e c5f 
f6 461 1ae 152c 152d 
e7 11b 107 15d8 15da 
163 4fc f2 91e 155d 
186 51c 51b 1095 1368 
c4 f5 136 17af 17b1 
29d 353 4b8 89 3db 
11a ec 107 93a 158e 
2bc 3fa 3d3 b23 b24 
107 ed 11a 929 158e 
10b 11b e7 935 936 
e8 117 112 15bc 15bd 
441 26b 430 69 39d 
f9 477 1a4 289 28a 
28e 4b3 378 a36 a38 
2b3 41b 3c6 b01 b07 
2d0 3d3 3d4 b76 b77 
13d 190 45b 12af 12b0 
10b 11c e7 936 15c8 
170 445 182 9b3 1127 
2a6 3fd 3ff ab4 cb2 
16f 446 182 112f 1130 
cc 1d8 43d 172c 172d 
112 468 1a0 996 1421 
138 f6 c5 9a4 178e 
209 49a 49d de2 de4 
1c8 4d6 4e3 f0c f14 
12c 190 46e 1332 1333 
19 105 2ad 6ec 708 
3d2 3c8 2d8 8cf b97 
2d0 3e5 3c5 b7a b7d 
16f 446 183 1131 1135 
da ee 132 1662 1667 
178 32 266 16e 170 
e4 124 101 264 3ea 
4b5 3aa 276 9bf 9f7 
297 3ee 42f a68 cdf 
12c 190 470 132c 1332 
ef fc 121 157d 1580 
2b2 411 3d7 af9 afd 
29d 4b8 35b 3d7 3db 
25f 448 447 c5e d82 
dd 12f f4 1631 1634 
dc f3 130 1640 1647 
da 132 f1 1662 1665 
290 381 4ad a40 a41 
296 42b 3f7 a63 a65 
2e0 3c6 3c8 bbb da5 
260 42a 464 c5a d6d 
dd f3 130 1638 163a 
da ee 134 1667 166d 
cb 137 f7 1747 1749 
441 26b 438 68 69 
130 f4 dd 947 1631 
3e4 28a 457 965 a2a 
3d7 2d8 3c8 9e3 b97 
dd ee 133 1633 163b 
2ec 3bb 3bd bd6 bd7 
196 515 50f 100c 114c 
10f 165 4e8 143f 1440 
4e 2be 52e 733 771 
28a 457 3e6 a2a a2c 
1c3 4d8 4f3 f2c f2d 
e9 118 119 15af 1693 
138 c5 ff 9a5 1794 
17d 510 548 10c5 10c6 
cb 139 f7 174a 174b 
2ec 3bb 3c1 bd7 bd9 
17d 512 548 10c4 10c5 
dd 133 f3 1638 163d 
133 dd f4 947 1633 
10b 503 15c 1478 147d 
477 108 1a4 289 14ac 
3bd 3c1 2ec 9e8 bd7 
3e4 2f9 380 a2d c05 
40d 2da 395 ada b9c 
e2 11e 11a 15e7 15e8 
d9 11f 120 1674 1678 
c5 111 131 1792 1795 
543 544 168 894 895 
196 515 516 8f2 100d 
28e 4c3 378 a35 a36 
2bc 3d3 40c b20 b24 
c5 e8 146 178f 1793 
430 26b 452 307 39d 
e7 11c 11b 936 15d9 
279 43c 42a 9fa d69 
2a7 42c 3de abc abd 
1c8 4d6 4f2 f14 f19 
3d2 2d8 3d7 afe b97 
2b3 3d8 41b b00 b05 
2c1 34d 48a b3a b3c 
2d0 3d4 3e5 b79 b7b 
436 260 463 ea5 1527 
526 17f 535 13a1 156e 
bd 3af 22f 17f0 17f1 
a8 4bb 2be 770 773 
292 41d 419 a54 e0d 
260 464 436 c5a ea6 
1d0 4db 4df eea eeb 
fb 50a 163 1500 165a 
2b3 3da 41b b05 b07 
1d0 4db 4e0 ee9 eea 
2b3 3db 41b 3cf b00 
16a 545 543 1173 1174 
257 476 439 393 394 
2a4 3fe 417 7fa aa9 
34d 2c1 48e aab b3c 
ef 121 10e 1577 157f 
de df 141 162c 162d 
12b 45a 1a5 2cd 133c 
257 438 478 390 391 
11d 4e8 165 13cc 1440 
f5 4fe 16e 152f 1536 
257 439 478 391 394 
2c3 3ed 3ec 3bc 3bd 
3bb 2ec 3cc ae7 bd9 
2c5 3ea 3eb b43 b44 
2e0 3c6 3d9 bba bbb 
1d0 4df 4e0 eea ef2 
155 45b 190 1218 12b0 
10f 164 4f9 1444 1446 
dc f3 139 1647 1648 
c4 111 136 17ae 17af 
c3 f8 143 17bd 17bf 
2b3 3db 41f 3ce 3cf 
178 266 47 16e 717 
2e0 3c8 3d9 bbb bbc 
26a 41a 473 c36 c37 
133 537 134 12ec 1585 
f2 165 516 1558 155b 
ee 132 f1 1584 1662 
3bf 3c1 2f1 803 be6 
10f 166 4f9 1443 1444 
bf 6c 29d ad ae 
4db 4e9 1d0 830 831 
279 42a 448 9fa 17c7 
1b7 370 1d7 f71 f74 
170 182 461 1126 1127 
138 463 19d 12bd 12c0 
e1 394 230 15fe 1602 
c4 116 136 17ac 17ad 
c3 fd 143 17bb 17bc 
3aa 276 4cf 9bd 9bf 
2b2 3f0 411 af9 aff 
2ec 3cc 3c1 bd9 16ea 
1c8 4f2 4e3 f14 f15 
11b 15c 503 13db 147d 
d6 140 f1 169f 16a0 
c5 146 f6 178e 1791 
296 40f 42b a63 17d8 
ee 133 f4 1586 1633 
2aa 3e2 431 aca cc5 
2c5 443 39a b45 b4b 
2cf 3dd 3ec b70 b71 
2f5 393 3ea bf5 bf6 
177 53e 53b 10e1 17fa 
26b 441 452 39b 39d 
500 17c e2 938 939 
290 4ad 39c a3a a41 
455 47b 24d 97a ca7 
2a0 410 41a a8c a8e 
e0 13a f8 160b 1610 
43a 2a8 3e1 9fd ac0 
269 479 420 c3e dff 
24d 47b 456 ca4 d64 
242 473 474 cd1 d46 
136 538 137 12cc 12cf 
270 41a 472 c28 c2b 
269 420 47a c3e fab 
242 475 473 cd1 cd2 
1af 1db 379 84f f98 
43f 14f 1a8 8a9 1228 
500 17e e2 939 15ef 
28b 388 4cf 9bc a2e 
242 474 475 cd1 16df 
2f9 398 3e4 c05 e06 
dc 130 114 1640 1641 
13d 45b 1a4 2df 12ad 
14c e2 d7 94c 1698 
d6 140 fb 953 169f 
21b 49d 49c d8c d8d 
1c5 4f2 4f3 f28 1208 
dd 130 114 1639 163a 
da 186 4fa 1669 166a 
13d 1a5 45a 2de 12ae 
381 1f0 180 870 871 
40b 2d0 3c5 a24 b7d 
4e4 353 29d 89 8a 
158 c3 e0 9ab 17b2 
297 414 42f a6b a6c 
2a1 4bd 372 a93 a94 
2a7 42b 3f8 ab7 aba 
2bf 3f9 3fa b2e b2f 
26a 483 41a c36 c39 
f4 11f 120 154a 1674 
c3 143 10a 17ba 17be 
547 5d 2b4 1c 240 
4be 372 2a1 9d2 a93 
2a1 4bd 373 a94 a96 
2a7 42c 3f8 aba abc 
bd 39e 244 17e7 17ec 
4e4 353 29e 8a 8b 
e6 13b f9 27d 281 
2ac 359 4c2 ad2 ad3 
2ae 40d 40a ad8 adc 
123 4f9 164 139b 139c 
122 4fc 163 139e 155d 
e6 fa 13b 27d 3ed 
3ef 431 2aa 851 aca 
155 190 470 1218 132c 
bc 177 53b 17f8 17fa 
2ab 3e8 437 3d4 783 
289 46e 3f5 9ec 9ed 
146 1a0 460 125d 125e 
10f 166 50b 143c 1443 
e8 138 ff 15c2 1794 
2cc 3f1 3ed 3b2 3b3 
eb d7 14b 950 1691 
279 448 43c 9fa c5f 
ef 534 162 1570 1572 
bc 53e 177 243 17fa 
2ab 3e8 439 3d3 3d4 
3ce 3cf 2ed 8d3 bdf 
4f9 166 123 8de 139b 
ec 14b d7 94d 1690 
44a 421 286 9c4 d5b 
292 47d 3d6 a4e a4f 
2a0 427 410 a8d a8e 
2ac 4b7 368 acd acf 
2c8 3f3 3f4 b5e b5f 
e5 144 ed 275 15e1 
2b7 4be 34c b0c b0e 
227 494 496 d41 16c1 
122 163 501 139e 1656 
f5 524 168 1531 1535 
ef 536 162 1572 1578 
dd 11f 12f 162e 1634 
ec 14c d7 94c 94d 
112 1b8 468 995 1420 
270 472 427 c2a c2b 
1bb 523 4e0 f43 f47 
44d 286 421 9c4 cfe 
2c1 34c 4ac b31 b36 
270 428 472 c2a fe5 
21b 4a7 49d d8a d8b 
1bb 4e0 524 f43 f44 
129 1f9 3d0 134e 1351 
de 12e 122 1620 1624 
de fc 141 1626 162c 
2c1 34d 4ac b36 b3a 
2d7 3e6 3e7 b92 b93 
e1 230 3ab 15ff 1602 
df 141 fc 1611 162c 
41e 274 476 32a 3a4 
10b 11b 11c 936 147c 
27e 481 3ff a0a a0e 
164 110 516 8f1 1435 
12d 163 4fb 1327 1328 
10f 517 164 1439 1446 
ca ed 154 174f 1753 
12d 4fc 163 91e 1328 
3c8 2d8 406 9e3 b98 
2a7 404 42c ab9 abd 
2a8 3f4 43a ac0 ac3 
2bc 3fa 40c b24 b26 
2f7 3ce 3c2 bfd 104f 
12b 1f9 3d2 1335 133a 
e3 14d e4 258 262 
2c0 4af 350 3c2 762 
519 17f d9 94a 94b 
276 4ff 394 9f6 d21 
2a8 43b 3f4 ac2 ac3 
3d3 2d0 40c b20 b77 
110 516 165 1435 155b 
10f 165 517 1439 143f 
f2 165 534 1557 1558 
ec ed 144 158d 1590 
2ab 438 3f2 3d2 795 
3ea 2f5 3ac b49 bf5 
2d0 40c 3d4 b77 b7b 
f1 126 125 1568 1569 
c6 d8 162 1783 1784 
c5 146 111 1792 1793 
2ab 3f2 439 3d2 3d3 
2a0 427 41a a8e c2c 
393 2f5 404 ab8 bf6 
2bf 40a 3f9 b2a b2d 
14f 1bd 429 1222 1223 
c3 f8 154 17bf 17c1 
e6 13b 108 281 283 
454 1a8 14f 8a9 14c5 
298 4c0 392 a6e a70 
2ac 4c2 368 acf ad3 
1d5 1db 368 ee0 1154 
1d3 1d5 377 349 ee1 
214 40e be 9b6 17dd 
2c6 3fb 3fc b51 b52 
1d5 369 1db ee0 1161 
bd 3af 244 17ec 17f0 
14e 1bd 42d 300 301 
350 2c0 4b4 38d 3c2 
ec e2 14c 94c 15ee 
2f3 3d1 3cd bee d85 
11e 50b 166 13c6 13c7 
d7 153 e9 1689 168b 
1bd 14f 42d 300 1223 
114 f3 130 163a 1640 
23f 36d 10c 8fd 8ff 
2c6 3ff 3fb b4d cbb 
d7 eb 153 1689 1691 
fa f9 13b 27d 3ef 
2bc 415 3fa b25 b26 
155 1a4 45b 121a 12ad 
d7 153 ec 1688 1690 
c7 148 112 177b 177c 
1ab 510 522 fb7 fb8 
13f 1a7 46c 1297 12a0 
ca 154 f8 1751 1754 
f9 fa 13c 28e 3f0 
1a4 13c 477 28a 2d8 
101 124 123 29b 3f6 
13d 476 1a4 2dc 2df 
1b7 1eb 36e f78 11b1 
157 159 4f2 120e 120f 
f1 fb 140 1567 169f 
dd 130 12f 1631 1632 
13c 478 1a4 2d8 2da 
289 40b 46e 9ec 1061 
13d 1a5 476 2dd 2de 
1bf 4f0 51e 340 341 
4c1 359 2b9 9dd b18 
298 39c 4c0 a6f a70 
2a2 38f 4b9 a99 10bf 
2bf 3f9 415 b2f 1715 
1b7 36e 1ec f76 11b2 
cf 384 255 16fe 1701 
c7 148 117 177a 177b 
288 178 30 97 9b 
462 1b2 138 917 12bc 
fe e7 145 931 15cc 
14c d7 100 94e 1698 
3d7 406 2d8 9e3 b96 
27e 492 3ff a0e a0f 
415 2bf 3fa b25 b2f 
da 186 518 1663 1669 
290 4ed 381 a40 a43 
3c8 2e0 406 b98 bbc 
26a 4a0 41a c39 c3b 
1bb 4e0 538 f44 f45 
1b7 1ec 370 f72 f74 
189 38a 1f6 1077 107b 
13f 1dc 408 1293 1294 
f2 122 12e 1556 155c 
c3 fd 158 17b2 17b4 
4b8 2be 35b 3d7 768 
3aa 28b 4cf 9bc 9bd 
1b7 371 1ec f72 f76 
1b7 373 1eb f78 1458 
19f 522 52f feb fed 
189 1f6 38b 1073 107b 
f4 12f 11f 154a 1634 
82 223 1bf 722 7a2 
2d0 40b 3e5 b7c b7d 
1c3 532 4d8 f2c f32 
f5 136 111 1539 17af 
f4 12f 120 1548 154a 
cb 135 139 173f 1744 
e5 e6 154 26c 26f 
130 dd 133 947 1638 
39a 443 2da 9e5 b4b 
299 399 4c6 a7b a7c 
2d0 40c 3e5 b7b b7c 
189 1f7 38b 1072 1073 
146 1ae 461 1261 152d 
da 132 134 1666 1667 
c3 154 10a 17be 17c0 
378 1fe 191 865 1035 
27e 481 417 a09 a0a 
ca 104 154 1753 1754 
13b f9 108 281 288 
274 437 476 3a3 3a4 
290 39c 4d9 a3a a42 
2c8 3f3 412 b5d c8d 
e8 148 ff 15b9 15ba 
e7 10a 143 15ca 15d2 
e7 145 106 15cd 15d4 
d6 163 db 169d 169e 
151 19 2ad 15a 708 
2ca 3df 423 7ff b65 
378 191 1ff 867 1035 
23f 37d 10c 8ff 900 
143 10b e7 930 15c8 
519 f0 17f 94a 156f 
424 3df 2ca 829 b65 
37b 191 1fe 865 1039 
10e 162 536 1454 1578 
e5 ed 154 270 15e1 
125 132 f1 926 156a 
3d7 2d8 411 afd b96 
193 37a 1fe 1025 1027 
183 1aa 432 10a5 10a6 
171 1b9 426 1117 1118 
fe 230 3ab 14f0 15ff 
f5 168 544 1530 1535 
ec 144 106 158f 1590 
e9 eb 153 15a9 1689 
e2 14c 100 15ea 1698 
d6 163 de 169c 169d 
12d 12e f2 91f 1560 
2bc 415 40c b26 b27 
21b 49c 4c7 d8c d92 
193 37b 1fe 1027 1039 
183 1aa 433 10a6 10a8 
14f 43f 1be 1227 1228 
146 460 1b2 125d 125f 
ed 106 144 1587 1590 
e7 145 10a 15cb 15d3 
23d 3c0 d1 96e 16ee 
2db 407 3dd ba0 ba1 
21b 49d 4c7 d8a d8c 
1d6 4f9 4f5 ed8 1399 
e7 ed 154 15ce 15d1 
146 1b2 462 917 125f 
2a2 4c8 38f a99 a9e 
109 3cb 21c 149b 149c 
100 514 17c 14cb 14ce 
dc 147 113 1653 1655 
d1 3c1 23d 16ed 16ee 
c3 10a 158 17b3 17b9 
e3 14d 101 262 3e7 
476 257 478 328 394 
184 50a fb 90f 1503 
3fc 2c6 414 a5f b50 
100 17e 511 14cf 14d0 
dc 139 130 1647 164a 
20 2ad 151 158 15a 
e3 102 14d 258 259 
14d e4 101 262 3ea 
29e 4a5 3bc a82 a83 
11d 162 52d 13ca 13cb 
db de 163 165f 169d 
29b 438 430 6a 3dc 
102 14d e4 ab 258 
2cb 41f 3e9 3b4 3b5 
4db 523 1d0 831 ee9 
2b7 372 4be 9d2 b0e 
e1 15c e7 15fb 15fc 
299 3ae 4bf a73 a75 
2e0 3d9 406 bb9 bbc 
138 1b2 474 12ba 12bc 
100 17e 514 14cb 14cf 
102 e4 14e ab 26a 
2b3 41b 41f 3cf 813 
269 455 479 c3f c40 
16f 1ae 446 112f 1134 
c5 146 131 1790 1792 
e4 103 14e 269 26b 
180 3b2 1f0 871 10bd 
41b 2e0 3c6 b01 bba 
f4 130 12f 1546 1631 
e3 150 101 256 25f 
269 47b 455 c3f ca7 
180 1f0 3b3 10bc 10bd 
d7 153 107 1687 1688 
e4 14e 105 26a 26b 
fa 115 13b 295 3f2 
44d 44a 286 9c4 9c5 
29e 4ab 3bc a83 a85 
1d0 4e0 523 ee9 f47 
155 477 1a4 121a 14ac 
f0 526 17f 156e 156f 
e8 111 146 15bf 1793 
e6 154 f8 282 15e0 
126 de 141 955 162d 
2b7 34c 4ea b0c 10f7 
2cf 429 3dd b70 b74 
2da 3e3 40d b9c b9d 
21b 4a7 4c7 d87 d8a 
11d 534 162 13ca 13d0 
f5 16e 544 152f 1530 
f2 196 4f7 1562 1563 
e8 112 146 15b6 15be 
47 288 178 9b 717 
23d 3cb d1 96d 96e 
4d9 298 39c a42 a6f 
2a7 42b 42c aba 118a 
10f 50b 17e 143c 1442 
df 126 141 1615 162d 
2be 6c bf 2d ae 
295 448 434 a62 17c4 
299 3ae 4c6 a75 a7b 
2c7 4c3 355 b53 b59 
13a 157 52f 12b3 17f4 
ee 134 132 1582 1667 
4c1 2b9 374 38a b18 
f2 165 cd 97d 97e 
295 449 434 a61 a62 
3f0 2f3 3d1 afb bec 
2c7 355 4c4 b53 b5a 
f3 130 133 1551 1638 
ee 133 134 1581 1585 
e7 143 11c 15c8 15c9 
c5 138 146 178e 178f 
c4 168 f5 17b0 17b1 
15e 228 36b 7ef 89f 
130 f4 133 946 947 
3cd 2f3 3f5 a22 beb 
1c3 4f3 52f f30 1209 
18b 46e 190 105f 1333 
e8 148 112 15b7 15bc 
14e 1bd 452 301 308 
522 549 19f 85a feb 
36c 15e 228 89f 11ca 
4f5 181 123 8d9 139a 
297 414 467 a6a a6b 
2f3 3f6 3cd beb bee 
1ac 52f 522 fb3 fed 
167 1d8 403 1180 1183 
11e 17e 500 13c5 15ef 
295 434 44c a61 dab 
29e 3c3 4ab a84 a85 
11d 165 534 13cc 13cf 
29e 3c4 4ab a80 a84 
2a2 39f 4c8 a9d a9e 
2d6 400 3ff b91 c84 
1c3 4f3 532 f2c f30 
10f 511 17e 1442 144c 
e0 fd 158 1608 17b2 
1d0 523 4e9 831 ef0 
1ac 532 522 fb0 fb3 
cb 147 135 1740 1744 
4f9 123 181 8de 139a 
2f3 3d1 3f6 bec bee 
1d7 36f 1ec ed0 ed1 
1ac 533 522 fae fb0 
e8 148 117 15bc 15c3 
de 161 ef 162a 162b 
1d7 370 1ec ed1 f74 
1ab 548 510 fb6 10c6 
fb 186 518 1502 1663 
fb 184 51c 1503 1504 
c1 434 215 17c8 17d0 
e5 104 154 26f 270 
1de 4fb 4f8 eae 136d 
1d6 4f5 50e ed8 ed9 
1ab 510 549 fb6 fb7 
cf 3a7 255 1701 1702 
104 e6 154 26f 282 
cf 147 135 1709 170a 
cb 139 147 1743 1744 
349 1db 1ff 82a ec1 
ef 535 17f 157b 157c 
e1 15a fe 15f4 15f5 
2c3 3ec 440 3b8 3bd 
fb 51c 186 1502 1504 
f0 17f 535 156e 157c 
be 214 43d 17dd 17de 
2c3 3ed 440 3bd 3be 
379 1fe 1af 84e f9b 
2a9 42f 432 ac9 ce4 
2cf 429 3ec b6f b70 
1d6 50e 4f9 ed8 eda 
182 1ae 446 10b0 112f 
f3 139 130 1554 1647 
e7 106 154 15cd 15ce 
2c3 3ed 441 3be 3bf 
2d3 3fe 410 b89 b8a 
2e0 41b 3d9 bb9 bba 
1af 1fe 37a f96 f9b 
11e 50b 17e 13c5 13c6 
11b 17c 512 13dc 13dd 
11b 510 17d 13df 13e0 
c6 161 10e 177f 1780 
1bf 4f0 547 23f 340 
1ff 379 1af 84e 84f 
510 11c 17d 8e1 13e0 
fb 163 d6 952 169e 
e1 15c fe 15f5 15fb 
2cb 437 3e9 3b5 75c 
184 127 4f8 8d7 137f 
153 106 ec 92c 158f 
19f 549 52f fea feb 
11b 512 17d 13da 13df 
e2 14c 11e 15e6 15e9 
c6 10e 162 177f 1783 
154 ed 104 270 1753 
153 ec 107 92c 1688 
40c 2d0 40b a20 b7c 
e7 10a 154 15d2 15d3 
2b0 38a 4ce aea aeb 
2c1 4ea 34c b31 10f6 
2c5 3ea 444 b44 b48 
2c5 3eb 443 b45 b46 
2ca 422 402 b69 d57 
166 164 4f9 139b 1444 
2b0 4d2 387 9f2 aee 
2c5 444 3eb b44 b46 
2ca 402 423 b69 cc0 
1ac 532 52f fb3 fb4 
136 524 168 12d2 1531 
17e 11d 511 144c 14d0 
f7 136 137 1515 151d 
ed 154 106 1587 15ce 
292 47d 419 a4f a52 
1d6 515 4f9 eda 1194 
de 161 fc 1626 162a 
db 163 fb 165a 169e 
d8 162 100 167f 1680 
2d3 417 3fe 7fa b8b 
fe 15c e7 932 15fb 
295 449 448 a62 d80 
2ae 40a 455 ad6 adb 
2b0 4d4 387 aee af4 
11f 120 12f 13b8 154a 
26f 151 84 151 713 
292 47f 419 a52 a54 
2bd 41c 426 b29 f50 
21b 4df 4a7 d87 d88 
170 461 1ae 1126 152c 
1bb 523 524 893 f43 
2c7 36b 4c4 b5a b5b 
1ac 533 532 fb0 fb1 
fa 151 104 291 294 
1de 50a 4f8 8d8 eae 
2b0 38a 4d4 aeb af4 
2c8 43b 3f3 b5d b5f 
2ca 408 422 b67 1295 
c4 17a e8 179f 17a7 
fa 151 105 294 6fe 
50e 2ac 359 88a ad2 
295 44c 449 a61 c9c 
43b 2c8 3f4 ac2 b5f 
14d e4 124 3ea 3eb 
292 47f 41d a54 a55 
2ca 424 408 b67 eb9 
cc 43d 214 172c 17de 
102 14e 105 a6 26a 
2cc 3f1 438 3b1 797 
1ab 549 522 85a fb7 
147 139 dc 949 1652 
2b2 46d 3f0 afa aff 
2d2 40e 40f b87 17da 
1de 50a 4fb eae 119e 
13e 216 3c8 12a9 12aa 
cd 172 f2 1727 172a 
105 103 14e 26b 2a2 
104 f8 154 282 1754 
e2 ec 16b 15ed 15ee 
e1 10b 15c 15f6 15fc 
bc 157 13a 17f3 17f4 
f2 196 516 1561 1562 
c9 12c 158 175a 175e 
c4 168 111 17a0 17b0 
297 42f 467 a6b d76 
189 38a 211 1070 1076 
fe 251 395 14eb 14ef 
e7 15c 107 15d6 15d8 
165 110 cd 97d 1729 
2a6 3fd 47c ab1 ab2 
2a8 43b 43a ac3 ac4 
2db 408 407 ba3 eb8 
269 479 47a c3d c3e 
191 355 228 1036 1038 
14f 46b 1be 1220 1227 
d7 17c d8 168f 1697 
2cc 441 3ed 3b3 3bf 
2ab 439 437 3d1 3d4 
519 17f 120 94b 13ad 
2a8 43c 43a ac4 ac6 
269 47b 479 c3d c3f 
189 38c 211 106c 1070 
e4 80 2ad cc ce 
439 2ab 438 38f 3d2 
298 392 505 a6e 16cf 
2a4 481 3fe aa6 aa9 
2a6 3fd 47e ab2 ab4 
2a8 43b 43c ac4 d6b 
2d8 411 406 b96 b99 
26a 480 473 c32 c34 
269 47b 47a c3c c3d 
1ed 4da 513 e51 16d6 
ea 15c 107 159f 15a0 
10b e7 15c 935 15fc 
2a4 3fe 482 aa6 aa8 
1b1 527 53f f88 13b1 
d8 162 10e 167e 1783 
115 1c 2e3 da 14d 
151 104 105 294 2a6 
2a6 3ff 47e ab4 ab5 
2b8 4c5 394 b11 b16 
1d2 544 4e1 ee6 113f 
134 4fa 186 12e9 166a 
2cc 441 3f1 3b1 3b3 
3ec 2cf 440 3b8 b6f 
91 fa 29b 6fa 6fc 
4e1 1d2 545 82e ee6 
169 112 c8 991 176a 
26a 483 473 c34 c36 
1b1 541 527 f88 f89 
15d 45c 1c1 11d6 11db 
e8 146 138 15c1 178f 
d5 17f d9 16b7 16bb 
2d3 3fe 427 b8a b8b 
1a8 1be 418 fc8 fc9 
10b 143 11c 147b 15c8 
ef fc 161 1580 162a 
2bf 455 3f9 b2d 1714 
2f3 3f6 3f0 bec bed 
18d 3be 1f9 1050 1052 
c3 143 154 17be 17bf 
18e 3be 1f9 104d 1050 
e3 101 166 261 3e7 
1fc 475 d2 967 16dc 
2b8 399 4c5 b13 b16 
182 461 1ae 10b0 1126 
115 fa 151 15f 3f1 
17d ca ed 987 174e 
4c6 2b8 399 a7c b13 
1d6 50e 515 eda 114a 
171 45d 1b9 1113 1118 
d7 e2 17c 1695 1696 
c8 117 169 1769 176a 
29b 103 8e 25 6f5 
15d 450 1ca 11d0 11d5 
153 106 107 92b 92c 
2a8 43a 447 ac5 ac6 
2f3 3f6 3f5 bea beb 
26b 218 12 12a 169 
1bb 538 524 f44 12d1 
127 194 4f4 1371 1372 
124 51e 181 2b9 2bb 
2a8 43c 447 ac6 c5d 
204 4dd 4ee deb 151b 
164 516 165 119b 1435 
120 17f 526 13ab 13ad 
e9 15a 118 15b4 15b5 
41d 493 292 81b a55 
188 128 50d 8d5 136b 
283 479 455 a1d c40 
2a0 410 484 a8b a8c 
173 1e0 412 1102 1103 
164 165 517 119b 1439 
121 17f 526 13a1 13a7 
ea 118 15a 159b 15a2 
265 485 486 c58 c59 
26a 480 483 c34 c35 
148 112 117 15bc 177b 
146 f6 138 916 178e 
11b 15c e7 935 15d8 
d7 14b 14c 94d 94f 
28f 463 457 a39 d56 
2f5 3ea 404 bf3 bf6 
127 184 51a 137d 137f 
50e 359 2b9 88b 9dd 
2a9 458 42f ac9 d78 
2ca 422 423 b68 b69 
128 51a 184 135d 1367 
127 194 4fb 136e 1371 
113 253 391 1418 141a 
3e3 2da 443 9e5 b9d 
355 2e1 4c3 b59 bc0 
2ca 422 424 b67 b68 
1f2 50b 4eb e32 13c3 
fe 251 3ab 14ef 14f0 
2ba 44f 418 854 b1a 
2ca 424 423 b65 b68 
12d 194 4f7 131e 1326 
128 51c 184 1367 1369 
101 123 14d 29a 3f6 
2a9 432 458 ac9 10a1 
21b 4df 4c7 d86 d87 
20b 4ec 4da ddc ddd 
1f1 4d5 525 e33 e34 
1b9 1be 418 f59 f5f 
191 36c 228 1038 11ca 
15d 45c 1ca 11d5 11d6 
109 3ca 23d 149e 14a3 
14d 124 101 3ea 3f6 
161 ef 10e 927 157f 
3ff 2a6 492 a0f ab5 
427 2d3 410 a8d b8a 
40a 2bf 455 ad6 b2d 
2c8 43b 412 b5c b5d 
2ce 4b1 390 b6e c21 
1f1 526 4d5 e33 e36 
109 3cb 23d 148d 149e 
29b 430 478 a0 3dc 
4d5 527 1f1 872 e36 
2a0 41a 484 a8c a91 
2e5 409 40b bc8 105d 
18d 3d0 1f9 1052 1351 
128 186 51b 135c 1368 
1e3 528 4f1 827 e7f 
162 10e ef 927 1578 
2ae 40a 479 adb adc 
12d 4f7 196 131e 1563 
12d 4fb 194 1323 1326 
128 186 51c 1368 1369 
cd 172 110 171f 1727 
481 2a4 417 a09 aa9 
1ed 4da 52c e50 e51 
1e3 529 4f1 e7f e80 
18f 1f9 3d0 1048 134e 
1ff 1db 379 82a 84f 
196 516 110 8f1 1561 
40b 2e5 40c a21 bc7 
2da 420 40d b9f dfd 
2e0 406 41b bb9 bbd 
18e 1f9 3d2 104d 1335 
128 188 51a 135d 136b 
db 122 163 1656 165f 
d5 f0 17f 16ba 16bb 
2ae 40d 479 adc e02 
2b2 46d 411 aff e10 
1b1 53f 541 f88 1543 
18f 1f9 3d2 1047 1048 
164 515 16d 1196 1197 
51e 1bf 547 30b 340 
486 493 265 7f4 7f5 
204 4fe 4dd deb 12ca 
18f 1fa 3d1 1040 1042 
121 535 17f 13a1 157b 
2d3 427 417 999 b8b 
349 2f2 4b7 a31 be9 
2bd 44e 41c b29 fce 
2e0 406 41e bbd bbe 
265 495 485 c57 c59 
167 1d8 43e 117f 1180 
de 163 122 1624 165f 
486 495 265 7f5 c59 
17f f0 d9 94a 16bb 
299 505 3ae a73 16d7 
2cf 3dd 46a b73 b74 
204 4ee 4ef dea 12f3 
125 44b 1f3 138d 138e 
438 29b 478 390 3dc 
d7 153 14b 1690 1691 
29e 3c4 4e7 a7e a80 
1c3 52f 532 f30 fb4 
1ab 548 549 fb5 fb6 
bf a4 2be 173 174 
23f 37d 15e 900 11c2 
415 2e5 409 978 bc8 
17a c4 112 9a9 17a7 
26a 494 480 c31 c35 
d6 163 12e 169b 169c 
c4 136 168 17ab 17b1 
416 409 2e5 978 ca3 
28f 457 474 a39 16e1 
496 25b 49e 84b c6e 
f2 110 165 97d 155b 
2ba 45e 418 b1a d0b 
2e5 415 40b bc7 bc8 
14d 14e e4 ab ac 
3e6 2d7 457 a2c b94 
40c 2e5 415 b27 bc7 
26a 494 483 c35 c38 
41f 2cb 437 3a1 3b5 
496 4a0 25b 80c c6e 
e7 ed 17d 934 15d5 
2bd 426 44c b28 c9a 
1f2 51d 4eb e30 e32 
111 131 146 142d 1792 
c4 116 17a 179f 17a4 
be 42b 23a 17d2 17d5 
12b 12a 13d a3 a4 
f9 413 229 28c 28d 
ec 14c 14b 94d 1593 
158 c9 156 98d 1759 
1a0 c7 c8 99b 1778 
2dd 383 4b0 9ee ba8 
40f 2d2 43a a00 b86 
2c6 3fb 466 b4d b51 
4c4 2df 36b b5b bb5 
d7 100 17c 1696 1697 
d5 fc 17f 16b6 16ba 
1f2 51f 4eb 353 e30 
512 500 1ee 879 e4e 
2bd 44e 426 b28 b29 
2c6 466 3fc b50 b51 
d8 17c 100 1681 1697 
2b0 3bd 4d2 9f2 9f3 
2a0 49f 410 a8b a8f 
e5 144 154 15e1 15e3 
4f9 166 181 8dd 8de 
2b0 3bd 4d3 9f3 ae9 
ef 121 161 157f 1580 
e7 143 154 15d0 15d2 
e2 11a 16b 15ec 15ed 
de 12e 163 1624 169c 
2c6 3ff 466 b4c b4d 
2e8 356 4cb bcc bd0 
265 495 493 7f5 c55 
1b9 1be 42e f58 f59 
1a8 1be 43f fc9 1228 
171 1d8 442 110f 1116 
e7 154 145 15cd 15d3 
49e 25b 49f 820 c6c 
3ac 15a 22f 8a3 11e7 
2df 36b 4ca bb5 bb7 
2f5 404 405 bf4 bf7 
267 498 48d c4b c4e 
1a0 460 1b2 fe9 125d 
13f 401 212 12a4 12a5 
dc 113 173 163f 1645 
2b0 4d3 3c1 ae8 ae9 
25b 4a0 49e c6c c6e 
204 4fe 4ee dea deb 
15b 3ac 22f 11e1 11e7 
f5 111 168 1533 17b0 
ec 144 153 1588 158f 
dc 173 114 1642 1650 
d7 107 17c 168e 1695 
4fe 4ef 204 814 dea 
415 2e5 416 977 978 
28f 474 463 a39 12bf 
267 49a 48d c4e 10e3 
25b 49f 4a0 c6c c6d 
21b 4e0 4df d8e ef2 
3af 22f 15a 8a3 11e6 
2b5 41a 472 b08 c28 
2b5 473 41a b08 c37 
26a 4a0 483 c38 c39 
210 4f2 4e5 dd1 11f4 
ed 144 154 1587 15e1 
1d3 350 223 342 343 
107 15c 11b 14b2 15d8 
f2 122 163 155c 155d 
e2 100 17c 15f1 1696 
df 185 f1 1617 161d 
2e0 41b 41e 3ad bbd 
2d2 447 40e b87 d7a 
2d7 3e6 465 b93 b94 
2e0 41f 41b 3ad 813 
2a0 41a 4a0 a91 c3b 
2d2 447 40f b86 b87 
2d7 465 3e7 b93 c8a 
ec 16b 11a 1589 15ed 
eb 14b 153 1596 1691 
ef f0 17f 157c 157e 
ec 153 14b 1591 1690 
10b 15c 11b 935 147d 
17e 166 50b 13c6 143c 
e2 100 17e 15ea 15f1 
cc 1a1 d0 172e 1732 
149 1c 2e3 14d 14e 
41e 2e0 41f 3a0 3ad 
4c3 2e1 378 a35 bc0 
3dd 2db 46a b73 ba0 
fc 161 121 14fd 1580 
cd 12e 172 1725 172a 
150 181 51d 309 30d 
c7 254 400 99e 1775 
2f8 385 489 9ca c01 
26a 494 496 c33 d41 
1f6 38b 1f7 e2b 1073 
be 43d 23a 17d6 17df 
150 51e 181 309 30f 
124 14d 123 3f5 3f6 
118 17b d3 960 16d8 
267 499 498 c4f c50 
100 162 11d 14cd 14d1 
e2 17c 107 15f2 1695 
de 161 141 1625 1626 
da 186 fb 1660 1663 
c8 400 254 1767 1775 
be 43e 23a 17d5 17d6 
373 2e8 4bd a96 bce 
267 498 49a c4e c50 
193 245 354 1022 1023 
16c 24e 369 115f 1160 
f5 16e 111 1533 153b 
d2 457 224 16e0 16e3 
c4 19b e8 17a5 17a6 
513 1ed 514 87a 87b 
267 499 49a c50 e9f 
16c 24e 36a 115b 115f 
f8 154 143 150c 17bf 
247 4b4 4c1 388 38b 
1d8 403 1c1 83a 83b 
12d 163 f2 91e 91f 
4b7 2f2 368 acd be9 
2b8 394 4ff b11 d26 
2ce 4b1 3b6 b6b b6e 
1fe 378 1ff dfc 1035 
1ff 1fe 379 84e dfc 
f2 12e 163 91f 155c 
172 f2 110 920 1727 
158 e0 156 9ac 160d 
2da 443 40d b9d b9f 
d8 17b 118 1682 1685 
bf 79 2e3 103 104 
1a0 472 1b2 fe8 fe9 
10f 164 110 1449 144a 
d8 119 17b 1683 1685 
d7 17c 118 168e 168f 
2c6 466 414 b4f b50 
2c8 412 464 b5c 1104 
e7 107 17d 15d5 15da 
d8 118 17c 1684 168f 
c5 f3 198 179c 179d 
440 2cf 429 335 b6f 
1d3 218 375 344 34a 
2c3 440 441 3ba 3be 
500 17c 17e 939 10cd 
e8 c5 19e 9a7 1796 
2df 4ca 37f bb2 bb7 
10f 165 110 1447 1449 
ef 17f fc 157d 157e 
26a 4a0 494 c33 c38 
fc f0 17f 157e 16ba 
c1 125 182 17cf 17d1 
14d 14e 102 aa ab 
c6 162 161 177f 1782 
c5 198 f6 1798 1799 
26a 4a0 496 80c c33 
12b 1fb 45a 133b 133c 
14d 102 14f aa 29d 
108 13b 155 2a9 14a6 
102 213 454 14c3 14c4 
102 14e 14f aa 29f 
17d ed 107 929 15d5 
1f2 51d 50b e32 118f 
e8 17a 112 15bd 17a7 
cc 23a 43d 172d 17df 
ce 416 24d 976 979 
101 123 166 298 29a 
2e8 4cb 373 bce bd0 
20f 507 4e9 dd4 10fd 
106 153 144 14b8 158f 
c1 185 125 17cb 17cc 
161 10e 121 8f3 157f 
27e 492 481 9c3 a0e 
280 488 487 a10 a12 
256 497 4cc c7a c7b 
1ef 3b1 1f0 e47 e4a 
171 1d8 45f 110e 110f 
157 177 53b 1205 17f8 
2d8 406 45a 8d0 b99 
256 497 4cd c76 c7a 
18e 3c7 216 104a 104b 
106 144 154 14bb 1587 
e9 15b 153 15a5 15a6 
e8 116 17a 15bb 179f 
d5 17f 11f 16b6 16b7 
c5 f3 19d 1797 179b 
2cc 441 438 68 3b1 
39f 2d5 4c8 a9d b8d 
2c5 444 443 b46 b47 
3ff 2d6 466 b4c b91 
2dd 3a7 4b0 ba8 ba9 
1ef 3b3 1f0 e46 e47 
18e 3c8 216 104b 12aa 
106 154 145 14ba 15cd 
e8 117 17a 15bd 15c4 
e1 15a 15c 15f5 15f9 
125 16f f1 923 926 
2d5 4c9 39f b8d b90 
2d6 466 400 b91 f67 
2dd 3a6 4b2 bab c1f 
c5 19e f3 179a 179b 
2dd 3a7 4b2 ba9 bab 
154 10a 143 15d2 17be 
166 51d 181 8dd 1190 
2ba 44f 451 b1c dbd 
2bd 44c 44e b28 cfa 
13f 422 212 12a3 12a4 
10f 11d 165 143a 1440 
e9 15d 153 15a6 15a8 
d9 11f 17f 1678 16b7 
fa 115 174 160 295 
25c 36e 160 898 899 
d9 120 17f 94b 1678 
c7 254 417 99a 99e 
4a2 383 2f8 9f0 c03 
135 255 3a7 12d3 1702 
10a 145 154 1489 15d3 
d3 4da 1ed 95b 16d6 
499 481 27e 9c2 9c3 
cb f7 19b 1747 1748 
49a 49b 271 885 c27 
2da 443 420 b9f cec 
2f8 385 4a2 c01 c03 
1e3 528 529 e7f e83 
1e2 529 52a e8a e8e 
168 544 16e 117e 1530 
fe 15b 145 14e1 14e8 
e9 15b 15a 15b2 15b3 
223 b0 218 14 b9 
452 2c3 440 33c 3ba 
2c4 473 41d b41 b42 
444 2f5 3ea b48 bf3 
1e2 529 52b e8e e8f 
441 2c3 452 39b 3ba 
513 1ed 52c 87b e51 
e0 1ac c3 9ad 9ae 
4ca 2e8 37f bb2 bcb 
1e3 528 52b e83 150f 
1e2 52a 52b e89 e8e 
112 208 468 1420 1421 
112 169 117 1425 176a 
f5 168 136 1531 17b1 
14d e3 166 3e6 3e7 
514 52c 1ed 87b e4f 
280 492 488 a15 a16 
404 2f5 42c ab9 bf7 
2c4 475 41d b42 e0b 
2e2 388 4ce bc2 bc4 
2e8 37f 4cb bcb bcc 
202 4ee 528 df6 1519 
1e3 52b 529 e83 e8f 
135 147 139 12db 1744 
ea 15a 15c 159c 15a1 
e7 17d 11b 15d9 15da 
e2 17e 11e 15e9 15ef 
42c 2f5 405 7f2 bf7 
17d 11c e7 933 15d9 
4cf 2e2 388 a2e bc2 
2ce 4c9 3b6 b6a b6b 
2d8 411 45a b99 e12 
2f6 4ae 381 bf9 10b8 
1ed 514 52d e4f 14d2 
189 23c 38b 1071 1072 
17c 17e 514 10cd 14cb 
dd ee 199 163b 163c 
3cb 18a 21c 86c 149c 
38a 2e2 4ce aea bc4 
20b 4da 52c ddc e50 
189 23c 38c 106c 1071 
13d 45a 1fb 12ac 12ae 
e9 15b 15d 15a6 15b0 
1d3 223 375 342 344 
202 4f1 528 827 df4 
27b 493 494 9fb 9fc 
2c5 450 443 b47 cee 
19a 390 232 fff 1000 
13d 1fb 45b 12ac 12af 
fc 141 161 14fb 1626 
dc 198 f3 1649 164f 
115 151 149 157 2af 
3cd 21c 18a 86c 106a 
27b 493 495 9fc c55 
2c5 444 450 b47 11d8 
ca 19f f8 1750 1752 
16f 132 f1 924 926 
17d 11a ed 929 988 
27b 495 494 9fc 16c4 
280 487 498 a11 a12 
106 15b 145 14b6 14b7 
bc 177 157 17f7 17f8 
51f 1f2 51d 30e e30 
2e0 45a 406 8d0 bbe 
280 488 498 a12 a16 
292 47f 47d a51 a52 
dd 199 f3 163d 163e 
ca ed 1a6 253 987 
3cb 21c 18f 86a 149b 
172 12d f2 921 1560 
2ba 44f 45e b1a b1c 
2ba 451 45c b1b f05 
44 26f 22a 730 732 
f2 172 12e 1560 172a 
e2 16b 14c 15eb 15ee 
4b0 383 2f8 9ee 9f0 
2ba 45e 451 b1b b1c 
de d6 1a9 954 16a2 
1ee 548 500 e4e 13bb 
179 3c4 22c 10da 10e0 
f4 1b1 53f 1543 1549 
d3 392 298 16ce 16cf 
43a 2d2 447 ac5 b86 
2c4 480 41d b40 b41 
11c 522 1ac 13d2 13d3 
51f 20e 4eb 353 36a 
27e 492 498 a0b a0d 
482 2d3 3fe aa8 b89 
193 37a 245 1022 1024 
173 464 1e0 1101 1103 
f4 1b1 541 1541 1543 
3d1 18f 21c 86a 1040 
499 492 27e 9c3 a0d 
292 486 47d a50 a51 
2db 46a 407 ba0 ba3 
20b 4ec 525 dd9 ddb 
179 22c 3c7 10dc 10e0 
dc 19d f3 1646 1648 
2db 46a 408 ba3 ba5 
10c 142 15e 146d 1473 
18b 12c c9 98f 175e 
292 486 47f a51 a53 
4c9 2d5 3b6 b6a b90 
125 215 44b 138f 1390 
c4 111 19b 17a5 17ae 
492 280 498 a0b a16 
479 2ae 455 a1d adb 
2db 46c 408 ba5 1296 
16f 446 1f3 1130 1131 
543 1d2 544 894 ee5 
183 433 1f3 10a4 10a7 
f9 46f 21a 1507 1508 
ec 14b 16b 1592 1593 
1d2 545 543 ee5 1173 
fe 15a 15b 14e5 14e7 
ef 17f 121 157b 157d 
ec 14c 16b 1593 15ee 
27e 499 498 a0d c4f 
1f1 525 526 e33 13a6 
1d2 544 545 ee5 ee6 
106 153 15b 14b5 14be 
df 185 126 1616 1617 
cc 171 161 1735 1737 
bd 2a7 393 17e6 17e9 
2ba 45c 45e b1b f37 
20b 52c 4ec ddc dde 
fe 15a 15c 14e9 15f5 
c4 19b 116 17a6 17ad 
2c8 464 43b b5c d66 
1f1 526 527 e36 13ae 
229 13c 413 9d 28c 
c5 111 19e 1795 1796 
c3 f8 1ac 9ae 17bd 
2cf 429 46a b74 d0f 
106 153 15d 14be 14bf 
161 162 ef 927 928 
2f5 404 444 bf3 bf4 
202 540 4ee df6 df8 
44 1bf 2ad 71a 71c 
190 c9 12c 98f 1757 
2f5 405 444 bf4 11d2 
1ed 52d 52c e4f e52 
196 164 515 8f2 1196 
293 485 489 a56 a57 
2d1 3c2 4d0 b7e b7f 
203 4ee 540 df0 df8 
13f 422 222 129d 12a3 
163 122 12e 155c 1624 
c6 d8 1bc 1784 1788 
196 164 516 8f1 8f2 
1ae c5 f6 9a1 1791 
2d1 3c2 4d1 b7f b83 
202 4f1 540 df4 df5 
107 17c 118 14b0 168e 
1ac fd c3 9ad 17bc 
292 493 47f a53 a55 
21b 4c7 539 d86 d89 
203 542 4ee df0 df1 
1ee 512 548 e4e 10c4 
13a 52f 19f 12b6 12b7 
da 132 186 1664 1666 
247 4f5 4b4 388 389 
17f 11f fc 90e 16b6 
2d1 3c4 4d1 b83 b84 
16d 196 50f 1146 114c 
100 11d 17e 14c9 14d0 
d6 1a9 f1 16a0 16a5 
c7 112 1a0 1778 177c 
bd 2a7 39d 17e4 17e6 
151 2ad 84 158 713 
ca 1a6 104 253 254 
101 14d 166 29a 3e7 
41d 2c4 493 81a b40 
112 1a0 c8 996 1778 
2d3 482 410 b88 b89 
2e0 45a 41e bbe fd4 
20b 4ec 536 ddb dde 
120 527 1b1 13af 13b1 
107 17c 11b 14ae 14af 
da 134 186 1666 166a 
17d 107 11a 929 92a 
1ad 469 1ca fa6 fa7 
106 15b 15d 14bd 14be 
fc 121 17f 14fe 157d 
108 21a 46f 14ad 1508 
107 11b 17d 14b1 15da 
fa 13b 174 295 296 
293 490 485 a56 a59 
51c 184 186 1369 1504 
112 117 17a 1425 15bd 
e8 ff 19b 15c0 15c7 
1ed 536 52c e52 e53 
18e 22c 3c7 104a 10dc 
108 21a 471 14a5 14ad 
486 292 493 7f4 a53 
1ed 52d 536 e52 119f 
184 188 51a 109e 135d 
182 446 1f3 10ae 1130 
16d 196 515 114c 1196 
dd 197 114 1636 1639 
2e7 439 437 3aa 3d1 
289 3cc d1 96b 16f1 
183 1f3 446 10a4 1131 
f1 185 125 1569 156a 
dc 114 198 1649 1651 
12d 163 12e 91f 1324 
293 490 489 9cb a56 
f1 126 185 1569 1617 
c6 1a1 119 1789 178a 
13b 155 13d 2d3 2d5 
1d3 350 247 343 345 
293 495 485 a59 c57 
210 53b 4e5 dcf dd1 
1c1 1ca 45c f36 11d6 
291 490 48f a48 a4a 
210 4e5 53c dcf dd0 
dc 19a 113 1644 1653 
e6 1a3 f8 27e 27f 
d3 299 3ae 95f 16d7 
291 491 48f a47 a48 
182 1f3 44b 10ae 138e 
291 491 490 a48 16c6 
46d 2f3 3f0 afa bed 
10c 354 2aa 1466 1467 
101 181 123 298 29b 
247 4c1 4f5 388 cbf 
fa e6 1a3 3ec 3ed 
34e 1b7 258 844 f70 
19a 3b7 232 1000 1001 
c5 131 198 1798 179c 
101 181 124 29b 3f4 
d7 d8 1bc 951 1699 
e0 c3 1c2 9ab 17b7 
256 4cd 4cc c79 c7a 
194 4f6 196 101f 1021 
146 208 460 125e 1260 
118 17b 119 13f0 1685 
102 16b 14f 14c2 14c7 
d4 494 227 16c0 16c1 
2a6 47c 47e ab0 ab2 
194 4f7 196 1021 131e 
146 208 461 1260 1261 
10f 17e 11d 143b 144c 
30 174 2e7 98 148 
272 4b2 4b1 c22 c23 
10d 169 14a 145b 145e 
d4 227 496 16be 16c1 
c6 1bc eb 1787 1788 
291 497 48f a46 a4b 
108 471 220 14a9 14aa 
e2 14c 17e 15e9 15ea 
dd 197 11f 162e 162f 
14a 16a 10d 8f7 8fb 
3f5 2f3 46e 9ed bea 
2f3 3f6 46d bed bef 
543 4e9 20f 811 dd4 
2f3 46e 3f6 bea bef 
30 178 2e7 97 98 
293 490 495 a59 16cb 
2a4 482 481 aa6 aa7 
f1 185 132 156a 156b 
4a3 2ed 3cf 832 bdc 
53e 1e9 53c 881 e74 
196 110 f2 920 1561 
24d ce 455 979 1719 
ef 1cd 534 1570 1571 
229 430 13c 9d 9f 
500 e2 1ee 938 15f0 
3c4 2d1 4e7 a7e b84 
210 53b 4f2 dd1 120a 
171 425 214 111d 111e 
e8 111 19b 15c5 17a5 
e6 1a3 104 27f 3ec 
e0 1ac f8 9ae 160b 
466 2ea 414 b4f bd3 
2ed 3ce 4a6 bdf 11f9 
2f4 453 413 bf1 d38 
21b 539 4df d86 d8e 
179 3c4 241 10d9 10da 
135 3a6 272 12d9 12da 
c4 19b 136 17ad 17ae 
124 1bf 51e 2b9 2ba 
20e 4eb 548 36a dd5 
463 1e0 19d 85c fef 
414 2ea 467 a6a bd3 
2b5 472 473 b08 d43 
2e9 433 44a bd1 d98 
2ed 3cf 4a6 bdc bdf 
21b 539 4e0 d8e d8f 
1dc 348 24e eb2 eb3 
11b 11c 17d 13e0 15d9 
f2 534 1cd 1557 1559 
d3 1ed 513 16d5 16d6 
1de fb 50a 90f 1500 
2a6 47c 488 aaf ab0 
2e9 44b 433 bd1 e2e 
13a 52f 1ac 12b5 12b6 
120 53f 1b1 13b1 1549 
c5 19e 131 1795 179a 
373 2a1 10d 8f6 1459 
161 10e 162 927 177f 
12c 220 456 132e 1334 
e3 105 1a6 25c 3e3 
3e 1bf 2c0 71e 725 
20b 4da d3 95b 16d2 
2a6 47e 488 ab0 ab3 
e8 19b 116 15c0 17a6 
c3 fd 1ba 17b6 17bb 
125 16f 132 926 1394 
1ac fd e0 940 9ad 
170 182 c1 9b3 9b4 
1af 24e 379 f98 f9a 
123 1d6 4f5 1397 1399 
e8 19e 111 15c5 1796 
1af 37a 24e f95 f9a 
11e 166 14c 13c1 13c2 
158 18b c9 98e 175e 
138 c5 19d 9a3 9a6 
410 2d3 49f a8f b88 
f3 114 198 1552 1649 
c9 18c 156 175f 1761 
13b 115 174 295 2b2 
1ad 420 1fd fa4 fa5 
cb 137 19b 1746 1747 
14d 14e 14f a9 aa 
2e7 174 40 142 148 
2f1 3bf 4b6 be5 f18 
123 1d6 4f9 1399 139c 
f5 16e 168 1530 1533 
e5 ed 1b4 275 276 
eb 1bc d7 950 951 
e8 1a0 112 15b6 15b7 
dd 12f 197 162e 1632 
fa f9 1a4 3ef 3f0 
eb 1bc d8 951 1788 
ea 3ae 299 95f 159d 
3e4 d2 28a 965 16db 
dd 130 197 1632 1639 
d2 242 474 16df 16e2 
14d 123 166 29a 8dc 
13d 20c 476 2dc 2dd 
38f 180 25e 875 10c1 
1ba e7 e1 93c 1604 
381 2f6 4ed a43 bf9 
d2 242 475 16dc 16df 
115 2e3 79 d8 104 
1a6 ed 104 253 284 
18f 156 c9 98b 175f 
1a7 212 401 fcc 12a5 
11f 17f 120 13b9 1678 
10f 164 165 1439 1449 
7a 2e3 115 d8 da 
2aa 10c 36d 8fd 1466 
2a6 47e 492 ab3 ab5 
110 165 164 1435 1449 
169 160 10d 8fa 1457 
1d7 24a 363 ecd ed3 
12d 172 12e 1321 1560 
10f 164 166 143e 1444 
c7 427 270 176d 176e 
c3 1c2 f8 17b7 17c1 
23d 18a 3cb 96d 148d 
1d7 24a 364 ec9 ecd 
dc 130 19a 1643 164a 
c7 270 428 176c 176e 
14e 430 229 303 305 
1d8 45f 1c1 83b f39 
487 48e 2a5 9d7 aac 
157 4f3 1c3 1204 1209 
136 524 1bb 12d1 12d2 
ec ed 1b4 158c 158d 
c3 1ba 10a 17b5 17ba 
1a3 f8 104 27f 286 
247 51e 4b4 389 38c 
19e 111 f5 91b 1539 
22b 502 508 d35 d37 
dd 199 133 163b 163d 
fb 140 184 910 1506 
223 218 375 14 344 
fa 104 1a3 291 3ec 
499 2a4 481 9c2 aa7 
2f7 4a6 3ce bfb 11f8 
157 1c5 4f2 1208 120e 
178 12b 12a 3f9 3fd 
482 2a4 499 9d5 aa7 
2a0 484 49f a8b a90 
240 4e1 502 cdb 1363 
157 1c5 4f3 1204 1208 
1d3 374 247 345 34b 
2a0 484 4a0 a90 a91 
522 219 510 fb8 13d5 
159 4f2 1c5 11f0 120e 
2a5 48d 48e aaa 10ea 
370 258 1b7 844 f71 
492 2a6 488 a15 ab3 
100 17e 14c 14c8 15ea 
f9 108 1a4 288 289 
181 123 124 29b 2b6 
2e9 44a 44b bd1 bd2 
22b 508 509 d32 d33 
dc 139 19a 164a 1652 
543 20f 507 890 dd4 
18c 129 109 903 148e 
1b8 c8 112 991 995 
cb 19c 147 173d 173e 
f2 12d 196 921 1563 
44d 44a 2e9 9c5 bd2 
487 2a5 498 a11 aac 
ff 19b 116 14de 15c0 
e8 1b2 ff 15ba 15c2 
1de 4f8 127 8d7 136d 
2d7 457 465 b94 d54 
2e9 44d 44b bd2 daa 
2f4 413 46f bf1 1509 
171 214 442 1116 111e 
e3 1b4 102 25b 3e4 
496 497 29f 9d0 9d1 
291 48f 4ba a44 a4a 
206 52f 530 de9 17f2 
12c 470 220 132d 1334 
f7 204 4dd 151b 1520 
126 1a9 d6 954 16a5 
42a 279 c1 9b2 17c7 
490 291 4ba 9c7 a4a 
202 540 528 df4 df6 
c4 e8 1d1 17a1 17a8 
19d dc 139 949 1648 
1bc 100 d7 94e 1699 
127 1de 4fb 136d 136e 
c7 1a0 148 1773 177c 
bd 2c2 39d 17e3 17e4 
e3 105 1b4 25b 25c 
18f 109 129 903 1495 
d8 100 1bc 167f 1699 
c4 116 1bb 17a4 17ac 
bd 39e 2c2 17e3 17e7 
e5 104 1b4 276 27b 
1c2 c3 10a 9af 17c0 
2a5 498 48d aaa c4b 
1db 369 24e ebc 1160 
182 215 434 10ac 17d0 
d2 19c 147 16e6 16e8 
e5 105 1b4 27b 27c 
1ae 131 c5 9a1 1790 
4b5 4cf 276 9be 9bf 
496 29f 49c 9d0 f81 
2a5 48e 498 aaa aac 
2c4 473 475 b42 cd2 
2f4 453 435 bf0 bf2 
190 45b 1fb 103d 12af 
ee 132 199 1582 1583 
d7 e9 1c9 168a 168b 
ed 11a 1a6 285 988 
101 150 181 29c 3f3 
166 164 123 8e0 139b 
497 49c 29f 9d0 a8a 
2f4 435 454 bf0 db9 
20b 536 525 ddb 13a2 
1dc 36a 24e eb1 eb2 
14f 429 235 1222 1225 
ee 199 133 1581 163b 
e1 fe 1ba 1603 1604 
510 17d 1ab 8e2 10c6 
f3 198 131 154b 179c 
ee 134 199 1581 1582 
104 1a6 105 2a5 2a6 
115 fa 1a3 3f1 3f2 
183 433 217 10a7 10a8 
136 538 1bb 12d0 12d1 
12d 1de 4fb 1323 1327 
125 126 185 1389 1569 
111 168 16e 1429 1533 
126 de 1a9 954 955 
2f1 4d3 3bf be5 be6 
f7 1e3 528 150f 1510 
f3 131 199 154b 154f 
e9 1c1 eb 15a9 15aa 
e1 394 2b8 15f8 15fe 
d6 12e 1a9 16a1 16a2 
198 f6 131 918 1798 
dc 147 19a 1652 1653 
4d3 2f1 3c1 ae8 be6 
f3 133 199 1550 163d 
104 ed 1b4 276 284 
12b 178 13e 2cc 3fc 
f2 1cd cd 97e 172b 
f7 52b 1e3 150f 1512 
e7 1ba fe 15cc 1604 
e2 17e 17c 939 15f1 
20b 52c 536 dde e53 
f7 4ee 202 1518 1519 
1d7 363 258 ed2 ed3 
e1 399 2b8 15f3 15f8 
11d 1cd 534 13cf 13d0 
e0 1c2 f8 1610 17b7 
150 1bf 51e 30b 30f 
437 2e7 476 3a3 3aa 
147 dc 19d 949 1654 
2a3 49b 49a aa5 c27 
2c4 480 473 b41 c32 
f6 260 436 1523 1527 
530 207 53e 244 35b 
18b 46e 1fa 105e 105f 
142 15f 15e 1283 1284 
11e 1f2 4eb 13bf 13c3 
f7 204 4ee 151a 151b 
de 1a9 12e 1622 16a2 
c3 1ac 143 17bc 17bd 
476 2e7 439 393 3aa 
291 4cc 48f a44 a46 
2a3 49a 49d aa5 de2 
100 514 1ed 14ce 14d2 
10b 1ba e1 93c 93d 
2a3 49b 49d aa4 aa5 
233 538 4e0 d13 f45 
180 3b3 25e 10bc 10c1 
13a 52f 1c3 12b3 12b5 
fe 2ae 395 14ea 14eb 
f3 131 19e 154f 179a 
20d 327 288 8d 8e 
2a0 4a0 49f a90 c6d 
233 4e0 539 d13 d8f 
1db 24e 379 ebc f98 
125 185 132 138c 156a 
1cd 122 534 1559 1571 
e6 f8 1c2 27e 15e0 
46d 190 1fa 869 103f 
3c2 2f7 4d0 b7e bfd 
16f 21e 446 1134 1135 
e4 101 1bf 264 3e9 
190 1fa 46e 103f 105f 
f7 136 19b 151d 151e 
14e 453 229 a8 303 
206 546 530 354 355 
1fb 190 46d 869 103d 
16e 1d2 4e1 113e 113f 
f7 19b 137 151d 1747 
cf 1b0 135 1700 1709 
20e 548 51f 36a 36e 
4b5 276 4e2 9be 9f8 
e7 1ba 10a 15ca 15cb 
e0 fd 1c4 1606 1608 
546 207 530 354 35b 
1ba e7 10b 930 93c 
206 549 52f de9 fea 
1fb 1a5 45a 12ae 133c 
11e 14c 17e 13c1 15e9 
f3 19d 139 154d 1648 
e6 13b 1a3 280 3ed 
206 549 530 359 de9 
20e 51f 54a 36d 36e 
29e 4a4 4a5 3d5 a81 
fc 1c6 df 944 945 
291 4cc 497 a46 c7b 
f5 19e 136 1539 153d 
de ef 1cd 1623 162b 
c5 1ae 146 1790 1791 
206 54a 530 355 359 
28e 4b3 4b7 a32 a34 
272 4b1 4f1 c22 c24 
1d7 258 370 ed2 f71 
182 44b 215 10ac 1390 
15d 153 15b 14be 15a6 
f3 139 19e 154d 1553 
d6 1a9 140 169a 16a0 
bc 206 52f 17f2 17f6 
101 166 181 298 299 
206 530 bc 3dd 17f2 
161 c6 1a1 9a0 1785 
272 4b2 4f1 c1e c22 
203 540 541 dee def 
15d 24b 405 11d7 11da 
138 226 474 12b9 12ba 
f7 136 19e 151e 151f 
f1 1a9 126 1566 16a5 
2a3 49b 4a7 a9f aa4 
203 542 540 dee df0 
be 296 40f 17d8 17db 
bc 207 530 244 3dd 
203 541 542 dee 153f 
1f7 38b 23c e1f 1072 
11e 500 1ee 13bb 15f0 
508 502 240 801 d37 
2af d1 3cc 96b 16eb 
2a3 4a9 49b a9f aa2 
2a3 49d 4a7 aa4 d8b 
1ec 25c 357 e55 e58 
f7 139 19e 1517 1522 
f5 4fe 204 1537 1538 
c1 279 448 17c2 17c7 
26b 18 29b 23 27 
46a 2db 46b 9bb ba4 
14b 14c 16b 1243 1593 
1a0 146 e8 92e 15b6 
29e 4a5 4ab a83 a86 
2db 46c 46a ba4 ba5 
2f4 46f 435 bf2 d5d 
2f7 3ce 4d0 bfb bfd 
ec 11a 1b4 1589 158c 
105 102 1b4 25b 2a0 
ed 1b4 11a 285 158c 
127 184 140 7ed 1377 
161 1a1 cc 99f 1731 
17a 112 169 9aa 1425 
46b 2db 46c 9ba ba4 
19f f8 13a 914 150b 
1a0 e8 148 92d 15b7 
211 231 38c dc9 dca 
d7 1c9 107 1686 1687 
c4 1bb 136 17ab 17ac 
105 104 1b4 27b 2a5 
12b 12a 18e 3fd 1340 
240 502 50d 801 135f 
1a9 141 de 955 1621 
2f4 454 453 bf0 14c6 
167 24b 403 1183 1189 
12a 159 177 1347 1349 
10f 166 17e 1438 143c 
e6 1c2 108 283 15df 
350 223 247 343 3f7 
1bb 523 168 892 893 
1c8 23d 3bf f10 f11 
132 134 186 12fc 1666 
114 197 130 1410 1639 
10c 142 192 1473 1474 
e0 13a 1ac 160a 160b 
5d 2c0 1bf 723 725 
1bb 524 168 893 12d2 
121 10e 1a2 8f3 1450 
c9 18c 18f 98a 175f 
109 156 18a 148c 1497 
207 546 53e 35a 35b 
190 18b c9 98f 990 
28e 4b3 4c3 a30 a36 
1fa 3d1 21c e17 1040 
117 17a 169 13f9 1425 
266 288 47 124 717 
127 140 187 1373 1378 
26f 83 22a 13c 7a5 
2b6 49d 48b b09 de1 
183 446 21e 10aa 1135 
155 470 220 1217 132d 
f4 120 1b1 1548 1549 
cf 1b0 147 1709 170c 
288 49 266 122 124 
508 50d 240 800 801 
109 156 18c 904 149a 
fe 1c9 e7 931 932 
2b6 48b 49e b09 e6e 
167 42b 23a 1187 118b 
155 220 471 1217 14aa 
c4 111 1d1 17a0 17a1 
1a3 13a f8 913 150b 
112 c4 1d1 9a9 17a8 
2a3 4a7 4a9 a9f aa0 
100 17c 17e 14cb 15f1 
100 52d 1ed 14d2 14d3 
bc 207 53e 243 244 
115 174 178 2b3 70c 
210 53c 53b dcf dd2 
c9 12c 1c2 1757 175a 
4e9 523 246 812 ef0 
1aa 431 217 fbb fbe 
164 4f9 1d6 1194 139c 
11b 1ee 512 13da 13dc 
c3 1ba 143 17ba 17bb 
fa 13b 1a3 3ed 3f2 
26f 22a 88 732 7a5 
210 53e 53b dd2 10e1 
ff 116 1b3 14de 14e0 
f9 1a4 13b 288 3ef 
53e 53c 210 881 dd2 
2c1 48a 48e b39 b3c 
1aa 217 433 fbb 10a8 
11f 12f 197 13b7 162e 
f9 13c 1a4 28a 3f0 
fa 13b 1a4 296 3ef 
18f 156 109 904 1498 
2c4 480 493 b3f b40 
1c8 23d 3ca f11 14a3 
157 52f 1c3 1209 12b3 
111 136 19b 142f 17ae 
fa 1a4 13c 242 3f0 
206 546 54a 355 357 
2c1 48e 48c b38 10ef 
2c4 494 480 b3f c31 
11e 1f2 50b 13c3 13c7 
111 19e 131 142a 1795 
d3 2d4 392 16ce 16d4 
2b4 36 22a 13e 140 
4cf 4e2 276 9be 9f9 
22b 545 502 d35 d36 
19a 272 390 ffb ffe 
e7 1c9 106 15d4 15d7 
11e 17e 166 13c1 13c6 
e7 107 1c9 15d6 15d7 
206 549 54a 358 359 
1a0 208 460 fe7 125e 
d7 118 1c9 1686 168a 
25c 1eb 36e 898 e69 
276 4b5 4ff 9f6 9f8 
17d 1a6 548 10c8 10c9 
116 19b 136 1403 17ad 
7f 2ad 1bf cd 71c 
4f5 247 51e 321 389 
384 255 1e4 825 16fe 
25c 36e 1ec 899 e55 
1ae f6 131 9a1 9a2 
29f 4c7 49c a88 d92 
2ea 467 466 bd3 f63 
111 19e 136 142f 1539 
f1 140 1a9 1565 16a0 
ea 1c9 107 15a0 15a3 
2ad 80 1bf cd ce 
22a 520 52e 376 377 
29f 497 4cd a8a c76 
256 4cc 52a c7d c7e 
e8 138 1b2 15c1 15c2 
12b 13e 18e 2cb 3fc 
22b 545 508 d32 d35 
1ef 239 3b3 e41 e42 
f4 12f 1b1 1547 1548 
ac 218 26b 12a 12c 
1bf e4 124 23a 264 
150 547 1bf 30b 310 
22b 509 545 d32 1175 
211 23c 38c dca 106c 
173 464 21f 10ff 1100 
be 296 42b 17d2 17d8 
26b ad 218 12c 12f 
2b6 49c 49d b0a d8d 
4e1 545 240 82e cdb 
1ab 522 19f 85a 85b 
290 4d9 4ad a3a a3b 
2b6 49e 49c b0a f83 
1ae 459 208 fa1 fa2 
1aa 3ef 23f fbc fbd 
183 458 21e 10a2 10aa 
cb 1e3 f7 1749 174a 
29f 49c 4cd a88 a8a 
2b6 49e 49d b09 b0a 
1a0 468 208 fe7 1421 
1ac 13a f8 914 160b 
df 11f 1c6 945 161b 
291 4ba 4cc a44 a45 
1a7 212 44e fcb fcc 
19f 1ac 522 fec fed 
167 43e 23a 117f 1187 
f6 463 260 1524 1527 
1a4 108 13b 288 2a9 
166 123 181 298 8de 
163 4fb 1de 119e 1327 
fb 184 186 1504 1505 
2f4 46f 453 bf1 bf2 
17d 1ab 548 10c6 10c8 
136 4dd 204 12ca 1520 
e3 102 1d4 259 3e4 
39c 248 1f0 81e e3d 
1de fb d6 952 953 
211 3a9 231 dc9 dce 
12f 130 197 1312 1632 
12c 456 24d 132e 132f 
1bf 181 51e 2b9 30f 
44 22a 2b4 72d 72f 
44f 1a8 213 852 fc6 
211 231 3aa dcd dce 
113 19a 147 1415 1653 
10c 15e 192 146a 1473 
20e 548 549 36c fb5 
359 2ac 16d 88a 114d 
10e 1ed 536 1453 1454 
20e 54a 548 36c 36e 
41c 22e 1a7 857 fd0 
172 196 f2 920 921 
1ae 461 208 fa2 1261 
10c 193 15e 146a 146c 
c1 434 295 17c4 17c8 
e5 1b4 144 275 279 
fa 1a3 151 291 3f1 
20e 54a 549 36b 36c 
493 2c4 494 9fb b3f 
e8 146 1b2 92e 15c1 
1eb 25c 37e e63 e69 
ca 1a6 17d 7eb 987 
213 1a8 454 852 14c4 
f8 143 1ac 150d 17bd 
e9 1c9 118 15b5 168a 
12a 178 179 2c4 2c5 
1b2 148 e8 92d 15ba 
256 4cc 53a c79 c7d 
f7 202 528 1510 1519 
ea 118 1c9 15a2 15a3 
2e4 47a 471 bc6 d96 
256 4cd 53a c77 c79 
19a 272 3a6 ffe 12da 
14f 235 46b 1220 1225 
131 199 132 12ff 1300 
11d 1ed 52d 13cb 14d3 
cd 1cd 12e 1726 172b 
115 1a3 13b 2aa 3f2 
1ea 49e 1b3 848 849 
198 170 f6 919 152b 
2c1 4a8 48a b33 b34 
2e4 471 47b bc6 d61 
164 1d6 515 1194 1197 
15a 299 399 11ea 11ee 
19f 1ac 52f fed 12b6 
137 1e2 52b 12c8 12c9 
3e 2c0 223 71e 720 
ec 1b4 144 8ba 158d 
2c1 48a 4aa b33 b39 
16d 50e 1d6 1148 114a 
15c 299 399 11de 11ea 
132 199 134 12f4 1582 
125 182 16f 138b 1393 
112 146 1a0 1422 15b6 
fd 1ac 143 14f6 17bc 
f6 146 1ae 152d 1791 
1b4 ed 144 275 158d 
1a8 234 418 855 fc8 
299 4c6 4bf a75 a76 
225 232 39f d4a d4e 
137 1e3 52b 12c9 1512 
133 134 199 12ed 1581 
121 525 1f1 13a5 13a6 
120 526 1f1 13ab 13ae 
543 246 4e9 811 812 
d7 14b 1bc 94f 950 
3ae 2d4 d3 95e 16d4 
2c1 4ac 48a b34 b3a 
2c1 4aa 48c b37 b38 
26d 4e1 4fd c2f 1141 
167 24b 42c 1189 118c 
163 1de 50a 119e 1500 
15d 23e 450 11d0 11d3 
133 4ee 204 12f1 12f3 
12c 18b 158 1330 175e 
129 159 18c 134b 1353 
121 526 1f1 13a6 13a7 
120 527 1f1 13ae 13af 
1a0 112 148 15b7 177c 
de 122 1cd 1620 1623 
ce 283 455 1718 1719 
c1 125 1da 17cb 17cf 
1a3 104 151 291 2a8 
14c 1bc d7 94e 94f 
175 1e6 4e9 10f2 10f9 
133 204 4ef 12ee 12f3 
12a 159 18c 1345 1347 
ff 1b2 138 14d8 15c2 
e8 1d1 111 15bf 17a1 
c3 154 1c2 17c0 17c1 
22a 520 546 375 376 
290 4ed 4ad a3b a40 
2c1 4aa 48e b38 b39 
173 412 253 1102 1105 
129 159 18d 1353 1356 
e8 112 1d1 15be 17a8 
2c0 42 223 126 128 
ca 17d 1ab 7eb 174c 
130 139 19a 130b 164a 
12a 18d 159 1345 134a 
143 e7 1ba 930 15ca 
16d 2ac 368 1147 114d 
157 159 177 120b 120c 
e0 1c2 13a 160f 1610 
cb 19c 19b 1742 1745 
c5 19e 19d 179b 179e 
106 1c9 107 92b 15d7 
158 1c2 c3 9ab 17b8 
2a1 4bd 4be a92 a93 
2e4 47b 47a bc6 c3c 
18b 24d 409 1056 1057 
16d 515 1d6 114a 1197 
2b7 175 34c 888 10f7 
196 110 164 8f1 1431 
c7 117 1e1 998 1771 
1b8 467 208 f69 f6d 
e7 1ba 145 15cb 15cc 
e0 13a 1c3 1607 160a 
c6 162 1bc 1781 1784 
104 1a6 151 2a6 2a7 
1b8 169 c8 991 992 
1b8 208 468 f69 1420 
1ae 21e 446 f9f 1134 
12c 190 155 132a 132c 
534 162 1cd 13d0 1570 
102 14f 1a8 14c2 14c5 
bf 1e7 115 de 3df 
1a6 105 151 2a6 3e2 
41c 22e 1b9 841 856 
1f0 3b1 248 e3d e3e 
135 139 19a 12db 12df 
10c 1aa 142 146e 1475 
c4 1bb 168 17aa 17ab 
1bf 101 124 264 3f4 
20c 1a4 476 2dc 326 
482 2d3 499 9d4 9d5 
2f3 46e 46d bef e18 
136 19b 137 12ce 151d 
c9 156 1c2 1759 175c 
2ab 40 257 133 134 
bf 22a 520 24b 24c 
115 149 1a3 2ab 2af 
476 1a5 20c 2dd 32d 
1cd 165 534 13cf 1557 
106 144 1ad 14b9 14bb 
e2 11a 1d4 15e7 15ec 
c1 448 295 17c2 17c4 
e6 1c2 13b 280 283 
108 155 1a4 2a9 14ac 
28e 4f4 4b3 a30 a37 
25d 506 503 c62 c63 
106 1ad 145 14b3 14ba 
c9 1c2 158 1759 175a 
26b 4c 29b 21 23 
4e4 4a4 29e 8b a81 
231 23c 38c d1f dca 
216 22c 3c7 da8 104a 
de 12e 1cd 161f 1620 
fc 11f 1c6 90e 945 
25d 506 505 963 c61 
28e 4b3 4f6 a34 a37 
29e 4e4 4a5 a81 a86 
2a2 4b9 4c8 a99 a9a 
171 425 250 111c 111d 
142 183 15f 1277 1278 
113 2c9 391 141a 141d 
cd 162 1bc 171c 1720 
13e 178 179 2e0 2e2 
4d5 1f1 180 873 10b2 
216 22c 3c9 da4 da8 
171 426 250 1119 111c 
e2 11e 1d4 15e6 15e7 
239 225 3a1 80f d50 
16d 2b9 359 88b 88d 
1de 184 4f8 8d7 8d8 
482 49f 2d3 9d4 b88 
28b 4e2 4cf 9e6 9f9 
240 502 545 cdb d36 
10a 1ad 145 1489 148a 
22a 52e 546 376 409 
4e 2b4 22a 736 738 
2a3 4a7 4db aa0 aa3 
1b9 418 234 f5e f5f 
14d 1bd e4 ac 266 
22a 547 52e 379 409 
1b2 ff 148 907 15ba 
28e 4b7 4f6 a33 a34 
298 4d9 4c0 a6d a6f 
15a 299 3ae 11ee 159d 
ef 1cd 122 1571 1623 
bd 2f5 393 17e9 17ee 
1bd 14e e4 ac 268 
115 151 1a3 2af 3f1 
2a3 4db 4a9 aa0 aa1 
230 231 3a9 d28 d2a 
1bb 1d0 4e0 f47 f49 
193 2aa 354 1023 1467 
110 195 172 1433 1437 
f4 203 541 153f 1540 
3aa 231 230 808 d2a 
29e 4ab 4e4 a7f a86 
171 45d 237 1111 1113 
136 204 4fe 12ca 1538 
f4 203 542 153e 153f 
172 110 196 920 1430 
eb 14b 1bc 950 1597 
457 28a d2 965 16e0 
2a3 4a7 4df aa3 d88 
1d8 43d 214 ec6 172c 
14c 17e 166 1238 13c1 
f2 1cd 122 1556 1559 
1ab 19f 549 85a 985 
4ff 4e2 276 9c0 9f8 
225 3b5 232 d4c d4e 
234 1be 418 f5f fc8 
171 45f 237 110e 1111 
dc 113 1e0 1645 164e 
29e 4e7 4ab a7f a80 
1b9 418 237 f57 f5e 
135 147 19a 12d7 12db 
cc 20a d0 1732 1739 
ea 2d4 3ae 95e 159e 
25d 503 512 c60 13d9 
1e1 1ea 48b e96 e9a 
1c3 1c5 4f3 f2f 1204 
120 1b1 12f 13b2 1548 
1c9 107 118 15a3 1686 
12b 13d 1a5 2c8 2c9 
13d 155 190 8be 12b0 
1ea 117 c7 998 177a 
25d 513 503 c60 c62 
1ca 213 451 f06 f0b 
d8 1bc 162 167f 1784 
d8 1ed 100 1680 1681 
be 214 cc 17de 17e0 
12b 1a5 13e 2ca 2cc 
161 1a2 10e 8f3 144f 
18f 18c 109 903 904 
2ac 4b7 4c2 acf ad0 
26d 4fd 4fa c2e 12e6 
1d8 214 442 ec6 1116 
11e 548 1ee 13ba 13bb 
da f1 1f4 1661 1665 
42e 1b9 22e 841 f58 
2c1 34c 175 888 10f6 
29f 4c7 4cd a87 a88 
2a2 4b9 4d5 a98 10bb 
25d 513 505 c61 16d1 
1ae 459 21e f9f fa1 
19a 139 147 12db 1652 
106 1ad 154 14ba 14bb 
fd 143 1ba 14f8 17bb 
c4 1bb 17a 17a4 17a9 
1a6 548 1ab 330 10c8 
28e 4f4 4c3 a2f a30 
25d 506 513 c61 c62 
174 1a4 fa 241 296 
1c2 f8 13a 913 1610 
17d ed 1a6 987 988 
214 be d0 9b5 17e0 
2c1 4a8 4aa b32 b33 
1e4 265 397 e7c e7d 
ce 3f9 2bf 1714 1715 
e8 205 c5 9a7 9a8 
272 4b1 540 c24 c25 
11c 1ac 143 13d7 13d8 
fe 145 1ba 14f2 15cc 
4e4 29d 4b8 89 3d6 
f5 111 1d9 91b 153b 
2c1 4a8 4ac b34 b35 
26d 51b 4e1 c2f 1362 
1c5 1c8 4f2 f26 f27 
128 184 186 135e 1369 
10a 1ad 154 1487 1489 
fe 2da 395 14e4 14ea 
eb 14b 1c1 1595 1596 
d2 28f 457 16e1 16e3 
224 463 19d 85c 85d 
177 12a 18c 8d2 1347 
126 141 1a9 955 1384 
233 539 538 d13 d14 
1be 42e 22e f42 f58 
147 139 19d 948 949 
1c2 156 e0 9ac 160e 
491 2dc 48f a47 ba6 
233 53a 538 d14 12c2 
1ad 420 23e fa3 fa4 
113 1b0 147 1413 1415 
f2 12e 1cd 1556 172b 
239 3b3 225 80f 810 
1de 184 50a 8d8 90f 
268 531 4d8 c47 c48 
233 539 53a d14 d15 
10f 110 1ce 1448 144a 
e8 1ea ff 15b8 15b9 
288 266 68 122 741 
158 e0 1c2 9ab 9ac 
268 4d8 532 c47 f32 
1de 194 4fb 1323 136e 
128 188 184 1358 135d 
109 1c5 129 148e 14a1 
d7 1c9 153 1687 168b 
12a 179 18d 1341 1344 
102 16b 1a8 14c1 14c2 
fe 2da 39a 14e2 14e4 
f3 199 198 154b 154c 
da fb 1f4 1660 1661 
12a 18e 178 2c4 3fd 
4e 22a 2be 733 735 
1c9 145 e7 931 15d4 
e9 1c1 153 15a8 15a9 
e6 1c2 154 15de 15e0 
12a 179 18e 2c4 1341 
178 18e 12b 3fc 3fd 
ec 16b 1b4 8b9 1589 
1ab 19f ca 986 174d 
e8 19b 19e 15c5 15c6 
13b 13d 1a4 2d4 2d5 
543 168 1d2 894 117a 
2d3 49f 499 9d4 e92 
48f 2dc 497 a4b ba6 
15d 24b 45c 11da 11db 
eb 153 1c1 1596 15a9 
e0 158 1c4 1608 160c 
d8 1ed 10e 167c 167e 
d6 12e 1de 169b 16a1 
1bd 429 235 337 1222 
544 1d2 168 894 117e 
373 2e8 10d 8f5 8f6 
2dc 496 491 ba7 16bc 
25d 512 513 c60 10cc 
143 10a 1ba 15ca 17ba 
150 1f2 51d 30d 30e 
143 10b 1ba 92f 930 
2dc 497 491 ba6 ba7 
16a 1d2 543 1171 1173 
116 136 1bb 1404 17ac 
f6 1ae 170 152c 152e 
547 22a 546 408 409 
113 2d7 391 1416 1418 
10a 1ba 145 1482 15cb 
51f 1f2 150 1 30e 
2a2 180 38f 875 10bf 
14c 100 1bc 94e 14ca 
16a 545 1d2 1172 1173 
142 192 15e 127c 1473 
10c 193 192 1469 146a 
cc 214 d0 1733 17e0 
14e 430 26b 306 307 
2c0 4b4 4af 3c2 3c3 
44 2ad 26f 739 73b 
10d 1b7 14a 8f8 145b 
e2 1ee 107 93b 15f2 
1ed 118 d3 960 961 
298 4da 4d9 a71 a72 
2de 48c 49b bb0 10ec 
268 4e2 531 c43 c44 
1f3 433 217 e2f 10a7 
1e1 1ea 49f e95 e96 
1ab ca 1a6 3e1 7eb 
161 121 1a2 8f3 8f4 
166 50b 1f2 118f 13c7 
cb 135 1e3 173a 173f 
cb 137 1e2 1741 1746 
13b 108 1c2 283 14a6 
496 497 2dc 9d1 ba7 
290 4ec 4d9 a3c a3d 
268 533 4e2 c43 c4a 
16e 1d2 544 113f 117e 
e3 101 1f2 256 261 
290 4d9 4ed a3b a3d 
157 159 18c 120c 120d 
f3 199 19e 154e 154f 
e9 1c1 15d 15a7 15a8 
cb 1e3 137 1741 1749 
17c 1ee 500 879 938 
1ad 221 469 fa6 fa8 
cf 397 2f9 170e 170f 
cd 1cd 162 171d 1721 
d8 118 1ed 1682 1684 
cb 139 1e3 173f 174a 
403 24b 1c1 83a f3b 
172 196 12d 921 131c 
1aa 23f 432 fb9 fbd 
170 260 42a 1122 1123 
10e 20b 536 1452 1453 
cd 1cd 165 97e 1728 
1b8 21e 467 f6c f6d 
1ad 21a 47a fa9 fad 
138 463 260 12c0 1524 
f3 19e 19d 154d 179b 
ce 415 2bc 1711 1716 
cb f7 205 1748 174b 
214 21d 40e db1 db5 
121 525 20b 13a2 13a3 
113 2c9 3b7 141d 141e 
dd 201 ee 1630 163c 
1fb 1fa 46d 868 869 
205 ff c5 9a5 9a8 
24a 258 363 cb3 ed3 
217 222 402 d9d d9e 
1ca 451 221 f0a f0b 
f7 19e 19b 151e 1521 
e9 153 1c9 15a5 168b 
c4 1d1 168 17a0 17a3 
101 1bf 150 297 3f3 
398 265 1fc 819 e04 
510 219 11c 8e1 13d5 
1ef 3b3 25e e41 e46 
159 210 4e5 11ef 11f4 
129 18c 18d 1352 1353 
df ee 201 161c 161e 
d4 27b 494 16c0 16c4 
495 27b d4 959 16c4 
25e 1f0 3b3 e46 10bc 
12a 18d 18c 1342 1345 
e8 1d1 146 15be 15bf 
154 f8 1c2 15e0 17c1 
2be 4b8 4bb 3c4 76b 
26d 4fa 51b c2e 1096 
13e 178 18e 2e2 3fc 
1de 140 d6 953 169a 
1ac 1c3 52f fb4 12b5 
12b 3d2 2b2 1339 133a 
ff 19b 19c 14d4 14dc 
e8 116 1ea 15b8 15bb 
df 201 f1 161d 161e 
dd f3 201 1637 163e 
ce 2bf 415 1711 1715 
13c 478 257 2da 2db 
13e 18e 179 2e2 2e3 
18f 129 18c 903 134f 
2de 48c 4a9 bae bb0 
16c 358 2cf 1155 1157 
131 1ae 146 1304 1790 
12a 18e 18d 133f 1341 
e8 1ea 117 15c3 15c4 
223 2c0 5a 128 720 
543 246 523 812 117d 
26d 51b 4fd c2e c2f 
15f 16f 183 11ba 11bc 
f1 1f4 fb 1567 1661 
102 16b 1b4 3e5 14c0 
fe 145 1c9 931 14e8 
e7 15c 1c9 932 15d6 
1ff 349 28e df9 dfa 
1ac 1c3 532 fb2 fb4 
e9 1c9 15a 15b3 15b5 
d2 474 28f 16e1 16e2 
cf 3a3 2f9 170b 170e 
2c1 48c 4e6 b37 b3b 
15c 399 2b8 11de 15f3 
127 187 194 136c 136f 
113 3a4 2d7 1416 1417 
ea 15a 1c9 15a1 15a2 
e9 1c9 15b 15a5 15b3 
e2 1d4 14c 15e6 15eb 
190 12c 18b 98f 1333 
4ec 298 4d9 a3c a72 
298 4c0 505 a6d a6e 
22f 244 3af d2b 17f0 
548 261 4eb dd5 13bd 
170 260 436 1123 1523 
e3 1d4 14d 259 3e6 
155 13b 1a4 2a9 2d5 
11a 1ee e2 93b 15e8 
298 4da 4ec a72 ddd 
299 4bf 505 a73 a74 
166 1f2 51d 118f 1190 
ea 15c 1c9 15a0 15a1 
241 266 35b 37b 37d 
3a4 1b0 28a 84d f92 
299 4bf 506 a74 a76 
18a 3cc 289 1069 16f1 
de 1cd 161 1627 162b 
155 13d 1a4 2d5 12ad 
513 17c 1ed 87a 10ca 
1ad 221 47a fa8 fa9 
18a 289 3cd 1069 106a 
162 1ed 52d 119f 13cb 
157 4f2 210 120a 120f 
11f 12f 1c6 13b6 13b7 
100 1bc 162 14cc 167f 
241 35d 266 37b 37c 
512 1ee 17c 879 13dc 
1ed 17c 514 87a 14ce 
1da 131 f6 918 9a2 
290 4ec 4ed a3d a3f 
10d 160 1b7 1455 1457 
d1 3c1 2ec 16ea 16ed 
372 2a1 1b7 847 f6f 
1ec 357 294 e57 e5e 
17d 1ee 512 10c4 13da 
159 210 4f2 11f4 120f 
135 1b0 147 12d7 1709 
e2 11e 1ee 15e8 15f0 
f8 19f 1a3 287 150b 
1b7 2a1 373 847 1459 
1c4 fd 158 90c 1608 
2b8 4c6 4c5 b12 b13 
106 145 1c9 14b6 15d4 
c9 190 1c2 1755 1757 
299 504 4c6 a77 a78 
121 20b 536 13a2 1452 
106 144 1ca 14b8 14b9 
cf 147 1e4 1706 170d 
151 149 1a3 2af 2f1 
17a 1d1 c4 9a9 17a2 
299 4c6 506 a76 a78 
1a7 46c 22e fd0 fd3 
11a 1d4 11e 13e6 15e7 
25e 225 38f 874 d52 
be 40e 2d2 9b6 17da 
244 248 39c ccf cd0 
1b2 472 226 f84 f87 
11c 219 522 13d2 13d5 
108 1c2 155 14a6 14a8 
ee f1 201 1584 161e 
c6 161 1dd 177e 1782 
22c 241 3c3 80a d31 
1d8 24b 403 83a 1183 
146 138 1b2 917 15c1 
49b 2de 4a9 aa2 bb0 
2a3 4df 4db aa3 eeb 
1ec 297 357 e58 e5e 
10a 154 1c2 1488 17c0 
c6 1dd 162 1781 1782 
be 40f 2d2 17da 17db 
17d 11a 1a6 988 13e3 
533 276 4e2 9c0 c4a 
256 52a 52b c7c e89 
244 39e 248 cca cd0 
22c 241 3c4 d31 10da 
1b2 474 226 f87 12ba 
162 536 1ed 119f 1454 
c7 148 1ea 1779 177a 
34e 2b7 1b7 842 f70 
2b0 4d4 4ce aeb aed 
23f 25c 37c ce0 ce8 
10d 169 1b7 1457 145b 
170 1da c1 9b4 17ce 
23f 37d 25c ce7 ce8 
c8 2d6 400 1767 1768 
1ca 221 469 f0a fa6 
157 18c 177 120c 1211 
13a 52f 206 12b7 17f6 
d1 2ec 3cc 16ea 16eb 
20d 327 2cb 8e 8f 
14e 452 26b 307 308 
29d 4e7 4e4 3d8 9ce 
2b0 4d3 4d2 9f3 aef 
2b0 4ce 4d7 aec aed 
52a 4ba 291 9c8 a45 
28e 4f4 4f6 a37 101b 
2a1 507 4bd a92 a95 
2b0 4d2 4d4 aee aef 
212 222 421 dc2 dc4 
18c 159 177 120c 1347 
111 19b 19e 142f 15c5 
4e7 4e4 29e 9ce a7f 
2a1 507 4be 9d3 a92 
2b0 4d3 4d4 aef af3 
212 222 422 dc4 12a3 
ff 116 1ea 14e0 15b8 
cd 162 1dd 1720 1721 
ca ed 219 174e 174f 
161 1cd ef 928 162b 
2a1 509 4bd a95 a97 
fe 15a 1c9 14e7 14e9 
12e 122 1cd 1556 1620 
ef 1cd 162 928 1570 
153 1c9 106 92b 14b5 
1b8 112 169 991 1424 
2f8 490 489 9c6 9cb 
16c 2db 358 1155 115a 
fe 1c9 15b 14e7 14e8 
153 107 1c9 92b 1687 
1a0 1b2 e8 92d 92e 
fe 1c9 15c 932 14e9 
2b0 4d7 4d3 af2 af3 
230 251 3a9 d27 d28 
18b 24d 456 1057 132f 
133 203 542 12ea 153e 
266 29d 6c ad 23e 
123 124 1d3 2b5 3f5 
12b 1a5 178 2cc 3fa 
2b0 4d4 4d7 aed af3 
231 3a9 251 d20 d28 
175 20f 4e9 10f9 10fd 
12d 194 196 1319 131e 
11a 1b4 16b 13e4 1589 
106 1ca 153 14b8 14bf 
cc 171 1d8 1730 1734 
230 3ab 251 d27 14f0 
4ee 26e 542 df1 12f0 
19f 1ac f8 914 915 
1e1 209 48b e9a e9d 
1bb 1d0 523 f46 f47 
298 505 4d9 a6d a71 
15b 2c5 39a 11df 11e4 
e3 1a6 1b4 25c 25d 
e3 1d4 166 3e6 15e4 
f2 165 1cd 97e 1557 
e8 205 ff 9a8 15c7 
298 505 4da a71 16cc 
2c1 4e6 4a8 b32 b35 
256 53a 52a c7c c7d 
144 154 1ad 126e 14bb 
12e 1a9 172 1316 1318 
1f2 181 51d 30d 1190 
25a 520 53d 395 399 
2b1 4d7 4d8 9da 9ea 
256 52b 53a c7c 12c4 
154 145 1ad 1489 14ba 
106 15b 1c9 14b5 14b6 
dd 114 201 1636 1637 
1e7 53e 177 91 92 
25a 53e 520 398 399 
29d 4b8 520 3d9 3da 
2c1 4aa 4e6 b32 b37 
1ec 294 36f e57 e5a 
111 131 1d9 142a 142e 
f7 137 1e3 1512 1749 
da 1f4 132 1664 1665 
ca f8 219 1751 1752 
1de d6 163 952 169b 
2d3 417 c7 999 99a 
1b9 237 45d f57 1113 
142 15f 1aa 1277 1280 
15c 107 1c9 15a0 15d6 
e2 1d4 16b 15eb 15ec 
2b4 4bc 4f0 3cb 774 
2c1 4ac 4e6 b30 b35 
1d0 1e6 4e9 ef5 ef6 
1be 46b 22e f40 f42 
f7 1e3 139 1511 174a 
1d4 102 14d 259 29d 
1a4 13b 174 296 2d1 
1de 140 fb 910 953 
c1 1da 182 9b4 17cf 
2c7 4c4 4c3 b53 b54 
272 540 4f1 c24 df5 
106 15d 1ca 14bc 14bf 
100 1ed 11d 14d1 14d3 
d4 291 490 16c5 16c6 
177 53e 1e9 91 880 
28b 4cf 531 9e6 9e7 
2b7 4ea 4be b0c b0d 
2ce 4c9 4b1 b6b b6d 
1ea 209 48b e6c e9a 
1f1 17f 526 13a7 13ab 
d4 491 291 16c2 16c6 
102 14f 1d4 29d 14c7 
14a 1d1 10d 8fc 145e 
111 146 1d1 142c 15bf 
291 52a 4cc a45 c7e 
2c1 4ea 4ac b30 b31 
1d8 23a 43d ec5 172d 
128 240 4e1 1363 1365 
112 1d1 146 1428 15be 
c1 185 1da 17ca 17cb 
ed 1b4 1a6 284 285 
14a 1d2 10d 8fb 8fc 
213 221 435 dba dbb 
1d8 43e 23a ec5 117f 
131 199 198 12fe 154b 
d4 490 293 16c5 16cb 
51f 150 20e 1 4 
224 1e0 463 85c ea3 
2f8 489 4a1 9f5 bff 
11a 1ee 107 92a 93b 
42a 170 279 9b2 1122 
2f8 489 4a2 bff c01 
16c 2db 36a 115a 115b 
164 16d 196 1196 1199 
2b1 4d7 4e3 9ea 9eb 
2dd 4b2 4b0 ba9 baa 
1e1 49a 209 e9c e9d 
1e0 465 224 ea3 ea8 
1c1 45e 237 f38 f3d 
107 11b 1ee 14ae 14b1 
dd 201 11f 162f 1630 
be cc 23a 17df 17e1 
e5 21a e6 26c 26d 
384 1e4 293 825 e7e 
2b1 4e3 4d8 9ea af7 
1c1 237 45f f39 f3d 
18c 159 18d 1345 1353 
1a5 13e 178 2cc 2ea 
181 101 1bf 3f3 3f4 
507 20f 16a 890 116f 
18f 18c 156 904 175f 
495 d4 293 959 16cb 
533 4ff 276 9c0 9c1 
2ac 50f 4b7 ace ad0 
ff 19b 1b3 14dc 14de 
df 11f 201 1619 161c 
2c0 4f0 4af 3c3 765 
16c 358 2e6 1157 1158 
ff 19c 1b3 14db 14dc 
bc 13a 206 246 17f6 
290 381 1f0 81f e3b 
15b 3ac 2c5 11df 11e0 
be 23a d0 17d9 17e1 
25d 505 d3 962 16d1 
1ad 23e 469 fa3 fa7 
bf 520 25a 249 24e 
1ff 28e 378 866 dfa 
1be 235 46b f40 1220 
1c9 118 15a 15a2 15b5 
e8 1ea 148 15b9 15c3 
bf 178 1e7 dd 247 
26f 2e3 1c 13a 14e 
2b4 22a 88 13e 72f 
225 25e 3b3 810 d52 
1cc 10d 160 8fa 1456 
2d3 c7 427 999 176d 
2ed 4a3 4a6 bdb bdc 
12c 155 1c2 132a 132b 
2c0 4f0 4b4 3c1 3c3 
199 131 19e 8c8 154f 
219 ed e7 934 15d1 
2a2 527 4b9 a98 a9a 
135 3a6 2dd 12d6 12d9 
116 1bb 17a 1407 17a4 
bf 178 1e8 24d 250 
17f 1c6 fc 90d 90e 
138 205 c5 9a5 9a6 
1ca 23e 450 f09 11d0 
15e 191 187 11ce 11cf 
135 3a7 2dd 12d3 12d6 
26b 2cc 4c 1f 74b 
372 1b7 2b7 842 f6f 
496 1b3 227 84a f7a 
214 449 21d db3 db5 
1ef 3b0 27c e3f e40 
173 464 260 1100 1101 
12c 158 1c2 1331 175a 
91 29b 257 6fa 7a6 
1e0 412 253 ea2 1102 
15e 192 187 11cc 11cd 
f3 201 114 1552 1637 
92 257 29b 73e 7a6 
2ac 50e 4c2 ad1 ad2 
2b9 4f5 4c1 b19 cbf 
1fd 23e 420 e00 fa4 
14f 1a8 16b 122b 14c2 
1f4 f1 132 924 1665 
28b 531 4e2 9e6 c44 
2ac 50f 4c2 ad0 ad1 
1ef 3b3 27c e40 e42 
175 507 20f 10fb 10fd 
15e 193 187 11cd 11ce 
125 132 1da 138c 1394 
129 1c5 159 134b 1350 
e6 1c2 1a3 27e 280 
179 178 18e 2c4 2e2 
113 1b0 19a 1415 1419 
19b 136 19e 142f 151e 
169 10d 1cc 8fa 145d 
208 21e 459 de8 fa1 
1ef 296 382 e49 e4c 
cb 205 139 1743 174b 
25a 53c 53d 396 c6f 
14c 1bc 14b 94f 1240 
1f8 c9 156 98b 98d 
2b1 4f3 4d8 af7 f2d 
10f 1ce 164 143e 144a 
201 ee 11f 161c 1630 
dc 1e0 173 1645 164c 
25a 53e 53c 396 e74 
15e 36b 2eb 7ef 11c5 
4e6 2de 48c b3b bae 
1ad 420 269 fa5 fab 
110 164 1ce 1434 144a 
cc d0 23a 172e 17e1 
c1 215 125 17cc 17d1 
25a 53d 53e 396 399 
29d 4b8 53d 3d6 3d9 
1d5 2b9 359 88d ede 
158 1f8 c9 98d 98e 
10f 1ce 166 143d 143e 
d3 25d 513 16d1 16d5 
e5 21a f9 26d 26e 
1b4 104 1a6 284 2a5 
e0 1c3 1ac 941 160a 
1e4 397 293 e7c e7e 
193 37a 2ca 1024 1025 
17d 548 1ee 10c4 10c7 
139 19e 19d 12b8 154d 
11e 1d4 14c 13c2 15e6 
ce 2bf 455 1714 1718 
29b 430 13c 9f a0 
1a6 105 1b4 25c 2a5 
21a e6 f9 26d 15dd 
290 4ec 525 a3f dd9 
13b 1c2 155 2d6 14a6 
12b 2d8 3c8 8cf 133e 
290 4ed 525 a3e a3f 
217 245 402 d9c d9d 
136 168 1bb 12d2 17ab 
11a 11e 1ee 13e5 15e8 
d8 1ed 162 167e 1680 
1bd 14e 14d a9 ac 
102 1d4 16b 3e5 14c7 
2f8 489 4ba 9c6 9f5 
2b7 4be 507 9d3 b0d 
2a2 527 4c8 a9a a9c 
2f8 4a2 4a1 bff c00 
268 531 532 c41 c47 
15e 191 193 11c9 11ce 
131 132 1d9 12ff 1301 
f5 1d9 16e 153a 153b 
1bd 14d 14f a9 2fd 
123 1d3 14d 2b8 3f5 
2b8 4c5 4ff b10 b11 
268 533 531 c41 c43 
217 222 44a d9e da0 
237 1d8 45f f39 110e 
15e 192 193 11cd 146a 
1bd 14f 14e a9 300 
e3 1f2 150 256 257 
124 14d 1d3 2be 3f5 
247 4f5 123 8d9 8da 
268 532 533 c41 fb1 
213 221 451 dbb f0b 
13a 157 1c3 12b2 12b3 
131 1da 132 1300 1302 
12d 12e 1de 1322 1324 
116 1b3 19b 1400 14de 
132 134 1d9 12f4 12fd 
10d 1d1 169 145d 145e 
239 3b3 25e 810 e41 
3e4 2f9 d2 968 16db 
2b1 4e3 4f2 af6 f15 
24a 280 35e cab cb0 
1a0 270 428 fe5 176c 
191 355 2e1 1034 1036 
18b 40b 289 1060 1061 
142 183 1aa 1272 1277 
11d 162 1cd 13ce 13d0 
f1 1f4 140 1564 1567 
f6 170 1da 919 152e 
1de 163 fb 952 1500 
2b1 4f3 4e3 af6 af7 
212 421 23b dc0 dc1 
15b 2da 39a 11e4 14e2 
1d2 16a 10d 8fb 1462 
1ea 148 ff 909 15b9 
299 503 504 a79 a7a 
2b8 504 4c5 b10 b12 
1d7 347 2c6 ecb ecf 
128 240 502 135f 1363 
111 1d1 168 1429 17a0 
2e7 257 40 133 142 
1a5 274 41e 32a 32c 
2f8 4ba 490 9c6 9c7 
504 2b8 4c6 a77 b12 
208 467 21e de8 f6d 
11d 1cd 165 13cd 13cf 
cb 205 147 173e 1743 
290 39c 1f0 81e 81f 
1a1 cc 1d8 982 172f 
1d1 169 112 9aa 1427 
299 503 506 a7a c63 
2d5 4c8 4c9 b8d b8e 
3d2 2d8 12b 8cf 1339 
415 ce 2e5 977 1716 
299 504 506 a78 a7a 
24a 280 363 cb0 cb3 
1c2 f8 1a3 27e 913 
13a 1a3 19f 2ce 150b 
505 506 299 963 a74 
2e5 416 ce 976 977 
222 402 245 d58 d9d 
109 18c 1c5 148e 1499 
29f 539 4c7 a87 d89 
211 28b 388 dc5 dcc 
1ca 469 23e f09 fa7 
14b 153 1c1 123f 1596 
3ae 2d4 15a 8a5 159e 
1b7 169 14a 8b0 145b 
1d1 16e 111 8f0 1429 
230 394 276 d21 d24 
11f 1f1 120 13b8 13b9 
22a 2b4 a5 140 738 
4d5 2a2 527 872 a98 
18d 18e 179 87d 1341 
3af 15a 2d4 8a5 11e6 
4a9 2de 4db aa1 bad 
15e 2eb 37d 11c2 11c5 
13f 195 1a7 129a 12a1 
ee 132 201 1583 1584 
e6 21a 108 15dc 15dd 
c3 fd 231 17b4 17b6 
124 181 1bf 2b9 3f4 
127 140 1de 7ed 1373 
4c1 2b9 50e 9dd b19 
157 53b 210 1205 120a 
109 3cf 2ed 149f 14a2 
fb 140 1f4 1506 1567 
12b 3c8 2e0 2c7 133e 
4b0 4a2 2f8 9f0 9f1 
1c1 45c 24b f3b 11db 
14e 430 29b 305 306 
2d1 4d1 4d0 b7f b81 
f1 201 132 156b 1584 
240 50d 128 8d5 135f 
29f 4cd 539 a87 a89 
29f 4cd 53a a89 c77 
1a6 11a 1b4 285 2b4 
1ed 17b d3 95a 960 
398 1fc 292 819 e07 
348 1dc 2ca 828 eb3 
203 12f f4 91d 1546 
2b1 4f2 4f3 af6 f28 
1d3 2b9 374 347 34b 
20d 346 2b3 35f 363 
92 257 2ab 729 73d 
17f 1c6 11f 90e 13b5 
130 203 f4 946 1546 
16d 368 2f2 1147 1153 
138 28f 463 12bd 12bf 
cb 1e2 19b 1745 1746 
234 237 418 d11 f5e 
1b1 1f1 527 f8b 13af 
144 1ca 153 126f 14b8 
cb 1e2 19c 173c 1745 
115 1e7 149 2ae 2b0 
258 363 280 c72 cb3 
11e 1d4 166 13be 13c2 
20d 327 2ee 8c 8d 
e3 166 1f2 261 15e5 
1d3 377 2b9 347 ee1 
f4 203 133 946 153e 
2f8 4ba 4a1 9f4 9f5 
2de 4e6 4a9 bad bae 
11a 16b 1d4 13e4 15ec 
d8 17b 1ed 167d 1682 
17a 112 1d1 9a9 9aa 
2df 4c4 4ca bb4 bb5 
1af 2ca 37a f95 f96 
d8 1ed 17c 1681 1684 
2a2 4c8 541 a9b a9c 
1d5 2b9 377 ede ee1 
135 19a 1b0 12d7 12dd 
c3 231 10a 17b3 17b5 
e5 229 f9 273 274 
510 17d 219 8e1 8e2 
239 27c 38e d04 d07 
11f 1f1 12f 13b6 13b8 
e5 229 fa 274 277 
1d9 111 16e 8f0 153b 
19f 13a 1ac 914 12b6 
19d 463 260 fef 12c0 
120 12f 1f1 13b2 13b8 
fc 121 20a 14fd 14fe 
158 156 1c2 9ac 1759 
153 15d 1c1 121e 15a8 
13f 1af 195 129b 12a2 
1c9 145 15b 14b6 14e8 
f7 26e 4ee 1518 151a 
123 164 1d6 1398 139c 
f5 136 204 1538 153d 
148 117 1ea 15c3 177a 
177 207 53e 92 243 
2ab 9c 257 134 729 
4b4 2c0 51e 38c 3c1 
2b4 52e 4bc 3cb 777 
2a1 507 509 a95 116e 
2c1 4e6 4ea b30 10f1 
135 139 1e3 12e1 173f 
f7 139 202 1511 1514 
22a a4 2be 174 7aa 
1f2 101 150 256 29c 
219 e7 11c 933 15c9 
2ed 4d6 4a3 bdd f16 
18f 2b2 3d1 1042 1046 
f9 108 21a 1508 15dd 
f7 136 204 151f 1520 
2be 520 4b8 3c4 3da 
a5 22a 2be 735 7aa 
18f 2b2 3d2 1046 1047 
15f 1aa 183 11c1 1277 
142 15e 1cb 127d 1284 
e8 17a 1ea 15bb 15c4 
218 ad 2c3 12e 12f 
3c8 13e 2e0 2c7 12a9 
3aa 230 276 807 d24 
19a 390 2ce ffb fff 
160 169 1b7 11b4 1457 
142 1cb 15f 1278 1284 
dc 113 224 164e 1655 
c7 c8 254 176f 1775 
e4 218 124 265 3eb 
84 26f 2ad 713 73b 
1b3 19b 137 8c1 12c7 
1d7 364 2c6 ec9 ecb 
1a4 476 257 327 328 
2be 4bb 520 3c4 3c5 
225 281 3a1 d4b d50 
dc 1e0 19d 164b 164d 
20d 346 2bb 363 364 
17c 1ee e2 938 15f2 
2e8 4cb 4bd bcd bce 
16a 509 22b 116d 1175 
157 159 1c5 120d 120e 
f7 139 205 1522 174b 
478 1a4 257 2da 328 
1de 184 fb 90f 910 
138 474 28f 12b9 12bf 
d6 1de 1a9 169a 16a1 
e5 229 105 277 278 
2e1 191 378 867 1034 
543 16a 20f 890 1170 
2d1 4d1 4e7 b82 b84 
21a 46f 221 d94 d97 
1ef 296 3b0 e3f e49 
11e 261 4eb 13bd 13bf 
100 162 1ed 14d1 1680 
c6 1dd 1bc 177d 1781 
288 30 2e7 97 146 
29d 53d 4e4 3d6 3d8 
2dd 4f1 4b0 baa bac 
2ed 4de 4a3 bdb bdd 
187 193 191 1091 11ce 
241 29d 353 380 386 
1d4 e3 1b4 3e4 3e8 
2c7 50c 4c3 b54 b58 
2dd 4b2 4f1 baa c1e 
187 192 193 108d 11cd 
129 18c 1c5 134b 148e 
e1 fe 230 15ff 1603 
29d 53d 4e7 3d8 a7d 
2c7 4c4 50c b54 b56 
2ed 4a6 4de bdb bde 
12c 1c2 190 132a 1757 
15b 153 1c9 14b5 15a5 
bc 177 207 243 245 
124 51e 247 2bb 2bc 
241 353 29e 383 386 
138 ff 205 9a5 14d9 
2b7 4ea 507 b0d 10fa 
2c7 50d 4c4 b55 b56 
19a 147 1b0 12d7 1415 
110 1ce 195 1432 1436 
cc 161 20a 1731 1738 
3ce 2ed 129 8d3 8d4 
198 1da f6 918 919 
211 28b 3aa dcc dcd 
1e2 1e3 529 e8b e8f 
1bb 4e0 21b f48 f49 
176 48d 267 10e3 10e4 
11f 1c6 197 13b3 13b7 
2ed 3cf 129 8d3 14a2 
2e2 4cf 4ce bc1 bc2 
217 245 431 d9a d9c 
1d7 36f 2c6 ecf ed0 
177 53b 210 10e1 1205 
10d 1eb 160 1455 1456 
cd 1dd 1bc 1720 1724 
14f 14d 1d4 29d 1230 
266 288 35d 39a 741 
c9 18b 1f8 98e 1762 
1e2 1e3 52b e8f 12c9 
153 1ca 15d 121e 14bf 
229 f9 fa 274 28e 
19e 1d9 f5 91a 91b 
136 538 233 12cf 12d0 
10e 20b 121 1450 1452 
53e 210 177 880 10e1 
1e0 173 113 8ee 1645 
2f7 4d0 4a6 bfb bfc 
161 1a2 1a1 11a6 11a7 
137 538 233 12c2 12cf 
241 29d 35b 37d 380 
2be 4bb 52e 3c5 771 
1f6 18a d1 970 16f5 
2e8 4ca 4cb bca bcb 
2ed 4a6 4e5 bde 11f2 
21a 47a 221 d97 fa9 
212 23b 44e dbe dc1 
1e0 260 436 ea5 ea6 
12a 1f9 12b 1340 1343 
106 1ca 1ad 14b4 14b9 
1c9 15a 15b 14e7 15b3 
1f4 16f f1 924 925 
1f8 18f c9 98b 98c 
c9 1fa 18b 990 1762 
215 44c 23b dae db0 
189 38a 2e2 1076 1077 
137 233 53a 12c2 12c5 
125 1da 16f 1393 1394 
15c 15a 1c9 14e9 15a1 
da 1f4 186 1660 1664 
202 4f1 1e3 826 827 
1f7 d1 18a 970 16f0 
215 23b 44d dac db0 
11b 25d 503 13d9 13db 
1a0 1b2 146 92e 125d 
214 250 425 db7 111d 
10e 1ed 162 1454 167e 
2cb 56 288 d1 78a 
166 101 1f2 261 299 
4ce 2e2 4d7 aec bc3 
19f 52f 206 fea 12b7 
1a0 148 1b2 92d 1254 
10b 230 e1 93d 15fd 
18f 1fa c9 989 98c 
239 3a0 281 d06 d09 
13f 408 2ca 1293 1295 
12d 163 1de 1324 1327 
2cb 288 58 d1 d3 
26f 546 547 39f 408 
190 1fa c9 990 1758 
2f1 4d3 4b6 be4 be5 
239 3a1 281 d09 d50 
225 3b5 281 d4b d4c 
209 49d 21b ddf de0 
16f 1ae 182 112e 112f 
163 12e 1de 1324 169b 
124 e4 223 23c 265 
2d1 179 3c2 87e 10db 
20b 1ed 4da 95b e50 
170 182 1ae 1125 1126 
14c 1ce 166 1239 123a 
d3 4da 298 16cc 16d2 
fa 229 103 28f 290 
150 1bf 181 30f 3f3 
2f8 4a1 4dc 9f4 c00 
176 49a 267 10e2 10e3 
d0 1ef 1a1 16f7 16f8 
54a 26f 546 357 39f 
2f8 4dc 4a2 9f1 c00 
179 2d1 3c4 10d9 10db 
ca 154 219 174f 1751 
2e3 78 22a 102 13b 
229 fa 105 277 290 
26f 54a 547 39e 39f 
2f1 4b6 4d7 be4 be7 
2f6 4d5 4ae bf8 10b3 
1f7 38b 2af e1e e1f 
1f6 38a 2b0 e29 e2a 
167 2a7 42b 118a 118b 
127 1f5 140 1377 1378 
2e3 22a 79 102 103 
25c 297 357 c65 e58 
167 42c 2a7 118a 118c 
12f 197 1c6 130e 13b7 
20d 35f 2bb 364 365 
15e 15f 1cb 11c3 1284 
19a 3b7 2c9 1001 141e 
128 4e1 26d 1362 1364 
cd 1cd 1dd 1721 1722 
2e2 4d8 4d7 9da bc5 
2b8 4ff 504 b10 b15 
239 27c 3b3 d07 e42 
14a 169 1d1 1252 145e 
132 16f 1da 12f5 1394 
12a 159 1e9 1349 134a 
26b 1bd 452 308 33f 
ec 144 213 8ba 1588 
1d0 21b 4df ef1 ef2 
100 1ed 17c 14ce 1681 
2ac 50f 50e ad1 1145 
2b9 50e 4f5 b19 ed9 
1d0 21b 4e0 ef2 f49 
15f 160 1cc 11b5 11b7 
14a 16a 1d2 8fb 1253 
1ae f6 1da 9a2 152e 
1ec 2c6 36f e5a ed0 
11b 512 25d 13d9 13dd 
119 1cf 1a1 13eb 13ec 
218 2c3 34a 372 373 
503 504 2b8 902 a79 
11d 162 1ed 13cb 14d1 
229 103 105 290 2a2 
23f 297 37c cdd ce0 
232 281 3b5 d16 d4c 
14c 166 1d4 1239 13c2 
13c 29b 478 a0 2db 
1e7 178 115 df 2b1 
14d 166 1d4 3e6 8db 
4f4 2e1 4c3 a2f bbf 
2f7 4e5 4a6 bfc 11f1 
142 183 1cb 1278 127a 
125 182 1da 1393 17cf 
1e0 253 465 ea2 ea7 
e7 143 219 15c9 15d0 
161 162 1cd 928 11a1 
2f1 4b6 4e3 be7 f0f 
e5 21a 144 15e2 15e3 
218 2c3 34f 12e 372 
2e3 83 22a 13b 13c 
12b 1fb 13d 2c8 133d 
102 1d4 1b4 3e4 3e5 
3ef 2aa 1aa 851 fbc 
381 180 2f6 870 10b8 
510 1ab 219 8e2 fb8 
4b0 4dc 2f8 9f1 c02 
245 2aa 354 cc7 1023 
1e6 20f 4e9 e7a 10f9 
125 1da 185 138c 17cb 
109 1c8 1c5 1492 14a0 
549 275 54a 358 36b 
14c 1d4 16b 8ac 15eb 
2de 4db 4e6 bad baf 
16c 195 1af 1163 1167 
107 1ee 17c 14ae 15f2 
e9 22f 118 15af 15b4 
258 2a5 34d 7f7 c71 
17d 107 1ee 92a 14b1 
1fd 420 269 dff fa5 
e9 22f 119 15ae 15af 
e4 14d 218 266 3eb 
1a3 13a 1c2 3ee 913 
3aa 28b 230 807 808 
169 160 1cc 8f9 8fa 
19e 1d9 111 91b 142a 
224 147 d2 96a 16e4 
288 2cb 327 8e d3 
1a3 13b 1c2 280 2d7 
3aa 28b 231 808 dcd 
4db 2de 4e9 830 baf 
15b 3ac 2f5 11e0 11e1 
14f 16b 1d4 1229 14c7 
49a 271 176 885 10e2 
243 cd 110 97f 1729 
1a0 472 270 fe5 fe8 
2c0 223 350 126 3f7 
19f 219 522 85b fec 
176 271 49b 885 10e8 
1ea 116 17a 8e3 15bb 
20b d3 17b 95a 16d3 
15f 1cb 16f 11ba 11bb 
f9 413 2f4 28d 1509 
19f 549 206 324 fea 
24a 35e 2a6 cab cae 
12f 203 130 1315 1546 
117 1ea 17a 13f5 15c4 
ec 153 213 1588 158b 
cc 214 171 1730 1736 
2be 6c 29d ae 23d 
101 1f2 181 299 29c 
1cc 15f 16f 89d 11bb 
166 1ce 164 8df 143e 
1fc 242 475 e08 16dc 
1ef 382 2c2 e4b e4c 
13f 422 2ca 1295 129d 
df 201 185 1618 161d 
127 1de 184 7ed 8d7 
10a c3 24d 9af 17b9 
202 4ee 203 df7 df8 
fb 184 1f4 1505 1506 
1e7 53e 1e9 90 91 
115 13b 20c 2ac 2b2 
2b4 52e 4f0 3ca 3cb 
4ba 4dc 2f8 9c9 9f4 
11e 166 1f2 13c0 13c7 
112 208 146 1422 1426 
2a2 38f 225 874 d47 
158 189 1c4 90b 11fe 
130 133 203 946 1306 
2f6 4ae 4ed bf8 bf9 
155 1c2 190 121b 132a 
fb 1f4 186 1505 1660 
1f2 4eb 20e 353 e31 
1d5 2e6 358 edc 1158 
1ad 47a 269 fab fac 
127 1de 187 136c 1373 
e9 24b eb 15aa 15ab 
132 1da 185 12f8 138c 
dc 224 147 1654 1655 
29d 35b 266 23e 37d 
c5 19d 205 9a6 179e 
21c 3cd 289 d83 106a 
13a 1ac 1c3 12b5 160a 
12b 12a 20c a4 3f9 
e5 154 21a 26c 15e3 
1ed 17b 118 960 1682 
205 19e c5 9a7 179e 
2de 4e9 4e6 baf 10f4 
1dc 2db 36a eb1 eb6 
157 18c 1c5 1206 120d 
130 139 202 1308 130b 
f8 143 219 150c 150d 
e7 154 219 15d0 15d1 
c1 182 215 17d0 17d1 
154 e6 21a 26c 15db 
4d7 2f1 4d3 af2 be4 
214 250 449 db6 db7 
13f 2db 408 1294 1296 
133 4ee 26e 12f0 12f1 
118 17c 1ed 13ee 1684 
12a 1e7 177 2c2 3fb 
189 158 1c7 8a7 11ff 
2ce 540 4b1 b6d c25 
1c5 159 18c 120d 134b 
2ab 40 2e7 131 133 
12a 1e7 178 2c3 2c5 
51e 2c0 4f0 341 3c1 
384 255 293 824 825 
496 25b 1b3 84a 84b 
1ab 522 219 85b fb8 
2ed 4de 4d6 bdd be0 
251 283 3a8 c93 c96 
cb 19b 205 1742 1748 
c1 215 185 17c9 17cc 
12a 1e7 179 2c5 2c6 
255 385 293 824 c82 
2aa 36d 23f 8fd ce9 
50d 2df 4c4 b55 bb4 
522 1ac 219 fec 13d2 
158 1c7 18b 1201 1202 
fc 161 20a 14fc 14fd 
cb 19c 205 173e 1742 
3ce 2ed 159 8d4 11f9 
2b8 521 4ff b14 b15 
2df 508 4ca bb1 bb6 
215 44c 250 dad dae 
1bb 4e0 233 f45 f48 
135 139 202 12df 12e1 
20d 35f 2cb 8f 360 
12a 177 1e9 2c2 1349 
17d 1ee 11a 92a 13e2 
4b7 2f2 4f6 a33 be8 
4c3 2e1 50c b58 bbf 
1b0 2d7 3a4 f92 1417 
14f 1a8 1be 1228 122a 
11b 1ee 17c 13dc 14ae 
219 ed 154 15d1 174f 
cb 1e3 1e2 173b 1741 
1a5 476 274 32a 32e 
22e 235 46b 9b9 f40 
1e0 463 260 ea5 fef 
11b 17d 1ee 13da 14b1 
110 164 200 1431 1434 
d0 1ef 1c6 16fb 16fc 
12a 1e9 179 2c6 1344 
181 247 4f5 321 8d9 
20d 2cb 361 35d 360 
290 248 39c 81e cbe 
270 472 1b2 8b5 fe8 
2dd 4b0 529 9ef bac 
1e0 260 464 ea6 1101 
125 215 126 1389 138a 
363 2a5 258 7f7 c72 
521 2b8 503 901 902 
1d4 11a 1b4 937 13e4 
16a 22b 545 1172 1175 
dd 197 201 162f 1636 
521 2b8 504 902 b15 
25d d3 ea 964 16da 
2df 4ca 50d bb4 bb6 
25c 37c 297 c65 ce0 
244 298 392 ccb cce 
127 194 1de 136c 136e 
1b3 25b 49e 849 84b 
4bd 2e8 509 a97 bcd 
183 2a9 432 10a1 10a5 
168 16e 1d1 117b 1429 
15f 183 1cb 11ba 1278 
f1 185 201 156b 161d 
dd 201 199 163c 163e 
c5 260 f3 1797 179d 
520 29d 53d 395 3d9 
1ab 17d 1a6 7eb 10c8 
225 2a2 39f d47 d49 
1db 349 2f2 ebf ec1 
134 4fa 26d 12e6 12e9 
d3 298 505 16cc 16cf 
ca 17d 219 174c 174e 
125 1f3 16f 922 138b 
21f 42a 260 d6c d6d 
168 1d2 16e 117b 117e 
1a6 20e 548 330 331 
299 d3 505 962 16d7 
c5 f6 260 9a4 1799 
10d 1cc 1d1 145d 1463 
1d9 131 199 8c8 12ff 
1ea 1e1 c7 997 998 
228 2c7 355 d3c d3d 
18b 46e 289 1061 1062 
15e 1cb 188 11c6 11c7 
134 4fd 26d 12e4 12e6 
10c 142 217 1474 1475 
16d 1d6 164 896 1197 
ec 213 16b 8b9 158a 
198 131 1da 918 12fe 
37a 1fe 2ca f96 1025 
161 162 1dd 11a1 1782 
132 1d9 199 12f4 12ff 
12d 1de 194 131a 1323 
10d 1cc 1d2 1463 1465 
c3 158 231 17b3 17b4 
4e3 2f1 4d7 9eb be7 
131 1da 199 12fe 1300 
f8 219 154 150c 1751 
20c 13d 12a a1 a4 
2ed 4e5 4de bde be1 
137 256 52b 12c4 12c8 
134 1d9 199 12e8 12f4 
132 199 1da 12f7 1300 
12b 20c 13d a4 2c9 
20e 1ab 548 330 fb5 
1de 140 184 7ed 910 
202 528 1e3 827 1510 
11f 17f 1f1 13b5 13b9 
547 4f0 2b4 240 3ca 
1ab 20e 549 334 fb5 
1d9 19e 131 8c8 142a 
244 298 39c cce ccf 
220 456 24d d64 132e 
120 1f1 17f 13ab 13b9 
cc 20a 1a1 1731 1732 
10d 1d1 1d2 8fc 1463 
1eb 356 2e8 e61 e67 
171 426 2bd 1117 1119 
121 17f 1f1 13a7 13aa 
110 200 172 1430 1433 
288 56 2e7 144 78a 
140 187 1de 1291 1373 
ff 138 226 14d8 14da 
288 2e7 57 144 146 
241 35c 2bb 385 40a 
508 2e8 4ca bb1 bca 
2ed 4f2 4d6 be0 f19 
258 34d 2b7 c70 c71 
c6 273 d8 1786 178b 
1d3 2e6 375 34a 34c 
20d 41f 274 362 366 
144 1ad 1ca 8b8 14b9 
17a 169 1d1 9aa 1178 
2e8 4cb 508 bca bcf 
2f7 4d0 4e5 bfc bfe 
258 2b7 34e c70 f70 
248 39c 298 cbe ccf 
d0 1a1 20a 16f7 1732 
13e 1e8 178 2e0 2e4 
240 188 50d 8d5 8d6 
2e8 509 4cb bcd bcf 
173 2c8 412 1104 1105 
159 2f7 3ce 11f7 11f8 
ff 1b3 1ea 14df 14e0 
c7 254 117 176f 1771 
f9 229 13c 28c 28e 
13e 179 1e8 2e0 2e1 
1d3 377 2e6 349 34c 
2ce 540 4c9 b6c b6d 
c8 254 117 1764 176f 
13c fa 229 28e 292 
247 2c0 350 38d 3f7 
523 246 168 892 117d 
239 38e 2a8 d04 d05 
16f 183 1cb 112b 11ba 
377 1d5 2e6 349 edc 
1f4 132 16f 924 12f6 
2c7 50d 50c b56 b57 
12a 1e9 18d 1344 134a 
ee 201 199 1583 163c 
2c3 26b ad 12f 7ae 
bf 29d 520 249 24a 
147 205 139 948 1743 
294 357 297 a5d e5e 
21f 25f 43c d67 d6e 
15c 503 25d 11dd 13db 
142 15e 1f5 127c 127d 
e0 238 13a 1607 160f 
c8 22d 169 992 176b 
50f 2f2 4b7 ace be8 
2ed 4de 4f2 be0 be1 
161 171 1dd 11a4 11a5 
cc d0 278 1733 1739 
125 1f3 182 138b 138e 
f3 201 198 154c 1552 
e8 19b 205 15c6 15c7 
2a2 527 541 a9c f89 
226 473 242 d45 d46 
137 53a 256 12c4 12c5 
128 51b 26d 135c 1362 
f3 199 201 154c 163e 
d4 491 2dc 16bc 16c2 
19d 28f 463 85d 12bd 
17f fc 20a 90d 14fe 
226 242 474 d44 d46 
118 119 22f 13f3 15af 
dc f3 260 1646 164f 
c9 156 238 175c 1761 
13b 13d 20c 2d2 2d4 
265 396 292 818 c56 
e8 19e 205 9a7 15c6 
2d1 4d0 53c b80 b81 
2f6 4ed 4d5 bf8 bfa 
2d1 4d1 53c b81 b82 
126 215 141 1383 1385 
11c 143 219 13d7 15c9 
398 265 292 818 819 
228 2c7 36b d3a d3c 
13f 195 1df 12a1 12a2 
1ae 1da 131 9a2 1303 
29f 53a 539 a89 d15 
2ed 4e5 4f2 be1 11f3 
265 397 293 c54 e7c 
21d 25f 447 d7b d82 
12e 1a9 1de 1317 16a1 
102 16b 213 14c0 14c1 
d4 2dc 496 16bc 16be 
1d1 111 1d9 8f0 142b 
21d 448 25f d81 d82 
128 184 1f4 1358 135e 
128 4e1 28d 1364 1365 
4c8 2d5 541 a9b b8e 
540 2d5 4c9 b6c b8f 
1ef 3b1 2c2 e4a e4b 
127 184 1f5 1377 137b 
2e7 2ab 50 111 77f 
137 19b 1e2 8c1 1746 
161 121 20a 8f4 14fd 
219 17d e7 933 934 
2c7 51a 50c b57 137c 
2d5 541 4c9 b8e b8f 
23c 2af 38b cf9 e1f 
1f0 3b1 2c2 e3e e4a 
128 1f4 186 135b 135e 
2c7 50d 51a b57 107f 
109 156 21c 1497 1498 
23c 2af 38d cf6 cf9 
23b 250 44c cfb dae 
1db 2f2 368 ebf 1153 
128 188 1f4 1357 1358 
127 1f5 187 1378 137a 
e9 24b 119 15ab 15ae 
11e 261 548 13ba 13bd 
2f7 3c2 179 87e 10de 
239 3a0 2a8 d05 d06 
16e 4e1 26d 113b 1141 
10d 1b7 1eb 1455 1458 
eb 24b 119 1599 15ab 
280 35e 2a6 a17 cab 
24e 348 2ca ca0 eb3 
f5 204 19e 153c 153d 
ca 219 19f 174d 1752 
ad 2cc 26b 7ae 7b0 
219 17d ed 934 174e 
15d 2c5 444 11d8 11d9 
f7 205 19b 1521 1748 
29d 29e 353 8a 386 
26b 2cc ae 74b 7b0 
1ff 2f2 349 df9 ec1 
19b 1b3 19c ff9 14dc 
116 1ea 1b3 1405 14e0 
108 220 155 14a8 14aa 
f7 19e 204 151c 151f 
51f 20e 1f2 1 353 
51e 181 247 2bb 321 
374 247 2b9 34b 38a 
158 156 1f8 98d 1212 
280 2a5 363 a13 c72 
183 458 2a9 10a1 10a2 
218 2e6 34a 373 407 
373 1eb 2e8 8f5 e67 
1aa 432 2a9 fb9 10a5 
12d 172 200 131c 1320 
f7 19e 205 1521 1522 
cd 252 12e 1725 1726 
1aa 2aa 431 851 fbe 
1fa 2b2 3d1 e16 1042 
1ed 52c 20b e50 e53 
3d2 1f9 2b2 1047 133a 
132 186 1f4 12fb 1664 
115 174 20c 2b2 2b3 
124 218 14d 2be 3eb 
e9 15a 22f 15b2 15b4 
547 2ad 51f 311 3d0 
2a2 25e 38f 874 875 
209 17a 116 8e3 1407 
159 1e9 177 11fa 1349 
123 1d6 1d3 1395 1396 
113 147 224 1413 1655 
e9 15b 22f 15b1 15b2 
26f 83 2e3 13a 13c 
103 14e 229 2a2 2a3 
117 17a 209 13f5 13fb 
100 243 11d 14c9 14cd 
207 1e7 53e 92 93 
4e1 240 1d2 82e 82f 
2e1 50c 4f4 bbf 1375 
157 1c5 1c3 1203 1204 
13f 1df 1a7 12a1 12a7 
ff 205 19b 14d4 15c7 
229 105 14e a5 2a2 
115 20c 178 2b1 2b3 
51f 2ad 54a 36d 3d0 
2ba 418 1a8 854 855 
d3 25d 118 961 16da 
2e2 4ce 531 bc1 bc3 
230 2b8 394 d26 15fe 
16f 182 1da 112e 1393 
140 1de 1a9 128e 169a 
110 195 200 1432 1433 
10f 110 243 1447 1448 
ff 19c 205 14d4 14d5 
45a 12b 2d8 8d1 133b 
170 182 1da 9b4 1125 
531 2e2 4cf 9e7 bc1 
220 47b 24d d62 d64 
167 1cf 1a1 1181 1182 
13f 1dc 1af 1298 1299 
110 196 200 1430 1431 
e0 156 238 1609 160e 
3aa 276 28b 807 9bd 
2d1 4e7 53c b82 b85 
129 18c 1f9 134f 1352 
ca 219 1ab 174c 174d 
288 327 2ee 8d d0 
bc 259 13a 246 17f3 
4e7 2d1 53d a7d b85 
168 246 543 117a 117d 
15d 2c5 450 11d3 11d8 
153 1ca 1c1 121d 121e 
12a 18c 1f9 1342 1346 
129 1f9 18d 1351 1352 
114 130 232 1410 1411 
12a 18d 1f9 133f 1342 
241 29e 3bc 383 cd7 
2e1 1ff 378 866 867 
1fc 292 419 e07 e0d 
1ed 536 20b e53 1453 
16a 246 543 1170 1171 
12a 1f9 18e 133f 1340 
129 18f 1f9 134e 134f 
d0 20a 1c6 16fc 16fd 
cb 255 135 173a 1740 
2f8 529 4b0 9ef c02 
24a 364 2c6 cba ec9 
1eb 37f 2e8 e60 e61 
147 1e4 19c 1258 1259 
142 183 1f3 127a 127b 
12b 18e 1f9 1335 1340 
ea 107 25d 159f 15a4 
ca 275 f8 252 1750 
520 52e 2be 377 3c5 
4ef 4fd 2ef 815 12e3 
1df 1af 13f 8bc 12a2 
21f 42a 279 d69 d6c 
140 1f4 184 1290 1506 
4fe 2ef 4ef 814 815 
201 197 114 8e7 1636 
268 e0 fd 940 1606 
102 2f4 453 a7 14c6 
41d 292 1fc 81b e0d 
41c 1a7 2bd 857 fce 
1b3 1e2 137 8c0 8c1 
114 198 201 8e8 1552 
2e2 4d7 531 bc3 bc5 
18d 3c2 2f7 104f 10de 
140 184 1f5 1290 1377 
cf 135 255 1702 170a 
49e 1ea 25b 820 849 
2e2 4d8 531 bc5 c48 
10d 1eb 1cc 1456 1461 
102 454 2f4 14c3 14c6 
49f 25b 1ea 820 e70 
228 2e1 355 d3d 1036 
212 286 421 dc0 dc2 
1eb 37e 2eb e63 e65 
de 252 12e 161f 1622 
dc 260 114 1650 1651 
241 3c3 29e cd6 cd7 
1eb 2eb 37f e60 e65 
140 1f5 187 1292 1378 
241 29e 3c4 cd6 cd8 
23c 2bc 38d cf2 cf6 
15d 1c1 1ca 11d6 121e 
116 136 233 1403 1404 
10f 243 11d 143a 143b 
108 471 2e4 14a5 14a9 
251 395 2ae c95 14eb 
216 3c6 2b3 da2 da3 
125 2e9 44b 138d 138f 
120 1b1 1f1 13af 13b2 
521 2d9 4ff b14 b9b 
23c 389 2bf cf4 cf8 
21f 464 260 d6d 1100 
121 17f 20a 13aa 14fe 
181 150 1f2 29c 30d 
206 530 207 354 3dd 
508 2df 50d 800 bb6 
1f6 d1 1f7 970 16ef 
1f8 1fa c9 98c 1762 
1f6 2e2 38a e29 1077 
cd 243 162 171c 171d 
c3 158 24d 17b8 17b9 
2e7 50 2cb 113 116 
12b 2e0 45a 2cd 8d1 
210 53c 1e9 881 e73 
52a 2f8 4ba 9c8 9c9 
2dd 4f1 529 bac e80 
24a 3ff 27e cac cb1 
1d0 246 4e9 ef0 ef5 
1b0 3a3 2f9 f8f 170b 
16e 26d 4fd 113c 1141 
2f9 1b0 3a4 84d f8f 
231 158 fd 90c 17b4 
ca 104 275 252 254 
53e 1e9 210 880 881 
1a1 1d8 167 981 1182 
23c 38d 2bf cf2 cf4 
159 18d 1e9 11f6 134a 
11f 197 201 13b4 162f 
cd 243 165 1728 1729 
c4 246 168 17a3 17aa 
35f 20d 2ee 8c 365 
479 269 1fd 816 dff 
202 203 540 df3 df8 
1e1 499 267 e9b e9f 
17c 25d 512 10cc 13dd 
132 185 201 12f8 156b 
118 119 244 13f0 13f3 
c6 eb 284 1787 178c 
12a 178 20c 2c3 3f9 
1e1 267 49a e9e e9f 
18d 2f7 3ce 104f 11f7 
17c 25d 513 10ca 10cc 
c6 273 10e 1780 1786 
be d0 296 17d9 17dc 
178 20c 12b 3f9 3fa 
4fe 2ef 4fd 815 1143 
198 1da 170 919 1120 
ea 118 25d 15a4 16da 
df 25f 11f 1619 161b 
cb 147 255 173d 1740 
e4 103 26b 165 269 
138 260 c5 9a3 9a4 
15d 2f5 405 11d2 11d7 
144 153 213 126f 1588 
21f 43c 279 d67 d69 
214 278 449 db3 db6 
176 48d 2a5 10e4 10ea 
142 192 1f5 1274 127c 
1e7 178 179 2c5 31a 
547 2b4 52e 379 3ca 
1d1 1d2 14a 8b2 8fc 
176 2a5 48e 10e9 10ea 
12d 1ff 194 1319 131a 
41c 2bd 1b9 856 f50 
254 3ff 27e c86 c87 
222 421 286 d5b dc2 
cf 255 147 1706 170a 
179 178 1e8 2e0 319 
14b 1bc 1dd 1245 1247 
12d 196 1ff 1319 131b 
12c 155 220 132b 132d 
f9 2f4 46f 1507 1509 
dc 224 19d 164d 1654 
1cc 1cb 15f 89b 11bb 
1f1 1b1 12f 8ca 13b2 
228 2df 36b d39 d3a 
14c 1ce 1d4 1237 1239 
133 542 26e 12ea 12f0 
112 208 1a0 1421 1422 
2e8 509 508 bcf d33 
216 3c6 2bb da1 da2 
13d 1fb 190 12af 12b1 
12f 232 130 1312 1315 
12d 196 200 131b 131c 
de 252 141 1621 1625 
2ca 245 37a 7fe 1024 
10a 158 231 1480 17b3 
172 195 1df 1106 110b 
114 21f 173 1409 140b 
c9 238 18c 1760 1761 
c6 119 273 1789 178b 
bc 259 157 17f3 17f7 
2cb 2e7 56 116 78a 
12b 1a5 1fb 2c8 133c 
ec 1b4 213 8b9 8ba 
533 4ff 2d9 9c1 b9b 
251 3a8 2ae c93 c95 
216 2bb 3c9 da1 da4 
10e 20b 1a2 144e 1450 
174 13b 20c 2b2 2d1 
1b4 16b 1d4 3e5 13e4 
21d 278 449 d7d db3 
11f 1f1 1c6 13b5 13b6 
106 145 23e 14b3 14b7 
2f6 525 4d5 bfa e34 
19f 219 f8 915 1752 
27c 296 3b0 a02 e3f 
1f6 38a 2ec e2a e2c 
219 143 154 150c 15d0 
2e6 218 375 34a 407 
493 265 1fc 81c e0e 
1f6 2ec 38b e2b e2c 
1bb 233 538 f45 12d0 
1b9 426 2bd f50 1117 
c4 17a 246 17a2 17a9 
1f2 166 181 299 1190 
206 207 546 354 356 
17d 11c 219 8e1 933 
fc df 278 944 1611 
110 cd 277 97f 171f 
27c 38e 2a8 a05 d04 
2f2 4f6 50f be8 100a 
1f7 2ec 38b e1e e2b 
186 26d 4fa 1096 12e9 
109 21c 18a 1497 149c 
bf 2be 520 24a 24b 
1ea 1e1 117 998 13f4 
23f 3ee 297 cdd cdf 
1e6 4e9 246 e7a ef5 
144 21a 154 126e 15e3 
10c 23f 142 146d 146e 
10c 192 217 1472 1474 
d8 10e 273 167c 1786 
cc 214 1d8 172c 1730 
54a 2ad 547 39e 3d0 
cc 161 250 984 1737 
290 39c 298 a42 cbe 
24e 2ca 37a ca0 f95 
132 201 199 12f7 1583 
10d 16a 22b 145c 1462 
381 2f6 1f0 870 e3b 
211 388 2e2 dc5 dc7 
1e1 271 49a e9c e9e 
130 19a 202 130b 130d 
232 2ce 390 d1d fff 
18b 409 2e5 1056 105d 
15e 1f5 187 11cb 11cc 
109 238 156 1494 149a 
206 bc 207 3dd 3de 
21d 1c6 d0 971 972 
211 38a 2e2 dc7 1076 
15e 1f5 188 11c7 11c8 
157 210 159 120b 120f 
156 1f8 18a 1213 1215 
118 22f 15a 13f1 15b4 
109 18f 21c 1498 149b 
102 1a8 213 14c1 14c4 
e4 218 1bd 266 267 
164 200 16d 897 1199 
2a5 2b7 34d aad c71 
18b 40b 2e5 105d 1060 
16f 1ae 1da 1128 112e 
16c 1db 1af 1168 1169 
125 215 182 1390 17d1 
21b 233 4e0 d8f f48 
170 1ae 1da 1125 152e 
16f 1cb 1cc 112d 11bb 
14a 16a 20f 124a 124f 
13f 2db 46c 1296 1297 
100 14c 243 14c8 14ca 
158 1f8 18b 98e 1201 
136 137 233 12ce 12cf 
135 19a 202 12de 12df 
d0 20a 1ef 16f7 16fc 
125 185 215 1389 17cc 
123 247 124 2b5 2b6 
23d d1 18a 96d 16f5 
1f8 156 18f 98b 1214 
1b8 400 2d6 f67 1768 
17a 1d0 1bb 10d7 10d8 
126 185 215 1382 1389 
2bb 3c3 22c 809 80a 
1c6 20a fc 90d 14ff 
f8 219 1ac 915 150d 
20b 1ed d3 95a 95b 
2a7 296 382 805 a66 
1a2 20a 121 8f4 13a9 
2d9 522 521 b9a 13d1 
2f8 529 4dc c02 c04 
244 2c2 39e cca 17e7 
1fd 40d 2ae dfe e02 
187 194 1de 108e 136c 
16f 1f3 182 1130 138b 
169 1cc 1d1 1177 145d 
202 139 19a 12df 130b 
12f 1c6 1f1 130f 13b6 
d8 273 119 1683 178b 
1a5 13d 1fb 2c8 12ae 
52a 2f8 4dc 9c9 c04 
254 27e 417 c85 c87 
179 1e9 18d 10dd 1344 
173 2c8 464 10ff 1104 
16f 1f3 183 112b 1131 
1dd 162 1bc 1720 1781 
23b 286 421 cfe dc0 
172 1df 1a9 1108 1109 
121 1a2 20b 13a4 1450 
107 118 25d 14b0 15a4 
36b 228 2eb 7ef d39 
125 f1 262 923 1568 
1b8 22d c8 992 1763 
1c8 3bf 2f1 f10 f18 
16e 28d 4e1 113b 113e 
15e 1f5 192 11cc 127c 
112 1b8 208 1420 1423 
111 24c 131 142d 142e 
1bb 246 523 892 f46 
248 2c2 39e cbd cca 
f1 126 262 1566 1568 
102 1b4 213 2a1 14c0 
2bb 22c 3c9 809 da4 
2ba 1a8 44f 854 fc6 
4d0 2f7 53c b80 bfe 
1c3 4d8 268 f31 f32 
166 1d4 1ce 1191 1239 
107 25d 11b 14af 14b2 
204 136 19e 151f 153d 
e9 15d 24b 15a7 15ad 
1d1 168 1d2 8b1 117b 
126 141 23b 1384 1385 
106 15b 23e 14b7 14bd 
cc 250 171 1736 1737 
c8 117 27f 1764 1769 
217 44a 286 d9f da0 
1e4 2f9 397 e7d 170f 
1d2 22b 545 ee7 1172 
110 200 1ce 1432 1434 
f7 1e3 202 1510 1511 
138 205 19d 9a6 12bb 
225 2d5 39f d49 d4a 
2db 24e 36a eb1 115b 
137 1e2 1e3 12c9 1741 
106 23e 15d 14bc 14bd 
c3 231 1ba 17b5 17b6 
346 2b3 2bb 363 3cc 
139 205 19d 948 12b8 
4ed 2f6 525 a3e bfa 
1a7 44e 2bd fcb fce 
1a1 23a cc 982 172e 
1fb 411 2b2 e10 e13 
139 205 19e 12b8 1522 
3cf 2ed 1c8 832 149f 
281 2a8 3a0 a18 d06 
12a 1e9 1e7 2c2 2c6 
16e 1d1 1d2 113d 117b 
116 1bb 209 1406 1407 
de 252 161 1625 1627 
cd 252 172 171e 1725 
fa 13c 257 242 293 
25b 227 496 80b 84a 
215 295 434 dab 17c8 
171 1b9 1dd 1112 1115 
1ae 182 1da 1125 112e 
10c 217 1aa 1471 1475 
2be 35b 29d 23d 3d7 
bc 177 259 245 17f7 
13a 19f 206 2ce 12b7 
2a5 2c1 34d aab aad 
24d 269 455 ca6 ca7 
198 1da 199 1004 12fe 
fe 145 251 14ec 14f2 
d0 23a 1a1 16f8 172e 
104 f8 275 252 286 
167 1cf 1d8 1182 1184 
253 2c9 391 c92 141a 
1e1 499 27e e97 e9b 
ff 19c 226 14d6 14d7 
c6 284 119 178a 178c 
12b 20c 1a5 2c9 3fa 
23f 15e 10c 900 146d 
2d9 521 533 b9a b9b 
161 1dd 1cd 11a1 11a2 
100 162 243 14cc 14cd 
13a 206 1a3 2ce 2cf 
1d9 199 19e 8c8 8c9 
2d9 533 522 b9a fae 
222 286 44a d5b da0 
1dc 408 2ca eb9 1293 
1dd 162 1cd 11a1 1721 
114 197 21f 1408 140a 
ff 19c 227 14d7 14db 
241 35c 2ee 37e 385 
232 3b5 2c9 d16 d1b 
bd 22f 1cf 17ed 17ef 
bf 178 25a 247 24d 
241 35d 2ee 37c 37e 
3c3 2bb 241 40a 80a 
1cc 188 1cb 89a 1085 
245 2aa 3e2 cc5 cc7 
232 39f 2d5 d18 d4a 
232 3b7 2c9 d1b 1001 
21e 297 42f d76 d79 
186 51b 26d 1096 135c 
145 1ad 1fd 1263 1267 
283 479 1fd 816 817 
279 260 42a d6c 1122 
160 1b7 1eb 11b1 1455 
147 19c 205 1257 173e 
1d5 16d 1d6 88c 114f 
147 19d 205 948 1255 
138 260 f6 9a4 1524 
248 3b1 2c2 cbd e3e 
180 2a2 4b9 10bb 10bf 
157 210 177 1205 120b 
2b8 10b 503 901 1478 
ea 299 d3 95f 964 
244 2d4 392 cc9 ccb 
160 1ec 1b7 11b2 11b3 
111 24c 146 142c 142d 
c7 148 270 1773 1779 
1d0 523 246 ef0 f46 
159 177 210 11fa 120b 
1d1 16e 1d9 8ef 8f0 
2f7 53c 4e5 bfe dd0 
2b7 2a1 372 9d2 f6f 
186 184 1f4 135e 1505 
d2 242 19c 16e5 16e7 
23f 2aa 3ef ce9 fbc 
142 217 183 1272 127b 
142 1cb 1f3 1279 127a 
1a5 2e0 41e 32c fd4 
1bd 2c3 440 33a 33c 
ad 2cc 2c3 7ad 7ae 
184 1f4 188 109c 1358 
e3 261 150 257 260 
1bd 429 2cf 335 337 
246 20f 4e9 811 e7a 
232 2ce 3b6 d19 d1d 
176 2c1 48c 10ed 10ef 
f1 140 262 1564 1565 
27b 493 1fc 81c 81d 
2c1 2b7 34c 888 889 
209 271 49a de3 e9c 
184 188 1f5 109c 109d 
146 1a0 208 125e 1422 
13b 20c 1a4 2d1 2d4 
2c1 2b7 34d 889 aad 
22f 3af 2d4 d2b 11e6 
1fc 398 2f9 e04 e06 
176 48e 2c1 10e9 10ef 
16c 1db 1d5 1161 1166 
142 1f5 1cb 1273 127d 
149 1a3 206 2ee 2f4 
283 3a8 2ae 9d8 c93 
1b3 29f 496 f7b f81 
17d 548 261 10c7 10c9 
16d 1db 1d5 1152 1154 
13e 18e 216 12a8 12aa 
1a4 13d 20c 2d4 2dc 
453 2f4 14e a7 a8 
20c 13d 1a5 2c9 2dd 
1a7 195 1df 860 12a1 
250 449 278 c9d db6 
242 473 26a cd3 cd4 
164 200 196 1199 1431 
11c 1ac 219 13d2 13d7 
11a 261 11e 13e5 13e6 
10f 165 243 143a 1447 
123 2b9 4f5 8da 1397 
e1 230 1ba 93d 1603 
19b 19c 1e2 ff9 1745 
131 132 24c 1301 1302 
10f 243 166 1438 143d 
243 110 165 1447 1729 
c9 1c2 238 175b 175c 
263 156 e0 942 160d 
215 44c 295 dab dad 
15d 444 2f5 11d2 11d9 
10a 24d 158 1481 17b9 
1b2 226 ff 908 14d8 
2d1 53d 53c b85 c6f 
25f 43c 279 c5f d67 
1b3 49c 29f f80 f81 
e0 158 263 160c 160d 
1b2 472 2b5 8b5 f84 
14b 14c 234 1241 1243 
f3 26e 130 1551 1554 
229 430 29b 9f 305 
2c6 36f 294 9cd e5a 
227 494 26a d40 d41 
224 28a 457 d53 16e0 
21d 448 295 d80 d81 
1ca 2ba 451 f05 f06 
ff 1b3 227 14db 14df 
ea 15c 25d 159a 159f 
2ab 2e7 9d 131 77f 
157 238 13a 8bf 12b2 
21d 449 295 d7d d80 
16c 200 195 1165 1167 
123 14d 249 2b8 8dc 
26a 496 227 80b d41 
23a 296 42b d00 17d2 
1c1 45c 2ba f36 f37 
195 1af 1df 1016 12a2 
160 1eb 1cc 11b0 1456 
15c 503 299 11dc 11dd 
142 217 192 1275 1474 
f3 26e 133 1550 1551 
266 178 bf 170 250 
20d 2b3 41f 35f 405 
255 383 2dd c7f c81 
253 391 2d7 c91 1418 
23f 2eb 37d ce7 11c2 
232 2d5 3b6 d18 d19 
187 1f5 192 108b 11cc 
16d 200 196 114b 1199 
174 178 20c 95 2b3 
24a 3fd 2a6 cae cb2 
1c1 45e 2ba f37 f38 
146 1ae 208 125b 1261 
100 243 17e 14c8 14c9 
dc 1e0 224 164d 164e 
2ca 1dc 424 828 eb9 
23b 44d 286 cfe cff 
11d 243 162 13ce 14cd 
109 18c 238 1499 149a 
14d 14f 235 2fd 1232 
1bd 2c3 452 33c 33f 
53e 2e3 520 398 3ac 
24a 2a6 3ff cac cb2 
172 200 195 1107 1433 
e4 26b 14e 268 269 
240 545 1d2 82e ee7 
253 3b4 2c8 c8b c8c 
200 172 196 131c 1430 
11d 165 243 13cd 143a 
f3 139 26e 1553 1554 
12d 1ff 1de 131a 131d 
4d5 180 2a2 873 10bb 
25f 448 279 c5b c5f 
253 2c9 3b4 c8b c92 
224 457 28f d56 16e3 
1dc 2db 407 eb6 eb8 
13f 1a7 212 12a5 12a7 
117 209 1e1 13f4 13fa 
108 220 1c2 14a7 14a8 
24d 47b 269 ca5 ca7 
1dc 2db 408 eb8 1294 
1ca 45c 2ba f05 f36 
1f9 18c 18d 1342 1352 
113 1b0 224 1412 1413 
e3 261 166 15e4 15e5 
c4 1bb 246 17a9 17aa 
1bd 2cf 440 335 33a 
244 3af 2d4 cc9 d2b 
f7 139 26e 1514 1517 
eb 119 284 1599 178c 
2c2 382 296 805 e4c 
521 10b 2b8 901 1479 
2d5 541 540 b8f def 
23f 297 42f cde cdf 
217 431 2aa d9a fbe 
216 3c6 2e0 da3 da5 
18d 1f9 18e 1050 133f 
18c 1f9 18f 1055 134f 
109 18a 23d 148b 148d 
c6 161 273 1780 1785 
520 2e3 546 375 3ac 
231 2f0 38c d1e d1f 
132 1da 201 12f7 12f8 
13e 179 22c 2e1 2e3 
190 18b 1fa 990 105f 
272 390 2ce c21 ffb 
216 3c8 2e0 da5 12a9 
158 1c7 1f8 1200 1201 
131 146 24c 1304 142d 
125 262 126 1392 1568 
114 197 232 140f 1410 
dc 260 173 164c 1650 
cd 243 1bc 171b 171c 
35d 266 2ee 37c 39a 
27c 296 3f7 a01 a02 
21e 42f 2a9 d78 d79 
1f2 4eb 261 e31 13bf 
df 278 141 1611 1612 
10e 1ed 20b 1451 1453 
cb 19c 255 173c 173d 
41d 1fc 2c4 81a e0b 
1b3 1e2 19b 8c1 ff9 
1ea 209 116 8e3 8e4 
543 1d2 246 1171 117a 
e0 1c2 238 160e 160f 
294 297 3e0 a5d a5e 
299 399 2b8 a7c 11de 
19c 1e2 1b3 ff5 ff9 
15e 1cb 1f5 11c7 127d 
15a 22f 15b 11e7 15b2 
117 1ea 209 13f4 13f5 
10f 17e 243 1438 143b 
e0 238 1c3 1605 1607 
115 20c 1e7 2ad 2b1 
187 1fe 191 1087 1091 
bd 244 1cf 17e8 17ed 
194 4f4 28e 1019 101b 
187 192 1fe 1088 108d 
bf 2e3 520 24c 24e 
224 463 28f 85d d56 
23c 2f0 389 cf7 cf8 
187 191 1ff 1087 108a 
187 193 1fe 108d 1091 
161 20a 1a1 11a7 1731 
161 20a 1a2 8f4 11a7 
194 4f6 28e 101b 101e 
116 19b 233 1400 1403 
1d8 cc 23a 982 172d 
241 2d1 3c4 cd8 10d9 
156 21c 18a 1215 1497 
fe 1ba 230 14f1 1603 
249 123 164 8e0 1398 
24d 455 283 ca6 1719 
23c 38c 2f0 cf7 d1f 
187 1ff 194 108e 1092 
fd 1ba 231 14f4 17b6 
283 2bf 3a8 9d8 9d9 
142 1aa 217 1272 1475 
249 123 166 8dc 8e0 
21f 43b 2a8 d6a d6b 
1b8 2c6 466 f64 f65 
16c 200 1af 1167 1168 
118 17b 244 13ef 13f0 
174 257 fa 163 241 
2c3 34a 2cf 3b6 3b7 
21f 43c 2a8 d6b d6e 
145 15b 23e 1268 14b7 
135 202 1e3 12e0 12e1 
119 244 17b 13e9 13f0 
12b 264 12a a3 1343 
278 161 cc 984 1738 
264 18c c9 98a 175d 
289 3c5 2af a27 a28 
22f 393 2f5 d2d 17ee 
156 18f 21c 1214 1498 
107 25d 15c 14b2 159f 
c5 198 260 1799 179d 
2a7 382 2c2 805 806 
213 144 1b4 8ba 126c 
27c 3e1 2a8 9fd a05 
2af 2bc 386 adf ae2 
22b 240 502 d36 d37 
14b 234 16b 1242 1243 
142 15e 23f 1283 146d 
140 1f4 1f5 128f 1290 
12c 158 24d 1330 1331 
d0 21d 214 16f9 16fa 
16b 234 14c 8ab 1243 
1c2 24d c3 9af 17b8 
1ac 268 532 fb1 fb2 
142 15f 23f 1280 1283 
264 18f c9 989 98a 
25c 2eb 37d c69 ce7 
1ac 268 533 faf fb1 
1a1 1cf 1d8 fe0 1182 
191 1fe 193 1039 1091 
16f 1f3 1cb 1129 112b 
1e3 139 202 12e1 1511 
cd 243 1cd 171d 1728 
e3 e4 2ad 25e 263 
1a6 261 548 331 10c9 
25c 37e 2eb c69 e63 
192 193 1fe 102f 108d 
219 143 1ac 13d7 150d 
243 11d 17e 143b 14c9 
10a 145 269 1485 148a 
c9 264 190 1756 1758 
c4 246 1d1 17a2 17a3 
260 19d c5 9a3 1797 
281 3a0 2c8 a18 a19 
227 27b 494 d40 16c0 
1fa 3d1 2f3 e16 e17 
16f 1cb 1f4 112a 112d 
14f 16b 234 122b 122d 
df 25f 185 1614 1618 
231 fd 1c4 90c 14f3 
c1 279 170 9b2 17ce 
1a1 1f0 1a2 fe2 fe3 
16f 1f4 1cc 112c 112d 
160 169 22d 11ae 11b4 
13e 18e 22c 2e3 12a8 
417 254 2a4 7fb c85 
1fc 292 493 81b e0e 
262 f1 16f 923 925 
2af 3cc 289 96b a28 
281 3a0 2c9 a19 a1a 
23a 42b 2a7 d00 118b 
22b 508 240 d34 d37 
21e 297 467 d73 d76 
16a 2a1 507 116e 116f 
10b 1ba 230 93d 1477 
2af 38d 2bc adf cf6 
2f8 529 52a c04 e8a 
144 1ad 21a 126e 1271 
109 263 156 148c 1490 
16a 2a1 509 116c 116e 
121 1f1 20a 13a8 13aa 
10a 231 1ba 147f 17b5 
f6 170 260 1523 152b 
147 135 255 170a 1740 
14e 103 26b 269 2a4 
124 1d3 218 2be 2bf 
1c6 17f 1f1 876 13b5 
255 3a7 2dd c81 12d3 
27c 40f 296 a01 a06 
194 196 1ff 101d 1319 
1bf 124 223 23b 2bd 
12a 1e7 20c 2c1 2c3 
2ca 3df 245 7fe 7ff 
4f1 272 1e3 826 e84 
226 474 28f d44 12b9 
222 402 2ca d57 d58 
1e2 52a 256 e86 e89 
225 12f 1b1 8ca 1311 
1e2 52b 256 e89 12c8 
12f 197 232 1312 1314 
231 3a9 2f0 d1e d20 
21b 539 233 d8f d90 
25d 1ed 513 10ca 16d5 
197 130 232 1312 1410 
de 1a9 252 1621 1622 
546 2e3 53e 35a 3ac 
113 173 253 8ee 141b 
28e 2f2 349 a31 df9 
20e 4eb 261 dd5 e31 
1b3 2b6 49c f80 f83 
147 19d 224 1256 1654 
12d 200 1ff 131b 131f 
1fb 2d8 411 e12 e13 
fc 278 141 14fb 1611 
cd 172 277 171e 171f 
49e 2b6 1b3 848 f83 
16f 21e 183 1135 1138 
130 232 19a 1305 130a 
12c 1c2 220 1329 132b 
12a 13d 264 a2 a3 
24d 1c7 ce 975 171a 
161 284 c6 9a0 177e 
1fd 40d 2da dfd dfe 
176 2de 48c 10ec 10ed 
116 233 1b3 1400 1402 
106 23e 1ad 14b3 14b4 
df 295 126 1615 1616 
c8 169 27f 1769 176b 
1e7 177 1e9 91 2c2 
12b 13d 264 a3 133d 
2e0 1a5 45a 2cd fd4 
20c 174 1a4 2d1 317 
240 128 188 8d5 1357 
2c3 365 2cc 3c0 7ad 
2ba 418 234 855 d11 
23f 42f 2a9 cde ce4 
11b 25d 15c 13db 14b2 
2ee 288 35d d0 39a 
123 247 181 2b6 8d9 
1e7 179 1e9 2c6 31c 
222 13f 1af 8bc 129c 
2d2 d0 be 9b5 17dc 
164 1ce 200 1198 1434 
127 2c7 50c 1379 137c 
fa 103 29b 28f 6f3 
247 124 181 2b6 2bb 
124 2c0 51e 2ba 2bc 
20d 41f 2cb 35d 362 
221 1ad 144 8b8 1271 
1e1 499 2a4 e93 e97 
198 199 201 1004 154c 
12d 12e 26c 1321 1322 
d0 23a 1ef 16f6 16f8 
1ca 213 144 8b7 126f 
10c 1aa 23f 8fe 146e 
250 449 295 c9c c9d 
23f 432 2a9 ce4 fb9 
237 418 2ba d0b d11 
1cb 183 1f3 112b 127a 
15b 15d 23e 11e2 14bd 
dc 198 260 164f 1651 
178 1a5 20c 96 3fa 
41c 22e 2bd 856 857 
161 cc 284 99f 1735 
26a 41a 2a0 c3a c3b 
269 455 283 c40 ca6 
15e 187 228 11cb 11cf 
154 1ad 21a 121c 126e 
10d 1d2 22b 1462 1464 
257 29b 438 390 73e 
26a 25b 496 80b 80c 
228 15e 188 8a2 11c8 
24b 2a7 42c ca9 118c 
22f 2f5 3ac d2d 11e1 
1c3 532 268 f32 fb2 
138 226 1b2 12ba 14d8 
ff 227 1ea 90a 14df 
214 2d2 40e 9b6 db1 
250 295 44c c9c dad 
136 233 19b 12ce 1403 
116 233 1bb 1401 1404 
d2 28f 147 16e4 16e6 
2bf 2bc 38d 9de cf2 
14c 166 243 1238 123a 
137 233 19b 12c7 12ce 
130 202 203 1307 130c 
c1 185 279 17c5 17ca 
383 2f8 255 7f9 c7f 
2c2 2a7 39d 806 17e4 
2e1 378 28e 866 a35 
281 3b5 2c9 a1a d16 
21e 2a9 458 d78 10a2 
189 1c4 1f6 106b 106f 
16b 1a8 213 116a 14c1 
132 24c 16f 12f5 12f6 
dc 260 19d 1646 164b 
d8 273 17b 167d 1683 
51f 150 2ad 4 311 
218 14d 1bd 266 2fe 
27e 2a6 3ff a0f cac 
1ea 2a0 49f e6f e70 
1a7 46c 2db fd3 1297 
255 2f8 385 7f9 c82 
270 2a0 41a c29 c2c 
245 431 2aa cc5 d9a 
1b8 466 2d6 f64 f67 
188 1f4 1cb 1080 1085 
15e 23f 15f 11c4 1283 
113 224 1e0 1414 164e 
1fa 2b2 46d 868 e14 
188 1cc 1f4 1084 1085 
124 1d3 223 2bf 2c0 
1fb 46d 2b2 868 e10 
202 26e 4ee df7 1518 
188 1cb 1f5 1080 11c7 
107 17c 25d 14af 14b0 
e3 2ad 101 25f 263 
149 207 1e7 2f8 401 
4e1 28d 1d2 82f 113e 
1c7 1f7 189 86e 86f 
203 26e 4ee df1 df7 
176 2de 49b 10e8 10ec 
175 4ea 2b7 10f7 10fa 
109 1c5 238 1493 1499 
eb 284 14b 1595 1597 
cd 1cd 252 1722 1726 
101 e4 2ad 263 3e9 
104 275 151 2a7 2a8 
224 1b0 147 969 1413 
15e 228 191 11ca 11cf 
14a 169 246 124c 1252 
26e 204 4ee 12f1 151a 
130 133 26e 1306 1551 
26a 25b 4a0 80c c6a 
21d 40e 2d2 d7a db1 
21c 2f3 3cd d83 d85 
15c 2b8 503 11dc 1478 
14a 246 16a 124a 1253 
132 26d 134 12fc 12fd 
127 2c7 51a 137c 137d 
e9 24b 1c1 15a7 15aa 
1cc 1d2 1d1 f02 1463 
16c 1d5 200 1164 1166 
19c 19b 205 14d4 1742 
d1 23d 1f6 16f4 16f5 
29b 430 26b 6a 306 
223 e4 218 b8 265 
e3 2ad 105 25e 3e3 
25f 295 448 c5b d81 
24a 2c6 3fb cba cbb 
1fd 2da 420 dfd e00 
18b 1f8 1c7 1058 1201 
16d 200 1d5 1150 1152 
141 250 161 1285 1286 
13f 212 1df 12a6 12a7 
100 1bc 243 14ca 14cc 
f5 4fe 2ef 1536 1537 
eb 1c1 24b 1598 15aa 
2ad e4 105 25e 6ec 
19f 275 549 324 985 
157 13a 259 3fe 17f3 
1fd 2ae 479 817 e02 
189 231 158 8a8 90b 
3e4 1fc 2f9 968 e06 
272 2dd 3a6 c1f 12d9 
392 298 2d4 ccb 16ce 
153 213 1ca 121f 126f 
19e 19b 205 1521 15c6 
50e 16d 2ac 88a 1145 
21c 2f3 3d1 d85 e17 
195 200 1af 1017 1167 
12e 172 252 1316 1725 
1b4 16b 213 8b9 14c0 
249 14d 166 8db 8dc 
2bf 2ae 3a8 9d8 ad7 
474 242 28f d44 16e2 
16d 50f 2ac 1144 1145 
205 19d 19e 12b8 179e 
130 26e 139 1308 1554 
126 23b 1a9 1384 1388 
cc 171 284 1734 1735 
1e2 1e4 19c 85e 85f 
2af 386 2d0 ae1 ae2 
24a 3ff 2c6 cb7 cbb 
141 252 161 1286 1625 
11e 166 261 13be 13c0 
119 22f 1cf 13ea 13ed 
294 414 297 a5b a5e 
253 3f3 2c8 c8c c8d 
23d 2ec 3c1 cf1 16ed 
213 2ba 44f dbd fc6 
17a 209 1bb 10d8 1407 
16c 1db 200 1166 1168 
114 173 260 1409 1650 
c7 1a0 270 176c 1773 
202 272 4f1 826 df5 
28b 388 2e2 a2e dc5 
270 2a0 427 c2c c2d 
16d 1db 200 1151 1152 
3a0 2a8 2c8 a18 ac8 
222 2ca 422 d57 129d 
213 451 2ba dbd f06 
438 26b 29b 21 6a 
25a 53e 1e7 90 94 
2e6 2c3 34a 373 3b6 
251 2f0 3a8 c96 c98 
1e9 25a 53c e72 e74 
159 2ed 4a6 11f2 11f9 
df 295 141 1612 1615 
e3 261 1a6 255 25d 
251 2f0 3a9 c98 d20 
212 44e 2bd dbe fcb 
109 23d 1c8 1491 14a3 
198 f3 260 164f 179d 
25a 1e9 53e 90 e74 
fa 1a4 257 241 242 
245 2ca 402 cc0 d58 
112 27a 146 1426 1428 
106 23e 1ca 14b4 14bc 
28a 2d7 3a4 9e1 f92 
fc 161 278 14fb 14fc 
c6 1a1 273 1785 1789 
206 19f 1a3 2ce 323 
27e 417 2a4 a09 c85 
2cf 2db 358 b72 1155 
175 2c1 4e6 10f1 10f5 
14a 20f 1e6 1248 1249 
127 2e1 4f4 1372 1375 
118 25d 17c 13ee 14b0 
f6 198 260 152b 1799 
cd 252 1dd 1722 1723 
1ab 549 275 334 985 
3bf 2f1 23d 803 f10 
543 20f 246 811 1170 
2c7 2e1 355 b59 d3d 
10b 2d9 521 1479 147a 
de 1cd 252 161f 1627 
1d3 14d 218 2be 2fc 
221 1ca 144 8b7 8b8 
18b 2f3 46e 105e 1062 
14c 243 17e 1238 14c8 
137 233 1b3 12c6 12c7 
f4 2d5 541 1540 1541 
260 f3 19d 1646 1797 
c7 1e1 254 1770 1771 
23d 2f1 3c1 803 cf1 
12c 18b 24d 132f 1330 
11b 17c 25d 13dd 14af 
2b3 2bb 3b8 3cc b04 
d2 242 1fc 7ee 16dc 
1ea 48b 2b6 e6c e6e 
175 4ea 2c1 10f1 10f6 
238 156 18c 149a 1761 
275 ca 19f 986 1750 
2d0 2bc 386 ae2 b21 
157 238 18c 1206 1210 
49a 267 271 e9e 10e2 
1d3 1d6 1d5 ee3 ee4 
373 2e8 2a1 8f6 a96 
10e 161 273 144f 1780 
10a 145 283 1482 1485 
ff 28f 138 14d9 14da 
257 438 2ab 38f 73d 
2cf 2e6 34a 3b0 3b6 
257 2ab 439 38f 392 
1a1 1a2 20a fe2 11a7 
136 1bb 233 12d0 1404 
220 155 1c2 132b 14a8 
cb 1e2 255 173b 173c 
125 16f 262 922 923 
cb 1e3 255 173a 173b 
e3 261 1b4 25d 3e8 
1a4 476 2e7 326 327 
283 269 479 816 c40 
20a 17f 1c6 876 90d 
253 3e7 2d7 c8a c91 
16f 1ae 21e 1134 1136 
11a 17d 261 13e2 13e3 
10d 240 1cc 1461 1465 
109 263 18a 148b 148c 
bf 25a 1e7 247 248 
ca 1a6 275 254 3e1 
1a5 2e7 476 32d 32e 
219 1ab 17d 8e2 174c 
209 2a3 49a de2 de3 
fe 251 1ba 14f1 14f2 
bf 1e8 25a 24d 24f 
21f 43b 2c8 d66 d6a 
183 1aa 217 10a8 1272 
175 507 2b7 10fa 10fb 
166 164 249 8df 8e0 
268 1ac e0 940 941 
2a2 2d5 39f a9d d49 
295 279 448 c5b 17c2 
25f 2a8 43c c5d d6e 
295 278 449 c9d d7d 
17a 209 1d0 10d5 10d8 
e1 2b8 10b 15f6 15fd 
149 206 207 2f2 2f3 
20d 41f 2e0 366 405 
209 2a3 49d ddf de2 
cf 255 1e4 16fe 1706 
20e 150 1f2 1 2 
50e 2b9 16d 88b 1148 
159 4a6 2f7 11f1 11f8 
f1 1a9 262 1565 1566 
18e 179 22c 2e3 10dc 
1ab 275 ca 3e1 986 
27b 265 493 81c c55 
289 3c5 2d0 a24 a27 
26a 41a 2b5 c37 c3a 
265 2f9 397 c52 e7d 
14f 1a8 234 122a 122b 
10d 1d2 240 1464 1465 
2b3 2bb 3c6 b04 da2 
265 398 2f9 c52 e04 
1ad 47a 2e4 fac fad 
141 23b 1a9 128a 1384 
11c 521 2d9 13d1 147a 
495 265 27b 958 c55 
2c7 36b 2df b5b d3a 
250 2bd 426 c9a 1119 
22b 545 240 d36 ee7 
185 201 1da 1098 12f8 
11c 2d9 522 13d1 13d3 
150 547 2ad 310 311 
1df 13f 222 8bc 12a6 
1d0 4db 2a3 eeb eec 
184 1f5 1f4 109c 1290 
159 1e9 210 11f5 11fa 
249 16d 164 896 897 
1b8 466 2ea f63 f65 
195 200 1ce 1014 1432 
187 1ff 1de 1089 108e 
142 217 1f3 127b 1281 
10f 243 1ce 143d 1448 
df 1c6 25f 161a 161b 
2ee 2bb 35c 385 3c9 
2cf 358 2e6 3ae 1157 
243 110 1ce 980 1448 
1e0 2d7 465 ea7 ea8 
1b8 2ea 467 f63 f6c 
1ea 2b6 49e 848 e6e 
ea d3 2d4 95e 16d9 
270 2b5 41a c28 c29 
26a 27b 494 c30 d40 
1c2 10a 24d 9af 9b0 
253 412 2c8 c8d 1105 
24a 3ff 2d6 cb1 cb7 
21b 49c 29f d92 d93 
1d0 2a3 4df eeb ef1 
1b7 1ec 1d7 f74 f75 
188 1f5 1f4 1080 109c 
127 2e1 50c 1375 1379 
35f 2bb 2ee 365 3c9 
25f 2a8 447 c5c c5d 
115 13b 28c 2aa 2ac 
2ae 395 2da ada 14ea 
187 191 228 1090 11cf 
10a 283 158 1480 1481 
f3 26e 199 154e 1550 
2ac 368 2f2 acd 1147 
1f3 433 2e9 e2e e2f 
548 1ee 261 10c7 13ba 
225 1f1 12f 8ca 8cb 
e0 1c4 263 943 160c 
1fc 475 2c4 e08 e0b 
243 166 17e 1238 1438 
142 23f 1aa 1280 146e 
3a0 2c8 2c9 a19 b61 
16c 235 195 1159 115d 
177 1e7 207 92 402 
fa 29b 13c 292 293 
260 198 114 8e5 1651 
267 27e 498 c4d c4f 
13a 238 1c2 12b4 160f 
1a6 1ab 20e 330 3e0 
2cf 235 429 337 d0f 
2ca 423 245 7ff cc0 
2f9 380 28a 84c a2d 
267 27e 499 c4f e9b 
189 1f6 1f7 106d 1073 
13a 1c3 238 12b2 1607 
f3 19e 26e 154e 1553 
d1 18a 289 16f0 16f1 
c9 28c 18c 175d 1760 
1f6 18a 1f7 96f 970 
290 2f6 381 a43 e3b 
1c3 4d8 2b1 f2d f31 
145 23e 1ad 1263 14b3 
1a1 c6 284 9a0 178a 
2b0 2e2 38a aea e29 
21b 2a3 49d d8b ddf 
169 246 17a 1178 1179 
112 169 27a 1424 1427 
267 280 498 c4c c4d 
254 3ff 2d6 c84 c86 
1a1 1f0 1ef fdc fdd 
1de 194 1ff 108e 131a 
11d 243 1cd 13cd 13ce 
119 1cf 244 13e8 13ed 
110 277 172 1437 171f 
c1 295 185 17c5 17c9 
254 2d6 400 c84 1767 
209 48b 2b6 de1 e6c 
18a 1f8 1f7 1065 1068 
171 1d8 214 1116 1730 
160 22d 1b7 11b3 11b4 
133 4ef 2ef 12ee 12ef 
f7 19e 26e 1517 151c 
c9 28c 190 1755 1756 
23b 2bd 44c cfa cfb 
1b3 2dc 496 f7a f7b 
161 171 250 11a5 1737 
134 2ef 4ef 12e3 12ef 
bf 266 1e8 250 251 
268 e0 1c3 93e 941 
226 2b5 472 d43 f84 
117 271 17a 13f8 13fb 
ff 227 226 14d7 14dd 
bc 206 259 246 3de 
14d 1bd 235 2f9 2fd 
268 1c4 e0 93f 1606 
23b 44e 2bd cfa dbe 
226 473 2b5 d43 d45 
198 1da 201 1003 1004 
156 263 158 1212 160d 
11f 197 25f 13b3 13b4 
bd 244 22f 17ed 17f0 
bc 259 207 245 3de 
284 cc 1a1 99f 172f 
29e 2d1 3c4 a7e cd8 
201 199 1da 1004 12f7 
14f 234 1be 122a 122c 
115 28c 149 2ab 2ae 
478 257 29b 2db 390 
235 14f 1bd 2fd 1222 
1ea 17a 209 8e3 13f5 
1fb 45a 2d8 e12 133b 
ea 299 15a 159c 159d 
e4 26b 1bd 267 268 
1e7 178 20c 2b1 2c3 
13e 20d 216 2e7 400 
27c 2a8 43a 9fd 9ff 
18b 1fa 1f8 105b 1762 
15f 25c 160 11b6 11b8 
14f 1be 235 1220 1221 
131 1ae 24c 1303 1304 
12d 172 26c 1320 1321 
cd 1bc 277 171b 1724 
151 26f 149 152 2f0 
12e 26c 172 1318 1321 
10d 240 1eb 1460 1461 
ea 299 15c 159a 159c 
1d4 e3 261 3e8 15e4 
268 fd 1ac 940 14fa 
2f8 293 385 9ca c82 
21d 2d2 447 d7a d7b 
21b 2a3 4a7 d88 d8b 
175 20f 1e6 10f8 10f9 
1b7 22d 169 8af 11b4 
1ed 25d d3 961 16d5 
2af 3ba 2d0 add ae1 
237 2ba 45e d0b f38 
14b 1c1 237 123c 123d 
119 17b 273 13e9 1683 
111 24c 1d1 142b 142c 
4d5 1f1 2a2 872 873 
1f8 18f 1fa 98c 1041 
1b8 169 22d 992 1176 
16b 234 1a8 116b 122b 
12e 252 1a9 1316 1622 
1ab 219 19f 85b 174d 
1a1 167 23a 981 1181 
283 2f0 3a8 9d9 c96 
23e 2c5 443 ced cee 
dc 260 1e0 164b 164c 
19f 1ac 219 915 fec 
158 24d 18b 1202 1330 
13e 22c 1e8 2e1 2e6 
231 158 1c4 90b 90c 
20b 17b 1ed 95a 10ce 
289 40c 2bc a1e a1f 
1c8 4e3 2b1 f12 f15 
12a 18c 264 1346 1348 
119 24b 1cf 13e7 13ea 
117 169 27f 13f9 1769 
d3 298 17b 16cd 16d3 
12a 13d 28c a1 a2 
2c8 2c9 3b4 b61 c8b 
1f4 1cb 1cc 1085 112d 
157 259 177 314 17f7 
486 265 292 7f4 c56 
1fb 1fa 190 869 103b 
1e9 177 210 880 11fa 
250 214 cc 983 1736 
2b0 387 2ec 9e9 af0 
296 42b 2a7 a66 d00 
256 291 497 c78 c7b 
134 4fd 2ef 12e3 12e4 
f8 275 19f 287 1750 
27e 280 492 a0b a0c 
265 293 485 c54 c57 
1f3 2e9 44b e2e 138d 
dc 2c9 113 163f 1644 
223 124 218 265 2bf 
11a 261 1a6 2b4 13e3 
2cf 2e6 376 3ae 3b0 
2d3 254 417 7fb 99a 
111 1d9 24c 142b 142e 
dc 2c9 114 1641 1642 
2af 2ec 38b ae3 e1e 
2b0 38a 2ec af0 e2a 
23e 420 2da cec e00 
209 49d 2b6 de0 de1 
187 1fe 1ff 1086 1087 
123 1d3 247 2b5 2b7 
149 151 275 2f0 2f1 
20a 1f1 17f 876 13aa 
2c5 2da 39a b4b 11e4 
21f 2c8 464 d66 10ff 
f8 275 1a3 286 287 
1d3 124 247 2b5 2c0 
2d0 2af 3c5 a27 add 
14b 14c 277 1240 1241 
1c6 278 d0 971 16fd 
20b 298 4da ddd 16d2 
156 21c 1f8 1214 1215 
103 14e 29b 2a3 2a4 
27e 498 280 a0b c4d 
250 44c 2bd c9a cfb 
15f 23f 1aa 11c0 1280 
123 249 1d3 2b8 1395 
493 2c4 1fc 81a 81d 
1ff 1db 1af 84f f9d 
20b 4ec 290 dd7 dd9 
175 4e6 2de 10f4 10f5 
12c 24d 1c2 1329 1331 
128 186 26d 135b 135c 
1c2 156 238 160e 175c 
261 20e 548 331 dd5 
42f 297 2a9 cde d79 
23e 2c5 450 cee 11d3 
1c3 2b1 4f3 f2d f2f 
159 4e5 2ed 11f2 11f3 
10a 269 1ad 1486 148a 
233 256 53a d12 12c5 
1c5 4f2 2b1 f26 f28 
1af 200 1db f9d 1168 
157 1c3 238 1203 12b2 
c6 1bc 284 177d 1787 
264 c9 1fa 989 1758 
1c5 4f3 2b1 f28 f2f 
180 4ae 2f6 10b3 10b8 
175 4e9 2de 10f2 10f4 
140 262 187 1291 1292 
123 249 1d6 1395 1398 
230 276 4ff d21 d22 
157 238 1c5 1203 1206 
146 24c 1ae 125c 1304 
d2 19c 28f 16e5 16e6 
e3 150 2ad 25f 260 
493 292 265 7f4 e0e 
2c6 294 3fc 9cd a5f 
217 2e9 433 d98 e2f 
1c8 4f2 2b1 f15 f26 
1b1 2a2 527 f89 f8b 
191 1ff 1fe 1035 1087 
147 255 19c 1259 173d 
c1 1da 279 17ca 17ce 
13c 1a4 257 242 2da 
14c 1bc 243 1234 14ca 
141 1a9 252 1288 1621 
df 185 295 1614 1616 
13a 259 1a3 2cf 2d0 
28a 3e6 2d7 9e1 a2c 
117 17a 27f 13f8 13f9 
11a 1b4 261 2b4 937 
13b 28c 13d 2d2 2d3 
242 2b5 473 cd3 d45 
275 104 1a3 286 2a8 
2f9 28a 3a4 84c 84d 
495 293 265 958 c57 
2df 36b 2eb bb8 d39 
24d 409 2e5 ca3 1056 
21b 4c7 29f d89 d92 
1e1 499 2d3 e92 e93 
126 141 295 1383 1615 
fd 1c4 268 14f5 1606 
c7 270 1ea 1772 1779 
203 542 26e df1 12ea 
16a 1d2 22b 1172 1462 
141 161 278 1285 14fb 
132 26d 186 12fb 12fc 
16c 249 195 115d 1165 
126 262 1a9 1381 1566 
110 277 195 1436 1437 
d3 118 2d4 16d8 16d9 
1a6 104 275 254 2a7 
21b 2b6 49c d8d d93 
188 50d 2c7 107e 107f 
134 186 26d 12e9 12fc 
413 229 2f4 28d d38 
190 264 13d 8bd 12b1 
1c6 278 df 944 161a 
138 19d 260 9a3 12c0 
2a7 2f5 393 ab8 17e9 
41a 2a0 2b5 c29 c3a 
21b 49d 2b6 d8d de0 
196 200 1ff 100b 131b 
13f 212 222 12a3 12a6 
1b3 137 256 8c0 12c6 
203 232 12f 91c 1315 
159 2ed 4f2 11f0 11f3 
14b 1dd 237 1244 1246 
10e 1a2 273 144e 144f 
e3 1f2 261 257 15e5 
202 540 272 df2 df5 
1e1 2d3 49f e92 e95 
130 232 203 1309 1315 
1a7 22e 195 861 1010 
2b1 e0 156 942 1609 
20b 298 4ec dd7 ddd 
171 237 1b9 1112 1113 
142 262 192 1274 1276 
cd 277 1dd 1723 1724 
221 144 213 8b7 126d 
1e0 253 113 8ed 8ee 
2a1 14a 10d 8f7 8f8 
2bf 389 2f0 b2b cf8 
2e3 bf 115 104 3df 
2cb 274 41f 362 3a1 
2d6 27e 3ff c86 cb1 
224 457 2d7 d53 d54 
206 26f 546 356 357 
283 ce 1c7 97b 171a 
26f 207 546 356 35c 
256 497 29f c75 c76 
128 1f4 240 1357 1359 
279 114 197 8e7 1408 
2a8 3f4 2c8 ac2 ac8 
1bb 1d0 209 f4a 10d8 
19c 1b3 227 ff6 14db 
184 51a 2c7 109e 137d 
159 4e5 2f7 11ef 11f1 
149 1a3 259 2f4 2f6 
279 114 198 8e5 8e8 
2e5 24d 416 976 ca3 
df 25f 201 1618 1619 
dc 130 2c9 1641 1643 
206 26f 54a 357 403 
2ce 3b6 2d5 b6a d19 
2df 37f 2e8 bb2 bb3 
1e2 52a 291 e85 e86 
fe 2ae 145 14ec 14ed 
1cd 12e 252 161f 1726 
1bf 4f0 2c0 341 723 
27c 2d2 40f a00 a06 
2bc 2d0 3d3 b20 b21 
1ea 49f 2d3 e6f e95 
14c 243 1ce 1235 123a 
144 21a 221 1270 1271 
119 273 1a1 13ec 1789 
117 254 1e1 13f7 1771 
213 2f4 435 db9 dba 
188 51a 2c7 107f 109e 
145 1ba 251 1265 14f2 
131 24c 1d9 1301 142e 
26b 2c3 441 39b 39c 
215 44b 2e9 daa 138f 
15e 1f5 228 11c8 11cb 
15d 1ca 23e 11d0 14bc 
132 24c 1d9 12fa 1301 
131 1da 24c 1302 1303 
121 525 2f6 13a3 13a5 
11f 25f 1c6 13b3 161b 
c9 1c2 28c 1755 175b 
217 44a 2e9 d98 d9f 
1a1 20a 1ef fdd 16f7 
183 217 1f3 10a7 127b 
132 1da 24c 12f5 1302 
243 162 1bc 14cc 171c 
178 25a 179 319 31a 
3fa 2bc 2bf 9de b25 
283 2ae 455 a1c a1d 
289 40b 2d0 a20 a24 
294 2c6 414 a5c a5f 
2b2 2d8 3d2 afe 1339 
2df 37f 2eb bb3 bb8 
215 2e9 44d daa dac 
1a1 1f0 20a fdd fe2 
289 40c 2d0 a1f a20 
23e 2da 443 cec ced 
1a2 20a 1f0 fd8 fe2 
160 22d 1ec 11ac 11b3 
156 18a 263 1213 148c 
14d 285 14f 1230 1232 
1d1 14a 246 8b2 1252 
495 27b 293 958 959 
2ae 2bf 40a ad6 ad7 
268 4e2 276 c49 c4a 
1b1 541 2a2 f89 f8c 
158 189 263 11fe 11ff 
13b 28c 155 2d3 2d6 
246 14a 1d2 8b2 1253 
26e 133 199 8c4 1550 
224 465 2d7 d54 ea8 
157 28c 13a 3fe 8bf 
1f4 262 f1 925 1564 
1cb 1f5 1f4 f04 1080 
28c 13d 155 2d3 8be 
275 206 549 324 358 
2b2 2d8 3d7 afd afe 
2b3 3c6 2e0 b01 da3 
1a7 1df 212 fca 12a7 
167 23a 1cf 1181 1188 
ea 2d4 118 159b 16d9 
150 101 2ad 25f 297 
206 54a 275 358 403 
24b 405 2f5 7f2 11d7 
1ff 1af 1fe 84e f99 
25b 49f 2a0 c6d e70 
ec 14b 2ba 1591 1592 
d8 273 1ed 167c 167d 
c6 284 1dd 177d 177e 
26b 438 2cc 1f 68 
13e 22c 216 3ff 12a8 
4e1 240 28d 82f 1365 
1e2 d4 27b 956 16c9 
25b 4a0 2a0 c6a c6d 
cc 1d8 284 172f 1734 
289 2f3 3cd a22 d83 
140 1a9 262 128e 1565 
114 197 281 140a 140f 
e1 2b8 15c 15f3 15f6 
1f8 1f7 1c7 834 835 
37f 2e8 2eb bb3 e60 
270 2d3 427 c2d 176d 
242 2c4 473 cd2 cd4 
235 46a 2cf d0f d10 
1d6 4f5 2b9 ed9 1397 
1af 200 1ff f9c f9d 
e9 22f 24b 15ac 15ae 
1bb 168 246 892 17aa 
231 1c4 189 90b 1075 
267 48d 2a5 c4b 10e4 
221 435 2f4 d5d dba 
192 245 193 1030 1032 
146 1d1 24c 125a 142c 
12e 26c 1a9 1317 1318 
eb 284 1bc 1597 1787 
2ad 105 151 3e2 708 
1d4 261 11a 937 13e6 
242 475 2c4 cd2 e08 
200 1d5 1db 1152 1166 
12f 1c6 25e 837 130f 
27f 14a 169 8b0 124c 
2b5 148 ff 907 909 
21b 4df 2a3 d88 ef1 
14a 1b7 258 124e 1251 
126 215 23b 1385 1387 
249 14d 1d3 2b8 2fb 
549 20e 275 334 36b 
274 437 2cb 3a1 3a5 
fc 278 1c6 944 14ff 
180 4d5 2f6 10b2 10b3 
20e 275 54a 36b 36f 
249 1d4 14d 8db 122f 
23a 167 1d8 981 117f 
2af 3bb 2ec ae3 ae7 
135 19a 272 12da 12de 
19e 139 26e 1517 1553 
ec 153 2ba 158b 1591 
452 26b 2c3 33f 39b 
16a 509 2e8 116c 116d 
15d 24b 1c1 11db 15a7 
1b3 19b 233 12c7 1400 
1c2 158 24d 1331 17b8 
11e 261 1d4 13be 13e6 
eb 1c1 284 1595 1598 
2cc 26b 441 68 39c 
256 291 4cc c7b c7e 
16f 24c 1ae 1128 1132 
1cd 162 243 13ce 171d 
4a3 1c8 2ed 832 f16 
2b0 3bd 2ec 9e8 9e9 
e6 108 2e4 15dc 15df 
171 1d8 237 110d 110e 
16c 1af 24e 1162 1169 
481 2a4 27e 9c2 a09 
3a8 2f0 2bf 9d9 b2b 
291 490 293 a49 16c5 
26a 2b5 473 c37 cd3 
12f 232 225 1310 1313 
243 165 1cd 13cd 1728 
10d 22b 240 145f 1464 
22c 179 1e8 2e1 31e 
2c3 3ed 2cc 3bf 3c0 
177 12a 28c 3fb 8d2 
2d3 3fe 2a4 7fa aa8 
221 1ca 1ad 8b8 fa6 
2a1 10d 16a 8f7 145a 
15f 160 27d 11b7 11b8 
158 24d 1c7 11fb 1202 
ff 19c 28f 14d5 14d6 
2b0 2ec 3c1 9e8 af1 
40f 296 2d2 a06 17db 
267 2a5 498 c4b c4c 
18a 1f8 21c 1067 1215 
16e 4fd 2ef 113c 1143 
1ce 166 243 123a 143d 
26a 4a0 2a0 c3b c6a 
25f 447 2d2 c5c d7b 
194 2e1 4f4 1019 1372 
16e 4fe 2ef 1143 1536 
171 237 1dd 110c 1112 
14a 1e6 246 1248 124b 
270 2b5 472 8b5 c28 
169 27a 160 8f9 11ae 
2c3 3ec 2cf 3b7 3b8 
1fa 2f3 46d e14 e18 
145 1fd 23e 1263 1264 
132 24c 1f4 12f6 12f9 
112 1b8 27a 1423 1424 
22a 546 26f 378 408 
1ed 118 25d 961 13ee 
1fa 2f3 46e e18 105e 
18f 21c 1f8 1041 1214 
172 252 1a9 1109 1316 
547 26f 22a 408 730 
22e 46b 2db 9b9 9ba 
2bc 2bf 415 b25 1711 
213 454 2f4 db9 14c3 
476 20c 2e7 326 32d 
285 16b 14c 8ab 8ac 
22e 46c 2db 9ba fd3 
2dd 2f8 383 9ee c7f 
20b 525 290 dd9 dda 
1bb 1d0 21b f49 f4a 
18f 21c 1fa 1040 1041 
17a 1bb 246 10d7 17a9 
1c5 18c 238 1206 1499 
109 2b1 156 1490 1494 
280 2a5 487 a11 a13 
271 49a 2a3 c27 de3 
135 1e3 255 12d4 173a 
119 1a1 284 13eb 178a 
2e0 274 41e 32c 3a0 
271 49b 2a3 c26 c27 
41f 274 2e0 366 3a0 
50d 2df 188 8d6 107e 
164 1ce 249 8df 1198 
2af 3cc 2ec ae7 16eb 
2b0 3c1 2f1 ae8 af1 
21a 471 2e4 d96 14a5 
14f 285 16b 1229 122d 
145 1ad 269 1267 148a 
224 19d 1e0 85c 164d 
1d1 246 168 8b1 17a3 
1e2 256 137 8c0 12c8 
280 488 2a6 a15 a17 
174 257 1a4 241 316 
e5 2f4 f9 26e 273 
13e 288 178 2e4 2ea 
1d2 168 246 8b1 117a 
166 249 1ce 8df 1191 
235 2db 46a 9bb d10 
169 1d1 246 1178 1252 
117 1e1 267 13fd 13ff 
cc 278 20a 1738 1739 
46b 235 2db 9b9 9bb 
283 455 2bf a1c 1718 
2a0 410 2d3 a8d a8f 
1d6 2b9 50e ed9 1148 
1c7 189 23c 86e 107d 
16f 15f 27d 89d 11bc 
170 198 260 1124 152b 
16a 246 1d2 1171 1253 
148 270 1a0 1254 1773 
12f 281 197 130e 1314 
283 479 2ae 817 a1d 
20f 507 2a1 dd3 116f 
1c6 1ef 20a f23 16fc 
220 2e4 471 d61 14a9 
21e 467 2ea d73 f6c 
11a 261 1ee 13e2 13e5 
10a 1ba 283 147f 1482 
d0 20a 278 16fd 1739 
13e 1a5 274 2e8 2eb 
20a 1c6 1f1 876 877 
27c 2d2 43a 9ff a00 
23b 44d 2e9 cff dac 
ec 2ba 16b 158a 1592 
249 164 1d6 896 1398 
249 166 1d4 8db 1191 
277 1ce 110 980 1436 
4cf 276 28b 9bd 9f9 
2c5 3ac 2f5 b49 11e0 
187 228 1f5 1094 11cb 
167 1cf 24b 1184 118d 
141 215 23b 128c 1385 
1f1 527 2a2 872 f8b 
2d5 f4 12f 91d 1547 
27e 2a6 492 a0c a0f 
21a 2e4 47a d96 fad 
188 1f5 228 1083 11c8 
fd 28b 1ba 14f4 14f7 
2c0 1bf 51e 2ba 341 
28c 18c 12a 8d2 1348 
1a8 234 1be fc8 122a 
11e 1ee 261 13ba 13e5 
119 273 1cf 13e8 13ec 
257 2e7 439 392 393 
2a6 280 492 a0c a15 
289 2e5 40b a21 1060 
118 244 22f 13f2 13f3 
115 28c 1a3 2aa 2ab 
278 cc 214 983 1733 
499 27e 2a4 9c2 e97 
289 2e5 40c a1e a21 
119 22f 244 13ed 13f3 
fe 251 230 14f0 14f1 
547 1bf 2ad 310 71a 
28a 2f9 3e4 a2d 16db 
2d8 2e0 3c8 b98 133e 
268 4e2 28b c44 c49 
1c8 2f1 4b6 f0f f18 
16d 2f2 50f 1144 1146 
142 1cb 262 1273 1279 
218 e4 26b 169 267 
e5 2f4 105 278 27c 
24b 2f5 42c 7f2 ca9 
2d3 2a4 417 7fa 7fb 
1df 1af 222 8bb 8bc 
256 4cd 29f c76 c77 
161 252 1cd 11a2 1627 
11e 261 1f2 13bf 13c0 
16c 1d5 249 88f 1164 
280 498 2a5 a11 c4c 
2cf 3dd 2db b72 b73 
1b9 22e 1be f58 f5b 
1a1 1a2 248 fdf fe3 
16f 1cc 24c 112c 1133 
222 192 1fe 863 1029 
1cc 240 188 89c 1084 
220 47b 2e4 d61 d62 
16d 249 1d5 114f 1150 
d0 278 214 16fa 1733 
453 2f4 229 a8 d38 
124 247 223 2c0 3f8 
249 1d6 16d 896 114f 
289 2f3 3f5 9ed a22 
167 1d8 24b 1183 1184 
147 1e4 255 1259 1706 
126 295 185 1382 1616 
f7 26e 202 1514 1518 
149 275 1a3 2ee 2f1 
26a 473 2c4 c32 cd4 
17a 1d0 246 10d6 10d7 
114 130 2c9 1411 1641 
253 2d7 465 c8a ea7 
1d1 17a 246 1178 17a2 
112 1d1 27a 1427 1428 
10b 15c 2b8 1478 15f6 
fd 1c4 28b 14f3 14f5 
f7 26e 204 151a 151c 
4db 1d0 2de 830 eec 
d4 291 1e2 16c7 16c8 
40c 2bc 2d0 a1f b20 
28d 26d 4e1 113b 1364 
10b 2d9 11c 147a 147b 
270 1b2 148 8b6 1254 
d1 1f7 289 96c 16f0 
2b2 3d1 2f3 afb e16 
1db 1ff 200 ec0 f9d 
161 284 171 11a4 1735 
117 271 1e1 13fa 13ff 
bd 1cf 2a7 17e5 17ea 
126 1a9 286 1381 1388 
12f 25e 1f1 8cb 130f 
125 262 1f3 922 1391 
293 d4 1e2 956 16c8 
15f 183 27d 11b9 11bc 
21d d0 278 971 16fa 
1e1 1ea 209 e9a 13f4 
187 192 262 108b 108c 
275 151 1a3 2a8 2f1 
2a0 2d3 427 a8d c2d 
161 1dd 250 11a3 11a5 
11f 201 25f 13b4 1619 
119 24b 22f 13ea 15ae 
276 28b 4e2 9f9 c49 
1b9 234 1be f5d f5f 
194 4f6 2f2 101e 101f 
172 26c 195 1106 1107 
2ae 2da 40d ada dfe 
14a 258 1e6 124d 1250 
142 192 286 1275 1276 
bf 1e8 29d 24f 251 
1bd 14e 26b 268 308 
1a6 151 275 2a7 312 
196 2f2 4f6 100a 101f 
16f 1da 24c 1128 12f5 
169 27f 17a 1179 13f9 
10e 273 1ed 1451 167c 
dc 173 2c9 163f 1642 
149 1e7 259 2f7 401 
2c6 2d6 3ff b4c cb7 
21a 2f4 46f d94 1507 
161 1dd 252 11a2 11a3 
158 263 1c4 11fe 160c 
140 262 1de 128e 1291 
e3 1a6 2ad 255 3e3 
179 241 1e8 31d 31e 
264 18f 18c 98a 1055 
26a 480 2c4 c31 c32 
16c 24e 1db 1160 1169 
12d 26c 1de 131d 1322 
2a8 2c8 43b ac2 d6a 
2b2 411 2d8 afd e13 
1a1 23a 1cf fd9 1181 
12e 1de 26c 1317 1322 
28c 190 13d 8bd 8be 
132 1d9 26d 8c7 12fd 
17d 1a6 261 10c9 13e3 
158 1c7 263 11ff 1200 
14a 246 20f 1248 124a 
157 177 28c 314 1211 
4e9 2de 1d0 830 ef6 
2dc 227 496 f7a 16be 
12c 220 24d 1329 132e 
134 26d 1d9 12e7 12fd 
1b7 1d7 22d f6e f75 
161 1a1 273 11a6 1785 
15a 15c 299 11ea 159c 
146 27a 1ae 125b 125c 
221 2f4 46f d5d d94 
1c8 2ed 4d6 f16 f19 
161 273 1a2 11a6 144f 
274 2e7 437 3a3 3a5 
247 2b9 4c1 38a cbf 
296 1ef d0 974 16f6 
1b3 1ea 227 f7e 14df 
12a 1f9 264 1343 1346 
247 2c0 4b4 38c 38d 
225 1b1 1f1 8ca f8a 
18b 1c7 24d 1059 1202 
16f 27d 183 1138 11bc 
12b 1f9 264 1338 1343 
ea 15a 2d4 159b 159e 
1a1 23a 1d8 981 982 
294 2ea 414 a5b a5c 
192 217 222 102b 102d 
14b 237 234 123b 123e 
171 250 1dd 111a 11a5 
12b 264 1fb 1336 133d 
2f4 102 105 a6 2a0 
2ea 297 414 a5b a6a 
119 1cf 284 13e7 13eb 
1fe 1af 222 862 f94 
1ac 522 2d9 fae 13d3 
187 26c 192 1088 108c 
d4 27b 227 16bd 16c0 
206 13a 259 246 2cf 
2d1 3c2 2f7 87e b7e 
455 2ae 2bf a1c ad6 
1ae 21e 208 fa0 fa1 
10c 192 2aa 1469 1472 
fd 143 2d9 14f6 14f8 
13e 288 1a5 2ea 2eb 
114 21f 260 8e6 1409 
1ef 1f0 20a e45 fdd 
1ad 23e 1ca fa7 14b4 
172 1a9 26c 1108 1318 
138 28f 19d 12bb 12bd 
10c 193 2aa 1467 1469 
c8 27f 22d 1766 176b 
117 1e1 27e 13f7 13fd 
13a 28c 1a3 2d0 3ee 
20f 2b7 507 dd3 10fb 
195 1ce 249 1014 1015 
172 1df 252 1109 110a 
172 195 277 110b 1437 
14b 277 1bc 1240 1247 
28c 13b 1a3 2aa 2d7 
249 200 164 897 1198 
2a1 16a 14a 8f7 124f 
14c 277 1bc 1234 1240 
141 250 215 128c 128d 
128 1f4 26d 135a 135b 
fc 20a 278 14fc 14ff 
d3 17b 2d4 16cd 16d8 
12f 281 1c6 837 130e 
2d2 2a8 43a 9ff ac5 
26a 494 2c4 c30 c31 
fe 145 2da 14e1 14ed 
20e 51f 2ad 4 36d 
1f7 23c 189 86e 1072 
268 276 533 c46 c4a 
1c3 238 1c5 f2e 1203 
140 262 1f4 128f 1564 
1e0 253 173 8ee 1102 
2b2 3f0 2f3 afa afb 
142 1f3 262 1279 1282 
140 1f5 262 128f 1292 
1bb 209 21b f4a f4c 
196 50f 2f2 100a 1146 
18a 1f6 23d 1066 16f5 
170 198 279 1120 1124 
16f 24c 1f4 112c 12f6 
157 28c 18c 1210 1211 
142 262 1f5 1273 1274 
2de 1e6 4e9 ef6 10f2 
1b8 208 21e f6b f6d 
18e 216 22c 104a 12a8 
189 211 231 106e 1074 
188 1f4 240 1084 1357 
135 272 1e3 12d8 12e0 
261 166 1d4 13be 15e4 
2ad e4 1bf ce 3e9 
28c 190 155 8be 121b 
1b7 1ec 22d f75 11b3 
243 277 cd 97f 171b 
1c8 4e3 2f1 f0f f12 
1a9 1df 23b fc1 fc3 
16f 1cb 262 1129 112a 
16c 200 249 1164 1165 
2e0 2b3 41b 813 b01 
249 16d 200 897 1150 
1b7 14a 27f 8b0 1251 
1e3 2dd 4f1 e80 e84 
10e 273 20b 144e 1451 
26d 1f4 132 8c6 12fb 
143 2d9 10b 92f 147b 
28a 457 2d7 a2c d53 
2f1 2ec 3c1 af1 cf1 
13d 1fb 264 12b1 133d 
c1 215 295 17c8 17c9 
149 206 259 2f3 2f4 
24d 2e4 47b ca5 d62 
147 28f 19c 1257 16e6 
149 259 207 2f3 401 
1c5 2ed 4f2 f27 11f0 
1ac 2d9 533 fae faf 
147 19d 28f 1255 1256 
117 209 271 13fa 13fb 
e6 2e4 154 15db 15de 
2e0 2b3 41f 405 813 
25c 160 1eb 898 11af 
2e5 2bc 40c a1e b27 
25d 299 503 c63 11dd 
21b 29f 539 d89 d90 
261 150 1f2 2 257 
1a3 149 28c 2ab 2f6 
25c 1ec 160 899 11ab 
2a8 447 2d2 ac5 c5c 
1b9 1dd 237 f53 1112 
1a1 1ef 23a fdb 16f8 
12d 1ff 26c 131d 131f 
2ad 1a6 105 3e2 3e3 
2b1 1c3 e0 93e 1605 
25d 299 505 962 963 
1c8 2ed 4f2 f19 f27 
16a 20f 246 1170 124a 
145 283 1ba 1265 1482 
12d 200 26c 131f 1320 
2a1 1b7 10d 8f8 1459 
e0 1c4 2b1 93f 943 
25d 299 506 963 c63 
2a7 404 2f5 ab8 ab9 
27b 493 2c4 81d 9fb 
279 201 114 8e7 8e8 
1c1 237 1d8 f34 f39 
27b 494 2c4 9fb c30 
14c 1ce 277 1235 1236 
dc 19a 2c9 1643 1644 
cf 2f9 147 170c 170d 
1ad 221 21a fa9 1271 
2aa 1aa 10c 8fe 1471 
161 284 1a1 99f 9a0 
290 4d9 298 a3c a42 
2c5 3ea 2f5 b48 b49 
d2 28a 224 16dd 16e0 
2f9 d2 147 96a 16e8 
146 27a 1d1 125a 1428 
2e7 257 476 327 393 
278 250 cc 983 984 
2bc 415 2e5 b27 1716 
109 23d 263 148b 148f 
109 2ed 129 14a1 14a2 
2cc 2c3 441 39c 3bf 
1b1 541 2d5 f8c 1541 
fe 2da 15b 14e1 14e2 
ce 2bc 1c7 1712 1717 
cd 277 252 171e 1723 
130 26e 202 1307 1308 
112 27a 208 1423 1426 
d3 20b 298 16d2 16d3 
2e0 406 2d8 8d0 b98 
1d0 209 21b eee f4a 
14b 284 1bc 1245 1597 
130 26e 203 1306 1307 
177 259 1e7 318 402 
12f 25e 225 836 8cb 
230 2b8 4ff d25 d26 
19c 227 226 ff1 14d7 
bd 2c2 1cf 17e5 17e8 
e5 2f4 144 279 15e2 
16f 27a 1ae 1132 1136 
11c 2d9 143 13d8 147b 
440 2c3 2cf 33a 3b8 
270 148 1ea 8b4 1779 
189 211 23c 106c 106e 
14b 2ba 153 123f 1591 
133 26e 203 12ea 1306 
25a 178 1e7 247 31a 
2b1 4d8 268 839 f31 
26e 204 133 8c5 12f1 
1c7 ce 2bf 97b 1712 
286 2e9 44a 9c5 d9f 
256 291 52a c7e e86 
199 19e 26e 1002 154e 
189 263 1c4 106b 11fe 
173 1e0 260 1101 164c 
1e8 178 25a 24d 319 
115 1e7 28c 2ad 2ae 
14d 235 249 2fa 1231 
25a 179 1e7 31a 31c 
13a 28c 1c2 3ee 12b4 
54a 275 26f 403 404 
156 1f8 263 1212 1213 
14b 1c1 284 123d 1595 
145 1fd 269 1266 1267 
d2 28f 224 16e3 16e4 
13b 28c 1c2 2d6 2d7 
1e8 179 25a 319 31f 
169 27a 1b8 1176 1424 
179 1e9 25a 31c 320 
1c7 263 189 86f 11ff 
44d 2e9 286 9c5 cff 
256 2dc 497 c75 c78 
17b 248 20b 10d0 10d2 
158 1f8 263 1200 1212 
14b 1dd 277 1246 1247 
137 233 256 12c5 12c6 
1bb 246 1d0 f46 10d7 
14f 1be 285 1221 122c 
202 139 26e 1308 1514 
114 2c8 173 140b 140c 
49c 29f 2b6 d93 f80 
113 173 2c9 141b 163f 
114 2c9 173 140c 1642 
c9 238 28c 175b 1760 
101 2ad 1bf 297 3e9 
1f2 166 261 13c0 15e5 
118 15a 2d4 13f1 159b 
c8 27f 254 1764 1765 
177 18c 28c 8d2 1211 
1b2 2b5 ff 907 908 
233 539 29f d15 d90 
197 25f 1c6 1008 13b3 
135 202 272 12de 12e0 
261 1a6 1b4 25d 2b4 
269 47a 2e4 c3c fac 
233 53a 29f d12 d15 
195 26c 1af 1016 1017 
141 250 23b 1289 128c 
22d 1d7 1ec 82c f75 
290 298 4ec a3c dd7 
269 2e4 47b c3c ca5 
125 2e9 126 138a 1392 
1b7 169 27f 8af 8b0 
1cc 240 1d2 f01 1465 
221 213 1ca 8b7 f0b 
247 4f5 2b9 8da cbf 
414 2c6 2ea a5c b4f 
20e 150 261 2 3 
160 27a 1cc 8f9 11a8 
268 531 28b c42 c44 
1da 1ae 24c 1128 1303 
2e7 437 2ab 111 3d1 
1a1 248 1f0 fe1 fe3 
16e 26d 1d9 1139 113a 
ce 283 24d 1719 171a 
1f0 248 1a2 858 fe3 
ff 28f 205 14d5 14d9 
20e 54a 2ad 36d 36f 
2e7 2ab 439 392 3d1 
1f1 4d5 2f6 e34 10b2 
17c 1ed 25d 10ca 13ee 
149 2e3 115 14d 2b0 
14c 1ce 285 1236 1237 
be 23a 296 17d2 17d9 
29d 25a 520 249 395 
1cc 27d 15f 89d 11b7 
28d 1d9 132 8c7 12fa 
279 21f 114 8e6 1408 
171 214 250 111d 1736 
158 1c7 283 11fb 11fd 
16f 1f3 262 922 1129 
2af 1f7 d1 96c 16ec 
2a5 48e 2c1 aab 10e9 
1af 1db 24e f98 1169 
1ad 1fd 23e fa4 1263 
160 27d 1cc 11a8 11b7 
10a 154 2e4 1487 1488 
179 241 22c 31e 10da 
1af 24e 1dc 7ec f97 
1f4 16f 262 925 112a 
1c6 239 1ef f20 f22 
195 249 200 1014 1165 
1e2 19c 255 85e 173c 
12a 28c 1e7 2c1 3fb 
12b 2e0 13e 2c7 2ca 
476 274 2e7 32e 3a3 
169 1cc 27a 8f9 1177 
1a1 273 1a2 fdf 11a6 
187 1de 262 108f 1291 
172 1df 26c 1106 1108 
10a 269 24d 1483 1484 
1e4 255 19c 85e 1259 
1a7 277 195 860 861 
1e6 176 267 882 10e5 
285 1d4 14c 8ac 1237 
1f8 1fa 21c e1b 1041 
14b 16b 2ba 1242 1592 
14d 285 1d4 122f 1230 
266 178 1e8 250 31b 
1a3 19f 275 287 323 
1a9 1df 252 fc4 1109 
180 1f0 25e 10b9 10bc 
17a 1d0 271 10d5 10d6 
c8 1b8 2d6 1763 1768 
178 288 1a5 9c 2ea 
149 206 26f 2ef 2f2 
2c5 443 2da b4b ced 
195 235 22e 100e 100f 
180 25e 1f1 10b4 10ba 
17d 261 1ee 10c7 13e2 
14f 1d4 285 1229 1230 
29d 4e4 29e 8a 9ce 
149 207 26f 2f2 2f5 
2a7 42c 2f5 ab9 ca9 
169 1d1 27a 1177 1427 
14a 1e6 27f 124b 1250 
e9 15b 2f5 15b0 15b1 
df 278 25f 1613 161a 
28c 155 1c2 2d6 121b 
1d8 1c1 24b 83a f35 
1cc 16f 27a 89e 1133 
1d1 1d2 246 8b1 8b2 
259 177 207 245 402 
272 2ce 4b1 c21 c25 
14b 284 1dd 1244 1245 
109 1c5 2b1 1492 1493 
e9 15d 2f5 15ad 15b0 
223 1d3 218 2bf 344 
22a 52e 2b4 379 736 
29d 4e7 29e 9ce 9cf 
1a0 1b2 270 fe8 1254 
189 231 23c 106e 107c 
d2 242 28f 16e2 16e5 
13e 274 20d 2e9 2ec 
249 235 16c 88e 115d 
192 217 245 102d 1031 
109 1c8 2b1 1491 1492 
1ab 19f 275 985 986 
1ce 249 1d4 efc 1191 
15f 2a9 183 11b9 11c1 
1cc 16f 27d 89d 89e 
281 114 21f 8e9 140a 
1df 222 212 eaa 12a6 
1cc 24c 1d1 efd efe 
141 250 252 1286 1287 
116 2b6 1b3 1402 1405 
13e 1e8 288 2e4 2e5 
1c7 23c 1f7 86e f1d 
128 1f4 28d 1359 135a 
d0 296 23a 16f6 17d9 
520 22a 2be 24b 377 
1e3 529 2dd e80 e81 
1cc 1eb 240 f03 1461 
2f4 14e 102 a6 a7 
1e9 2d1 53c e71 e72 
115 20c 28c 2ac 2ad 
149 206 275 2ee 2ef 
271 2de 49b c26 10e8 
127 184 2c7 137b 137d 
d0 2d2 1c6 972 16fb 
1d3 249 1d5 ee2 ee3 
2f4 14e 105 a5 a6 
1ab 275 1a6 3e0 3e1 
1d3 249 1d6 ee3 1395 
118 2d4 17b 13ef 16d8 
1bb 21b 233 f48 f4b 
170 279 1da 1120 17ce 
127 187 2c7 1376 137a 
482 2d3 2a4 9d5 aa8 
249 1d5 1d6 ee3 114f 
1cf 24b 1d8 ef9 1184 
1a2 20b 248 fd5 fd6 
19d 260 1e0 fef 164b 
187 1de 26c 1089 108f 
116 1bb 2b6 1401 1406 
271 176 1e6 882 10e6 
2b7 4be 2a1 9d2 9d3 
1b7 258 1d7 f6e f71 
192 245 222 102d 102e 
eb 24b 284 1598 1599 
268 1ac 1c3 941 fb2 
256 53a 29f c77 d12 
172 1df 277 110a 110b 
113 2c9 19a 141e 1644 
28d 132 1f4 8c6 12f9 
299 4c6 2b8 a77 a7c 
1cc 1f4 240 eff 1084 
187 262 1f5 108b 1292 
437 2e7 2cb 113 3a5 
1b3 256 1e2 8c0 f7f 
243 110 277 97f 980 
10a 283 231 147f 1480 
f5 2ef 16e 1536 153a 
25a 53d 29d 395 397 
29d 2be 4b8 3d7 3da 
2ef 204 4ef 814 12ee 
1d1 1d9 24c ee8 142b 
1d0 1e6 246 ef3 ef5 
15b 2c5 15d 11e2 11e3 
146 208 27a 125b 1426 
2a1 1b7 14a 8ad 8f8 
297 467 2ea a6a d73 
119 244 273 13e8 13e9 
ff 226 28f 14d6 14da 
185 25f 201 109a 1618 
fd 28b 231 14f3 14f4 
22a 2be 52e 377 733 
189 1f6 263 106b 106d 
133 2ef 134 12ed 12ef 
c9 28c 264 1756 175d 
189 263 1f7 86f 106d 
1f6 263 18a 96f 1066 
19c 226 242 ff1 ff2 
161 1dd 284 11a4 177e 
160 1ec 27d 11aa 11ab 
18a 263 1f7 96f 1065 
19c 227 242 ff0 ff1 
10d 16a 2e8 145a 145c 
28c 149 1e7 2ae 2f7 
18a 263 1f8 1065 1213 
145 283 1fd 1266 126a 
114 281 232 140e 140f 
285 16b 1d4 8ac 1229 
291 48f 2dc a47 a4b 
2c6 466 2d6 b4c f64 
22a 2b4 547 379 72d 
1d4 261 1b4 3e8 937 
172 26c 200 1107 1320 
291 2dc 491 a47 16c2 
1a9 262 1de fc0 128e 
262 192 1f5 108b 1274 
1ba 231 230 f4d f4e 
195 1df 26c 1016 1106 
18c 264 1f9 1055 1346 
20c 12a 28c a1 2c1 
1e1 2d3 c7 997 1770 
289 46e 2f3 9ed 1062 
17b 1ed 273 10ce 167d 
1dd 1cd 252 11a2 1722 
272 2dd 4b2 c1e c1f 
202 2ce 540 df2 df3 
17b 244 248 10cf 10d1 
f4 2d5 1b1 1541 1547 
203 540 2ce dec df3 
18f 264 1f9 1044 1055 
151 2ad 1a6 312 3e2 
4fe 204 2ef 814 1537 
264 1fa 18f 989 1043 
291 497 2dc a4b c78 
195 1ce 277 1013 1436 
185 1da 279 1098 17ca 
171 284 1d8 110d 1734 
230 2d9 4ff d22 d25 
190 264 1fa 103b 1758 
173 260 21f 1100 1409 
bf 25a 29d 249 24f 
1ea 25b 1b3 849 f7e 
2b5 1ea ff 909 90a 
190 1fb 264 103b 12b1 
499 2a4 2d3 9d5 e93 
210 4e5 2f7 dd0 11ef 
145 2da 15b 1268 14e1 
1f4 186 26d 12fb 135b 
161 250 252 11a3 1286 
51e 247 2c0 2bc 38c 
12f 225 281 836 1313 
2a0 49f 2d3 a8f e6f 
1be 235 22e f3f f40 
1a1 1cf 273 fda 13ec 
197 201 25f 1007 13b4 
171 1dd 284 110c 11a4 
15f 25c 23f 11be 11bf 
1ea c7 2d3 997 1772 
1cc 24c 1f4 f00 112c 
fa 29b 229 28f 292 
1d1 28d 16e 8ef 113d 
2b1 2b0 4d7 9db af5 
16e 1d2 28d 113d 113e 
206 1a3 259 2cf 2f4 
13e 288 20d 2ec 2ed 
1b9 237 234 f55 f5e 
15f 1aa 2a9 11c0 11c1 
138 205 28f 12bb 14d9 
fd 2d9 1ac 14f6 14fa 
20a 161 278 14fc 1738 
2e3 1e7 53e 93 94 
129 159 2ed 8d4 1350 
195 235 249 1012 115d 
130 19a 2c9 1305 1643 
187 26c 1fe 1086 1088 
10a 283 24d 1481 1483 
496 2dc 29f 9d1 f7b 
203 2d5 540 dec def 
187 1ff 26c 1086 1089 
266 bf 29d ad 251 
20c 13b 28c 2ac 2d2 
2e5 ce 1c7 975 1717 
29f 2dc 497 9d1 c75 
203 2d5 541 def 1540 
1a9 1de 26c fc0 1317 
197 1c6 281 1008 130e 
2cf 46a 2db b73 d10 
1a9 26c 1df fc2 1108 
249 1ce 200 1014 1198 
117 267 271 13fe 13ff 
d2 2f9 19c 16e7 16e8 
20c 28c 13d a1 2d2 
16e 28d 1d9 8ef 1139 
29b 103 229 28f 2a3 
277 1df 195 860 110b 
25d d3 299 962 964 
124 1bf 2c0 2ba 2bd 
2e0 2d8 45a 8d0 8d1 
2d2 d0 1ef 974 16fb 
189 28b 1c4 1075 1079 
12f 232 281 1313 1314 
2b5 148 1b2 8b6 907 
2c5 2f5 444 b48 11d9 
198 279 1da 1003 1120 
141 2bd 1a9 1288 128a 
c1 295 279 17c2 17c5 
bf 22a 2be 174 24b 
17a 271 209 10d5 13fb 
142 286 217 1275 127f 
126 215 295 1382 1383 
1df 26c 1af 8bb 1016 
279 260 114 8e5 8e6 
130 2ce 19a 130a 130d 
1df 23b 212 eab eac 
249 1d5 200 1150 1164 
117 254 27e 13f6 13f7 
123 1d3 2b9 2b7 1396 
192 1fe 26c 1029 1088 
df 25f 295 1613 1614 
2ad 150 1bf 297 310 
117 27f 254 13f6 1764 
fd 2d9 1ba 14f7 14f8 
28c 190 1c2 121b 1755 
147 28f 205 1255 1257 
2a3 2de 49b aa2 c26 
123 1d6 2b9 1396 1397 
bf 2e3 1e7 248 3df 
1ea 2b6 116 8e4 1405 
1e2 2f8 529 e8a e8b 
17b 273 20b 10ce 10d0 
119 284 24b 13e7 1599 
1e3 529 2f8 e81 e8b 
1e2 2f8 52a e85 e8a 
195 285 1ce 1013 1015 
195 26c 200 1017 1107 
14b 277 234 123e 1241 
126 286 23b 1386 1388 
14c 234 277 1233 1241 
d4 1e2 2dc 16c7 16c9 
2b7 14a 1b7 8ad 124e 
1e2 255 1e3 e87 173b 
1e8 178 288 2e4 31b 
1e2 255 1e4 85e e90 
14b 237 277 123e 1246 
127 187 2e1 136f 1376 
e6 2e4 1c2 15de 15df 
19e f5 2ef 91a 153c 
2c6 2ea 466 b4f f65 
1c6 1ef 25e f20 f23 
113 2d7 1b0 1412 1417 
cf 2f9 1b0 170b 170c 
1f1 25e 1c6 877 130f 
1f1 2f6 525 e34 13a5 
ec 213 2ba 158a 158b 
1e2 27b 19c 85f ff4 
1a7 1df 277 860 fd2 
22b 508 2e8 d33 d34 
197 21f 25f 1005 1006 
2e2 268 4d8 839 c48 
293 27b d4 956 959 
22b 2e8 509 d33 116d 
177 1e7 28c 318 3fb 
1a6 20e 261 331 333 
19c 27b 1e4 85f ff8 
214 2d2 be 9b5 9b6 
2b2 2f3 46d afa e14 
bd 1cf 2f5 17ea 17ef 
508 240 2df 800 cd9 
10b 2d9 1ba 92f 1477 
10c 2aa 217 1471 1472 
1a1 284 1cf fe0 13eb 
185 279 201 1098 109a 
25d ea 299 964 159a 
2a3 2de 4a9 aa1 aa2 
192 2aa 193 1032 1469 
10a 283 269 1483 1485 
2c1 48c 2de b3b 10ed 
11c 2d9 1ac 13d3 13d8 
117 27e 267 13fc 13fd 
e0 2b1 238 1605 1609 
fd 268 28b 14f5 14f9 
207 2e3 53e 93 35a 
50d 2df 240 800 8d6 
1c2 220 24d f33 1329 
1ad 269 1fd fa5 1267 
138 28f 226 12b9 14da 
117 267 27f 13fc 13fe 
1c2 1a3 28c 2d7 3ee 
2f8 489 293 9ca 9cb 
299 2b8 503 a79 11dc 
1d2 240 22b ee7 1464 
14c 243 277 1234 1235 
127 2e1 194 136f 1372 
299 2b8 504 a77 a79 
19e 204 26e fee 151c 
183 2a9 1aa 10a5 11c1 
10a 1ad 2e4 1486 1487 
1c4 1f6 263 f29 106b 
19a 202 272 ffa 12de 
14b 2ba 1c1 123c 123f 
141 295 215 128d 1383 
2e3 22a 520 24c 375 
e5 1b4 2f4 279 27c 
26f 547 2ad 39e 739 
1e6 246 20f e7a 1248 
1b9 285 1be f5b f5d 
1a1 1d8 284 fe0 172f 
16f 27a 21e 1136 1137 
160 27a 22d 11ad 11ae 
141 278 250 1285 128b 
e1 2b8 230 15fd 15fe 
df 278 295 1612 1613 
2f8 291 490 9c7 a49 
262 1cb 1f3 1129 1279 
13f 2ca 1af 1299 129c 
128 28d 240 1359 1365 
1cb 1f4 262 f04 112a 
25a 1e7 1e9 90 31c 
247 1d3 223 2c0 343 
207 2e3 546 35a 35c 
26f 2ad 54a 39e 404 
1c7 263 1f7 835 86f 
2f8 490 293 9cb a49 
28e 4c3 2e1 a2f a35 
1e9 53c 2f7 e71 e73 
1cb 262 1f5 f04 1273 
1b9 277 1dd f53 f54 
167 2a7 1cf 1188 118d 
1f8 263 1c7 835 1200 
2a2 2d5 4c8 a9b a9d 
1af 26c 1fe f94 f99 
bd 244 2c2 17e7 17e8 
1af 26c 1ff f99 f9c 
146 24c 27a 125a 125c 
22f 1cf 244 13ed 17ed 
117 27f 271 13f8 13fe 
fa 29b 257 293 6fa 
2b7 507 2a1 9d3 dd3 
1af 26c 200 f9c 1017 
16f 27d 21e 1137 1138 
16b 2ba 1a8 116a 116b 
277 1bc 1dd 1247 1724 
214 d0 2d2 9b5 16f9 
153 1c1 2ba 121d 123f 
12b 2b2 1f9 1338 133a 
240 2e8 508 cd9 d34 
147 224 28f 1256 16e4 
2ad 275 54a 36f 404 
285 14c 234 8ab 1233 
13a 238 28c 8bf 12b4 
279 197 201 8e7 1007 
169 22d 27a 1176 11ae 
14b 284 237 123d 1244 
13f 2db 195 129a 129b 
12f 1b1 2d5 1311 1547 
12b 1fb 2b2 1336 1337 
116 2b6 209 8e4 1406 
279 201 198 8e8 1003 
d4 293 291 16c5 16c8 
20a 1c6 25e 877 f23 
1ba 230 251 f4d 14f1 
192 26c 222 1029 102a 
14d 235 285 1231 1232 
251 1ba 231 83c f4d 
20b 525 2f6 dda 13a3 
18a 23d 263 1066 148b 
14f 234 285 122c 122d 
272 4f1 2dd c1e e84 
14f 285 235 1221 1232 
14a 27f 246 124b 124c 
19f 275 206 323 324 
12f 281 25e 836 837 
ff 226 2b5 908 14dd 
28b 4cf 2e2 9e7 a2e 
158 231 283 11fc 1480 
12b 2e0 1a5 2ca 2cd 
25b 227 1b3 84a f7e 
2b5 227 ff 90a 14dd 
21d 2d2 d0 972 16f9 
1cc 1d1 27a efd 1177 
153 2ba 1ca 121d 121f 
1b3 256 233 f7d 12c6 
108 1c2 2e4 14a7 15df 
206 1a3 275 2ee 323 
1a2 273 20b fd5 144e 
18a 289 1f7 1068 16f0 
15e 2eb 15f 11c3 11c4 
117 27e 27f 13f6 13fc 
169 22d 27f 8af 176b 
1c2 10a 2e4 9b0 1488 
1cf 24b 22f efb 13ea 
1b7 22d 258 f6e f73 
1a9 286 1df fc1 fc2 
18a 289 1f8 1067 1068 
126 262 286 1380 1381 
18b 289 1f8 1063 1064 
15f 2eb 160 11b5 11b6 
241 1e8 22c 31e 34f 
29d 4e7 2d1 9cf a7d 
276 2d9 4ff 9c1 d22 
29e 2d1 4e7 9cf a7e 
1d0 271 1e6 ef3 ef4 
132 24c 28d 12f9 12fa 
28e 4b7 2f2 a31 a33 
184 188 2c7 109d 109e 
229 29b 13c 9f 292 
14a 20f 2a1 8ae 124f 
1ef 25e 1f0 e45 e46 
183 21e 27d 10a9 1138 
2b5 1ea 148 8b4 909 
145 251 283 1265 1269 
13f 2db 1a7 1297 129a 
e3 2ad 261 255 260 
102 1b4 2f4 2a0 2a1 
1a6 20e 275 332 3e0 
14a 2b7 1e6 1249 124d 
145 2ae 1fd 126a 126b 
2aa 23f 10c 8fd 8fe 
2a1 4bd 2e8 a96 a97 
d1 2ec 1f6 16ef 16f4 
259 207 1e7 401 402 
14d 249 285 122f 1231 
14a 258 27f 1250 1251 
d1 2ec 1f7 16ec 16ef 
2f4 105 1b4 27c 2a0 
1e0 113 2d7 8ed 1414 
203 f4 2d5 91d 1540 
278 250 161 984 1285 
1c6 25f 21d f24 f25 
1c1 1d8 284 f34 f35 
1dd 1bc 284 1245 177d 
1ac 143 2d9 13d8 14f6 
c8 2d6 22d 1763 1766 
149 26f 275 2ef 2f0 
17a 271 246 10d4 10d6 
15b 2f5 15d 11e3 15b0 
2e0 13e 1a5 2ca 2e8 
1ab 275 20e 334 3e0 
109 238 2b1 1493 1494 
103 29b 26b 27 2a4 
171 1b9 2bd 1115 1117 
13f 1af 2db 1298 129b 
2b1 263 e0 942 943 
17b 273 244 10cf 13e9 
cf 2f9 1e4 170d 170f 
12a 264 28c a2 1348 
176 2a5 1e6 10e5 10e7 
22a 546 2e3 375 378 
157 28c 238 8bf 1210 
197 21f 279 1006 1408 
109 23d 2b1 148f 1491 
109 2ed 1c5 14a0 14a1 
285 234 16b 8ab 122d 
1af 26c 222 8bb f94 
25a 53c 2d1 c6f e72 
17b 248 273 10cf 10d0 
2be 29d 520 24a 3da 
275 151 26f 2f0 313 
25a 53d 2d1 397 c6f 
2ef 199 133 8c4 12ed 
268 2b1 e0 93e 93f 
1ae 208 27a fa0 125b 
127 1f5 2c7 137a 137b 
218 1bd 26b 267 33e 
13a 259 28c 2d0 3fe 
2a3 4db 2de aa1 eec 
210 2f7 53c dd0 e73 
158 283 24d 11fb 1481 
134 199 2ef 12e8 12ed 
10b 2b8 230 1476 15fd 
109 2ed 1c8 149f 14a0 
fe 2ae 251 14eb 14ec 
1d9 2ef f5 91a 153a 
2f8 4ba 291 9c7 9c8 
1ce 1d4 285 efc 1237 
29b 14e 229 2a3 305 
262 1f4 1f5 f04 128f 
169 246 27f 1179 124c 
bf 2e3 22a 103 24c 
143 1ba 2d9 92f 14f8 
1cf 1d8 284 ef9 fe0 
194 28e 1ff 1018 101c 
16f 24c 27a 1132 1133 
13f 2ca 1dc 1293 1299 
128 26d 28d 135a 1364 
121 2f6 1a2 13a4 13a9 
189 211 28b 1074 1078 
171 284 237 110c 110d 
142 262 286 1276 127e 
520 25a 2e3 24e 398 
195 22e 277 861 1011 
290 1f0 1a2 858 859 
2ce 2d5 4c9 b6a b6c 
172 277 252 110a 171e 
1f6 1f7 263 96f 106d 
2b0 4ce 2e2 aea aec 
d4 227 2dc 16bd 16be 
1d5 2b9 16d 88c 88d 
1d7 22d 258 ed6 f6e 
1b8 27a 208 f6b 1423 
145 269 283 1266 1485 
1f8 1f7 263 835 1065 
2a2 180 1f1 873 10ba 
2b9 1d6 16d 88c 1148 
28e 2e1 4f4 a2f 1019 
1ef 20a 25e e45 f23 
192 286 217 102b 1275 
26c 1de 1ff 1089 131d 
15f 25c 27d 11b8 11bd 
116 2b6 233 1401 1402 
1f0 20a 25e e3a e45 
17b 298 20b 10d2 16d3 
160 25c 27d 11ab 11b8 
20a 25e 1f1 877 e35 
1cc 28d 1d1 efe f02 
16c 195 2db 1159 1163 
20e 150 2ad 3 4 
2af 289 d1 96b 96c 
2ac 2f2 4b7 acd ace 
1cc 1d2 28d f01 f02 
197 281 21f 1005 140a 
18a 21c 289 1067 106a 
264 13d 28c a2 8bd 
28d 26d 132 8c6 8c7 
19c 27b 227 ff0 ff3 
192 2ca 193 102f 1030 
4fd 26d 2ef 113c 12e4 
174 2e7 178 95 98 
149 28c 259 2f6 2f7 
2c7 4c4 2df b55 b5b 
211 231 23c dca 106e 
1d0 271 209 eed 10d5 
1c6 239 25e f1e f20 
16a 2a1 20f 116f 124f 
141 295 250 128b 128d 
1e2 1e4 27b 85f 957 
2eb 188 15e 8a2 11c6 
4d7 2b0 2e2 9db aec 
2b1 2e2 4d7 9da 9db 
2c7 2e1 4c3 b58 b59 
1fa 1fb 264 e15 103b 
28d 1d1 1d2 f02 113d 
1c6 25f 239 f1f f21 
2e2 4d8 2b1 839 9da 
268 533 2d9 c46 faf 
17a 246 27f 10d4 1179 
259 206 207 2f3 3de 
271 267 176 882 10e2 
272 2ce 540 c25 df2 
205 19c 28f 1257 14d5 
d2 1fc 2f9 7ee 968 
1ae 27a 21e fa0 1136 
192 286 222 102a 102b 
28f 19d 205 1255 12bb 
278 1c6 20a 14ff 16fd 
189 2f0 158 8a7 8a8 
2d3 254 c7 99a 1770 
187 26c 262 108c 108f 
20e 261 1f2 2 e31 
115 1e7 2e3 2b0 3df 
13e 288 274 2eb 2ec 
170 279 260 1122 1124 
1a7 277 22e 861 fd1 
21f 114 2c8 8e9 140b 
217 245 222 d9d 102d 
1d1 1d9 28d 8ef ee8 
215 185 295 1382 17c9 
124 223 2c0 2bd 3f8 
2b7 20f 14a 8ae 1249 
1ea 227 25b e6b f7e 
157 28c 259 314 3fe 
2e8 1eb 10d 8f5 1460 
171 2bd 1dd 1115 111a 
129 1c5 2ed 1350 14a1 
e6 21a 2e4 15db 15dc 
c8 2d6 254 1765 1767 
29b 13c 257 293 2db 
202 1e3 272 826 12e0 
175 2b7 1e6 10f3 10f8 
154 2e4 1ad 121c 1487 
1b8 27a 21e f6a f6b 
281 197 232 1314 140f 
533 2d9 276 9c1 c46 
1e1 209 271 e9c 13fa 
192 26c 262 102c 108c 
1a2 20b 290 fd6 fd7 
201 1da 279 1003 1098 
195 285 22e 100f 1011 
14c 277 285 1233 1236 
268 2e2 531 c42 c48 
130 202 2ce 130c 130d 
109 2b1 263 148f 1490 
25a 53e 2e3 94 398 
283 2bf ce 97b 1718 
1a1 273 248 fde fdf 
130 203 2ce 1309 130c 
1a2 248 273 fd5 fdf 
189 28b 231 1074 1075 
242 227 226 80e ff1 
1dd 250 252 eaf 11a3 
1d7 24a 258 ed3 ed4 
16c 2db 1af 1162 1163 
13f 1dc 2db 1294 1298 
225 1f1 25e 8cb e37 
135 2dd 1e3 12d4 12d8 
21d 278 1c6 971 f25 
2c1 2de 4e6 b3b 10f5 
19c 242 27b ff0 ff7 
195 235 285 100f 1012 
160 27a 27d 11a8 11a9 
159 2f7 18d 11f6 11f7 
1b9 277 22e f52 f5a 
26c 1fe 1ff f99 1086 
147 19c 2f9 1258 16e8 
14d 2e6 1bd 2f9 2fe 
2b0 2f1 4d3 ae8 af2 
185 25f 279 1099 109a 
12b 1fb 2d8 1337 133b 
bd 2f5 22f 17ee 17ef 
26c 1ff 200 f9c 131f 
f5 204 2ef 1537 153c 
bf 2be 29d ae 24a 
114 232 2c9 140e 1411 
1df 222 26c 8bb ea9 
28e 4f6 2f2 a33 101e 
1b8 22d 27a f68 1176 
290 2f6 4ed a3e a43 
2b0 2f1 4d7 af2 af5 
2b8 4ff 2d9 b14 d25 
1cc 28d 1f4 eff f00 
187 191 2e1 108a 1090 
153 2ba 213 121f 158b 
2b1 4d7 2f1 9eb af5 
1b9 234 277 f55 f5c 
123 2b9 247 2b7 8da 
203 12f 2d5 91c 91d 
238 18c 28c 1210 1760 
2c1 1e6 175 887 10f3 
187 2e1 194 1092 136f 
c7 270 2d3 176d 1772 
2c1 176 1e6 886 10e7 
1b9 237 277 f53 f55 
273 1ed 20b 10ce 1451 
1c2 154 2e4 1488 15de 
bf 25a 2e3 248 24e 
224 28f 19d 85d 1256 
1b4 144 2f4 279 126c 
19c 226 28f ff2 14d6 
202 203 26e df7 1307 
1b7 27f 22d 8af f73 
27d 27a 16f 89e 1137 
1a9 262 26c fbf fc0 
141 278 295 128b 1612 
1ef 25e 239 e41 f20 
2e5 24d ce 975 976 
113 224 2d7 1412 1414 
174 2e7 1a4 316 317 
1b1 1f1 2a2 f8a f8b 
d1 23d 2ec 16ed 16f4 
e5 21a 2f4 26e 15e2 
2b1 2f1 4e3 9eb f12 
16d 2f2 196 1146 114b 
28c 177 259 314 318 
224 d2 2f9 96a 16dd 
1b0 224 28a f90 f93 
197 279 25f 1006 1007 
195 249 285 1012 1015 
bd 2c2 2a7 17e4 17e5 
147 1b0 2f9 969 170c 
17a 27f 271 10d4 13f8 
279 198 260 8e5 1124 
2df 4ca 2e8 bb1 bb2 
1c3 1c5 2b1 f2e f2f 
125 1f3 2e9 138d 1391 
108 2e4 21a 14a5 15dc 
178 2e7 1a5 96 9c 
124 2c0 247 2bc 3f8 
207 206 26f 2f2 356 
2a1 509 2e8 a97 116c 
15c 25d 299 11dd 159a 
134 1d9 2ef 12e7 12e8 
14d 1d3 2e6 2fb 2fc 
546 26f 2e3 35c 378 
293 1e2 1e4 957 e90 
18f 1f9 2b2 1044 1047 
53d 29d 2d1 397 a7d 
18f 1fa 2b2 1042 1043 
243 1bc 277 1234 171b 
10b 230 2d9 1476 1477 
178 288 266 31b 717 
2dd 4b0 2f8 9ee 9ef 
24c 1ae 27a 1132 125c 
26b 14e 29b 2a4 306 
1c5 2b1 1c8 f26 1492 
17b 244 298 10d1 10d3 
167 23a 2a7 1188 118b 
118 2d4 22f 13f1 13f2 
215 23b 250 dae 128c 
1a9 23b 286 fc1 1388 
15f 23f 2a9 11be 11c0 
2b1 156 238 1494 1609 
108 2e4 220 14a7 14a9 
231 1ba 283 83c 147f 
28b 2e2 531 9e7 c42 
1b9 285 22e f5a f5b 
195 1a7 2db 1010 129a 
175 2b7 20f 10f8 10fb 
16b 213 2ba 116a 158a 
145 251 2ae 1269 14ec 
183 21e 2a9 10a2 10a9 
17b 298 248 10d1 10d2 
14b 234 2ba 123b 1242 
12b 2b2 264 1336 1338 
c8 27f 2d6 1765 1766 
1a1 1cf 2c2 fd9 fda 
179 18d 2f7 10dd 10de 
130 2c9 232 1305 1411 
1e8 241 266 350 351 
16e 28d 26d 1139 113b 
13f 2ca 222 129c 129d 
e5 2f4 229 273 278 
1e7 149 2e3 2b0 2f8 
1be 22e 285 f3f f5b 
14b 2ba 237 123b 123c 
145 1fd 2da 1264 126b 
141 23b 2bd 1289 128a 
1b9 234 285 f5c f5d 
1d0 246 271 ef3 10d6 
222 1fe 26c f94 1029 
197 25f 281 1005 1008 
159 1c5 2ed 11f0 1350 
113 253 2c9 141a 141b 
be 296 2d2 17db 17dc 
1f6 23d 263 e24 1066 
1cf 244 273 ef7 13e8 
1af 195 2db 1163 129b 
21a f9 2f4 26e 1507 
2b8 2d9 521 b14 1479 
285 1be 234 f5d 122c 
19c 28f 242 ff2 16e5 
102 213 2f4 2a1 14c3 
1df 212 286 eaa eac 
1be 285 235 f3f 1221 
192 217 2aa 1031 1472 
2a2 541 2d5 a9b f8c 
130 2ce 232 1309 130a 
12f 225 2d5 1310 1311 
121 1f1 2f6 13a5 13a8 
2f0 1c7 158 8a7 11fd 
243 1ce 277 980 1235 
1c1 2ba 1ca f36 121d 
15e 1cb 2eb 11c3 11c6 
28b 1ba 230 83e f4e 
2eb 15f 1cb 89b 11c3 
2d1 4d0 2f7 b7e b80 
1c1 284 237 f34 123d 
1a7 2bd 1df fca fd2 
192 262 286 102c 1276 
167 24b 2a7 118c 118d 
1cc 15f 2eb 89b 11b5 
1f7 1f8 289 e20 1068 
1c6 281 239 f1e f1f 
1ba 231 28b f4e 14f4 
13e 1e8 2ee 2e5 2e6 
1d7 27f 22d ed6 ed7 
237 1dd 277 f53 1246 
1a9 1df 2bd fc3 fc4 
160 1cc 2eb 11b0 11b5 
e9 2f5 22f 15ac 15b1 
179 1e8 2d1 31d 31f 
2c7 2df 50d b55 107e 
230 251 231 d28 f4d 
179 1e9 2d1 320 87f 
118 244 2d4 13ef 13f2 
d2 2f9 242 7ee 16e7 
2c7 50c 2e1 b58 1379 
19c 1b3 2dc ff5 ff6 
184 2c7 1f5 109d 137b 
142 2e9 1f3 1281 1282 
d4 2dc 27b 16bd 16c9 
28c 18c 264 1348 175d 
10d 22b 2e8 145c 145f 
ce 2bc 2bf 1711 1712 
1ea 1b3 2b6 848 1405 
2f4 f9 229 273 28d 
290 1a2 248 858 fd6 
296 d0 2d2 974 17dc 
192 26c 286 102a 102c 
187 1f5 2c7 1094 137a 
261 2ad 150 3 260 
28c 1e7 20c 2ad 2c1 
13e 2e0 20d 2e7 2e9 
12f 232 2d5 91c 1310 
231 1c4 28b 1075 14f3 
188 2c7 1f5 1083 109d 
141 250 2bd 1287 1289 
28c 264 190 8bd 1756 
1e6 267 258 e76 e77 
1cc 27a 24c efd 1133 
125 215 2e9 138a 138f 
2e6 1d5 16c 88f 1158 
1df 222 286 ea9 eaa 
1b7 27f 258 f73 1251 
15f 25c 2a9 11bd 11be 
141 2bd 252 1287 1288 
126 215 2e9 1387 138a 
1a6 2ad 20e 332 333 
1e6 246 271 e75 ef3 
194 2f2 196 101d 101f 
185 295 25f 1099 1614 
2ac 2f2 50f ace 1144 
1b9 2bd 1dd f54 1115 
14a 2b7 258 124d 124e 
251 283 1ba 83c 1265 
27a 1d1 24c efd 125a 
189 1c4 2e2 106f 1079 
290 525 2f6 a3e dda 
28c 1c2 238 12b4 175b 
16b 2ba 234 116b 1242 
d3 2d4 298 16cd 16ce 
259 1a3 28c 2d0 2f6 
13e 216 2e0 2e7 12a9 
253 2d7 113 8ed 1418 
1c1 24b 284 f35 1598 
1a1 2c2 1ef fdb fdc 
133 204 2ef 8c5 12ee 
19e 2ef 199 8c9 1002 
1c6 25f 278 f25 161a 
1aa 2aa 217 fbe 1471 
1a1 2c2 1f0 fdc fe1 
229 2f4 105 a5 278 
149 207 2e3 2f5 2f8 
195 285 277 1011 1013 
2de 175 1e6 887 10f2 
284 1d8 237 f34 110d 
1a9 286 262 fbf 1381 
121 20a 2f6 13a8 13a9 
fd 268 2d9 14f9 14fa 
1e6 176 2de 886 10e6 
26c 1de 262 fc0 108f 
121 2f6 20b 13a3 13a4 
151 26f 2ad 313 713 
239 25e 225 810 d4f 
1d3 1d5 2b9 ee1 ee4 
21e 208 27a f6b fa0 
1b1 2a2 225 f8a f8d 
283 1c7 24d 11fb 171a 
2b1 156 263 942 1490 
1d3 1d6 2b9 ee4 1396 
52a 291 2f8 9c8 e85 
1c4 2b1 1f6 f29 f2a 
18b 1c7 2e5 1058 1059 
284 1dd 237 110c 1244 
1d5 1d6 2b9 88c ee4 
1dd 252 277 eb0 1723 
147 2f9 1e4 1258 170d 
10d 240 2e8 145f 1460 
d4 291 2dc 16c2 16c7 
e9 24b 2f5 15ac 15ad 
1af 1dc 2ca 7ec 1299 
24d 2e4 10a 9b0 1484 
1df 277 252 ead 110a 
1d7 24a 27f ed4 ed5 
1d0 209 2a3 eed eee 
151 275 2ad 312 313 
1ef 239 27c e42 e44 
160 2ea 1ec 11aa 11ac 
214 21d 278 db3 16fa 
1ce 285 249 efc 1015 
1a9 26c 286 fbf fc2 
160 1eb 2eb 11af 11b0 
2a2 25e 180 875 10ba 
2b5 148 270 8b4 8b6 
1cf 284 24b ef9 13e7 
173 21f 2c8 10ff 140b 
15b 23e 2c5 11e2 11e5 
2ca 1fe 192 863 102f 
1b3 29f 233 f79 f7d 
145 2ae 283 1269 126a 
281 2c8 114 8e9 140d 
193 1fe 2ca 1025 102f 
16e 2ef 1d9 113a 153a 
15d 23e 2c5 11d3 11e2 
25e 1c6 281 837 f1e 
1f8 21c 289 e1a 1067 
1df 23b 286 eac fc1 
1cc 240 28d eff f01 
13e 2ee 20d 2ed 400 
285 1d4 249 efc 122f 
1c6 281 25f f1f 1008 
176 2a5 267 10e4 10e5 
114 281 2c9 140d 140e 
2df 2e8 508 bb1 cd9 
185 279 295 1099 17c5 
288 1a5 274 2eb 32f 
1cb 188 2eb 89a 11c6 
2ce 2d5 540 b6c dec 
1cc 2eb 188 89a 89c 
1e6 27f 246 e75 124b 
1e1 271 267 e9e 13ff 
284 1d8 24b ef9 f35 
192 2aa 245 1031 1032 
142 2e9 217 127f 1281 
1d2 28d 240 82f f01 
193 245 2aa 1023 1032 
16d 2f2 1db 1151 1153 
1d7 27f 258 ed4 ed6 
15f 27d 2a9 11b9 11bd 
271 1e6 267 882 883 
1a8 213 2ba fc6 116a 
2ee 13e 216 3ff 400 
189 1c7 2f0 8a7 107d 
1bb 209 2b6 f4c 1406 
159 2f7 1e9 11f5 11f6 
14d 218 2e6 2fc 2fe 
1e1 27e 254 e98 13f7 
1d0 21b 2a3 eee ef1 
15a 2d4 22f 11e6 13f1 
1cc 24c 28d efe f00 
1a7 212 2bd fca fcb 
126 23b 2e9 1386 1387 
1fc 242 27b e09 e0c 
19c 1e2 2dc ff4 ff5 
154 21a 2e4 121c 15db 
1d1 24c 28d ee8 efe 
145 2da 23e 1264 1268 
19a 2ce 202 ffa 130d 
248 20b 273 fd5 10d0 
1b9 277 285 f5a f5c 
fd 28b 2d9 14f7 14f9 
1aa 2a9 23f fb9 11c0 
171 250 2bd 1119 111a 
10a 269 2e4 1484 1486 
1e6 258 27f e76 1250 
242 26a 227 80d d3f 
2aa 23f 1aa 8fe fbc 
187 228 2c7 1093 1094 
188 2c7 228 1082 1083 
16c 235 2cf 315 1156 
265 27b 1e4 823 e7b 
24c 1d9 28d ee8 12fa 
144 2f4 213 126c 126d 
1cc 27a 27d 89e 11a8 
212 286 222 dc2 eaa 
2ca 1af 1fe 862 f96 
1af 2db 1dc f97 1298 
1b2 2b5 226 908 f84 
1ec 25c 27d e5d 11ab 
1c4 268 28b f2b 14f5 
1bb 21b 2b6 f4b f4c 
189 2e2 1f6 106f 1077 
1e1 267 27e e9b 13fd 
135 2dd 255 12d3 12d4 
217 222 286 da0 102b 
13e 22c 2ee 2e6 3ff 
144 2f4 21a 1270 15e2 
1b3 256 29f f7c f7d 
2ca 192 222 863 102e 
187 2e1 1ff 108a 1092 
267 27f 1e6 883 e76 
1b3 2dc 1e2 f7f ff5 
18b 2e5 1f8 1058 1063 
15b 23e 2da 11e5 1268 
144 2f4 221 126d 1270 
174 20c 2e7 95 317 
14d 235 2e6 2f9 2fa 
240 1f4 28d eff 1359 
d2 28a 2f9 16db 16dd 
bd 2a7 2f5 17e9 17ea 
1ec 1d7 2c6 82c ed0 
2bd 1a7 22e 857 fd1 
277 1ce 285 1013 1236 
2ba 234 1a8 855 116b 
179 1e9 2f7 87f 10dd 
1d9 199 2ef 8c9 12e8 
1ca 2ba 213 f06 121f 
16d 2f2 200 114b 1151 
178 2e7 20c 95 96 
2e1 1ff 191 867 108a 
1b3 233 2b6 f79 1402 
25f 201 279 1007 109a 
183 27d 2a9 10a9 11b9 
278 214 250 983 db6 
ce 2e5 2bc 1716 1717 
271 1e6 27f 883 e75 
1d9 2ef 19e 8c9 91a 
1ef 296 23a e4d 16f6 
194 1ff 2e1 1018 1092 
26a 227 25b 80b d3e 
173 253 2c8 10fe 1105 
27b 1fc 265 81c 822 
1df 286 26c ea9 fc2 
1cf 23a 2a7 ef8 1188 
18f 264 2b2 1043 1044 
16c 235 2db 1156 1159 
159 2f7 210 11ef 11f5 
259 1e7 28c 2f7 318 
290 1f0 248 81e 858 
211 28b 231 dcd 1074 
173 2c9 253 10fe 141b 
d1 2ec 2af 16eb 16ec 
1fb 2b2 1fa 868 e15 
2b7 2a1 14a 8ad 8ae 
225 232 281 d4c 1313 
212 23b 286 dc0 eac 
1c6 2d2 1ef f22 16fb 
277 234 237 f55 123e 
125 262 2e9 1391 1392 
1f1 2a2 225 e37 f8a 
1e2 256 291 e86 e88 
28d 1f4 24c f00 12f9 
1bb 2b6 233 f4b 1401 
126 2e9 262 1380 1392 
1bd 218 2c3 33b 33e 
179 2d1 241 31d 10d9 
15e 2eb 228 7ef 8a2 
1f0 2f6 180 870 10b9 
224 147 2f9 969 96a 
1e2 293 255 e8d e90 
1c3 2b1 238 f2e 1605 
180 2f6 1f1 10b2 10b4 
288 1e8 266 31b 352 
1a9 2bd 23b fc3 128a 
19a 2c9 232 1001 1305 
189 2e2 211 1076 1078 
229 14e 2f4 a5 a8 
26f 206 275 2ef 403 
293 1e4 255 825 e90 
1ea 209 2b6 8e4 e6c 
227 242 27b d3f ff0 
2b1 1c5 238 f2e 1493 
1a1 2c2 23a fd9 fdb 
28d 26d 1d9 8c7 1139 
225 239 281 d4f d50 
fe 2da 2ae 14ea 14ed 
2ad 1a6 261 255 333 
22e 1b9 2bd 856 f52 
160 2ea 22d 11ac 11ad 
135 2dd 272 12d8 12d9 
223 1bf 2c0 2bd 71e 
14d 249 2e6 2fa 2fb 
1e8 241 29d 34d 350 
1ef 2c2 1f0 e4a fdc 
2b7 1e6 20f 10f8 1249 
2f7 18d 1e9 10dd 11f6 
2ca 222 1af 862 129c 
16a 22b 2e8 116d 145c 
15c 299 2b8 11dc 11de 
2dd 529 2f8 9ef e81 
1c8 2b1 23d f13 1491 
1c5 1c8 2ed f27 14a0 
17b 244 2d4 10d3 13ef 
1cf 2a7 24b efa 118d 
19a 232 2ce fff 130a 
158 231 2f0 8a8 11fc 
18b 1f8 2f3 105b 1064 
209 21b 2a3 ddf eee 
1df 212 2bd eab fca 
192 245 2ca 102e 1030 
18b 2f3 1fa 105b 105e 
283 1fd 269 816 1266 
2d1 53c 2f7 b80 e71 
21d 25f 278 d7e f25 
1c1 237 2ba f38 123c 
193 2ca 245 1024 1030 
16c 2e6 235 315 88e 
1cc 1cb 2eb 89a 89b 
285 22e 235 f3f 100f 
1a1 248 2c2 fde fe1 
188 2df 228 8a1 1082 
114 2c8 2c9 140c 140d 
1e4 265 293 e7b e7c 
24a 267 258 cb5 cb9 
21f 279 25f d67 1006 
16c 2db 24e 115b 1162 
279 260 21f 8e6 d6c 
1ea 2d3 1e1 997 e95 
1b8 2c6 22d f60 f61 
187 228 2e1 1090 1093 
13e 274 2e0 2e8 2e9 
244 248 273 ccc 10cf 
1d0 2de 1e6 ef4 ef6 
19c 2f9 1e4 ff8 1258 
20b 290 248 dd8 fd6 
15e 23f 2eb 11c2 11c4 
1d3 2e6 1d5 349 ee2 
15f 2eb 23f 11bf 11c4 
15b 22f 2f5 11e1 15b1 
275 1a6 2ad 312 332 
179 25a 2d1 31f 320 
1a9 252 2bd fc4 1288 
10b 2d9 2b8 1476 1479 
1ec 25c 297 e58 e5d 
142 262 2e9 127e 1282 
230 231 28b 808 f4e 
194 2f2 1ff 101c 101d 
196 1ff 2f2 100b 101d 
195 22e 2db 100e 1010 
196 2f2 200 100b 114b 
28d 1f4 26d 8c6 135a 
2b5 1ea 227 90a e6b 
1c7 2bc 23c f1b f1c 
19c 2dc 227 ff3 ff6 
191 228 2e1 1036 1090 
29d 1e8 25a 24f 34e 
1e1 2a4 254 e94 e98 
1b7 258 2b7 f70 124e 
2e3 149 26f 14e 2f5 
2e7 1a4 20c 317 326 
1a2 2f6 1f0 859 fd8 
10d 2a1 2e8 8f6 145a 
1c4 2e2 1f6 f2a 106f 
126 286 2e9 1380 1386 
1a5 2e7 20c 96 32d 
26e 2ef 133 8c4 8c5 
134 26d 2ef 12e4 12e7 
21f 25f 281 d6f 1005 
1b1 2d5 225 f8d 1311 
19e 2ef 204 fee 153c 
195 2db 235 100e 1159 
2e6 249 16c 88e 88f 
1c7 2bf 23c f1a f1b 
1b0 224 2d7 f93 1412 
293 1e2 27b 956 957 
20b 248 298 dd8 10d2 
258 22d 27f ed6 f73 
292 1fc 265 819 e0e 
281 225 25e 836 d4f 
293 1e4 27b 957 e7b 
1ea 25b 2a0 e6a e70 
2eb 188 228 8a1 8a2 
240 188 2df 8d6 1081 
226 28f 242 d44 ff2 
21d 1c6 2d2 972 f24 
227 27b 26a d3f d40 
1d0 2a3 271 eed eef 
266 1e8 29d 251 350 
1f7 2e5 1c7 834 f1d 
251 231 283 83c 83d 
1e6 2a5 258 e77 e79 
249 235 285 1012 1231 
20d 216 2b3 367 dd6 
1f8 1c7 2e5 834 1058 
2b1 263 1c4 943 f29 
1a7 2db 22e fd3 1010 
2b9 1d3 247 2b7 34b 
270 1b2 2b5 8b5 8b6 
21b 29f 233 d90 d91 
268 1c3 2b1 93e f31 
1cf 2c2 23a ef8 fd9 
1cc 2eb 1eb f03 11b0 
12b 2d8 2b2 1337 1339 
268 1c4 2b1 838 93f 
215 250 295 dad 128d 
1ad 21a 2e4 fad 121c 
1bd 235 2cf 337 338 
22d 2c6 1d7 82c ec8 
209 2b6 21b de0 f4c 
274 20d 288 2ec 369 
1af 2ca 24e 7ec f95 
1f7 2af 23c e1d e1f 
1b8 2d6 22d f61 1763 
15f 2eb 25c 11b6 11bf 
21e 27a 27d d71 1137 
1b3 227 2dc f7a ff6 
160 2eb 25c 11af 11b6 
15d 2f5 24b 11d7 15ad 
1f1 25e 2a2 e37 10ba 
1df 2bd 23b eab fc3 
1f6 2b1 23d e24 e26 
296 27c 1ef 973 e3f 
1ec 297 27d e5c e5d 
1e6 267 2a5 e77 10e5 
1cf 2c2 244 ef7 17e8 
1a7 277 2bd fd1 fd2 
1a2 2f6 20a fd8 13a9 
1a1 273 2c2 fda fde 
2e7 257 174 142 316 
20d 2bb 216 367 368 
281 239 25e d4f f1e 
1e2 291 293 e8c 16c8 
1a2 20b 2f6 fd7 13a4 
189 2f0 231 8a8 107c 
1ea 2a0 270 8b3 e6d 
239 281 25f d02 f1f 
286 222 26c ea9 102a 
142 2e9 286 127e 127f 
230 1ba 2d9 83e 1477 
176 2a5 2c1 10e7 10e9 
2eb 188 240 89c 1081 
24a 27f 258 cb9 ed4 
2e6 1bd 218 2fe 33b 
202 2ce 203 df3 130c 
13e 2ee 288 2e5 2ed 
24a 280 258 cb3 cb5 
242 27b 26a cd5 d3f 
18b 2e5 24d 1056 1059 
1c6 2d2 239 f21 f22 
176 2de 271 10e6 10e8 
22d 1ec 2c6 82c 82d 
189 2f0 23c 107c 107d 
21d 295 25f d7e d81 
1e1 27e 2a4 e97 e98 
1dd 2bd 250 eaf 111a 
145 2ae 2da 126b 14ed 
19a 272 2ce ffa ffb 
1dd 252 2bd eaf eb0 
1c2 2e4 220 f33 14a7 
1b9 2bd 277 f52 f54 
1b8 21e 2ea f6a f6c 
1f7 23c 2bc e1d e22 
1df 252 2bd ead fc4 
228 1f5 2c7 1083 1094 
1e6 2b7 258 e79 124d 
24a 27e 267 cb4 cb8 
1ef 23a 2c2 e4d fdb 
1d7 24a 2c6 ec7 ec9 
1bd 26b 2c3 33e 33f 
2c1 175 2b7 888 10f3 
1ec 297 294 e5e e5f 
160 27a 2ea 11a9 11ad 
213 1b4 2f4 2a1 126c 
24a 27f 267 cb8 cb9 
1ea 2b5 25b e6a e6b 
277 22e 285 f5a 1011 
217 2aa 245 d9a 1031 
1d7 22d 2d6 ec8 ed7 
127 2c7 2e1 1376 1379 
24a 267 280 cb4 cb5 
160 2ea 27d 11a9 11aa 
1e0 2d7 224 ea8 1414 
1af 24e 2db f97 1162 
207 1e7 2e3 93 2f8 
2ca 1fe 222 862 863 
271 246 27f e75 10d4 
1e2 1e3 2f8 e87 e8b 
285 234 277 f5c 1233 
218 1d3 2e6 2fc 34a 
2b5 226 227 80e 14dd 
216 22c 2bb 370 da4 
1f8 2e5 1f7 834 e20 
1b8 22d 2ea f60 f68 
16e 26d 2ef 113a 113c 
21b 2b6 233 d91 f4b 
1f6 263 2b1 e24 f29 
17b 2d4 298 10d3 16cd 
158 283 2f0 11fc 11fd 
28b 276 230 807 83f 
24d 283 269 ca6 1483 
244 298 248 ccf 10d1 
1f0 2c2 248 e3e fe1 
267 258 27f cb9 e76 
235 1bd 2e6 2f9 338 
2ca 1dc 24e 7ec eb3 
1db 2f2 1ff ec0 ec1 
1b3 2b6 29f f79 f80 
258 280 267 c74 cb5 
21d 295 278 d7d d7e 
1db 200 2f2 ec0 1151 
209 2a3 271 de3 eed 
1b3 2dc 256 f7c f7f 
2b2 1f9 264 1044 1338 
1fa 264 2b2 e15 1043 
2e0 2d8 12b 8d1 133e 
264 1fb 2b2 e15 1336 
2b5 1ea 270 8b3 8b4 
1f6 1f7 2ec e2b 16ef 
2b7 1b7 2a1 8ad f6f 
224 2f9 1b0 969 f90 
24a 27f 27e cb6 cb8 
1fc 2c4 242 e08 e0c 
1cf 273 2c2 ef7 fda 
1ac 2d9 268 faf 14fa 
2a2 225 25e 874 e37 
233 29f 256 d12 f7d 
212 2bd 23b dbe eab 
283 1c7 2bf 97b 97c 
24a 27e 280 caa cb4 
261 20e 2ad 3 333 
257 1a4 2e7 316 327 
23f 297 25c ce0 ce1 
21e 27d 297 d74 d77 
1c6 25f 2d2 f21 f24 
180 2f6 25e 10b4 10b9 
2d1 1e8 241 31d 34d 
20b 290 298 dd7 dd8 
1ef 239 2d2 e44 f22 
1d7 2d6 24a ec7 ed5 
1c7 2e5 23c f1c f1d 
173 2c8 2c9 10fe 140c 
288 2e7 178 97 9c 
21f 25f 2a8 d6e d6f 
1dd 277 2bd eb0 f54 
19c 27b 2dc ff3 ff4 
254 27e 27f c88 13f6 
1df 2bd 277 ead fd2 
19c 242 2f9 ff7 16e7 
203 2ce 232 ded 1309 
242 226 2b5 80e d45 
242 227 2b5 80d 80e 
15b 2c5 2da 11e4 11e5 
214 2d2 21d db1 16f9 
271 27f 267 883 13fe 
1c2 2e4 24d 9b0 f33 
1f8 2f3 1fa e1b 105b 
189 2e2 28b 1078 1079 
274 1a5 2e0 2e8 32c 
26c 262 286 fbf 102c 
1e1 254 2d3 e94 1770 
16a 2e8 2a1 116c 145a 
283 2ae 1fd 817 126a 
1f3 217 2e9 e2f 1281 
275 20e 2ad 332 36f 
2af 289 1f7 96c e1c 
2e5 1c7 24d 975 1059 
1ad 2e4 269 fac 1486 
18b 289 2e5 1060 1063 
203 2d5 232 91c ded 
234 2ba 237 d11 123b 
1dc 24e 2db eb1 f97 
266 241 29d 350 37d 
1e0 2d7 253 8ed ea7 
2eb 240 1cc 89c f03 
216 20d 2e0 2e7 dd6 
22c 241 2bb 37a 80a 
27e 267 27f cb8 13fc 
200 1ff 2f2 ec0 100b 
1c7 23c 2f0 f1a 107d 
25a 1e8 2d1 31f 34e 
194 2e1 28e 1018 1019 
2d1 1e9 25a 320 e72 
26e 199 2ef 8c4 1002 
267 280 27e c4d cb4 
1f0 2f6 20a e3a fd8 
1a5 2e7 274 32e 32f 
1f1 20a 2f6 e35 13a8 
1e9 210 2f7 e73 11f5 
1c8 2f1 23d f10 f13 
2e6 1d3 249 2fb ee2 
239 25f 2a8 d02 d03 
1cf 22f 2f5 efb 17ef 
1b0 28a 2d7 f92 f93 
247 2c0 223 3f7 3f8 
2e6 249 1d5 88f ee2 
19e 26e 2ef fee 1002 
227 25b 2b5 d3e e6b 
22d 1ec 2ea 82d 11ac 
23f 2a9 25c ce1 11be 
21e 27d 2a9 d77 10a9 
1fd 2da 23e e00 1264 
22c 1e8 2ee 2e6 34f 
2e2 1c4 268 838 f2b 
281 21f 2a8 8ea d6f 
1e2 256 2dc e88 f7f 
16c 2cf 2db 1155 1156 
2c1 175 2de 887 10f5 
250 278 295 c9d 128b 
1e3 255 2dd e82 12d4 
2c1 2de 176 886 10ed 
2b5 2a0 1ea 8b3 e6a 
268 28b 276 c45 c49 
28b 2d9 1ba 83e 14f7 
1f7 2bc 289 e1c e21 
1e6 2b7 2a5 e78 e79 
1f8 2f3 21c e1a e1b 
1cf 2a7 2c2 ef8 17e5 
18b 2f3 289 1062 1064 
288 2e7 1a5 9c 32f 
227 26a 2b5 80d d3e 
222 245 2ca d58 102e 
1eb 2e8 240 e62 1460 
1fa 21c 2f3 e17 e1b 
1f7 23c 2e5 e22 f1d 
1d0 2de 271 eef ef4 
1b1 2d5 2a2 f8c f8d 
16d 2ac 2f2 1144 1147 
20d 2ee 216 368 400 
27b 2c4 1fc 81d e0c 
1ea 2d3 270 e6d 1772 
225 2d5 232 d4a 1310 
278 25f 295 d7e 1613 
1eb 240 2eb e62 f03 
1c7 2bf 2bc f1b 1712 
25f 279 295 c5b 1099 
263 23d 2b1 e24 148f 
1d7 2d6 27f ed5 ed7 
1cf 24b 2f5 efa efb 
1e8 2ee 241 34f 351 
25b 2a0 26a c6a c6b 
23b 2bd 250 cfb 1289 
239 27c 2a8 d01 d04 
27b 265 293 958 e7b 
1b8 27a 2ea f68 f6a 
194 28e 2f2 101c 101e 
1e7 25a 2e3 94 248 
16c 2cf 2e6 315 1157 
25c 27d 297 c67 e5d 
21e 2a9 297 d77 d79 
248 298 290 cbe dd8 
1f6 2b0 2b1 e23 e25 
2c3 218 26b 12f 33e 
258 267 2a5 c74 e77 
1ef 296 2c2 e4c e4d 
19c 2f9 27b ff7 ff8 
239 2a8 281 d02 d06 
1b3 2dc 29f f7b f7c 
15b 2f5 2c5 11e0 11e3 
1f6 2ec 23d e28 16f4 
1ec 2c6 294 e59 e5a 
15d 2c5 2f5 11d9 11e3 
1e6 2a5 2c1 e78 10e7 
188 2c7 2df 107e 1082 
1ef 27c 2d2 973 e44 
1e3 2dd 272 e84 12d8 
244 248 2c2 cca ccc 
202 272 2ce df2 ffa 
187 2c7 2e1 1093 1376 
271 1e6 2de ef4 10e6 
1c4 28b 2e2 f2b 1079 
24a 2a6 27e caa cac 
1f6 2f1 23d e26 e28 
2dc 1e2 27b ff4 16c9 
242 2b5 26a 80d cd3 
24a 280 2a6 caa cab 
20d 274 2cb 362 369 
22e 2db 235 9b9 100e 
241 29d 29e 386 387 
254 2a4 27e c85 e98 
22f 2d4 244 d2b 13f2 
213 2f4 221 dba 126d 
252 250 2bd eaf 1287 
1eb 2eb 25c e63 11af 
1bd 2c3 2cf 339 33a 
216 2ee 22c 370 3ff 
2a7 23a 296 804 d00 
290 2f6 1a2 859 fd7 
2b7 2a1 20f 8ae dd3 
1f7 2af 2bc e1c e1d 
1e6 2c1 2b7 e78 10f3 
2bd 22e 277 f52 fd1 
21d 2d2 25f d7b f24 
258 280 2a5 c72 c74 
215 2e9 23b dac 1387 
21a 221 2f4 d94 1270 
26d 1d9 2ef 113a 12e7 
21b 29f 2b6 d91 d93 
1e8 29d 2d1 34d 34e 
1e2 2f8 255 e87 e8d 
2e9 1f3 262 1282 1391 
23f 2a9 297 cde ce1 
1e3 2f8 255 e82 e87 
296 1ef 2d2 973 974 
1e8 2ee 266 351 352 
283 1c7 2f0 97c 11fd 
1b8 2c6 2d6 f61 f64 
288 20d 2cb 8e 369 
25c 2a9 27d c67 11bd 
1e2 2dc 291 e88 16c7 
1e1 2a4 2d3 e93 e94 
2f9 28a 1b0 84d f90 
25b 2b5 26a c6b d3e 
1d0 2de 2a3 eec eef 
2f9 1fc 242 7ee e09 
281 21f 2c8 8e9 8ea 
251 2ae 283 c93 1269 
2a8 25f 281 d02 d6f 
1ea 2a0 2d3 e6d e6f 
267 2a5 280 c4c c74 
242 2c4 26a cd4 cd5 
220 24d 2e4 d62 f33 
20d 2bb 2b3 363 367 
2d1 2f7 179 87e 87f 
2e2 2b1 1c4 838 f2a 
1f0 25e 2f6 e3a 10b9 
265 1e4 2f9 823 e7d 
244 273 2c2 ccc ef7 
22b 240 2e8 d34 145f 
1f1 2f6 25e e35 10b4 
2e3 207 26f 2f5 35c 
239 25f 2d2 d03 f21 
2eb 2df 188 8a1 1081 
1ec 27d 2ea e5c 11aa 
2ad 26f 275 313 404 
29f 233 2b6 d91 f79 
2b3 216 2bb 367 da2 
273 248 2c2 ccc fde 
2e0 20d 274 2e9 366 
2bd 252 277 ead eb0 
25c 297 2a9 c67 ce1 
242 2c4 27b cd5 e0c 
232 2c9 281 d16 140e 
2ee 22c 241 34f 37a 
1d7 2c6 2d6 ec7 ec8 
249 235 2e6 2fa 88e 
27e 280 2a6 a0c caa 
1f7 289 2e5 e20 e21 
289 1f8 2e5 e20 1063 
2ee 1e8 288 2e5 352 
1bd 2e6 2c3 339 33b 
231 2f0 23c d1f 107c 
1c7 2bc 2e5 f1c 1717 
2e1 28e 1ff 866 1018 
26e 2ef 204 8c5 fee 
2f9 1e4 27b 823 ff8 
1b8 2ea 2c6 f60 f65 
265 2f9 1fc 822 e04 
296 23a 2c2 804 e4d 
2f6 20a 25e e35 e3a 
1ec 294 2ea e59 e5f 
2c8 2a8 21f 8ea d6a 
1ec 2ea 297 e5c e5f 
1bd 2e6 2cf 338 339 
2d9 276 230 83f d22 
27f 22d 2d6 ed7 1766 
239 2d2 27c d01 e44 
27b 227 2dc ff3 16bd 
1c8 2b1 2f1 f12 f13 
224 2d7 28a d53 f93 
1fb 2d8 2b2 e13 1337 
2e3 26f 22a 13c 378 
1fd 2ae 2da dfe 126b 
211 2e2 28b dc5 1078 
1cf 2f5 2a7 efa 17ea 
251 231 2f0 83d d20 
2c1 1e6 2de 886 887 
23c 2bc 2af cf6 e1d 
1e2 291 2f8 e85 e8c 
2f5 22f 24b efb 15ac 
2a7 2c2 23a 804 ef8 
25b 2a0 2b5 c6b e6a 
1e2 293 2f8 e8c e8d 
2bf 2f0 1c7 97c f1a 
297 27d 2a9 c67 d77 
1f8 289 2f3 e1a 1064 
27b 1fc 2f9 822 e09 
1f6 2e2 2b0 e23 e29 
258 2a5 2b7 c71 e79 
1f6 2b1 2e2 e23 f2a 
290 1f0 2f6 859 e3b 
21e 2ea 27a d71 f6a 
28b 230 2d9 83e 83f 
26a 2c4 27b c30 cd5 
21e 27d 2ea d71 d74 
217 286 2e9 d9f 127f 
20d 288 2ee 8d 2ed 
23f 25c 2eb ce7 11bf 
225 2a2 2d5 d49 f8d 
1ff 28e 2f2 df9 101c 
26a 2a0 2b5 c3a c6b 
24a 2d6 27e cb1 cb6 
24a 2d6 27f cb6 ed5 
23c 2bf 2bc cf2 f1b 
2b5 270 2a0 8b3 c29 
203 2ce 2d5 dec ded 
27a 22d 2ea f68 11ad 
1f7 2bc 2e5 e21 e22 
254 27e 2d6 c86 c88 
24d 269 2e4 ca5 1484 
1f7 2af 2ec e1e 16ec 
1f6 2b0 2ec e27 e2a 
254 27f 2d6 c88 1765 
29d 241 2d1 34d 387 
2e0 20d 2b3 405 dd6 
241 2d1 29e 387 cd8 
2ee 241 266 351 37c 
244 2d4 298 ccb 10d3 
239 2a8 2d2 d01 d03 
2c6 2ea 1ec 82d e59 
20b 2f6 290 dda fd7 
1f6 2b0 2f1 e25 e27 
21e 2ea 297 d73 d74 
216 2e0 2b3 da3 dd6 
1f6 2f1 2b1 e25 e26 
21c 289 2f3 d83 e1a 
268 276 2d9 c45 c46 
288 274 2cb 369 3a6 
1fa 2b2 2f3 e14 e16 
23b 2e9 286 cff 1386 
283 2f0 231 83d 11fc 
2d1 25a 29d 34e 397 
230 2d9 2b8 d25 1476 
2d3 2a4 254 7fb e94 
256 2dc 291 c78 e88 
2d6 22d 2c6 ec8 f61 
28a 224 2f9 f90 16dd 
20d 2ee 2bb 365 368 
268 2d9 28b c45 14f9 
2c3 218 2e6 33b 373 
2d1 2f7 1e9 87f e71 
27f 27e 2d6 c88 cb6 
1eb 2e8 2eb e60 e62 
232 2d5 2ce d19 ded 
25f 2d2 2a8 c5c d03 
2bb 216 2ee 368 370 
256 29f 2dc c75 f7c 
253 2c8 2c9 c8b 10fe 
228 2df 2c7 d3a 1082 
283 2ae 2bf 9d8 a1c 
27b 242 2f9 e09 ff7 
289 2af 2bc a23 e1c 
1e3 2f8 2dd e81 e82 
228 2c7 2e1 d3d 1093 
28b 276 2d9 83f c45 
251 2f0 283 83d c96 
296 2d2 27c 973 a06 
270 2a0 2d3 c2d e6d 
268 28b 2e2 c42 f2b 
23e 2da 2c5 ced 11e5 
281 2a8 2c8 8ea a18 
235 2db 2cf d10 1156 
2e9 262 286 127e 1380 
24a 2c6 2d6 cb7 ec7 
2a7 296 2c2 804 805 
2e5 23c 2bc e22 f1c 
2bb 22c 2ee 370 37a 
1f6 2ec 2f1 e27 e28 
26b 2c3 2cc 39c 7ae 
22d 2ea 2c6 82d f60 
27c 2a8 2d2 9ff d01 
2e7 274 288 32f 3a6 
2ee 266 288 352 39a 
27d 27a 2ea d71 11a9 
2e7 2ab 257 133 392 
2cf 235 2e6 315 338 
271 2a3 2de c26 eef 
2b1 23d 2f1 e26 f13 
265 27b 2f9 822 823 
2bb 241 2ee 37a 385 
289 2d0 2af a23 a27 
255 2f8 293 c82 e8d 
281 2c9 2c8 a19 140d 
23c 2f0 2bf cf8 f1a 
24b 2f5 2a7 ca9 efa 
2d1 29d 29e 387 9cf 
2e2 268 2b1 838 839 
2eb 228 2df 8a1 d39 
2a5 2c1 2b7 aad e78 
289 2d0 2bc a1f a23 
297 27d 2ea d74 e5c 
240 2df 2e8 cd9 cda 
240 2df 2eb cda 1081 
240 2eb 2e8 cda e62 
294 297 2ea a5b e5f 
2bc 2af 2d0 a23 ae2 
23d 2f1 2ec cf1 e28 
274 2e7 2cb 3a5 3a6 
289 2bc 2e5 a1e e21 
291 293 2f8 a49 e8c 
2cb 288 2e7 3a6 78a 
283 2f0 2bf 97c 9d9 
255 2dd 2f8 c7f e82 
2b1 2e2 2b0 9db e23 
294 2ea 2c6 a5c e59 
2b0 2f1 2b1 af5 e25 
2cf 2c3 2e6 339 3b6 
2b0 2ec 2f1 af1 e27 
2df 2eb 2e8 bb3 cda 

))
(13 (5 2da6 2de5 a 3)(
3c1 3bb 3bd bd7 0 
3c3 3bc 3b9 c14 0 
3bf 3c0 3c1 802 0 
3b8 3c9 3b9 b1e 0 
3ba 3bb 3cc ae6 0 
3c9 3c3 3b9 b1d 0 
3be 3c2 3c7 1053 0 
3c6 3c9 3b8 b1f 0 
3c0 3bf 3ca cef 0 
3cc 3bb 3c1 bd9 0 
3c7 3c2 3c4 10df 0 
3ba 3cc 3c5 ade 0 
3c9 3c4 3c3 d30 0 
3cc 3c1 3c0 16e9 0 
3be 3ce 3c2 104e 0 
3c4 3c9 3c7 d2f 0 
3cb 3c0 3ca cf0 0 
3c8 3c9 3c6 da6 0 
3c8 3c7 3c9 da7 0 
3cc 3c0 3cb 16f2 0 
3be 3c7 3d2 104c 0 
3c5 3cc 3cd a29 0 
3be 3d0 3ce 1051 0 
3cb 3cd 3cc 86d 0 
3c6 3b8 3da b06 0 
3d2 3d0 3be e19 0 
3d2 3c7 3c8 1049 0 
3cb 3ca 3cf 149d 0 
3cb 3d1 3cd d84 0 
3cf 3d0 3cb 134c 0 
3d1 3cb 3d0 86b 0 
3ce 3d0 3cf 1354 0 
3c6 3d9 3c8 bbb 0 
3da 3b8 3d8 b03 0 
3d1 3d0 3d2 1045 0 
3c8 3d7 3d2 b97 0 
3c5 3e5 3ba b7a 0 
3d7 3c8 3d9 9e2 0 
3da 3d9 3c6 c0e 0 
3ba 3e5 3d4 b79 0 
3f5 3c5 3cd a25 0 
3f0 3d1 3d2 afc 0 
3d7 3f0 3d2 af8 0 
3cd 3d1 3f6 bee 0 
3e5 3c5 3f5 c1c 0 
3f6 3d1 3f0 bec 0 
3f6 3f5 3cd beb 0 
3bc 3c3 4ab a85 0 
3c3 3c4 4ab a84 0 
4a3 3cf 3ca 833 0 
4a6 3ce 3cf bdf 0 
3ca 3bf 4b6 f17 0 
4d3 3c1 3bd ae9 0 
4d3 3bf 3c1 be6 0 
3c4 3c2 4d1 b83 0 
3c2 3ce 4d0 bfd 0 
4ab 4a5 3bc a83 0 
3cf 4a3 4a6 bdc 0 
3ca 4b6 4a3 f0d 0 
4ab 3c4 4d1 c0f 0 
4d0 3ce 4a6 bfb 0 
4b6 3bf 4d3 be5 0 
4d1 3c2 4d0 b7f 0 
4d2 4d3 3bd 9f3 0 

))
(13 (6 2de6 2e27 5 3)(
47d 47f 486 a51 0 
488 47e 47c ab0 0 
481 47e 492 c0a 0 
47f 480 493 c17 0 
492 47e 488 ab3 0 
486 47f 493 a53 0 
483 494 480 c35 0 
487 48a 48e 9d6 0 
485 490 489 a56 0 
499 482 481 aa7 0 
486 495 485 c59 0 
48c 48d 48e 10ee 0 
480 494 493 b3f 0 
487 498 488 a12 0 
485 495 490 a59 0 
48f 490 491 a48 0 
486 493 495 7f5 0 
484 482 49f c18 0 
499 481 492 9c3 0 
48e 498 487 aac 0 
484 4a0 483 c1a 0 
488 498 492 a16 0 
48e 48d 498 aaa 0 
490 495 491 16ca 0 
48f 491 497 ba6 0 
49b 48d 48c 10eb 0 
494 495 493 9fc 0 
491 495 496 16bf 0 
497 491 496 ba7 0 
496 495 494 16c3 0 
4a0 494 483 c38 0 
49a 48b 499 e99 0 
482 499 49f 9d4 0 
48d 49a 498 c4e 0 
492 498 499 a0d 0 
49a 48d 49b 884 0 
49d 48b 49a de4 0 
499 48b 49f e91 0 
4a0 484 49f a90 0 
49e 48b 49d b09 0 
496 49c 497 9d0 0 
498 49a 499 c50 0 
49e 49f 48b 821 0 
4a0 496 494 c33 0 
48a 4aa 48e b39 0 
48e 4aa 48c b38 0 
49c 496 49e f82 0 
49d 49a 49b aa5 0 
49e 496 4a0 c6e 0 
49c 49e 49d b0a 0 
48c 4a9 49b bb0 0 
49f 49e 4a0 c6c 0 
49b 4a7 49d aa4 0 
4a8 4aa 48a b33 0 
4a9 48c 4aa c0b 0 
4ba 489 490 9c6 0 
48f 4ba 490 a4a 0 
4a9 4a7 49b a9f 0 
4a1 489 4ba 9f5 0 
497 4cc 48f a46 0 
4c7 49c 49d d8c 0 
49c 4cd 497 a8a 0 
49d 4a7 4c7 d8a 0 
4cc 4ba 48f a44 0 
4c7 4cd 49c a88 0 
4cd 4cc 497 c7a 0 

))
(13 (7 2e28 3243 3 3)(
2ff 2fe 2fc 195 0 
2fa 31b 2fb 6b1 0 
2fd 301 30a 664 0 
305 301 300 5b6 0 
2fc 2fa 324 196 0 
2ff 31d 300 5d9 0 
306 30a 305 528 0 
317 323 2fb 69a 0 
315 317 316 7dc 0 
302 322 310 7cd 0 
319 31a 318 7de 0 
307 325 308 50f 0 
304 326 30b 74 0 
309 31d 324 51f 0 
309 307 332 50d 0 
341 2fa 2fb 6ae 0 
338 2fe 2fd 648 0 
2fa 2fc 345 186 0 
325 323 322 4a0 0 
2fe 33d 2fd 645 0 
30c 330 321 7d8 0 
2ff 2fc 33c 198 0 
30f 30d 334 10c 0 
345 2fc 2fe 187 0 
31f 333 308 517 0 
33d 2fe 2ff 194 0 
30b 318 335 507 0 
33d 301 2fd 661 0 
33d 2ff 300 5d5 0 
33d 300 301 5b0 0 
32a 32c 32b 47a 0 
2fb 342 317 697 0 
344 2fd 30a 662 0 
31b 342 2fb 6af 0 
32e 326 331 483 0 
345 31b 2fa 6ad 0 
300 33f 305 5b2 0 
32d 32f 32e 477 0 
33e 301 305 5b1 0 
33c 2fc 324 199 0 
301 33e 30a 663 0 
313 314 336 7da 0 
324 2fa 341 197 0 
341 2fb 323 695 0 
33c 31d 2ff 5d4 0 
31d 33f 300 5d6 0 
331 333 330 472 0 
31c 336 31b 4c4 0 
33f 306 305 523 0 
305 30a 33e 526 0 
306 343 304 71 0 
341 307 309 50a 0 
344 306 304 52c 0 
308 343 307 50b 0 
344 304 30b 52c 0 
344 30a 306 525 0 
340 318 30b 502 0 
302 310 350 72a 0 
33f 31d 309 51b 0 
303 33a 328 f9 0 
342 314 316 510 0 
342 316 317 4de 0 
340 319 318 4dc 0 
34b 312 313 4e3 0 
352 302 31e 542 0 
341 325 307 50a 0 
341 309 324 51c 0 
351 311 310 4e6 0 
343 326 304 72 0 
351 315 311 519 0 
340 30b 326 52d 0 
345 31c 31b 4c2 0 
322 302 352 62 0 
317 315 351 4dd 0 
352 31f 308 513 0 
31d 33c 324 51e 0 
31c 339 32b 4cb 0 
33f 332 306 52b 0 
30f 361 30d 75a 0 
33f 309 332 508 0 
30e 361 30f 761 0 
362 30e 30f 4e7 0 
332 343 306 70 0 
352 308 325 509 0 
332 307 343 50b 0 
351 310 322 5e 0 
333 343 308 514 0 
34f 320 31e 4b3 0 
344 338 2fd 644 0 
340 32f 319 4d0 0 
321 320 34f 788 0 
341 323 325 49b 0 
352 31e 31f 4b4 0 
362 31a 30e 51a 0 
345 2fe 338 643 0 
351 323 317 696 0 
34b 32c 312 4e4 0 
335 344 30b 503 0 
35a 303 32a 530 0 
303 328 35d f7 0 
318 31a 362 4db 0 
303 35b 32a 745 0 
365 30c 321 756 0 
34b 31c 32b 4c9 0 
302 375 31e 16 0 
323 351 322 49d 0 
35f 327 30d 10a 0 
340 326 32e 480 0 
360 30d 327 4e9 0 
352 325 322 49c 0 
312 32c 35b 76a 0 
31f 31e 366 1fa 0 
366 31e 320 1fb 0 
331 326 343 6d 0 
30c 365 329 758 0 
321 366 320 1fd 0 
32f 340 32e 219 0 
367 30c 329 4f6 0 
336 314 342 4e2 0 
34b 32b 32c b0 0 
367 330 30c 85 0 
335 334 337 463 0 
334 30d 360 4f2 0 
336 342 31b 4c3 0 
343 333 331 46e 0 
362 30f 334 4f3 0 
336 34b 313 22d 0 
327 35d 328 796 0 
362 335 318 501 0 
35a 32a 32b 213 0 
360 327 328 47d 0 
34b 336 31c 4c1 0 
330 366 321 4f7 0 
35b 32c 32a 478 0 
366 333 31f 512 0 
345 339 31c 4c8 0 
33a 303 35a 533 0 
367 329 32d 47b 0 
367 32d 32e 217 0 
367 32e 331 481 0 
330 367 331 83 0 
366 330 333 46f 0 
303 35d 35b 11b 0 
335 362 334 461 0 
344 335 337 45e 0 
30d 361 35f 75b 0 
302 350 375 d 0 
339 35a 32b 4ca 0 
360 328 33a 534 0 
321 34f 365 787 0 
338 337 33b 414 0 
360 337 334 45f 0 
35f 35d 327 cf 0 
34f 31e 375 13 0 
344 337 338 410 0 
345 338 33b 411 0 
345 33b 339 40d 0 
31a 3e8 30e 74d 0 
339 33b 35a 234 0 
35a 33b 33a 235 0 
337 360 33b 412 0 
3e8 31a 319 779 0 
360 33a 33b 40c 0 
34c 34d 34e b0b 0 
363 34e 34d 7f6 0 
34f 34a 365 3b9 0 
35c 353 35b 381 0 
346 35f 361 361 0 
35b 35d 35c 37f 0 
319 32f 3f2 782 0 
35c 35d 35f 3a9 0 
34c 34e 372 b0f 0 
34f 375 34a 371 0 
363 35e 364 caf 0 
347 370 364 eca 0 
370 34e 363 c73 0 
359 368 369 edf 0 
369 36a 358 115e 0 
36f 370 347 ece 0 
329 3f1 32d 799 0 
355 36b 36c d3b 0 
354 36c 36d 1468 0 
34e 370 371 845 0 
372 34e 371 843 0 
36e 36f 357 e54 0 
379 368 349 ebe 0 
3f2 32f 32d 475 0 
379 348 36a c9e 0 
364 370 363 ecc 0 
36e 356 373 e66 0 
375 376 34a 406 0 
374 375 350 346 0 
358 377 369 edb 0 
377 359 369 edd 0 
349 378 379 82b 0 
37a 348 379 c9f 0 
37b 36c 354 1028 0 
355 36c 37b 1037 0 
374 359 377 b17 0 
358 376 377 bc9 0 
36e 371 36f e56 0 
37e 356 36e e68 0 
357 37e 36e c66 0 
36f 371 370 e5b 0 
369 368 379 ebd 0 
37b 378 355 1033 0 
37b 354 37a 1026 0 
379 36a 369 ca1 0 
373 371 36e f77 0 
372 371 373 846 0 
357 37c 37e c64 0 
36c 36b 37d 8a0 0 
30e 3e9 361 75f 0 
37f 356 37e e64 0 
36d 36c 37d 146f 0 
375 374 377 348 0 
376 375 377 3ab 0 
36d 37d 37c ce2 0 
37d 36b 37f bd4 0 
378 37b 379 864 0 
379 37b 37a dfb 0 
37e 37c 37d c68 0 
37d 37f 37e bd5 0 
383 384 385 7f8 0 
346 3b8 35f 3c6 0 
3f1 329 365 11a 0 
353 35c 3bc 382 0 
38b 38a 387 bda 0 
388 38a 38c dc6 0 
38b 386 38d ae0 0 
35f 3b9 35c 3c8 0 
38c 38a 38b 107a 0 
389 38c 38d cf3 0 
38d 38c 38b cf5 0 
397 385 384 a58 0 
384 383 3a7 c80 0 
3e8 3e9 30e 74e 0 
361 3db 346 3a8 0 
396 397 398 c51 0 
398 3a3 380 c07 0 
3a3 397 384 1707 0 
39b 399 394 15f7 0 
39a 39b 395 14e3 0 
38c 3a9 388 dc8 0 
389 3a9 38c be3 0 
39c 392 39e ccd 0 
36a 348 3dc ebb 0 
380 3a3 3a4 c06 0 
393 39d 39e 17e2 0 
3a0 3a1 38e d08 0 
38f 3a1 39f d48 0 
384 3a5 3a3 16ff 0 
398 397 3a3 c08 0 
3a7 3a5 384 1703 0 
319 3f2 3e8 780 0 
3a2 391 3a4 8eb 0 
358 36a 3dd ba2 0 
390 3a2 3a6 ffd 0 
3b1 381 39c e3c 0 
3df 348 37a b66 0 
39d 382 3b1 b3d 0 
3a8 3a9 389 be2 0 
388 3a9 3aa dcb 0 
394 3ab 39b 1601 0 
395 39b 3ab 14ee 0 
38b 3bb 386 ae4 0 
387 3bb 38b bd8 0 
365 34a 3ed 3bb 0 
3b8 3b9 35f 3c7 0 
35c 3b9 3bc c14 0 
39e 392 3af cc8 0 
3ad 399 39b 11eb 0 
3ad 39b 39a 11ec 0 
39e 3af 393 17eb 0 
3a4 3a5 3a2 f91 0 
3a3 3a5 3a4 f8e 0 
37a 354 3e2 cc6 0 
3a6 3a2 3a5 8c3 0 
3e0 37c 357 a69 0 
3a8 395 3ab c94 0 
3ab 394 3aa d23 0 
382 3b0 3b1 e48 0 
38e 3a1 3b3 d0a 0 
3b3 3a1 38f d51 0 
3b1 3b2 381 e39 0 
34a 376 3ec 3af 0 
3a6 3a5 3a7 12d5 0 
3b1 39c 39e cbc 0 
39e 39d 3b1 b3e 0 
393 3af 3ac d2c 0 
3af 392 3ae b8c 0 
36d 3ef 354 acc 0 
3b7 3a2 390 ffc 0 
39a 3ac 3ad 11e8 0 
364 3fb 347 b4e 0 
391 3a2 3b7 141c 0 
3ae 399 3ad 11ed 0 
311 4af 310 763 0 
38e 3b3 3b0 a07 0 
3ec 376 358 b75 0 
3ab 3a9 3a8 c97 0 
3b3 38f 3b2 10c0 0 
315 4af 311 750 0 
3aa 3a9 3ab d29 0 
39f 3a1 3b5 d4d 0 
3b5 3a1 3a0 a1b 0 
36f 347 3fc 9cc 0 
3d8 3b8 346 b02 0 
3f1 3f2 32d 79a 0 
3b4 391 3b7 b62 0 
390 3b6 3b7 d1c 0 
386 3bb 3ba ae5 0 
3ac 3af 3ad 8a4 0 
3af 3ae 3ad 8a6 0 
38d 386 3d3 b22 0 
3bd 3bb 387 bd6 0 
364 35e 3fd cad 0 
357 36f 3fc 7f1 0 
3a0 3b4 3b5 b63 0 
312 4bb 313 76d 0 
3b5 3b6 39f d17 0 
4bb 314 313 76e 0 
3ee 36d 37c cdc 0 
314 4bc 316 753 0 
3b0 3b3 3b1 e43 0 
4bc 315 316 a 0 
3b3 3b2 3b1 e38 0 
3db 3d8 346 3cd 0 
3b4 3b7 3b5 b64 0 
3b7 3b6 3b5 d1a 0 
3d6 396 398 a4c 0 
380 3e4 398 c05 0 
348 3df 3dc c12 0 
3d5 395 3a8 ad4 0 
3d4 386 3ba b78 0 
3de 39d 393 abf 0 
3e6 380 3a4 9e0 0 
3e3 39a 395 b9e 0 
38e 3b0 3e1 a08 0 
36a 3dc 3dd c15 0 
3d3 386 3d4 b76 0 
3a4 391 3e6 b95 0 
3fa 389 38d 9df 0 
358 3dd 3ec b71 0 
3e9 3db 361 3a7 0 
3f8 382 39d ab6 0 
34a 3ec 3ed 3bc 0 
393 3ac 3ea bf5 0 
3e7 391 3b4 c90 0 
354 3ef 3e2 acb 0 
3f4 3a0 38e ac7 0 
3eb 3ac 39a b4a 0 
37a 3e2 3df cc2 0 
3f7 3b0 382 a64 0 
3f9 3a8 389 b2c 0 
3fc 3e0 357 7f0 0 
3e6 3e4 380 a2b 0 
395 3d5 3e3 c0d 0 
365 3ed 3f1 3b2 0 
3d6 398 3e4 c19 0 
3ee 37c 3e0 a67 0 
3ee 3ef 36d ce6 0 
347 3fb 3fc b52 0 
3f3 3b4 3a0 b60 0 
3e6 391 3e7 b92 0 
3ea 3de 393 c10 0 
4af 350 310 764 0 
39a 3e3 3eb 9e4 0 
3d3 3fa 38d b23 0 
38e 3e1 3f4 ac1 0 
3fd 3fb 364 7fd 0 
382 3f8 3f7 c0c 0 
3f8 39d 3de abb 0 
3ea 3ac 3eb b43 0 
312 35b 4b8 768 0 
3d5 3a8 3f9 c16 0 
3fa 3f9 389 b2e 0 
3f3 3a0 3f4 b5e 0 
3e1 3b0 3f7 a03 0 
3e7 3b4 3f3 c8f 0 
3d7 3d9 406 9e2 0 
363 34d 487 aae 0 
40c 3d3 3d4 b77 0 
407 3dd 3dc c15 0 
363 487 35e a14 0 
404 3de 3ea c10 0 
3d4 3e5 40c b7b 0 
3e3 3d5 40d c0d 0 
3d5 3f9 40a c16 0 
40c 3fa 3d3 b24 0 
3d8 41b 3da b05 0 
411 3f0 3d7 af9 0 
3db 41b 3d8 b00 0 
41b 3d9 3da c0e 0 
3d6 3e4 419 c19 0 
3e5 3f5 40b c1c 0 
4ac 34d 34c b36 0 
3fd 3ff 3fb 7fc 0 
40f 3e1 3f7 a04 0 
40d 3d5 40a ad8 0 
412 3e7 3f3 c8e 0 
411 3d7 406 b96 0 
3e9 41f 3db 3a7 0 
3df 424 3dc c12 0 
3fc 414 3e0 a60 0 
3e2 423 3df cc3 0 
40c 3e5 40b b7c 0 
3d9 41b 406 bb9 0 
3ec 3dd 429 b70 0 
415 3f9 3fa b2f 0 
353 4b8 35b 3db 0 
368 4b7 349 be9 0 
485 385 397 a5a 0 
4b3 378 349 a38 0 
3dc 424 407 eb4 0 
374 350 4b4 38e 0 
3ee 3e0 42f a68 0 
417 400 3ff c83 0 
3de 42c 3f8 abc 0 
415 3fa 40c b26 0 
3e2 3ef 431 aca 0 
41f 41b 3db 3cf 0 
485 397 396 c53 0 
404 42c 3de abd 0 
372 4be 34c b0e 0 
40b 409 415 bc8 0 
3e8 437 3e9 74c 0 
40b 415 40c bc7 0 
432 3ef 3ee ce5 0 
359 4c2 368 ad3 0 
3f8 42b 3f7 c0c 0 
355 4c4 36b b5a 0 
3e1 43a 3f4 ac0 0 
415 409 416 978 0 
3df 423 424 b65 0 
3e8 3f2 439 3d3 0 
383 385 4a2 c03 0 
422 401 408 129e 0 
374 4c1 359 b18 0 
3e0 414 42f a6c 0 
3f1 438 3f2 798 0 
3fd 35e 47c ab1 0 
355 378 4c3 bc0 0 
443 3eb 3e3 9e4 0 
424 408 407 eb7 0 
3ed 3ec 440 3bd 0 
3bc 4a5 353 a82 0 
3f7 42b 40f a63 0 
410 427 3fe b8a 0 
3ea 3eb 444 b44 0 
3f3 3f4 43b b5f 0 
406 41b 41e bbd 0 
373 4bd 372 a94 0 
356 4cb 373 bd0 0 
3f1 3ed 441 3b3 0 
405 403 42c 7f3 0 
405 42c 404 bf7 0 
3fe 427 417 b8b 0 
40f 43a 3e1 9fe 0 
47d 396 3d6 a4e 0 
421 401 422 dc3 0 
417 428 400 99d 0 
3e2 431 423 cc4 0 
402 421 422 d59 0 
423 402 422 b69 0 
37f 4cb 356 bcc 0 
422 408 424 b67 0 
40f 42b 40e 17d7 0 
41f 3e9 437 3b5 0 
40d 443 3e3 b9d 0 
444 404 3ea bf3 0 
41e 41b 41f 3ad 0 
39c 381 4ad a41 0 
457 3e4 3e6 a2a 0 
410 41a 427 a8e 0 
42c 42b 3f8 aba 0 
43b 412 3f3 b5d 0 
37f 36b 4ca bb7 0 
42f 432 3ee ce3 0 
3ef 432 431 850 0 
431 402 423 cc1 0 
383 4b0 3a7 ba8 0 
424 423 422 b68 0 
417 427 428 1774 0 
381 3b2 4ae 10b7 0 
3e8 439 437 3d4 0 
405 404 444 bf4 0 
440 3ec 429 b6f 0 
3e7 465 3e6 b93 0 
3a6 4b1 390 c20 0 
3f2 438 439 3d2 0 
3f4 43a 43b ac3 0 
3aa 394 4b5 9f7 0 
390 4b1 3b6 b6e 0 
41e 41f 437 3a2 0 
441 438 3f1 3b1 0 
40f 40e 447 b87 0 
43e 42c 403 1185 0 
40a 3f9 455 b2d 0 
425 40e 43d db2 0 
39c 4c0 392 a70 0 
4ce 38a 388 bc4 0 
441 3ed 440 3be 0 
3a7 4b2 3a6 bab 0 
40d 420 443 b9f 0 
38f 4b9 3b2 10be 0 
40e 42b 43d 17d3 0 
444 3eb 443 b46 0 
394 399 4c5 b16 0 
421 402 44a d5a 0 
407 46a 3dd ba0 0 
455 3f9 415 1713 0 
387 38a 4d4 af4 0 
44e 41c 401 fcd 0 
3ae 392 4bf 95d 0 
39f 4c8 38f a9e 0 
44e 401 421 dbf 0 
3f6 3f0 46d bed 0 
405 45c 403 ca8 0 
3fc 3fb 466 b51 0 
412 465 3e7 c89 0 
43f 42e 418 f41 0 
425 449 40e db4 0 
3fb 3ff 466 b4d 0 
3f6 46e 3f5 bea 0 
44a 402 431 d9b 0 
432 433 431 fba 0 
3ff 400 466 b91 0 
406 45a 411 b99 0 
456 416 409 ca2 0 
315 4bc 4af 751 0 
442 426 425 111b 0 
3aa 4cf 388 9bc 0 
312 4b8 4bb 76b 0 
3ae 4c6 399 a7b 0 
43e 42b 42c 1186 0 
415 416 455 1710 0 
429 42d 440 336 0 
447 43a 40f b86 0 
41e 45a 406 bbe 0 
314 4bb 4bc 754 0 
3dd 46a 429 b74 0 
46d 3f0 411 aff 0 
46e 40b 3f5 9ec 0 
466 414 3fc b50 0 
44e 426 41c b29 0 
408 401 46c 129f 0 
407 408 46a ba3 0 
425 426 44c c99 0 
43d 42b 43e 17d4 0 
43d 442 425 db8 0 
39f 3b6 4c9 b90 0 
40e 449 447 d7c 0 
419 3e4 475 e03 0 
487 34d 48a 9d6 0 
3bd 387 4d2 9f2 0 
453 413 430 374 0 
47d 3d6 419 a4f 0 
450 405 444 11d1 0 
441 430 438 69 0 
47c 35e 488 aaf 0 
445 436 42a 111f 0 
43b 43a 43c ac4 0 
46e 409 40b 105c 0 
35e 487 488 a10 0 
418 44f 43f fc7 0 
401 41c 46c fcf 0 
42a 43c 448 9fa 0 
400 428 468 993 0 
3fd 47e 3ff ab4 0 
431 433 44a d99 0 
41c 426 45d f4f 0 
45f 43e 403 ec3 0 
43e 442 43d ec4 0 
445 42a 448 17c6 0 
42e 45d 418 f56 0 
420 450 443 ceb 0 
43c 43a 447 ac6 0 
45d 42e 41c f51 0 
44d 421 44a 9c4 0 
44c 449 425 c9b 0 
3e6 465 457 b94 0 
479 40d 40a adc 0 
448 434 445 17c3 0 
421 44d 44e cfd 0 
450 45c 405 11d4 0 
449 434 448 a62 0 
44c 426 44e b28 0 
446 44b 433 e2d 0 
445 434 44b 10ab 0 
440 42d 452 33d 0 
414 467 42f a6b 0 
42f 458 432 ac9 0 
3fe 482 410 b89 0 
433 44b 44a bd1 0 
448 43c 447 c5e 0 
43f 454 42d 8aa 0 
441 452 430 39d 0 
44c 434 449 a61 0 
43b 464 412 b5c 0 
432 458 433 10a0 0 
417 481 3fe aa9 0 
3ff 481 417 a0a 0 
44b 434 44d da9 0 
44d 434 44c daf 0 
489 385 485 a57 0 
403 45c 45f f3a 0 
486 396 47d a50 0 
479 420 40d e01 0 
419 475 41d e0a 0 
447 449 448 d7f 0 
445 44b 446 10ad 0 
41c 42e 46c 840 0 
45d 426 442 1114 0 
45e 44f 418 b1a 0 
440 452 441 3ba 0 
3e4 457 475 966 0 
427 41a 472 c2b 0 
435 44f 451 dbc 0 
452 42d 454 2ff 0 
443 450 444 b47 0 
396 486 485 c58 0 
430 452 453 304 0 
436 464 42a c5a 0 
433 458 446 10a3 0 
44f 435 454 853 0 
46b 42d 429 1224 0 
42a 464 43c d68 0 
4ac 48a 34d b3a 0 
44a 44b 44d bd2 0 
454 435 453 bf0 0 
418 45d 45e d0c 0 
410 484 41a a8c 0 
478 430 413 9e 0 
428 427 472 c2a 0 
41d 47f 419 a54 0 
44e 44d 44c cfc 0 
466 400 468 f66 0 
43f 44f 454 fc5 0 
456 409 46e 105a 0 
461 436 445 1121 0 
45f 442 43e ec2 0 
46d 46e 3f6 bef 0 
43c 464 43b d65 0 
464 465 412 ea1 0 
437 476 41e 3a4 0 
4a5 4a4 353 3d5 0 
469 450 420 cea 0 
43f 42d 46b 1226 0 
46b 42e 43f f3e 0 
453 46f 413 bf1 0 
411 45a 46d e0f 0 
466 467 414 bd3 0 
46a 408 46c ba5 0 
452 454 453 302 0 
446 461 445 10af 0 
446 458 459 d72 0 
479 40a 455 adb 0 
4a2 385 489 c01 0 
42f 467 458 d75 0 
478 438 430 3dc 0 
469 435 451 d5e 0 
428 460 468 fe6 0 
451 45c 450 f07 0 
461 462 436 1528 0 
437 439 476 3aa 0 
451 44f 45e b1c 0 
45d 442 45f 1110 0 
462 463 436 1526 0 
439 438 478 391 0 
416 47b 455 97a 0 
436 463 464 ea4 0 
459 461 446 f9e 0 
47b 416 456 ca4 0 
41e 476 45a 32b 0 
453 435 46f bf2 0 
4a4 4b8 353 88 0 
350 4af 4b4 3c2 0 
45e 45c 451 b1b 0 
429 46a 46b d0e 0 
349 4b7 4b3 a32 0 
472 460 428 fe4 0 
413 46f 477 150a 0 
46c 42e 46b d2e 0 
472 41a 473 b08 0 
451 450 469 f08 0 
4be 4ac 34c c09 0 
47c 47e 3fd ab2 0 
45f 45c 45e f3c 0 
45e 45d 45f d0d 0 
478 413 477 2d9 0 
41d 475 473 b42 0 
459 460 461 de6 0 
46f 435 469 d5c 0 
469 420 47a faa 0 
481 3ff 47e c0a 0 
458 467 459 d70 0 
481 482 3fe aa6 0 
457 465 463 d55 0 
4b0 383 4a2 9f0 0 
460 462 461 1262 0 
468 460 459 de5 0 
4ad 381 4ae c11 0 
47a 420 479 c3e 0 
45a 45b 46d e11 0 
473 480 41d b41 0 
459 467 468 de7 0 
463 465 464 ea0 0 
473 41a 483 c36 0 
419 47f 47d a52 0 
484 410 482 c18 0 
47f 41d 480 c17 0 
468 467 466 f62 0 
4c1 4c2 359 9dc 0 
476 439 478 394 0 
4c3 4c4 355 b53 0 
476 45b 45a 12ab 0 
457 463 474 a39 0 
4c2 4b7 368 acf 0 
46e 470 456 8cc 0 
484 483 41a c1a 0 
472 462 460 f85 0 
46d 45b 470 103c 0 
4b4 4c1 374 38b 0 
372 4bd 4be a93 0 
46b 46a 46c ba4 0 
470 45b 471 1216 0 
474 463 462 12be 0 
4c3 378 4b3 a36 0 
474 475 457 16de 0 
471 45b 477 1219 0 
3a7 4b0 4b2 ba9 0 
4b2 4b1 3a6 c23 0 
470 46e 46d 103e 0 
470 47b 456 d63 0 
474 462 472 f86 0 
477 45b 476 325 0 
36b 4c4 4ca bb5 0 
455 47b 479 c3f 0 
4cb 4bd 373 bce 0 
4ad 4c0 39c c1b 0 
47a 46f 469 d5f 0 
472 473 474 d42 0 
46f 471 477 912 0 
4c0 4bf 392 c13 0 
473 475 474 cd1 0 
3b2 4b9 4ae 10b5 0 
4b5 394 4c5 c1d 0 
471 46f 47a d95 0 
470 471 47b d60 0 
4c8 4b9 38f a99 0 
478 477 476 329 0 
4ca 4cb 37f bcb 0 
47b 471 47a bc6 0 
47a 479 47b c3d 0 
399 4c6 4c5 b13 0 
388 4cf 4ce bc2 0 
4bf 4c6 3ae a75 0 
3b6 4b1 4c9 b6b 0 
4c9 4c8 39f b8d 0 
483 480 473 c34 0 
4b5 4cf 3aa 9bf 0 
4d4 38a 4ce aeb 0 
4d4 4d2 387 aee 0 
489 4a1 4a2 bff 0 
4a8 48a 4ac b34 0 
4a2 4a1 4dc c00 0 
4a6 4a3 4de bdb 0 
4a3 4b6 4d6 f0e 0 
4db 4a7 4a9 aa0 0 
4b0 4a2 4dc 9f1 0 
4e4 4a4 4a5 a81 0 
4ae 4b9 4d5 10b6 0 
4ba 4dc 4a1 9f4 0 
4e4 4a5 4ab a86 0 
4e6 4aa 4a8 b32 0 
4a9 4aa 4e6 c0b 0 
4d9 4c0 4ad c1b 0 
4a8 4ac 4e6 b35 0 
4a4 4e4 4b8 88 0 
4a7 4df 4c7 d87 0 
4de 4a3 4d6 bdd 0 
4ed 4ad 4ae c11 0 
4d3 4d7 4b6 be4 0 
4ea 4ac 4be c09 0 
4db 4df 4a7 aa3 0 
4e5 4d0 4a6 bfc 0 
4af 4f0 4b4 3c3 0 
4b2 4b0 4f1 baa 0 
4f1 4b1 4b2 c22 0 
4b5 4e2 4cf 9be 0 
4e7 4ab 4d1 c0f 0 
4bc 4f0 4af 74f 0 
4d3 4d2 4d4 aef 0 
4a6 4de 4e5 bde 0 
4ce 4d7 4d4 aed 0 
4db 4a9 4e6 bad 0 
4e3 4d6 4b6 f0c 0 
4b6 4d7 4e3 be7 0 
4d4 4d7 4d3 af3 0 
4b7 4f6 4b3 a34 0 
4ab 4e7 4e4 a7f 0 
4d5 4ed 4ae bf8 0 
4f4 4c3 4b3 a30 0 
4b4 4f5 4c1 388 0 
4ed 4d9 4ad a3b 0 
4ac 4ea 4e6 b30 0 
4d7 4d8 4e3 9ea 0 
4ff 4b5 4c5 c1d 0 
4e0 4df 4db eea 0 
4bd 507 4be a92 0 
4c0 505 4bf c13 0 
4da 4d9 4ec a72 0 
506 4c6 4bf a76 0 
4b3 4f6 4f4 a37 0 
4c5 4c6 504 b12 0 
4e6 4e9 4db baf 0 
4b5 4ff 4e2 9f8 0 
50f 4b7 4c2 ad0 0 
4d6 4f2 4de be0 0 
4cb 509 4bd bcd 0 
4d6 4e3 4f2 f14 0 
4c1 50e 4c2 9dc 0 
4ec 4d9 4ed a3d 0 
50c 4c4 4c3 b54 0 
4f3 4e3 4d8 af7 0 
4c0 4d9 505 a6d 0 
4ea 4e9 4e6 10f0 0 
508 4cb 4ca bca 0 
4de 4f2 4e5 be1 0 
4ca 4c4 50d bb4 0 
4bb 4b8 520 3c4 0 
507 4ea 4be b0d 0 
4f2 4e3 4f3 af6 0 
505 4d9 4da a71 0 
4dd 4fe 4ee deb 0 
50f 4f6 4b7 be8 0 
504 4ff 4c5 b10 0 
527 4b9 4c8 a9a 0 
50c 4c3 4f4 bbf 0 
506 4bf 505 a74 0 
4c1 4f5 50e b19 0 
4bb 52e 4bc 752 0 
504 4c6 506 a78 0 
4bd 509 507 a95 0 
4ee 4fe 4ef dea 0 
52a 4ba 4cc a45 0 
4d5 4b9 527 a98 0 
4b0 4dc 529 c02 0 
4b4 4f0 51e 3c1 0 
4f6 4fb 4f4 101a 0 
507 4e9 4ea 10fc 0 
4f4 4fb 4f8 1370 0 
4f7 4fb 4f6 1020 0 
4fa 4ef 4fd 12e5 0 
51e 4f5 4b4 389 0 
508 509 4cb bcf 0 
4fe 4fd 4ef 815 0 
52a 4dc 4ba 9c9 0 
50d 4c4 50c b56 0 
4fc 4fb 4f7 1325 0 
4ca 50d 508 bb6 0 
50e 50f 4c2 ad1 0 
4f1 4b0 529 bac 0 
4c9 4b1 540 b6d 0 
4ce 4cf 531 bc1 0 
523 4e0 4db ee9 0 
50b 4eb 500 13c4 0 
4f4 4f8 50c 1374 0 
4da 513 505 16d0 0 
539 4cd 4c7 a87 0 
531 4d7 4ce bc3 0 
4f8 4fb 50a eae 0 
52e 4f0 4bc 3cb 0 
4db 4e9 523 831 0 
50e 4f5 4f9 ed8 0 
4f7 4f6 50f 1009 0 
50a 4fb 4fc 119d 0 
525 4ed 4d5 bfa 0 
53a 4cc 4cd c79 0 
4d8 4d7 531 bc5 0 
50a 4fc 501 119c 0 
4cf 4e2 531 9e6 0 
504 506 503 a7a 0 
541 4c8 4c9 b8e 0 
4e1 51b 4fd c2f 0 
4e4 53d 4b8 3d6 0 
4c7 4df 539 d86 0 
4d0 53c 4d1 b81 0 
502 51b 4e1 1361 0 
4ee 528 4dd 1516 0 
4da 4ec 52c ddc 0 
4f7 516 4fc 155e 0 
540 4b1 4f1 c24 0 
4ec 4ed 525 a3f 0 
508 50d 502 801 0 
511 4e8 517 144b 0 
4f9 4f5 51d 10b1 0 
4e8 516 517 1192 0 
4e5 53c 4d0 bfe 0 
4fd 51b 4fa c2e 0 
50b 500 511 10c2 0 
506 513 503 c62 0 
4d8 532 4f3 f2c 0 
4d1 53c 4e7 b82 0 
51d 4eb 50b e32 0 
4f7 50f 515 100c 0 
505 513 506 c61 0 
539 4df 4e0 d8e 0 
4f9 515 50e eda 0 
4f9 50b 517 1445 0 
520 52e 4bb 3c5 0 
503 512 510 13de 0 
515 516 4f7 100d 0 
4f8 51a 50c 137e 0 
511 500 514 10c3 0 
512 514 500 878 0 
50a 51c 4f8 109f 0 
503 513 512 c60 0 
50a 501 518 1658 0 
4f9 517 515 1195 0 
51d 50b 4f9 118e 0 
50d 51a 502 136a 0 
4e7 53d 4e4 3d8 0 
521 4ff 504 b15 0 
52c 513 4da e51 0 
51f 4eb 51d e30 0 
4d5 526 525 e33 0 
533 4e2 4ff 9c0 0 
515 50f 50e 1149 0 
521 504 503 902 0 
527 526 4d5 e36 0 
4fa 51c 518 1097 0 
4f8 51c 51a 109b 0 
517 50b 511 1441 0 
524 4e0 523 f43 0 
4dd 538 4fe 12cb 0 
501 519 518 165c 0 
50c 51a 50d b57 0 
4e5 4f2 53b dd1 0 
4fa 51b 51c 1095 0 
512 513 514 10cb 0 
51d 4f5 51e 322 0 
4b8 53d 520 3d9 0 
51a 51b 502 1360 0 
511 52d 4e8 13c8 0 
510 521 503 13d6 0 
537 4ef 4fa 12e2 0 
529 4dc 52a c04 0 
517 516 515 119a 0 
518 51c 50a 1501 0 
4f3 53b 4f2 1207 0 
4dd 528 52b 150e 0 
4ee 4ef 542 12f2 0 
4fc 534 501 139d 0 
4fd 544 4e1 1140 0 
534 516 4e8 1193 0 
52a 4cc 53a c7d 0 
528 4f1 529 e7f 0 
531 532 4d8 c47 0 
4e1 545 502 cdb 0 
51c 51b 51a 1366 0 
527 4c8 541 a9c 0 
524 538 4e0 f44 0 
522 521 510 13d4 0 
543 4e9 507 dd4 0 
538 4dd 52b 12c3 0 
51e 51f 51d 30a 0 
531 4e2 533 c43 0 
53a 4cd 539 a89 0 
4fc 516 534 1555 0 
548 500 4eb 13bc 0 
536 4ec 525 ddb 0 
52d 534 4e8 13c9 0 
513 52c 514 87b 0 
511 514 52d 905 0 
518 537 4fa 166b 0 
4fd 4fe 544 1142 0 
4ec 536 52c dde 0 
535 519 501 156c 0 
533 4ff 521 b9b 0 
532 52f 4f3 f30 0 
4e0 538 539 d13 0 
4c9 540 541 b8f 0 
543 523 4e9 812 0 
4fe 538 524 12cd 0 
502 545 508 d35 0 
543 507 509 891 0 
540 528 4ee df6 0 
52f 53b 4f3 9b7 0 
53b 53c 4e5 dcf 0 
540 4f1 528 df4 0 
548 4eb 51f 36a 0 
52c 52d 514 e4f 0 
545 509 508 d32 0 
51e 4f0 547 340 0 
4e7 53c 53d b85 0 
501 534 535 1573 0 
518 519 537 1676 0 
512 500 548 e4e 0 
52b 528 529 e83 0 
533 521 522 b9a 0 
529 52a 52b e8e 0 
535 526 519 156d 0 
542 4ef 537 12eb 0 
544 4fe 524 1534 0 
547 4f0 52e 3ca 0 
4e1 544 545 ee6 0 
542 540 4ee df0 0 
510 512 548 10c5 0 
522 52f 532 fb3 0 
525 526 535 13a0 0 
522 532 533 fb0 0 
519 526 53f 13ac 0 
510 549 522 fb7 0 
52c 536 52d e52 0 
535 536 525 139f 0 
533 532 531 c41 0 
52b 52a 53a c7c 0 
547 51f 51e 30c 0 
53f 526 527 13b0 0 
524 523 543 117c 0 
52d 536 534 11a0 0 
53f 537 519 166e 0 
536 535 534 1575 0 
52f 530 53b 17f5 0 
543 509 545 1174 0 
538 52b 53a 12c1 0 
53d 53e 520 399 0 
546 52e 520 376 0 
522 549 52f feb 0 
539 538 53a d14 0 
53e 53b 530 17f9 0 
527 541 53f f88 0 
520 53e 546 3ac 0 
548 549 510 fb6 0 
543 544 524 895 0 
549 530 52f de9 0 
53b 53e 53c dd2 0 
53c 53e 53d 396 0 
53e 530 546 35b 0 
54a 51f 547 3d0 0 
542 537 53f 1544 0 
548 51f 54a 36e 0 
547 52e 546 409 0 
53f 541 542 1542 0 
541 540 542 dee 0 
546 530 54a 355 0 
54a 530 549 359 0 
545 544 543 ee5 0 
546 54a 547 39f 0 
54a 549 548 36c 0 

))
(12 (2 1 17fa 1 2))
(45 (1 interior interior-geometry_3d)())
(45 (2 fluid geometry_3d)())
(45 (5 velocity-inlet inlet)())
(45 (6 pressure-outlet outlet)())
(45 (7 wall outerwall)())
