(0 grid written by ANSYS Meshing
   nodes:       (10 (id start end type) (x y z ...))
              faces:       (13 (id start end type elemType)
                (v-0 v-1 .. v-n right-cell left-cell ...))
   cells:       (12 (id start end type elemtype))
   parent-face: (59 (start end parent child) (nchilds child0 child1 ...))
)
(2 3)
(10 (0 1 605 0))
(13 (0 1 2c51 0))
(12 (0 1 1422 0))
(10 (3 1 345 1 3)(
-0.1957310687547584 -1.087619276138876 0.9267022312415818
-0.2042140481920608 -0.9273973175965239 1.015765592680365
-0.2013860509004426 -1.197297261652419 1.011234100310557
-0.05066177658494744 -1.192300982844815 0.9858365938719817
-0.1821974607144993 -1.194097611580846 0.8151883149092973
0.04660173643775786 -0.9250060342944231 0.9855523207517298
-0.1779382758815827 -0.80643716290136 0.9492270842196008
0.06925088379075499 -1.214793400845799 1.015657273311924
0.207657042153503 -1.216665889745773 1.008256141926756
-0.1872696342750865 -1.18643385571242 0.6705345061881043
0.201164098656479 -1.002778558245857 0.9821724393933934
0.07952132604062424 -1.188449595321958 0.7967708757694675
-0.1861768421208333 -0.8827097128097081 0.6606326459933992
0.1700944649763684 -0.7448039302104934 0.944263290117216
-0.1759824487153815 -0.5803542096230184 0.9574655420807927
0.1827371986429504 -1.191138386500407 0.8539800130615265
-0.1933105565560786 -1.203467103400151 0.512815969501097
0.1010973656194899 -1.202271519858662 0.539375127233177
0.1968413006507995 -1.188377183552743 0.7047303251538037
-0.2083991529739344 -1.197918936598417 0.3603911940093857
0.1848419869445793 -0.5864725813654816 0.9999574084747251
-0.2003947364371751 -0.4162406813255805 0.9672605022226139
0.1821724393933932 -0.735219808970495 0.4851282984536245
-0.1821724393933929 -0.9024073373667982 0.4028685021936536
0.2043741713604686 -1.224286741047755 0.5676141802864005
0.1862887190283348 -0.5026560915340519 0.6547582061682624
-0.0592620628957757 -0.6844515720260306 0.1532893263980241
0.2036842927844787 -1.194784620866195 0.4003680024388624
0.1821724393933932 -0.8618159308571856 0.3448249677835726
-0.2209675311226056 -1.221584341199383 0.2272076408087315
0.1807945897448362 -0.4045122138567085 0.8766213450443233
0.2040135189557884 -0.4277732151307189 0.9997937054540242
-0.1906938944691714 -0.280872388247451 0.99468420767521
-0.06670380589097812 -1.179213045571878 0.2288759404350395
-0.1145261109721915 -0.7761058389234584 0.2744839588331871
-0.183563280154851 -1.010849388438253 0.2269433602704277
0.1006110784949446 -0.9427878454644467 0.2606603176427851
0.2043531589985646 -1.182226651563637 0.2866462153935174
0.1902587082435552 -0.8334979170321851 0.2374806109908266
0.1981562442996548 -0.6826658277546976 0.2477392995376546
0.03385344751169989 -0.6322414485096701 0.2668298150239175
-0.2038165885226262 -0.1311941209268681 0.9695214028660223
0.2072544461395232 -1.071110986038154 0.2504147850627525
0.2368389967575507 -1.241661368605681 0.1951487463936974
-0.1917487478654636 -0.589863605514571 0.2983945540970527
-0.2100123771716931 -0.7257678763380132 0.2738644746830168
0.1939126634577206 -0.2919119989937485 0.5139859906539052
0.1795864232907564 -0.1153793686667676 0.8626932072634212
0.1607396356528184 -0.5169152272258317 0.2094585358044384
-0.1944328980126178 0.009957873586830816 0.9712045624035602
0.1878031238662762 -0.3857457586713601 0.2738253038442525
0.1997681047121453 -0.1227324646220032 0.9821724393933934
-0.2076927780134371 -0.446566887490841 0.2516393282930066
-0.1990588507970973 0.1400615422396022 0.9680811901794035
-0.1879229577878224 -0.2944858965694501 0.2893882595589966
0.1892577298662795 0.07520678808384135 0.678842416931504
0.1840927953901166 -0.2289581965962142 0.2341569664389821
0.1069962942236781 0.1083333326876659 0.9840317083563781
-0.1997164690276423 0.2668069769246793 0.9821724393933934
0.206996294223678 0.1324074070443103 0.9840317083563781
-0.1822381302244737 -0.1421253162563349 0.2464123507441874
0.2249633532732019 0.2421997404650185 1.02730941814175
0.05002083042051342 -0.01961290313619968 0.2777707853673889
-0.2066075252727299 0.4031624792027716 0.9843905135354358
-0.1914587047607833 0.3429617411761429 0.6354954307683091
0.1821724393933929 0.3420524707370337 0.8631944444444446
0.1947592597596313 0.006007381199263682 0.2667905092589107
-0.1936654091029359 0.007545986350970222 0.2854918699412837
0.2042389285101589 0.346852669362358 1.012751403114488
-0.1900030837689481 0.1979922840627226 0.387470407312883
-0.1970818914881114 0.5567022336780391 0.9821724393933934
0.2075332564241463 0.1408287799084822 0.2668026756414832
-0.2174065217691058 0.1256925948406724 0.2600144331856081
0.07337133395494982 0.3145814909167419 0.2931859327218697
0.2202635982355496 0.5274764156452662 1.03465977530656
0.2364771550146149 0.2547509218028125 0.2156357093758657
-0.2050525655599018 0.27209354654422 0.2772967190590654
-0.1977678735758602 0.6917394366808726 0.9827252876927306
0.1659374828642026 0.5804313225627141 0.5722461469388952
0.04571769042492724 0.5996780225324715 0.9824797136753293
-0.228074366679156 0.3920102739551393 0.2301714921287408
0.2320688725930575 0.3791699995506705 0.2199595695716482
0.1982498277160112 0.6520993223799699 1.000761876348798
-0.1771272910403325 0.5189841550937211 0.3702335686105168
-0.18288457568262 0.855711032569669 1.002494232531296
-0.2123910133098202 0.5111104387154631 0.2329977367589548
0.09017051088224093 0.5341549102994957 0.2631798247381314
0.2134068374749633 0.5014543421222389 0.2218009959954461
0.1972499286805406 0.8021097984859146 0.9969405375090097
-0.1754942094757277 0.8825120346877013 0.7283564004900139
-0.2145710519442927 0.9648032952235072 1.036494795250535
-0.04404770015993636 0.7425588324018204 0.2606663352434542
-0.1967013802212044 0.71588538484818 0.259478799547636
0.2220134261762303 0.697873233009642 0.2243547572302869
0.1959124215514338 0.934890933912661 0.8625242141801308
0.1872096956273766 0.9606682415089376 0.9950166090604698
-0.1943416559926094 1.086166000524856 1.002499828468619
-0.2247860653791735 0.799742459410424 0.2134950524755502
0.1924986588405017 0.8673602758877657 0.3336721184132202
0.18635358728506 1.020237230650543 0.5202002411603519
-0.1339707343170325 0.9417720219305141 0.2450728298947217
-0.1709290204622627 1.131306993946758 0.6605843268235043
0.09481635861417831 1.190053948685871 0.7205731210192513
0.2151083285079202 0.9975834191079748 0.2587622622425496
-0.1932044027221337 1.108895961527505 0.38823162504171
0.1903384870618822 1.13731300274774 0.9826126378266384
-0.1308843199654522 1.182518335797535 0.9852915192713145
0.192528673645153 1.186555342553317 0.8134215326403964
-0.2032676216004041 1.188162556650895 0.5512778168857771
-0.2191521852081827 1.215933970552955 0.7495832954912885
0.01944233771419699 1.192575911671594 0.982147771070178
0.04178891678820962 1.110927050621652 0.2479349263396539
0.1980662898848746 1.138226246709922 0.4384334999436266
0.194944267799722 1.123382710965712 0.2712124632885831
0.1952124326837684 1.182172439393393 0.5480499522142778
-0.1914238939102688 1.216385789054632 0.3207501164800402
-0.0736571526175594 1.195593291959248 0.2542796708547331
0.2482879061054075 1.234315289471209 0.9020562884240604
-0.2193009829438338 1.132737053008693 0.2542230769735408
0.2312039409166781 1.238404140086202 0.4749018069115211
0.07942743665827669 1.217074980786576 0.2434617462217685
0.2248574298981512 1.22283493896739 0.2215050160427704
-0.2082926788660545 -0.695004115530751 1.018419218120523
0.07149177030964481 -1.086752465363514 0.7690509031398476
0.1533261759216231 -0.3162054866700096 0.9642416054414072
-0.2040132311132819 -0.873214850135304 0.2360993804333366
-0.03379221397464553 -0.8545141505587124 0.2962358357985729
0.07215449619777609 -1.193060365607439 0.2528707005944634
-0.1074733385902553 -0.6837265613056673 0.2979278885815485
0.001297934623083826 0.1995573475354835 0.536326939960712
0.0709786846376191 0.4959881420189575 0.8270747133106371
0.02275889509443511 0.4581261133662492 0.3809001696095364
0.1195974416914692 0.7481812031509971 0.2704186828183934
0.1265440147774326 0.6961177156605586 0.7891513929523014
0.05591737760860158 0.8330258177526831 0.4985203178814829
-0.2278313199279383 1.222198241194667 1.031230468820748
-0.2050074838208015 1.217175848257723 0.4488907951675972
0.2227654456228841 1.223537408893724 0.6836283137025873
0.05902997608267498 -0.8247886870497977 0.1574021060672632
-0.1821724393933929 -1.036383120278899 0.6612322110134969
-0.09051065503802375 -1.054269287363459 1.011600881473381
-0.09422017754152191 -0.8156927311429018 1.019688088541353
0.191924729324091 -0.869798794566128 0.9606935499570637
-0.0502296341935319 -1.188851391004393 0.7297547727619264
-0.186590532642139 -0.983636695266075 0.800353653150263
0.1738981177703921 -0.2100127678641412 0.9254369335039998
0.2014910995838767 -1.107613636830645 1.031633200535925
-0.1503683924850691 -0.05923557469554397 0.8440578697759464
0.1522731568281374 -1.034617055826534 0.8761943564587464
-0.1899756615634162 -0.836838107420028 0.8139481039752914
0.1322085861643307 -0.908808035827089 0.8742268845887547
-0.09729495544556879 0.2809104887845608 0.5937479559488876
0.02709011476992864 -0.9151932353765915 0.3215161317655503
-0.0450891664281446 -1.198304341763994 0.5399409787826476
0.1913753297373354 -0.3424777628575205 0.6845797767779656
-0.02507356702647178 -0.303354199431021 0.9763645748510774
0.1876773836318462 -1.096704613506882 0.530773692793261
-0.08184477124803022 -1.219089564585992 0.3720412382649005
-0.08121226328886502 -0.5721603811466868 1.01447632336374
0.198152654109674 -0.4037557898079592 0.5567645210092464
0.1846728616293043 -0.6315099296200619 0.5716989576151764
0.1849149282616322 -0.7308780552619009 0.3653595305523187
-0.2000379025527379 -1.039726536405986 0.3586366872462611
0.08362584560883783 0.1166431475184155 0.6048335205330093
-0.2043537226869126 -0.735983333518818 0.3328633033258155
-0.2020682126424297 -1.122245838005673 0.2390696564064099
0.1710836868875134 -0.3448376965518258 0.4107953581887847
0.07963365149552089 -1.189439292475161 0.6714324106503617
0.07986599224093802 -0.7344779646429703 1.008290226984532
0.1860701610892262 0.01501916421200947 0.9395105527374092
0.0567021954492571 -0.5260644507697997 0.7349338580437405
-0.221180208836096 -0.9254542986170498 0.5637570501813342
0.171747868316662 -0.6053432469241081 0.3195707196022037
0.06907122506722058 0.1439093707069675 0.269792962958487
0.0910862196966965 0.8707874812213623 0.9799053750551149
0.2149214386953095 -0.9589650329633747 0.4235530087649146
0.09108621969669654 -0.4615693894369171 0.9854166666666669
-0.08755982245145501 -0.3286885424574778 0.2488831866370688
0.05339170737464652 -1.065205506139569 0.2291436846761423
0.1323419419792437 0.5389588985226587 0.6928181018308222
-0.1170416194271374 -0.5207899402386759 0.2238413707051526
0.07572004458908342 0.4045240429110791 0.9888179715428163
-0.05350490567868802 0.1080569816111479 0.9967342327070402
-0.119343101358375 -0.07776274274349967 0.3282392825507428
-0.1877186213965306 0.3650140023114967 0.8059610012568025
0.2189373151501992 0.2377279081389633 0.9339449843617604
0.191269754033655 -0.04068028986683431 0.7804151252107649
0.1407427502042604 0.5724064566050526 0.915791628691131
0.1877067140931018 -0.1071298896552288 0.2431186199154336
0.1595962586672924 0.2454484476857604 0.4732304692996353
0.1620615706547283 0.654726499169117 0.6753040901972931
0.08861587563244724 -0.1136139192862657 0.9615064490259465
-0.06792095681332334 0.28243043721037 0.2890951096692035
0.1921410509650865 0.2650917781043415 0.2836827237326143
-0.0710942930757289 0.6560204430322381 0.9880932176961973
-0.09215453119763301 1.194408363068853 0.4974799879466252
0.09707659730424271 0.523394650943744 0.478252959693844
-0.06600087705758942 1.073195623733088 0.3323795862401229
-0.1088133994425755 0.03436541541526829 0.2377578376293285
-0.08053684164327236 0.5248640607455769 0.2530987922281182
-0.2289448431728476 0.4052900616400876 0.3321459649316676
0.2053907888573306 0.5989363555296037 0.281637011703492
-0.1702056947203954 0.4182143704193144 0.4886059857865067
1.4210854715202e-16 -0.8188135731686467 0.4439984003236391
0.2097987208457346 0.7207634317180254 0.3223936208437964
-0.07182637684305075 0.4962896343326743 0.9681524487985966
-0.170600726937785 0.8619790651792006 0.8537259721173415
0.0616803144816394 0.9646007286651652 0.5805159597405658
-0.0178418979465994 1.185392774770794 0.8507695900126776
0.1866817770303593 0.5135677929065867 0.3562591929395761
0.09519518163465743 1.06855264525145 0.9137879348555167
0.1863127031460001 1.215755428298826 0.3787529292836979
0.2263908666873101 0.8475452181532326 0.2297685270120836
-0.1770944685698252 1.193552573680381 0.8781278446665836
-0.1702811016272729 0.7196789219256198 0.3820243305941931
-0.09515885023988437 1.201860498045495 0.7343873048441377
-0.2010683959114147 0.9955397988384581 0.3112094054803815
0.2016676255537786 1.015973391158983 0.3867728503029382
0.1017634635552858 0.881012029357649 0.2364726529536244
0.1911857323984444 1.089759148159841 0.6694750596453916
-0.0963513969561263 -0.8403760403362251 0.357449702513613
0.07608285772967116 -0.7645681045007048 0.3007342609672142
0.01325888182166376 -1.195744197245943 0.8868426098796066
0.07767187881881384 -0.4277099512287445 0.222579967937509
0.02444819636383481 -0.2627034795963278 0.5176516362360137
0.2268802750085864 1.05722429363654 0.8646077534845726
-0.1848408001101061 1.003847983190616 0.6874887172077363
0.1625003738500548 0.830613119496144 0.8339266488323058
0.1008073885537949 1.195955851983544 0.8952132997143281
0.1983474711764725 -1.064215171893771 0.7420128098799182
0.09670249870310509 -1.180056825212406 0.4129459353624453
-0.01790316334006787 0.7847694768148368 0.7653405252510859
0.1732763884584622 0.7472182562023315 0.91085424089154
0.1303161276481232 0.7066251282267297 0.5240557965005513
0.1611352716684397 0.8838319295423097 0.4689227259411385
-0.0530761515364369 -0.9619241504659768 0.702932155689484
-0.1870950197386254 -0.9563517035868353 0.9110975871880469
-0.1167552533651652 -1.09072502097902 0.7654060907678063
-0.05821716184477772 -0.06791225186826493 0.9782674661202762
-0.2159184149445053 -0.1675251995451481 0.8120179894383009
0.1065696926724993 -1.126953525664479 0.9461448620726706
-0.01819960541608624 -1.05115671914089 0.882065988290742
-0.1848824541374039 -0.688173385814677 0.8774799324241663
0.2078974243089002 -0.8239232712258879 0.797106917528253
-0.05981166256651911 -0.8840583583801698 0.8791064249672147
-0.1952186261925773 0.2332433267386229 0.7127178274452974
-0.1570469263106499 0.2706605847909056 0.4980443172437707
-0.1198200778578395 -1.113676510870036 0.5991740748910853
0.1851136949006271 -0.2693991951365339 0.8078001400508128
0.1725144084897687 -0.423212565100161 0.7693309045332958
-0.09910420180718033 -0.2103475665295011 0.9919605609195919
-0.16708783791821 -0.2871197982801205 0.8828523074551864
-0.08984483891694824 -0.6947077731858659 1.00417923025665
-0.07178914566462249 -0.4341385696711881 0.9823850696188656
0.05972158975238211 -0.6551110287717175 0.4359806443556048
-0.1212346809898794 -1.123582746241577 0.454702931171873
-0.1267661733393597 -1.120034737355496 0.3136689448502393
0.1961111811584344 0.1784259286066817 0.5991871351417829
0.2046346810549965 0.01221015501517311 0.5746694936831599
-0.2218834711315313 -0.01891326264140272 0.7581224539089884
-0.06319360724942286 -0.5594251393222595 0.8337595680999601
0.1209357026147639 -0.5613766621375571 0.8762342254468033
-0.06592007792717029 -0.6947974918936085 0.6994149110983795
0.1799108304020665 -0.6510863435862159 0.73164977904481
0.1802301427521788 -0.5940698234845903 0.4523639968153191
0.06840195506081187 0.7352327518769168 0.9811925443652221
-0.04549734986116118 0.8511947515977288 0.9818758153891217
0.2225162215483474 -0.8073129463447255 0.554067765476485
0.2151876795408141 -1.078303887432093 0.4080536843412876
0.05616336765233309 -0.3094130063361213 0.3065584463247629
-0.06925663981087994 -1.038302462640749 0.2329309985333526
0.1921525557087558 0.4619849800813197 0.7941526100514036
-0.009366692093153113 0.3974466085875683 0.6955505022927626
-0.08060629558507519 0.3187659963234777 0.9718796794823988
0.1021907618429551 0.240756061696329 0.9819418811990995
0.2030611870586687 0.443406389046108 0.9504740184359255
-0.08535569231010488 0.05433545102631504 0.8913997063070961
-0.006262578560858178 0.1873167028566549 0.4049815998600799
-0.1581879792628445 0.06245642741606493 0.3709757165786339
-0.08434543615070091 -0.2082181480784108 0.26932298000932
-0.1935877462904832 0.4687023103483797 0.8970459962117118
0.1919825713481073 0.223326784874691 0.7409327565266272
0.1778334322725722 -0.09156834622740603 0.3468911374440304
-0.03625515240482122 0.351991555165773 0.4850627362649528
0.2073195115548961 0.7281580505624109 0.6393518396579334
0.01768370486551543 -0.0671228890344116 0.8346865056567853
0.06400688687165558 0.006215709463896403 1.016828245976261
0.1709537367303426 0.1866514982463365 0.363210692007244
0.03465010039365887 0.6817378045536567 0.8879977715679951
0.06513047752124951 1.19396649437445 0.5018007322866208
0.2015478301593463 0.4504355781201807 0.6121345008317138
0.1280236904944465 0.3721539120441553 0.4835694343545748
0.1081434761074011 0.6257768133848549 0.390111977171993
-0.04714523897410095 1.202076061339907 0.3773895956369424
-0.08259029382374201 1.049998935992598 0.2317064183818278
-0.09227474901073539 0.1451782043015088 0.2633008256406292
-0.1285640979742012 0.4029404006171731 0.3192603608033958
-0.2314577390996304 0.5290893467755149 0.4672377719525911
-0.01767513102749518 0.5910690902273441 0.680636068517001
-0.08896239267670264 -0.8599310566298384 0.539948065336208
0.1205431098483484 -0.8814377415269126 0.4350142605609961
0.1041623303718793 0.7645972698411576 0.3905475941398291
-0.1823296921471839 0.9702359158740486 0.9246557277053863
-0.01662654955615329 1.088313056276945 0.5345426310786557
0.1857635654239422 0.3882056915700097 0.3151407635046007
0.2006118071396783 0.4782948710410734 0.4533208300890656
0.06308181898254975 0.986674534505105 1.009483552929887
-0.04086265816718341 1.076833777763678 0.9572827524030393
0.08215552564820394 1.080685830929094 0.6436985861335056
0.1046234720664041 1.12434848989553 0.3568819849637425
-0.1712983228477293 0.8412711773614476 0.3050984316365608
-0.1405659459985434 0.6245758236615034 0.3076436439928892
-0.1806905863439674 0.7853586318447452 0.5498065406723148
-0.02705356535757364 0.9188603812100831 0.2545140538432091
0.08862585873920681 0.8820689882891697 0.3617149470026902
0.1921635875521336 1.020916954615581 0.7654330199162406
-0.06068696514215841 -0.2544485003203327 0.3861322730837914
0.1024921240346917 -0.29189212494576 0.6158846602542287
-0.1329642932724041 -0.4910778712530641 0.7064072893591467
-0.1965756234467601 -0.06988041865909148 0.4513449317725561
-0.1787418859652448 1.101997343799379 0.812847614984082
0.108268139645413 1.110879346849348 0.812957957067325
0.1343564659389011 -1.095860672423092 0.6427728984118936
-0.1565043617186345 0.7488483826010147 0.7163268424454736
-0.1280807807374077 0.7435519038127221 0.9043707508875768
0.03442813649189326 0.8317900102596236 0.8712025718306718
-0.05048746530710586 1.001092408503542 0.6330179440400349
0.2338305348396814 0.6699623634343973 0.8628696978141781
0.03159845373596804 0.8764851272308971 0.674450870775591
0.1735486591688977 0.8968400019924078 0.5990331614463661
0.0646995915843846 -1.066009848155658 1.019862005444333
0.201070873190472 -0.9423207291908633 0.7636968075055773
0.01227016771037071 -0.8013702813096587 0.9557075717428556
-0.1822721569620395 0.2378214563228394 0.8534191197599138
-0.1493510326884581 0.1366075486602953 0.5464400569025994
-0.01264571156621192 -1.078338860288489 0.6609967443359589
0.01980099326490848 -0.4103165059607453 0.8534200284110988
0.08105304250447881 -0.2836614348209347 0.8934558355948841
-0.06917433409724404 -0.5941826868588203 0.365843322054058
0.06159220873258656 -0.5929938584192483 0.5935723639382052
-0.07640100986910879 -0.9876998583939074 0.4146188942157585
-0.1789001766463283 -1.024298259598725 0.5168993725421486
-0.005776890421962092 -1.128885040056769 0.3634874884622456
0.1629899565077271 -0.1793213983751061 0.5282497406713528
-0.0814524426224227 -0.2161505541645245 0.6640842858747837
-0.2046453480410376 0.1185376185572252 0.753307738183337
-0.1902017873340733 -0.495659034828187 0.8553687140637489
0.01932233596796838 -0.5712999025246053 0.96806346363463
-0.1788904082670379 -0.7251780160669031 0.7198578302273098
-0.05564350884446064 -0.8278299858234448 0.7101115062767668
0.06107520180231168 -0.679315075433655 0.7115829692563707
0.1832284016810837 -0.6977593428274136 0.8429640783398333
0.2205051973787878 -0.5236149832420407 0.7860081751699408
0.1795271017149696 -0.4978598218058744 0.5190602388274407
0.2194948461270576 -0.8225717075525477 0.6724371161072187
0.1352834027722314 -1.055361926581168 0.3378300932373385
0.1070764245958378 -0.4644622647573806 0.3304972940873288
-0.05054022387934427 -0.4285596955301696 0.2953530819642937
-0.104018084311547 0.3089038183840367 0.7073330956755366
0.1071103425370892 0.3342939687592061 0.7673020255293815
0.07305913732355401 0.2860432441788698 0.6296689939846697
-0.07315019248247558 0.4473080232350101 0.8208662947590983
-0.1968838085256169 0.08303704013162283 0.8542692596607047
-0.02823296278528032 0.0223186210607016 0.4667079509105406
-0.02904166408058619 0.04488979089854971 0.3036779021641883
-0.000855172361162552 0.08473972153327464 0.7583335395943562
0.1398234774762025 0.1760278574332254 0.8652171756886357
0.1911186776281198 -0.07320656268175163 0.4656296193970684
0.1896571851380217 -0.213632272066471 0.3651076357594903
0.04577766899905478 -0.1458211391867156 0.3162040761290317
-0.08737295656568903 0.4272531519137421 0.6002958784605081
0.100563585337674 -0.1727473014011014 0.8204849398456975
-0.0572363158285605 -0.2048972599982875 0.8463084410995818
0.06833901906945543 0.02419060873482754 0.8886623930484576
0.1630594416857674 0.09844127252977432 0.4866251039289627
-0.03117391946042142 1.188277662302418 0.6140827347719321
0.05744911340004288 0.4549558114989759 0.5788636833754784
-0.04678250778629164 0.7039750508789769 0.4784739043045061
0.2122973009434563 0.7147681612719484 0.4455725487951659
-0.1594268810588391 0.3185660100967159 0.3952268936064868
-0.1418579482971977 0.5529820237677504 0.545696904740414
0.05086669823368234 0.752648630729891 0.6420245074889626
-0.1752904863694439 0.617971072128816 0.7515432269943839
-0.1955431098483481 -0.8275809787446387 0.4903363811862856
0.1528560537171015 -0.9993683239260598 0.4818793827934655
-0.1691349258245937 0.9840355717769342 0.8242943825185406
-0.1066308404804671 1.04655453756379 0.4270268285811433
0.07871488755128377 1.052646472218916 0.455429891449478
0.0915742560918107 1.00611529083075 0.2877593007880495
-0.02373285978722629 0.6290032869029983 0.3453472771074468
-0.166002981505605 0.9091350399512391 0.6008778770116227
-0.1593117817756214 0.8226657697502811 0.4313486290715406
-0.1769663222873479 -0.3340744825271169 0.4109464226650393
-0.1876455994844274 -0.20666807378704 0.4233826497815618
0.08351365601063096 -0.4231985498904673 0.6582738657384714
-0.08010653096350225 -0.5821831100259267 0.6872161787993688
-0.1491854403629344 -0.3775040939403829 0.7855154151039091
0.2134690308106346 -0.9824268608277867 0.6440631766106163
0.06550254445509879 0.9616838969773683 0.8773120033522713
-0.03213148803308961 1.068058616902307 0.7684175429883808
0.2049044842275563 0.591952320813441 0.7706612520147867
-0.05567194888476218 0.8131181341196343 0.5164096477505582
0.1064022016958999 0.9521722307267426 0.720675172858625
0.174503183821154 0.8504064894769029 0.7131178960951804
0.07377099475526724 -0.959774638246477 0.7391463720884542
-0.01319175753739004 -0.6773093678394086 0.8952252124669469
-0.1237337738050549 0.1851977608488195 0.9157384208878618
-0.1903954216586131 0.0341797898640687 0.5138411148997809
-0.08710156789761701 -0.9991237709019402 0.5744097328149658
-0.1940613853185842 -0.640087539018142 0.4540189533839843
-0.02279990499293785 -0.7288551473023542 0.5717127381154374
-0.04667191449672899 -0.7957528877971397 0.1610597130704265
0.1882231155492723 -0.08183049565860877 0.6231988105686448
-0.1683246275391105 -0.123657394776481 0.6977119089857998
-0.1572202178301713 -0.1466570706740054 0.5602890828683036
-0.1984993338416821 -0.241412238491966 0.7159762726025362
-0.1358522940430054 -0.7758753287419919 0.6329568319906235
-0.1783063915627367 -0.6039886173514 0.7750841716672305
0.08586142295025988 -0.7924308904159748 0.78640094624649
0.09733203445957019 -0.3885960342765588 0.5134185703310271
0.1968314503018737 -0.7240613883771866 0.6312263359625422
0.1983853955542396 0.3448940058753751 0.7310608538717084
0.003743704847844162 0.3250037328133398 0.8664251138665572
0.1960934665750996 0.3144367231440841 0.6043979011201321
-0.06262603743286124 0.167413771773734 0.6709934726166612
-0.109650352045863 0.03345279213752859 0.7610301445156581
-0.02660878783256047 -0.1243548449793464 0.4847635000230455
0.02157582044295913 -0.2000423615633855 0.7307260573878581
0.1247926193654236 0.02602351571290912 0.3779464878691427
0.2052599851211293 0.5907490855702978 0.4463096085388039
-0.2150734887051976 0.623037757998294 0.5478924776237477
-0.01615203902892658 0.5392289057410566 0.524497525037795
-0.1987474954559774 0.4775566307635684 0.6560594447036805
-0.1724724710747041 0.498163343046316 0.7712599470547425
-0.1388246752209543 0.6662504490285976 0.625740363280488
-0.05932335635582735 0.6308557780513664 0.8294569962018267
-0.1810416892679583 0.5807766550498866 0.8882949162103684
0.07429875476168006 -1.053866288634502 0.4281138906518583
-0.06823719442480093 0.9268948082919677 0.7492708250420596
-0.1506053676310659 1.075111841519557 0.532782823561806
-0.1176126607833849 0.9415386064802542 0.3529431374375437
-0.0308120450893635 0.9377847744520005 0.4554995413014788
-0.178991729433313 -0.4491969178776954 0.3490215653259088
-0.2100752585409663 -0.4010522098197573 0.6258822274600664
-0.05183566596094985 -0.3521092666905027 0.6200071505837413
-0.1953468134651404 -0.6175355657006174 0.6275783559915455
-0.02863838055023744 -0.387147796850498 0.7321759590642595
-0.06803645349494951 0.9489126105479898 0.9096835918113453
0.09943494265496834 -0.9830514682437752 0.603460315969376
0.00888275162707975 0.1675767259303507 0.8950126608398975
-0.1919774870431141 0.08707148901585184 0.6430018262346653
0.009092299272307912 -0.9327463055907008 0.5056637987529295
-0.1243431057968124 -0.733801162245907 0.4138104219616883
-0.07571257712494718 -0.6135411558261722 0.5306625602666805
0.1022316432650185 -0.7749518717631583 0.5568716487440236
0.08656584449114957 -0.008862920390315943 0.6996492591937981
0.1734688600716777 -0.1849399094205978 0.7103685019992091
-0.08672410612989616 -0.2423341245236867 0.5287567399310469
-0.1602746095234758 -0.7019891260909449 0.5466359230681116
0.0726673346085394 -0.5138565658138228 0.4709616856974097
0.117234125838791 0.3945529485263651 0.6625681819436825
0.06610018372494109 0.1941259307932471 0.7292148504346124
-0.08468999308910675 0.1823627375199275 0.7947017961709424
-0.008741185625957481 0.05649474024297008 0.6176284511005675
0.09702133634801931 -0.171996651916514 0.4315218031146881
0.09253482939099864 -0.03659705322520854 0.5389981192701425
-0.04535706984674636 -0.07873272138471722 0.7409214110121429
-0.1731134645565208 0.6255888622966449 0.432756467454192
0.02777057236023734 -1.084627062179765 0.5305796218723087
-0.2004425350390286 0.9550961591798576 0.4458563460763461
-0.1802126772036135 -0.4137948594897166 0.5026105606879719
0.0814327887855226 -0.3166144220155524 0.7614379200994719
-0.1724016188273936 -0.03441532327911961 0.5988444038339332
-0.1230815530828905 -0.5246579111518703 0.4412703645506559
-0.05053172045521831 -0.4787571820018038 0.5832678245133337
0.0942615704485818 -0.8608076472284415 0.648385479971533
-0.1939903380169878 -0.23552619261302 0.5913859165220261
-0.02703046202074167 -0.3864521735562774 0.4450664481774574
0.04534544967991518 -0.1450569465480881 0.6201789537343092
-0.1892152589346332 -0.5371477695383328 0.5644438064502549
-0.0516742293240064 -0.07979020680377147 0.6158462323309661
0.2198008852009558 -0.9403218442681146 0.2154759476040563
-0.2254026255913066 -0.04149904806347363 0.2200022417238304
-0.2352628937388872 -1.112773505259474 0.8063471419877695
-0.08814134789226753 -0.9280575637264449 1.002395705031963
0.05250666278286131 -0.2320030875924581 1.01952384566535
-0.1258423998648182 -0.9371958489966143 0.2782567102247709
-0.09632822921831058 -1.155818470545001 0.9121640123937278
0.1705879834409939 0.08510572733927524 0.7817678134290559
-0.02864178558810113 0.8329767738120635 0.3527481733033732
-0.2346872986455054 -0.460176248873032 0.7595441339495393
0.1961068116945189 -0.4628987371789048 0.3920186687235453
-0.003101088865335542 -0.5023526376034017 0.2197517861403638
0.2004467651603272 -0.9189961103917029 0.5490499938595118
-0.07635466703905704 0.8461283607660238 0.6274369252730846
-0.09106759764775572 -0.748422443133531 0.8497766539836735
-0.06838941487657491 -1.238203153226507 0.8451736513772919
0.07773984458983116 1.239781724987936 0.3819656636922584
-0.2348216596458284 -0.7446565018636435 0.6101374533295028
-0.01404813113045007 -0.5874426275949994 0.2506199162546752
0.05276531170676164 -0.7044112252434401 0.1638612337481813
0.1169576311601003 -0.6488593832920505 0.1236657300536251
-0.1054456855666615 -0.6339554605527685 0.1228027005009749
0.1082369636854566 -0.8801445046499139 0.1301104508298925
-0.1187258569401846 -0.8605964997785248 0.1263661187419139
0.1371307018740959 0.6057669840477458 0.1071633596198825
3.033439963171758e-05 0.6689063051400264 0.1056797139200897
3.144441811665039e-05 0.5264113785959482 0.1083872184225399
-0.1462340863216102 0.6203878235596724 0.1073431798163284
3.483430576433417e-05 0.23459455401596 0.1097672978994894
-0.1500397046385776 0.1803600083430751 0.1092559266440459
2.525162734050588e-05 0.07205345455994654 0.1087750081192723
0.1500828772235571 0.1803864750795805 0.1090138163078844
0.01174464574500472 -0.2320845951011587 0.1065207707285182
-0.1070239315235337 -0.2786050032242051 0.1051061552031388
0.01832077154296485 -0.3670315531817195 0.1029849296233265
0.149899477663401 -0.332126047843354 0.1051180165452573
0.1349664952092043 0.8412260600038387 0.1027697646574596
0.1647117630180382 0.9596204229340094 0.1018701707770926
0.02151929732744737 0.9161822058425595 0.1010322476394061
-0.08523593593777881 0.9895563734347175 0.1002689707914532
-0.1130423146201186 0.8773592346007592 0.1012628088517464
-5.825503450848035e-05 0.79521462452186 0.103011341401636
-0.1448519053591896 0.4730391225491807 0.1093094456647029
3.062045292336976e-05 0.394832080282741 0.1096472856219906
0.1448832487137783 0.4730062124180408 0.1089988571472811
-0.1500304520738175 -0.03633671276892722 0.1082079964828253
-2.143439459952258e-05 -0.09054587698061152 0.1079563352325388
0.1500317111214731 -0.03625252950603395 0.108116203372374
-0.1785053297969021 -0.6353113069383801 0.09553648742529174
-0.07935261245042739 -0.576101479297351 0.09470099388063954
-0.1707284709550755 -0.5053837967470335 0.0962459594085866
-0.1875492718166862 1.065148002089553 0.1005606310008931
-0.05223071558328202 1.116270079925442 0.1018100563735599
-0.1694354150246858 -0.9194155747467936 0.09515135404839396
-0.1962536510106737 -1.073546844310941 0.09619319394794974
-0.03310231644185302 -0.9714204516620045 0.0933738172525207
-0.09152648785776114 -1.135061323862532 0.09727546302293286
-0.1688575500131826 1.182452465574162 0.1022018825645119
0.03160505094834172 -1.064128171026207 0.09549721690030066
0.06924717090012393 -1.168541528639184 0.09852893162396009
0.1415954322532905 -1.041985166532149 0.09638629305649815
0.07766723904660383 -0.9574936674933838 0.0965569098284997
0.1519047882922723 -0.1876886137382104 0.107334895014712
-0.1107530755893088 -0.1641964285913326 0.107107541934098
-0.1331130083052056 0.7520850206988285 0.104304898567458
0.1143689007838193 0.7268299102277044 0.104760577884598
0.1492070838391264 0.3309906494240857 0.1095516597583799
-0.1491623514491656 0.3309912913844593 0.1097851208742506
0.183771768325507 -1.168828204690876 0.09960618320469766
0.03007776912634711 -0.5920989026717637 0.0912808046034298
0.1815651331395693 -0.6284214250451485 0.09674961714452754
0.1358077195159204 -0.4912683637130527 0.09909245388668832
-0.05106958678620308 -0.4762817715696163 0.09682514846044914
0.0560073659226994 1.037902671432019 0.1015639674231477
0.1101564403115552 1.160734892795318 0.1034423740293166
0.1885697277861584 1.066012615717564 0.1026084025714101
0.1745694749047834 -0.8908386079179091 0.09766199251123621
-0.1541030348078436 -0.382207735672717 0.1012622822007376
0.1710432665486644 0.07207988744006949 0.1083488347509939
-0.1710188713973151 0.07201719707837835 0.1085423940087401
-0.2028225678353755 0.9539454678108822 0.1004198423829238
-0.2006184513312522 -1.163404012097994 0.09768263012857087
0.1801217317965686 -0.7607696431568004 0.09312266914442158
-0.1798191840249858 -0.760801824663304 0.09143122992831461
-0.05506979321324904 -0.8066633578599145 0.1384259221771821
0.06136593887274065 -0.8301740337039645 0.1353098014973625
-0.06375978101523778 -0.6813233394818912 0.1329167061580957
0.05691758664832388 -0.6993579039734381 0.1500020820643138
0.1125123778518338 -0.6532456985420441 0.09096240874629689
-0.1100906643750365 -0.638906328683906 0.08502037756837293
0.1044438743276072 -0.8790427899178709 0.09435944512648391
-0.1109291651939071 -0.8548484023273544 0.09260805249150879
0.1371515435849722 0.6054108848590773 0.07285751753824452
1.125134299622799e-05 0.6683980753596678 0.07169072062318498
3.269890167470133e-07 0.5260728353494091 0.07376950770598067
-0.1463060125294545 0.6199484399755023 0.0730635904233724
1.416002062047379e-05 0.234673170222233 0.07469114277706294
-0.1500139773885071 0.1804797249124425 0.07420879820784194
9.994181394751246e-06 0.07215426842128426 0.07389005093759467
0.1500313869620787 0.1804903906502809 0.07400708059798936
0.01178027216280111 -0.2319345681629142 0.07277548492236463
-0.1069456710962421 -0.2785274798377902 0.07186582555708113
0.0183741464416945 -0.3674986266380812 0.07038804209460284
0.1498575495079092 -0.3322448047726353 0.07197141853001551
0.1350611593833069 0.8409397139779337 0.06945135346603711
0.1648256880582349 0.9595874985426059 0.06878687612601145
0.02163032783444244 0.9160050719150175 0.06803978111298392
-0.08517311559566994 0.9895855259250549 0.06749442909339261
-0.1130439408968744 0.8770658955280134 0.06825254906171926
-2.342481097552804e-05 0.7947506949966827 0.06960568362601334
-0.1448780434346346 0.4728297223855106 0.07448528828910353
7.508819425961245e-06 0.3947212431085502 0.07468477353586078
0.1448756244990248 0.4728048430320057 0.07422513804430025
-0.15001165631691 -0.03620523630633176 0.07359622986353793
-8.956259997342592e-06 -0.09038858394159946 0.07354703319232601
0.1500115456443412 -0.03617118915474743 0.07346131568892295
-0.1784312066301034 -0.6358948709653803 0.06294100125074255
-0.07931149220993579 -0.5769581575726996 0.06286281887541058
-0.1706285518760488 -0.5058685962528684 0.06547587802535852
-0.1875193843787472 1.065223393878648 0.06784596256091809
-0.05210993799365565 1.116523621108256 0.06894186476286945
-0.1693977627025768 -0.9192949305161578 0.06319904930491775
-0.1962582091614922 -1.073243106923362 0.06569170565744359
-0.03339371302355857 -0.971079018001511 0.06280655973400477
-0.0916446270464616 -1.134625508988949 0.06648533909711557
-0.168793898401177 1.182561058176087 0.06935912082187111
0.03122272638720019 -1.063512624299117 0.06509897770509041
0.06901612419139637 -1.168090111200989 0.06752276492118256
0.1412122318203842 -1.041485934547911 0.06591292934572958
0.07583861350463098 -0.9512125956527423 0.06388717467988436
0.1519163469593068 -0.1874910287797033 0.07325697673157311
-0.1107213359526743 -0.1638875159256594 0.07312169773971329
-0.1331508920981833 0.7516419399705098 0.07070229242720072
0.1144188786356848 0.7264202061319678 0.07099988385625702
0.1491690456287821 0.3309831963620708 0.07455075465257499
-0.1491536772987451 0.3309853090321177 0.07473852546326724
0.1836198188811108 -1.168558883834191 0.06843712419318354
0.02885531734365734 -0.5905140122519917 0.06201325498347711
0.178910597147381 -0.6276250780069721 0.064100093592176
0.1357183821117706 -0.4917502759606491 0.06757308410363758
-0.05102156965483607 -0.4769919476378226 0.0657201473932529
0.05615428278741565 1.038085001023947 0.06860772839622668
0.1102698037676029 1.160902999483483 0.0703329932708839
0.188668168697317 1.066115807011407 0.06950427200854745
0.1741183006000457 -0.8906366890273294 0.06444621508008444
-0.1539414111686018 -0.3826318877103736 0.06917248132243679
0.1710091278319408 0.07216501496297968 0.07347025667603872
-0.1709995195980621 0.07213977784259307 0.07365727118309395
-0.2028348236664744 0.9538244663273553 0.06763798893892775
-0.2004747398994304 -1.163116774549928 0.06679565639510625
0.1797374928344589 -0.760963033587348 0.06242092307021272
-0.1798005314590693 -0.7610735668470839 0.06111415888638128
-0.05546103639332683 -0.80503742458264 0.1246018597327191
0.0541644553903077 -0.8072805411096516 0.1238913425325134
-0.05656126053664206 -0.6920938707160392 0.1166731736056619
0.05510533352318251 -0.6973251525958861 0.123230800836944
0.07712271053655895 -0.676813342384283 0.0665706973830182
-0.08317257020319989 -0.656771742436723 0.06440835381777828
0.07316603659231474 -0.8359153422204715 0.07211151331144895
-0.06856753634923521 -0.8185143529459586 0.06769174696831678
0.1371671816127392 0.6052131168593331 0.04401632985269777
3.121055965923611e-06 0.6681498140019504 0.04334785418515984
-1.440643558007293e-05 0.5259042177598332 0.04456435085334771
-0.1463384898765503 0.619729464836141 0.04411807684137006
3.901047920255266e-06 0.2347088457709094 0.04510003105496689
-0.1500038213215023 0.1805349113291653 0.0448530982268427
2.774379862448391e-06 0.07220400946277894 0.04465613681118467
0.1500086426628364 0.1805378119676813 0.0447356786442667
0.01179806736045445 -0.2318263601485106 0.04398295529960119
-0.1068979430807841 -0.278457025939913 0.0434445006853002
0.0184067939323523 -0.3677490146216305 0.04257307150226262
0.1498176334835868 -0.3322832284302822 0.04346159528999436
0.1351160987851864 0.8407822468561515 0.04201860929525248
0.1648921421057468 0.9595768119312925 0.04164104645475719
0.02168203174982267 0.9159200450546185 0.04122394356292469
-0.08514269154118589 0.9895946997356367 0.04090156220128644
-0.1130504016238946 0.876900785174623 0.04133405952023692
-6.427912229922831e-06 0.7945288581667352 0.04212829053860623
-0.1448902515541202 0.472722773198779 0.04497506113119273
-3.994934104655014e-06 0.3946646183238057 0.0450983006068051
0.1448711634474331 0.4727028777137408 0.04482299239062821
-0.1500031912073329 -0.03613601807014439 0.04448828796293003
-2.428443199208865e-06 -0.09030688829354742 0.04444218889920272
0.1500032207235086 -0.03612662533036685 0.04441485895690917
-0.17794827330462 -0.6364377847439493 0.03785323461545254
-0.07889856437110669 -0.5778992194785949 0.0377584983421155
-0.1703713540441763 -0.5063261627239838 0.03980489444263693
-0.1875048197349331 1.06525442039107 0.04108260312578258
-0.0520525810977044 1.116636751084294 0.04168201894908624
-0.1689665179928207 -0.9187870592766958 0.03807510619191339
-0.1961586956374525 -1.072879552916024 0.03980908828875396
-0.0349343135092586 -0.9679059536848277 0.03843769030749936
-0.09166410690871789 -1.134178467356481 0.04027742674814089
-0.1687638894905493 1.182609592283276 0.04190508596890904
0.03101642179592409 -1.062864210383697 0.03958174912066909
0.06891497197104696 -1.167662020696263 0.04089247527022666
0.1409378701745177 -1.04099830845502 0.04004115881719046
0.07695841802555715 -0.9538040021967013 0.03857262168188613
0.1519292639792119 -0.1873641381488262 0.04425511492775414
-0.1107047529738862 -0.1637310996887951 0.04417705686708808
-0.1331791343473221 0.7513951116059856 0.04273234269075751
0.1144501626399379 0.7262001126470767 0.042928284206888
0.1491513570037578 0.3309761866626744 0.04502453195344063
-0.1491505678771533 0.3309789688642151 0.04513687700470925
0.1835130378125677 -1.168359509050967 0.04140701125904016
0.03090482288354255 -0.5929316986518482 0.03708057427190099
0.1775434089781074 -0.6362343836944587 0.03833450863923701
0.1356214481139648 -0.4922154280987476 0.0409169145365379
-0.05086389679352969 -0.4776484376475315 0.03994414017825108
0.05622364553506348 1.038164291054641 0.04152811492773064
0.1103337267285263 1.161008312754961 0.04246788667722159
0.188724597701467 1.066193829304242 0.04203763944938361
0.1736910230895294 -0.890300254340033 0.03871515678335372
-0.1537729557286019 -0.38290320242089 0.04188480818911259
0.1709944738865565 0.07220694013634664 0.04444284235494789
-0.1709917836857137 0.07220003034453161 0.04455267848186257
-0.2028526683518466 0.9537611263419532 0.04097522677416016
-0.2003703729434411 -1.162915109049465 0.04043291538735014
0.1791365185538205 -0.7611183203815955 0.03752931614769987
-0.1791587016270005 -0.7611050496433998 0.03685095186191064
-0.05353044604432925 -0.8035179142213016 0.1106535411405657
0.05335598359139473 -0.805974243077461 0.1098952701413571
-0.05359612221715061 -0.6963129629272236 0.1107914548505166
0.05345111756406925 -0.6977495673469117 0.1098392239755456
0.0621344121011807 -0.6902235239220647 0.03207891290744092
-0.0610534358893068 -0.6886627390547448 0.03316415384613287
0.06155703290896836 -0.8113703270669572 0.03424967523053005
-0.06098486820062584 -0.8108239046040904 0.03262502324818405
0.1371730829346415 0.6051381755890113 0.02000989859036719
3.552713678800501e-17 0.6680555547078449 0.01970584842669295
-2.001165985982646e-05 0.5258403373005582 0.02025957632705024
-0.1463507931703107 0.6196466201409833 0.02005661211818712
9.473903143468002e-18 0.234722221798367 0.02050320684980448
-0.15 0.1805555547078451 0.02039110298084505
4.422335611680382e-18 0.07222222137451197 0.02030276205334139
0.15 0.1805555547078451 0.02033742674073706
0.01181124013706676 -0.2317518652834959 0.02001520634483082
-0.1068902044863266 -0.2783500252991355 0.01977743670520791
0.01845523743585252 -0.3679724962080166 0.0193992401177823
0.1498083540531079 -0.3323009038474893 0.01979663292941047
0.1351369483826972 0.8407223804613666 0.01910050804385813
0.1649174066417929 0.9595727288548123 0.01892869690950196
0.02170171430342275 0.9158876055777162 0.01873932856052613
-0.0851311110225921 0.989598185929447 0.01859288406386279
-0.1130528921890755 0.8768378735334784 0.01878965272053178
4.864569219564971e-17 0.7944444427490235 0.0191508103037307
-0.1448948812940233 0.4726823031153561 0.02044659172566578
-8.365250047371357e-06 0.3946431853896238 0.02050252031133544
0.1448694589175278 0.4726642796754974 0.02037712894417315
-0.15 -0.03611111068725573 0.02022987556325299
-4.736951571734001e-18 -0.09027777841356052 0.02021227989620092
0.15 -0.03611111068725575 0.02019584843794723
-0.1766115854761117 -0.6375193260158305 0.017306593512505
-0.07768307426740889 -0.5797107420763954 0.01727028526212064
-0.169850456646015 -0.5069786451431857 0.0181701596080024
-0.1874999999999999 1.065277763366699 0.01867521206714064
-0.05203085358407878 1.116679634323418 0.01894754447937557
-0.1678830768380866 -0.9178463183124428 0.01738368503144266
-0.1960038724490359 -1.07263439846883 0.01814015615912709
-0.0332940853906258 -0.968733742314665 0.01736836397614268
-0.09163245378691186 -1.133840099043286 0.01834993802747998
-0.1687499999999999 1.18263888168335 0.01904895891642062
0.03080772391802341 -1.062106351593439 0.01805776301638454
0.06884483311708878 -1.167416490130649 0.01863196451657705
0.1405358484777317 -1.040410581428331 0.01827159286742643
0.07437572892968902 -0.9490241972824996 0.01760988171532027
0.1519341392979907 -0.1873191111979404 0.02013470378983279
-0.1106984922023946 -0.1636744645633506 0.02009790810934983
-0.1331898660679811 0.7513015257221405 0.01942588010366294
0.1144620062634677 0.7261165551458939 0.01951461213552445
0.1491446496189981 0.3309734832706607 0.02046875127122671
-0.149149407082927 0.3309764871773037 0.02052007045295975
0.1834469340149484 -1.168246084924154 0.01886625852958171
0.03074591823294269 -0.595288589327694 0.01694708825772692
0.1763740352231943 -0.6374171356583951 0.01755583216480402
0.1354401567654548 -0.4929226257675023 0.01868523107326039
-0.05053782201142804 -0.4786314872779476 0.0182354076666005
0.05625000000000006 1.038194438934326 0.01887752111527907
0.1103578667266699 1.161048100691364 0.01930466801724617
0.1887460016208646 1.066223441980608 0.01910896778565191
0.1723591618907533 -0.88920620303945 0.01770921621650735
-0.1536176355021009 -0.383149957362116 0.01909007366109031
0.1709888826710342 0.07222222198064067 0.02020527552867268
-0.1709888826710342 0.07222222198064052 0.02025585508358647
-0.2028594956594544 0.9537369617328146 0.01862653764205745
-0.2003290241286603 -1.162846577355309 0.01841153307075384
0.1772606478375822 -0.7611205534877566 0.0171786569276133
-0.177243811005362 -0.761092144661468 0.01684083484176072
0.04073384377020392 -0.7105060934914825 0.1923560655331347
0.0516566049165792 -0.8175003458113219 0.1844208165568994
-0.0460618111506555 -0.7912518299564828 0.1883280126563357
-0.05555637385090284 -0.6861222091020817 0.1810625793888437
0.03201727939375933 -1.064870878326672 0.1321293652844934
0.01169429995014037 -0.2325129585721465 0.1469881196977623
-5.402285085982915e-05 -0.09091061358495599 0.1492204535263409
5.207006150458708e-05 0.6696948707770951 0.1464566472223008
-0.0001145372948261861 0.7959277846646757 0.1430854550753533
6.377603655778129e-05 0.3950354699852481 0.1515994518464522
6.427680794093111e-05 0.2344962929671876 0.1518526511584204
0.02135448771717855 0.91647902744239 0.1406112679694485
0.05579225534506194 1.037691493047411 0.1411007368790666
4.230659092886947e-05 0.07185122329120415 0.1506208648251059
7.37738253551104e-05 0.5269569407624254 0.1499237491336061
-0.08533718306705669 0.9895607610068783 0.1395854497979838
0.01828106627578209 -0.3667530592601566 0.1421181323295168
-0.05113456238508896 -0.4755469209175235 0.1342588458853627
-0.0328118996493617 -0.9718004343701545 0.1302554983323891
-0.1786074912739674 -0.6347187804591189 0.1337217267919986
-0.1284170237474487 -0.8610783319164803 0.1590319843941499
-0.179869041216914 -0.7605070406263988 0.1283175598190119
-0.1695462261287844 -0.9195419859648902 0.1337809683652624
-0.05241017702131653 1.115952504071948 0.1412399265577145
-0.1689502223277684 1.182320385427699 0.1416013749741772
0.0694962617884817 -1.16909539141409 0.1358167982814053
0.1839399985340358 -1.169166774116988 0.1370570775406033
0.1787157013271222 -0.6345101459766986 0.135847716690338
0.1131285891998744 -0.6490761362387202 0.161178286164008
0.03135857746437069 -0.5900782494207153 0.130865863634047
-0.07942055345252516 -0.5750901779428447 0.1338130639063278
-0.1062860573830544 -0.6293240082701833 0.1584725896439568
0.1099915372999621 1.160527068602522 0.1431649045590057
0.1884285807155158 1.065903254815431 0.1423249960736915
0.1645496078693228 0.9597088070843863 0.141560919994579
-0.1491720048299648 0.331032990056068 0.1518373165791046
0.1492583671943876 0.3310352868344198 0.1515486418811135
-0.1330691105619106 0.7527630594544591 0.1446162036200434
-0.1108090707437186 -0.1648243754516017 0.1478681422711759
0.1518806586745851 -0.1881246752688607 0.1481991574469174
0.1420240163023671 -1.042594851628089 0.1330800161597905
0.1499635158672585 -0.3322106067660692 0.1448833048941706
0.1359230284842978 -0.4907979823224119 0.1369809031925366
-0.1071182931981164 -0.2789687085955552 0.144987990403719
-0.1708601064928672 -0.5049268501321073 0.1333226305083592
-0.1543186372603108 -0.3819106909452167 0.1398325424160139
0.1501502174548268 0.1802353950565616 0.1510124117875871
0.1710851886393934 0.07190765000186299 0.150186996762823
0.1500470404081048 -0.03647712934683008 0.149678179297463
-0.1500727308007784 0.1801813967770718 0.151303894462555
-0.1500540495509259 -0.03669954867641413 0.1497208470619255
-0.1710377472413404 0.07175219713302265 0.1503900584455697
-0.1448150964503 0.4733965006992573 0.1510948937803374
-0.146168786964365 0.6210204916319251 0.1484713547862532
0.1371013347498115 0.6063347834931161 0.148324621327001
0.1448963811690008 0.4733235364319207 0.1507242903759357
-0.1130502037095408 0.8778224489548268 0.1408617251562803
-0.2028125768154178 0.9541579660858455 0.1397440743291235
-0.1875973977148769 1.065079281896402 0.1398051476364363
0.07692228194386436 -0.9521353374755168 0.1356793640927355
0.1750670261742995 -0.8910626163073392 0.1373317882893042
0.180497188113204 -0.7605487201116177 0.1301098474306246
0.108208877810725 -0.8797742279351833 0.1674568025609663
-0.09142353126454421 -1.135581289878938 0.1343556603076753
-0.1962858233797318 -1.073913384567213 0.1329901023758999
-0.2008096408172805 -1.163708195672867 0.1348877922876053
0.1348324531919623 0.8416809159945756 0.1427418025383277
0.1142975759512984 0.7274701903963755 0.1452641319561544
))
(10 (4 346 605 1 3)(
0.3 -0.474509338622456 0.2600236821735376
0.3 -0.4340515684948715 0.1420527266290587
0.3 -0.5782733666992181 0.1354597396490778
0.3 -0.01981683980205134 0.4137428301412117
0.3 -0.1043302788824271 0.5208860098195224
0.3 0.05292128364234827 0.5663315637847056
0.2999999999999999 0.5796987306129227 0.8073361838586968
0.2999999999999999 0.5091713324541269 0.9517939993981545
0.2999999999999999 0.6908385117857203 0.9388444791968962
0.2999999999999999 0.4192901221381296 0.8097222222222225
0.3 -0.5181232584676381 0.3824281373827516
0.3 -0.6229823585264078 0.268442382141026
0.2999999999999998 1.151981141517962 0.7299580128532118
0.2999999999999998 1.176706205556206 0.5882142797597046
0.2999999999999999 1.006229599707554 0.6209530740228076
0.2999999999999999 0.4734567938910593 0.6722222222222224
0.3 0.0062334607101036 0.7437237835138063
0.3 0.1604457239020687 0.7062118964343973
0.3000000000000001 -0.7944444529215495 0.865104166666667
0.3000000000000001 -0.9155134702718472 0.7858706758718916
0.3000000000000001 -0.9749999898274739 0.9395833333333335
0.3000000000000001 -0.7225265031635201 0.1312011568548146
0.3000000000000001 -0.7802881258731106 0.2833656738462865
0.3 -0.2904683214419473 0.2727044743604404
0.3000000000000001 -1.097985114866992 0.2296555364818765
0.3000000000000002 -1.154137380830839 0.3515762483409146
0.3000000000000001 -0.9677458688291494 0.2985308905945986
0.3 -0.6640789267716807 0.4184315564510406
0.3 -0.1726276738298791 0.4117453358941761
0.3 -0.1072128617487406 0.6402806543392685
0.3 -0.1439014601993058 0.7799301187802343
0.2999999999999999 0.9997248873281733 0.791932250330688
0.2999999999999998 1.146026235368517 0.8698784722222224
0.2999999999999999 0.9990740763346357 0.9395833333333335
0.2999999999999999 0.8425925954182947 0.8479166666666669
0.2999999999999999 0.3540895190768774 0.9548611111111114
0.2999999999999999 0.252777770996094 0.8250000000000003
0.3 0.1038332828112662 0.8516932083947656
0.2999999999999999 0.5035186722537893 0.2768455432499694
0.2999999999999999 0.5782593189030464 0.149412726018316
0.2999999999999999 0.4335811260465114 0.1509584299123456
0.3000000000000001 -0.749305569966634 0.7333333333333335
0.3000000000000001 -0.7041667022705076 0.5843750000000001
0.3000000000000001 -0.8817129762437605 0.6235243055555557
0.3 -0.6306881709116567 0.84150437219671
0.3000000000000001 -0.8374137978692971 0.4525783389098326
0.3000000000000001 -1.026307888913171 0.5072352738131337
0.3 -0.1452259295707206 0.1489224298653655
0.3 -0.2897379708184731 0.1465133610078368
0.3 -0.4226035589364524 0.4490158283019283
0.3 -0.5213541954585482 0.5395647321428572
0.3 -0.09423467003263158 0.2799802168734059
0.2999999999999999 0.3069444427490237 0.6875000000000002
0.2999999999999999 0.3611111145019535 0.5500000000000002
0.3 -0.2558265289502726 0.6732643683158041
0.3 -0.3012801567947465 0.8250000000000002
0.3 -0.4152778167724607 0.6875000000000001
0.3 -0.2166666870117185 0.5500000000000002
0.3 -0.5789062713290016 0.6991288442460318
0.3000000000000002 -1.201507485053215 0.2264000824770847
0.3000000000000001 -1.3 0.1381499327185422
0.3000000000000001 -1.3 0.275
0.2999999999999999 0.641918445899602 0.2700405241062216
0.2999999999999999 0.7228860724190106 0.1462398681005966
0.2999999999999999 0.8091959023812804 0.4200263545954045
0.2999999999999999 0.6620823355686019 0.5084753963273686
0.2999999999999999 0.8139423710111496 0.5938056227349112
0.2999999999999999 0.2132426008216682 0.2841692855236063
0.3 0.1363780483248363 0.4204544540600545
0.2999999999999999 0.2875445901964952 0.4176031261825907
0.3 -0.4031804410363644 0.3594355668849396
0.3 -0.310261218145481 0.4333772753325344
0.3 -0.3791666870117185 0.9625000000000002
0.3 -0.2327750956786272 0.977777777777778
0.3 -0.523611129760742 0.9625000000000002
0.3 -0.4694444580078123 0.8250000000000003
0.3 -0.3560957124498152 0.5576388888888889
0.2999999999999999 0.5749605469243761 0.3972447209006606
0.2999999999999999 0.2216821017795141 0.557638888888889
0.2999999999999999 0.516589511447483 0.5423611111111112
0.2999999999999999 0.7800628238853095 0.2758733844250739
0.2999999999999999 0.8671672795517819 0.1433606066251355
0.2999999999999999 1.117375506682769 0.2692643355335179
0.2999999999999998 1.3 0.275
0.2999999999999998 1.155631624540277 0.1439244151776135
0.3 -0.6720594676929641 0.9675382717595954
0.2999999999999999 0.2888488674800417 0.1511619652929907
0.3 0.1442345535176155 0.1504595539222263
0.2999999999999999 1.011458689835177 0.1426881858101471
0.2999999999999999 0.9473763675521348 0.3011023747929226
0.2999999999999999 0.6933456602850536 0.3743685588691993
0.2999999999999999 0.4337513088904966 0.4110676692204759
0.2999999999999999 0.9597620109560947 0.4665065393987997
0.2999999999999999 1.088019553322412 0.3900854856138457
0.2999999999999998 1.094720081287981 0.4731411100594485
0.2999999999999998 1.207306410823737 0.4677334816227603
0.3000000000000002 -1.18528406575879 0.5115849979231656
0.3000000000000001 -1.3 0.4125000000000001
0.2999999999999998 1.3 0.4125000000000001
0.2999999999999998 1.3 0.5500000000000002
0.3000000000000002 -1.15535461207649 0.1375429877005423
0.3000000000000001 -1.033135525800825 0.6973242830610639
0.3000000000000001 -1.011082758105474 0.1341287296061247
0.3000000000000001 -0.8668030525280335 0.1310751785893966
0.2999999999999999 0.8546296259562177 0.9739583333333335
0.2999999999999999 0.6252612406584861 0.6536258357209406
0.2999999999999999 0.7225497498951015 0.7789577905543641
0.3 0.04921478098160992 0.9858360823843775
0.3 -0.04220770219066003 0.8790406597515658
0.2999999999999998 1.3 0.1449288190544144
0.2999999999999998 1.202456112771489 0.3628991668752707
0.2999999999999999 0.3599185239085156 0.2820194373662809
0.3 -0.0003780405156006813 0.1498046439498204
0.3000000000000001 -1.124590838378131 0.6154475765109377
0.3000000000000001 -1.139784210390008 0.7916275391845794
0.3000000000000001 -0.808899144581568 0.9901442021942637
0.3000000000000002 -1.225162254949393 0.6198538083751234
0.2999999999999999 0.8817322920829511 0.7225750334013246
0.2999999999999998 1.152546297709147 0.9911458333333336
0.3 0.06318239044261437 0.2831089911910216
0.3 -0.1619767781951682 0.90072878508756
0.3 -0.08942031720245859 0.995509597029559
0.3000000000000001 -1.04208783155018 0.8397768813352635
0.3000000000000001 -1.133630949111212 0.9453125000000001
0.3000000000000002 -1.217606946647905 0.7169949029458239
0.2999999999999999 0.1965356624683811 0.9703468282844457
0.3000000000000001 -1.155555555555555 1.1
0.3000000000000001 -1.3 0.9625000000000002
0.3000000000000001 -1.3 1.1
0.3 -0.8666666666666666 1.1
0.3 -1.011111111111111 1.1
0.2999999999999998 1.3 0.6875000000000001
0.2999999999999998 1.3 0.8250000000000003
0.2999999999999999 0.5777777777777785 1.1
0.2999999999999999 0.433333333333334 1.1
0.3 -0.433333333333333 1.1
0.3 -0.5777777777777775 1.1
0.3 -0.1444444444444439 1.1
0.3 -0.2888888888888885 1.1
0.2999999999999998 1.3 0.9625000000000002
0.2999999999999999 0.2888888888888896 1.1
0.3000000000000001 -1.3 0.8250000000000003
0.3 -0.7222222222222221 1.1
0.2999999999999999 0.8666666666666677 1.1
0.2999999999999999 0.7222222222222231 1.1
0.2999999999999999 1.011111111111112 1.1
0.2999999999999999 0.144444444444445 1.1
0.2999999999999999 4.547473508864641e-16 1.1
0.3000000000000001 -1.3 0.5500000000000002
0.3000000000000001 -1.3 0.6875000000000001
0.2999999999999998 1.155555555555557 1.1
0.2999999999999998 1.3 1.1
-0.3000000000000001 1.3 0.275
-0.3000000000000001 1.3 0.1417327242294827
-0.1501553723741321 1.3 0.1425166310116135
0.2109425530020801 1.3 0.2227474113526096
0.1498247863385318 1.3 0.1448211051672428
0.1191427944708089 1.3 0.2293655902947865
0.186031669348476 1.3 0.3195332778376545
-0.01895395562882347 1.3 0.4291254526062766
0.1369825746604244 1.3 0.4611510499915494
-0.006032735635067525 1.3 0.5674787469203584
0.1486547233908811 1.3 0.6329988066512836
0.1642736908743651 1.3 0.7742237096138033
-1.70530256582424e-16 1.3 0.7562500000000002
-0.04982181907154353 1.3 0.9316994955276393
-0.1656914346220487 1.3 0.7962932682631222
-0.1536206950428528 1.3 0.6397953358639135
-0.1928311408248129 1.3 0.9241750622863043
0.07398751379318412 1.3 0.8594424343936021
0.1069139090360749 1.3 0.9683551252261906
0.188766643364758 1.3 0.877590942288345
0.0496453278547376 1.3 0.3162719697946709
-0.1243856536516439 1.3 0.3149307362924753
-0.1505381665682903 1.3 0.4856513868505655
-0.3000000000000001 1.3 0.5500000000000002
-0.0003121991318138728 1.3 0.1433239333430541
-0.3000000000000001 1.3 0.4125000000000001
0.1499999999999998 1.3 1.1
-0.1500000000000002 1.3 1.1
-1.70530256582424e-16 1.3 1.1
-0.3000000000000001 1.3 0.6875000000000001
-0.3000000000000001 1.3 0.8250000000000003
-0.3000000000000001 1.3 0.9625000000000002
-0.3000000000000001 1.3 1.1
-0.2999999999999998 -0.8487257669693897 0.7654573265504327
-0.2999999999999999 -0.6948081437573864 0.7264784443291483
-0.2999999999999998 -0.7288853556925171 0.8849477557491212
-0.3 0.5062350414074337 0.2763407022467342
-0.3 0.5970226363042415 0.3980199172067544
-0.3 0.4344488262375814 0.4149468040254578
-0.3 1.068977740484781 0.8967743576476241
-0.3 0.9750000000000002 0.7562500000000002
-0.3000000000000001 1.148415049357387 0.7443180208857438
-0.3 1.028890233430133 0.5889890108969006
-0.2999999999999998 -0.8124999999999998 0.5843750000000003
-0.2999999999999998 -0.9869295632498604 0.6304129464285719
-0.3 0.8674042393828291 0.1420566121208702
-0.3 0.7826274898694084 0.2393567290031487
-0.3 0.7232207072219132 0.1464550379458273
-0.2999999999999999 -0.6499999999999998 0.5500000000000004
-0.2999999999999998 -1.132755806747748 0.7382732780612247
-0.2999999999999998 -1.137387584706396 0.5613747150407515
-0.2999999999999999 -0.5493582638638539 0.7024596669578194
-0.2999999999999998 -1.3 0.275
-0.2999999999999998 -1.204205852448811 0.3015387471174529
-0.2999999999999998 -1.3 0.4125000000000001
-0.3 0.7673611145019533 0.9453125000000002
-0.3 0.640722966509911 0.8255433608228027
-0.3 0.8125000000000002 0.7906250000000002
-0.2999999999999999 -0.7228475050329739 0.1286471127382099
-0.2999999999999999 -0.5786036966230181 0.1321608463897225
-0.2999999999999999 -0.6370285158365578 0.2657530935945535
-0.2999999999999999 -0.4975921479669432 0.2711028853875833
-0.3 0.8576388854980471 0.6359375000000003
-0.2999999999999999 -0.1171195119010404 0.7244951090132915
-0.2999999999999999 -0.2287037099202473 0.6416666666666669
-0.2999999999999999 -0.08232474299839555 0.5680059523809525
-0.2999999999999999 -0.2703443922779718 0.770324095906446
-0.3 1.026535216867379 0.3958732451467009
-0.3 0.8804559976214476 0.4638196551609062
-0.3000000000000001 1.1558137646944 0.1406905287334402
-0.3 1.050717253815227 0.2564061663428437
-0.3 1.011626465847197 0.1400182560805713
-0.3 0.9105898895548805 0.2855175314229486
-0.2999999999999998 -0.8671098597431934 0.1290993856908878
-0.2999999999999998 -0.7762147265990758 0.2725043876600478
-0.2999999999999998 -1.205921147697392 0.4430100612866954
-0.2999999999999998 -1.088279600394638 0.3895386576198117
-0.3 0.9208333358764651 0.9281250000000002
-0.2999999999999998 -0.990904444190275 0.756828710208046
-0.2999999999999998 -0.8606744745924436 0.9257057901742362
-0.3 0.7041666564941408 0.5156250000000003
-0.3 0.5255456270490375 0.5585937500000003
-0.2999999999999999 -0.3943583504692845 0.675633702991878
-0.2999999999999999 -0.4324127449127254 0.8370649283842592
-0.2999999999999999 -0.3391233114725626 0.5427197566039899
-0.2999999999999999 -0.2126331344933735 0.2844280801977293
-0.2999999999999999 -0.2900316973994472 0.1440880155541269
-0.2999999999999999 -0.1456357740221706 0.1483641079177368
-0.3 0.1955847323306558 0.3241751085113137
-0.3 0.2804468833130261 0.424809502994201
-0.2999999999999999 0.1383446505671998 0.4279535441331384
-0.3 0.2708333282470706 0.6875000000000003
-0.3 0.415277770996094 0.6875000000000003
-0.3 0.3296454488380511 0.840045285061751
-0.2999999999999999 -0.4343838875675913 0.1379024741649015
-0.2999999999999999 -0.3550828812717565 0.2761517198960235
-0.2999999999999998 -0.9411555233112182 0.2978900777473615
-0.2999999999999998 -0.8043959492017457 0.4286326833809175
-0.2999999999999998 -1.011363837415801 0.1318791660378361
-0.2999999999999999 -0.3650503458359506 0.9873368238074802
-0.2999999999999999 -0.5109131482620103 0.9793978142243969
-0.2999999999999999 0.01850071283677812 0.6865670700578881
-0.3 0.7552268945793996 0.3607380321934867
-0.2999999999999999 0.02144070232318622 0.2223279414122597
-0.2999999999999999 0.1439079479234184 0.1507797569081311
-0.2999999999999999 0.1298362974790858 0.2512595594502949
-0.2999999999999999 -0.02323915759896386 0.8347130492874874
-0.2999999999999999 0.08951687345860865 0.8057346908580771
-0.3 0.4784722137451174 0.8192708333333336
-0.3 0.5288773111414028 0.9553385416666668
-0.3 0.3791666564941409 0.9625000000000002
-0.3 0.3368210037639524 0.2820945656095325
-0.3000000000000001 1.185284063817967 0.5884150029727163
-0.3000000000000001 1.139626887229679 0.4604820212079276
-0.2999999999999999 0.06930429698318488 0.3277028042944952
-0.3 0.6770833282470705 0.658854166666667
-0.3 0.6570888889922004 0.2618194635534831
-0.3 0.5787673242130497 0.1498649490459163
-0.2999999999999999 -0.4846399901774148 0.5493021877589481
-0.3 0.4338043491767864 0.1513802736764046
-0.3 0.3611110992431642 0.5500000000000004
-0.2999999999999999 -0.06810704025346044 0.3064448641170963
-0.3 0.2166666564941409 0.5500000000000004
-0.2999999999999999 -0.001488613008684894 0.4346538322049143
-0.2999999999999999 0.07365774978510717 0.5565531738444868
-0.2999999999999999 -0.6857658401145772 0.3844937217378757
-0.2999999999999999 -0.5622004372772224 0.4050516735065077
-0.2999999999999998 -0.9616705395874312 0.4820827454526819
-0.2999999999999999 -0.09905757188756933 0.9658436015477346
-0.2999999999999999 0.08059326490842887 0.9599832778723211
-0.3 0.547420381309446 0.7099524221645609
-0.2999999999999999 -0.1401455646734618 0.4215066438547115
-0.2999999999999999 -0.1994280270509735 0.525610799227092
-0.2999999999999999 -0.2774771408796395 0.4099565919350692
-0.2999999999999999 0.143641336725444 0.6908674459967566
-0.2999999999999999 -0.4192039967328337 0.4091162738210239
-0.2999999999999999 -0.5923098200653967 0.8578867481700423
-0.2999999999999998 -1.3 0.5500000000000002
-0.3000000000000001 1.19774939155608 0.8825153507066736
-0.3 0.2189466616702276 0.2318867396974072
-0.3 0.2887480034135185 0.1515752687016755
-0.3000000000000001 1.171354167938233 0.9839843750000002
-0.2999999999999999 -0.0008484999014525869 0.1498302256252038
-0.2999999999999998 -0.9482159065239045 0.8426249775968151
-0.2999999999999998 -1.002969370085537 0.9537296958242906
-0.3 0.6473922784306535 0.9852388804978941
-0.3000000000000001 1.149219724958744 0.3197107678534232
-0.2999999999999998 -1.080028804587739 0.2510608370260854
-0.3 0.2375487104561732 0.9788175495909792
-0.3 0.1921709466284492 0.8364388515769053
-0.2999999999999999 -0.6501352573341476 0.9924295275914566
-0.2999999999999998 -1.152546346028646 0.9911458333333337
-0.2999999999999998 -1.149537027994792 0.8822916666666671
-0.2999999999999998 -0.7685837816166461 1.007474985324757
-0.2999999999999998 -1.04409744828926 0.8319203931732175
-0.3000000000000001 1.222789185335994 0.3895879611550425
-0.3000000000000001 1.225162252304502 0.4801461924064185
-0.2999999999999999 -0.2638159977778369 0.9013636351639667
-0.2999999999999999 -0.2390881573581899 1.008667325040413
-0.2999999999999999 -0.1416488399159373 0.8429392792833277
-0.2999999999999998 -1.155618998156897 0.1342672423586262
-0.2999999999999998 -1.3 0.205243400792512
-0.2999999999999999 -1.011111111111112 1.1
-0.2999999999999999 -0.8666666666666673 1.1
-0.2999999999999999 0 1.1
-0.3 0.1444444444444443 1.1
-0.2999999999999998 -1.3 0.6875000000000001
-0.2999999999999998 -1.3 0.8250000000000003
-0.3 0.4333333333333335 1.1
-0.3 0.5777777777777779 1.1
-0.2999999999999999 -0.4333333333333335 1.1
-0.2999999999999999 -0.2888888888888891 1.1
-0.3 0.7222222222222225 1.1
-0.3 0.866666666666667 1.1
-0.2999999999999998 -1.3 0.9625000000000002
-0.3 1.011111111111111 1.1
-0.2999999999999999 -0.5777777777777781 1.1
-0.3 0.2888888888888889 1.1
-0.2999999999999999 -0.1444444444444446 1.1
-0.2999999999999998 -1.3 0.135486801585024
-0.3000000000000001 1.155555555555556 1.1
-0.2999999999999999 -0.7222222222222227 1.1
-0.2999999999999998 -1.3 1.1
-0.2999999999999998 -1.155555555555556 1.1
0.1535641906889001 -1.3 0.2269666961726017
-4.527334604056405e-05 -1.3 0.1370324330362012
0.01127884664045879 -1.3 0.3154238120670182
0.1316486077322917 -1.3 0.6355721095787328
0.1500000000000002 -1.3 0.4812500000000002
0.006204295891450442 -1.3 0.5684389867897053
-0.1656914346220484 -1.3 0.7962932682631223
-0.04982304513038131 -1.3 0.9317038614344362
2.273736754432321e-16 -1.3 0.7562500000000002
-0.1484465989878351 -1.3 0.6371721587534096
0.1645914185139678 -1.3 0.7745857654836019
0.1594952863067936 -1.3 0.3579719500079507
-0.1928315451307485 -1.3 0.9241752153006683
-0.1657420621176392 -1.3 0.2769246789666938
-0.1220806475321162 -1.3 0.4567361641134935
0.1069139090360752 -1.3 0.9683551252261906
0.07397255960790478 -1.3 0.8594768618248008
0.188765260607915 -1.3 0.8776282836318817
-0.1500301480624252 -1.3 0.1361090108266337
0.1499772222995871 -1.3 0.1377909350062141
0.1500000000000002 -1.3 1.1
1.70530256582424e-16 -1.3 1.1
-0.1499999999999998 -1.3 1.1
0.04117056119512919 -1.3 0.4360847127874025
3.552713678800501e-17 0.6680555547078449 1.1
0.1371730829346415 0.6051381755890113 1.1
-2.001165985982646e-05 0.5258403373005582 1.1
-0.1463507931703107 0.6196466201409833 1.1
9.473903143468002e-18 0.2347222217983671 1.1
0.15 0.1805555547078451 1.1
4.422335611680382e-18 0.07222222137451197 1.1
-0.15 0.1805555547078451 1.1
8.68441121484567e-18 -0.2532614525580872 1.1
0.1458258848186144 -0.3288034556750861 1.1
1.578983857244668e-18 -0.39640034811617 1.1
-0.1458258848186144 -0.3288034556750862 1.1
-2.921120135902634e-17 -0.6916074788108756 1.1
0.152921258966996 -0.7771190972085436 1.1
-4.736951571734003e-18 -0.8453375916519346 1.1
-0.1529212589669961 -0.7771190972085439 1.1
0.1649174066417929 0.9595727288548123 1.1
0.1351369483826972 0.8407223804613666 1.1
0.02170171430342275 0.9158876055777162 1.1
-0.1130528921890755 0.8768378735334784 1.1
-0.0851311110225921 0.989598185929447 1.1
4.864569219564971e-17 0.7944444427490235 1.1
-8.365250047371357e-06 0.3946431853896238 1.1
-0.1448948812940233 0.4726823031153561 1.1
0.1448694589175278 0.4726642796754974 1.1
-4.736951571734001e-18 -0.09027777841356052 1.1
-0.15 -0.03611111068725573 1.1
0.15 -0.03611111068725575 1.1
-1.8947806286936e-17 -0.539841678269075 1.1
-0.145277625794848 -0.471814072390574 1.1
0.145277625794848 -0.4718140723905738 1.1
-0.1874999999999999 1.065277763366699 1.1
-0.05203085358407878 1.116679634323418 1.1
-0.1687499999999999 1.18263888168335 1.1
-0.149699814126974 -0.6300637211131782 1.1
0.149699814126974 -0.6300637211131779 1.1
-0.1493043141364357 -0.1876418387343103 1.1
0.1493043141364357 -0.18764183873431 1.1
-0.1331898660679811 0.7513015257221405 1.1
0.1144620062634677 0.7261165551458939 1.1
0.1491446496189981 0.3309734832706608 1.1
-0.149149407082927 0.3309764871773038 1.1
-0.15 -1.07129628499349 1.1
2.325276945638706e-17 -0.991802532741862 1.1
9.747160684105224e-17 -1.131481486002604 1.1
0.15 -1.07129628499349 1.1
-0.1534922959694368 -0.925928278632972 1.1
0.1534922959694369 -0.9259282786329719 1.1
0.15 -1.185648142496745 1.1
-0.15 -1.185648142496745 1.1
0.1103578667266699 1.161048100691364 1.1
0.05625000000000006 1.038194438934326 1.1
0.1887460016208646 1.066223441980608 1.1
-0.1709888826710342 0.07222222198064052 1.1
0.1709888826710342 0.07222222198064067 1.1
-0.2028594956594544 0.9537369617328146 1.1
0.3 -0.8666666666666666 0
0.3 -0.8666666666666666 0.01799560055140807
0.3 -0.7223486736533182 0.09484172268792412
0.3 -0.8666543474045632 0.0393437909759221
0.2999999999999999 0.7225857562762423 0.1056091916368719
0.2999999999999999 0.5779025898269436 0.07354852736689199
0.2999999999999998 1.3 0.04322234177682107
0.2999999999999999 0.2888800084538894 0.07417406711278343
0.3 -0.433333333333333 0
0.3 -0.7222222222222221 0
0.2999999999999999 1.011111111111112 0
0.3 -0.5778031737013066 0.04059968578946097
0.2999999999999999 1.011166653737209 0.06971332438508171
0.3 -0.5780215776069881 0.09812410948094154
0.2999999999999999 0.8666993538224256 0.0423120139496312
0.3 -0.1444444444444439 0.02017507890868058
0.3 -0.7222263658738848 0.03925094509553112
0.3 -0.1444822311701529 0.04435485249595066
0.2999999999999999 0.8666666666666677 0.0192337572352327
0.3 -0.1445892055561084 0.0734019028982944
0.2999999999999998 1.155555555555557 0.01943561897414171
0.2999999999999999 0.7222222222222231 0
0.2999999999999999 0.8667854925922108 0.07000227785676962
0.2999999999999999 1.011111111111112 0.01915961690896335
0.3 -0.5777777777777775 0.01856588354572222
0.2999999999999999 1.011275470086535 0.1028870085214082
0.3 -0.4333823282371524 0.04268291823283832
0.2999999999999999 0.8669273257759783 0.1033503606576595
0.3 -0.433333333333333 0.01946779830371616
0.3 -0.4335366724036245 0.07068961237013159
0.3 -0.7222222222222221 0.01797059660606409
0.3 -0.4337138755597765 0.1031217117115606
0.3 0.1443483036775657 0.1085527848239034
0.2999999999999999 0.7224087834558032 0.07174575129102316
0.2999999999999999 4.547473508864641e-16 0
0.2999999999999998 1.3 0.1049731003791586
0.2999999999999999 0.1444345496628061 0.04452788576476453
0.2999999999999999 0.2888865376048451 0.04482579159822152
0.2999999999999998 1.3 0
0.2999999999999999 0.2888584316307666 0.109171388290709
0.2999999999999998 1.155544564577614 0.04275637588999542
0.2999999999999999 0.2888888888888896 0
0.3 -0.7222631886330408 0.06464403344699136
0.2999999999999999 0.2888888888888896 0.02037823012479511
0.3 -6.632359203247157e-05 0.0733573179294468
0.2999999999999998 1.155557265650546 0.1040529294077491
0.3 -0.1447941934245447 0.1077422463829771
0.3 -0.0001612166671027094 0.1081155075009753
0.2999999999999999 0.5777777777777785 0
0.2999999999999998 1.155555555555557 0
0.2999999999999999 0.5777777777777785 0.02018534794679125
0.2999999999999999 0.7222222222222231 0.01969237962448536
0.2999999999999999 0.144444444444445 0.02024337119193775
0.2999999999999999 0.5780317810612051 0.1080338436985092
0.2999999999999999 0.144444444444445 0
0.2999999999999999 -1.739143846338306e-05 0.04437232505503077
0.2999999999999999 0.8666666666666677 0
0.2999999999999999 1.011126400239073 0.0421493308606851
0.2999999999999999 0.7222734384252848 0.04331950826527142
0.2999999999999999 0.5778120300571454 0.04440201316347157
0.2999999999999998 1.3 0.07167133637523164
0.2999999999999999 4.547473508864641e-16 0.02017479964557438
0.3 -0.1444444444444439 0
0.3 -0.5778938757099094 0.06707370706809691
0.3 -0.5777777777777775 0
0.2999999999999998 1.3 0.01964750187574007
0.2999999999999998 1.155515447270185 0.07082113310094781
0.2999999999999999 0.1444067570186592 0.07362006340834745
0.3 -0.866641985868472 0.0647449841747119
0.3000000000000001 -0.866690696958377 0.09483359254678331
0.3000000000000001 -1.3 0
0.3000000000000001 -1.3 0.01902695442696323
0.3000000000000001 -1.155555555555555 0.01896576874708224
0.3000000000000001 -1.155555555555555 0
0.3000000000000001 -1.3 0.04177610417897848
0.3000000000000001 -1.155513508643238 0.04162365954004996
0.3000000000000001 -1.3 0.06911809643583131
0.3000000000000002 -1.155395036746709 0.06884276012148345
0.3000000000000001 -1.3 0.100483132529198
0.3000000000000002 -1.155370344317768 0.1000533963660838
0.3 -1.011111111111111 0.01847020211202521
0.3 -1.011111111111111 0
0.3 -1.011084355610672 0.04046592179865367
0.3 -1.011020778545184 0.06674194595683737
0.3000000000000001 -1.011033437862296 0.09732960064201225
0.2999999999999999 0.433333333333334 0.02039521433734956
0.2999999999999999 0.433333333333334 0
0.2999999999999999 0.4333494604403555 0.04486301097575311
0.2999999999999999 0.4333919002397144 0.07428840685727932
0.2999999999999999 0.4334708923182614 0.1091399748332887
0.3 -0.2888888888888885 0
0.3 -0.2888888888888885 0.01998044428749409
0.3 -0.2889603512769769 0.04388470102966619
0.3 -0.2891603931283409 0.07267851674297654
0.3 -0.2893522945840818 0.1062488479952828
0.1499999999999998 1.3 0.01963859017588901
0.1499999999999998 1.3 0
0.1499859500323448 1.3 0.04320254463420037
0.1499485978506288 1.3 0.07166901487231619
0.1498977761871386 1.3 0.1049231776403639
-1.70530256582424e-16 1.3 0.01936949841128271
-1.70530256582424e-16 1.3 0
-1.810967559294956e-05 1.3 0.04261060713511337
-6.617130368554356e-05 1.3 0.07063523502992314
-0.0001671631834400203 1.3 0.1036798312539671
-0.1500000000000002 1.3 0.01923426268950384
-0.1500000000000002 1.3 0
-0.1500089915445383 1.3 0.04231291836981852
-0.1500328182666269 1.3 0.07009953601198514
-0.150083126492928 1.3 0.1030212809434962
-0.3000000000000001 1.3 0.01908084769101226
-0.3000000000000001 1.3 0
-0.3000000000000001 1.3 0.04197531362305382
-0.3000000000000001 1.3 0.06949322644292695
-0.3000000000000001 1.3 0.1023346750583828
-0.2999999999999999 -0.4333333333333335 0
-0.2999999999999999 -0.4333333333333335 0.01886194720170695
-0.2999999999999999 -0.5777777777777781 0.01807533215118835
-0.2999999999999999 -0.5777777777777781 0
-0.2999999999999999 -0.4333989975993593 0.04136953342087897
-0.2999999999999999 -0.5778292935983997 0.03959006397196244
-0.2999999999999999 -0.4335515956764702 0.0683056892325581
-0.2999999999999999 -0.5779477582992387 0.06517612657753856
-0.2999999999999999 -0.4338365252706259 0.09989480961980207
-0.2999999999999999 -0.5781708587682178 0.09552814252757529
-0.2999999999999999 0 0
-0.2999999999999999 0 0.02021259806151634
-0.2999999999999999 -0.1444444444444446 0.02012903068597478
-0.2999999999999999 -0.1444444444444446 0
-0.2999999999999999 -4.209718991184522e-05 0.0444524796088416
-0.2999999999999999 -0.1445049373261507 0.04425181790170214
-0.2999999999999999 -0.0001565551710277678 0.07350687152412611
-0.2999999999999999 -0.1446711179768527 0.07326262364326812
-0.2999999999999999 -0.0003910988158201376 0.1082067004370682
-0.2999999999999999 -0.1450013782605681 0.1074064365829996
-0.3 0.7222222222222225 0
-0.3 0.7222222222222225 0.01974448660688502
-0.3 0.5777777777777779 0.02028168848172912
-0.3 0.5777777777777779 0
-0.3 0.7222980163787344 0.04343227224922024
-0.3 0.5778393839968695 0.04461257711322542
-0.3 0.7224985615082593 0.07194529102370797
-0.3 0.578002435478956 0.07391722149269536
-0.3 0.7227895220404345 0.1058173013165437
-0.3 0.5783247440738697 0.1084413962725353
-0.3 0.2888888888888889 0
-0.3 0.2888888888888889 0.02045769748181298
-0.3 0.1444444444444443 0.02031040546540756
-0.3 0.1444444444444443 0
-0.3 0.2888812527798007 0.04499945727729834
-0.3 0.1444151887232959 0.04467384743148849
-0.3 0.2888601652005499 0.07446941086104841
-0.3 0.1443362778946516 0.07386813417759305
-0.3 0.2888089500848333 0.1095199973047707
-0.3 0.1441688703678285 0.1088327559328419
-0.2999999999999999 -0.8666666666666673 0
-0.2999999999999999 -0.8666666666666673 0.01762244924026199
-0.2999999999999999 -1.011111111111112 0.01802115221195448
-0.2999999999999999 -1.011111111111112 0
-0.2999999999999999 -0.8666908144299034 0.03860203194252237
-0.2999999999999999 -1.011116918238616 0.039528889502154
-0.2999999999999999 -0.8667532333549399 0.06359898467455205
-0.2999999999999998 -1.011152899266214 0.06524482634321194
-0.2999999999999998 -0.8668718940631458 0.09322953540514249
-0.2999999999999998 -1.01122089839934 0.09542050987077641
-0.2999999999999999 -0.7222222222222227 0.01754680234579482
-0.2999999999999999 -0.7222222222222227 0
-0.2999999999999999 -0.7222602312572792 0.03840686873703954
-0.2999999999999999 -0.7223483694699748 0.06314025498669051
-0.2999999999999999 -0.7225166581792356 0.09278168033703958
-0.3000000000000001 1.155555555555556 0
-0.3000000000000001 1.155555555555556 0.0188645211039558
-0.3 1.011111111111111 0.01869896502904475
-0.3 1.011111111111111 0
-0.3000000000000001 1.155566679390601 0.041499240559472
-0.3 1.011133163160672 0.04113466048177981
-0.3000000000000001 1.15560516421812 0.06862266798018493
-0.3 1.011209257052163 0.06794943453051774
-0.3000000000000001 1.155684110927808 0.1013864956793814
-0.3 1.011367156300456 0.1007142796538469
-0.2999999999999998 -1.155555555555556 0.01832784186619789
-0.2999999999999998 -1.155555555555556 0
-0.2999999999999998 -1.155558514085362 0.04024274953027162
-0.2999999999999998 -1.155565395098161 0.06647226854686707
-0.2999999999999998 -1.155578560858614 0.09721198700357696
-0.3 0.4333333333333335 0
-0.3 0.4333333333333335 0.02047483561488139
-0.3 0.4333606081627743 0.04503720029579356
-0.3 0.4334322287709086 0.07458119151540719
-0.3 0.4335696770814753 0.1094916079992206
-0.3 0.866666666666667 0
-0.3 0.866666666666667 0.01901415542418388
-0.3 0.8667143761729401 0.04182748978468241
-0.3 0.8668400143570143 0.06916380629284558
-0.3 0.8670621930844221 0.1023020647854606
-0.2999999999999999 -0.2888888888888891 0.01965758532163972
-0.2999999999999999 -0.2888888888888891 0
-0.2999999999999999 -0.2889697945281792 0.04317383563412634
-0.2999999999999999 -0.2891308367344559 0.07144321293696868
-0.2999999999999999 -0.2894393700971623 0.1044547609827961
-0.2999999999999998 -1.3 0.01850220370272316
-0.2999999999999998 -1.3 0
-0.2999999999999998 -1.3 0.04063992576319922
-0.2999999999999998 -1.3 0.06719320715189692
-0.2999999999999998 -1.3 0.09817662916441007
-0.1499999999999998 -1.3 0
-0.1499999999999998 -1.3 0.01861026614754266
1.70530256582424e-16 -1.3 0.0187902511045807
1.70530256582424e-16 -1.3 0
-0.1500099657406695 -1.3 0.04087676228961624
-2.011923007213193e-05 -1.3 0.0412664814606799
-0.1500147812666335 -1.3 0.06761921359685985
-2.984845809478166e-05 -1.3 0.0682815246821052
-0.1500211358872053 -1.3 0.09870254322266282
-3.623062111107592e-05 -1.3 0.0994995682537369
0.1500000000000002 -1.3 0.01894380296629063
0.1500000000000002 -1.3 0
0.1499898605718013 -1.3 0.04159836886185075
0.149984959818446 -1.3 0.06881411769762141
0.1499817568475821 -1.3 0.1001485163755999
0.1371730829346415 0.6051381755890113 0
3.552713678800501e-17 0.6680555547078449 0
-2.001165985982646e-05 0.5258403373005582 0
-0.1463507931703107 0.6196466201409833 0
9.473903143468002e-18 0.234722221798367 0
-0.15 0.1805555547078451 0
4.422335611680382e-18 0.07222222137451197 0
0.15 0.1805555547078451 0
0.01181124013706676 -0.2317518652834959 0
-0.1068902044863266 -0.2783500252991355 0
0.01852363461182805 -0.3683567819891362 0
0.1497935956508771 -0.3324405794699979 0
0.1351369483826972 0.8407223804613666 0
0.1649174066417929 0.9595727288548123 0
0.02170171430342275 0.9158876055777162 0
-0.0851311110225921 0.989598185929447 0
-0.1130528921890755 0.8768378735334784 0
4.864569219564971e-17 0.7944444427490235 0
-0.1448948812940233 0.4726823031153561 0
-8.365250047371357e-06 0.3946431853896238 0
0.1448694589175278 0.4726642796754974 0
-0.15 -0.03611111068725573 0
-4.736951571734001e-18 -0.09027777841356052 0
0.15 -0.03611111068725575 0
-0.175 -0.6388888854980469 0
-0.07620500727173302 -0.5819426371357548 0
-0.1691995365286691 -0.5078769040564866 0
-0.1874999999999999 1.065277763366699 0
-0.05203085358407878 1.116679634323418 0
-0.1666666666666667 -0.9166666768391927 0
-0.1958333333333334 -1.072222208658854 0
-0.03333333333333331 -0.9666666666666667 0
-0.0916666666666667 -1.133333333333333 0
-0.1687499999999999 1.18263888168335 0
0.03041421409402986 -1.061024253084922 0
0.06867015269895649 -1.166997985548186 0
0.1399400354330421 -1.03957477979241 0
0.07298847040652022 -0.9470832045172277 0
0.1519341392979907 -0.1873191111979404 0
-0.1106984922023946 -0.1636744645633506 0
-0.1331898660679811 0.7513015257221405 0
0.1144620062634677 0.7261165551458939 0
0.1491446496189981 0.3309734832706607 0
-0.149149407082927 0.3309764871773037 0
0.1833333333333333 -1.16805554707845 0
0.03065916311299319 -0.5981736331506845 0
0.175 -0.6388888854980469 0
0.1352561654805208 -0.4938318995276055 0
-0.05010171138017962 -0.4799344665029569 0
0.05625000000000006 1.038194438934326 0
0.1103578667266699 1.161048100691364 0
0.1887460016208646 1.066223441980608 0
0.1707580349690433 -0.8878907256665518 0
-0.1534228606183511 -0.38354642241104 0
0.1709888826710342 0.07222222198064067 0
-0.1709888826710342 0.07222222198064052 0
-0.2028594956594544 0.9537369617328146 0
-0.2003246642436696 -1.162837508671542 0
0.04999999999999958 -0.7999999999999999 0
-0.05000000000000042 -0.7999999999999999 0
-0.05000000000000041 -0.7 0
0.1749999999999999 -0.7611111145019531 0
0.0499999999999996 -0.7 0
-0.1750000000000001 -0.7611111145019531 0
-0.05000000000000041 -0.7 0.1
-0.05000000000000042 -0.7999999999999999 0.1
0.04999999999999958 -0.7999999999999999 0.1
0.0499999999999996 -0.7 0.1
))
(13 (1 1 27b1 2 0)(
3 13 10 c 900 d11 
3 1c 19 12 4a9 bd8 
3 1d 27 25 b98 138b 
3 10 c 7c d11 db4 
3 c 7c 13 501 d11 
3 13 7c 10 d0b d11 
3 8d 2 1 8db d44 
3 8d 1 3 840 d39 
3 3 8d 4 5c1 ac0 
3 8e 7 2 389 13ce 
3 4d 49 46 6eb b95 
3 6 8f b 3a8 3db 
3 90 5 a 402 bbf 
3 7d 20 1f 451 455 
3 b 95 6 918 c8c 
3 97 6 b 3a8 918 
3 7e 2e 23 384 4a5 
3 9a a 11 87a 9e3 
3 80 2b 26 981 10c9 
3 81 23 2e 479 a06 
3 81 2e 2d b7b b87 
3 19 9d 12 a27 bd8 
3 12 9d 1c 5e4 bd8 
3 a8 c 13 501 9f6 
3 9d 1c 19 bd8 bdc 
3 99 1d 25 b98 1311 
3 a9 e 15 66d e40 
3 27 99 1d 7d4 b98 
3 59 60 5f 6c5 7f2 
3 a8 19 12 ae2 c06 
3 a8 13 19 4c3 5ac 
3 a6 1e 14 4dd b54 
3 99 27 25 640 b98 
3 94 2a 32 405 bc0 
3 92 30 34 3e3 907 
3 a2 1d 27 3e9 50e 
3 a6 22 1e 53b cad 
3 27 a2 28 3d4 633 
3 b1 15 20 bed eb5 
3 a5 2e 23 4a5 a06 
3 b1 20 1f 455 eb3 
3 a5 2d 2e b6b b87 
3 90 c 7c bc2 c48 
3 57 84 4a 4ca 697 
3 ad 31 28 be9 c41 
3 29 ad 31 3cd be7 
3 7c 95 10 456 971 
3 b3 25 2b 5ee 10c0 
3 aa 34 30 44e c16 
3 91 d 8c 46d 612 
3 73 64 71 71f fda 
3 6a 76 6c ac3 b26 
3 97 8f 6 3a8 83e 
3 97 b 8f 3a8 52d 
3 97 6 95 918 db1 
3 aa 3c 3a 8e9 1119 
3 96 d 91 8ec cda 
3 df 8 4 966 e1d 
3 69 77 74 404 66c 
3 8f 97 e c38 e33 
3 b5 2d 35 b72 12db 
3 9a 90 a 5b1 d2d 
3 97 95 b 918 926 
3 b2 35 37 609 1016 
3 79 72 70 869 e74 
3 78 73 71 b32 b34 
3 36 b7 32 608 9ce 
3 77 74 75 863 c2d 
3 79 70 75 867 c03 
3 a8 7c c 501 c48 
3 c df 10 8c4 d4c 
3 88 61 6b 7e4 855 
3 ed 1 2 3a9 d44 
3 ae 43 3f 5c2 1058 
3 a8 13 7c 501 abd 
3 72 7a 79 834 877 
3 a5 7e 18 920 a9a 
3 1 ee 5 9d6 10cd 
3 ed 2 7 76d 13d3 
3 c0 30 34 907 c16 
3 ae 48 43 4ea 11b8 
3 8a 67 6c 7d7 aa6 
3 6 a9 8f bc1 c3f 
3 a5 23 7e 4a5 762 
3 ee 5 a bbf 13c7 
3 a8 c 90 c05 c48 
3 3b b9 40 998 c1e 
3 8a 73 67 864 ba0 
3 ba 3e 3c 9d9 a0e 
3 a5 81 23 a06 1315 
3 f1 8 4 e1d 1018 
3 a9 8f e 4cd bf6 
3 89 74 69 814 df6 
3 e6 10 13 cf5 d0b 
3 ac 8c d 393 1214 
3 f1 8 9 531 8bb 
3 42 45 b6 d4e ef6 
3 a0 9b 1a 4d9 11a3 
3 a5 7e 2e 4a5 4ac 
3 ba 45 3e 560 9af 
3 a5 2d 81 b87 fb8 
3 a5 2e 81 a06 b87 
3 f1 10 9 3dc dbd 
3 ba 42 45 89e 9d0 
3 e7 1c 12 485 5e4 
3 3f bd 43 542 a3d 
3 a8 9a 12 941 12a7 
3 b1 1f 7d 455 51d 
3 f1 c 10 8c4 db4 
3 b1 7d 20 455 48e 
3 de 1d 27 50e 7d4 
3 a6 14 a3 5a4 621 
3 b3 80 22 c2e d48 
3 a0 2f 9b 4f5 ed9 
3 de 27 28 3d4 daa 
3 f8 a 11 9e3 d37 
3 26 e7 1c cfa d42 
3 b3 2b 80 c81 1056 
3 a3 a6 24 844 b7e 
3 46 c1 4d 6b0 f6b 
3 bc 4b 53 54f ca8 
3 af 59 5f 6c5 d1c 
3 af 60 59 6c5 9d1 
3 b5 81 2d 4b6 1070 
3 c2 4c 48 65d 6e5 
3 bc 53 50 43b 5f2 
3 c3 4e 47 6de 1151 
3 c7 44 49 ac8 e9a 
3 a7 2f a0 504 1025 
3 af 5f 60 6c5 dc3 
3 fe 16 f 801 eab 
3 c2 4c 52 64a 90e 
3 ce 47 40 681 cbb 
3 ad a2 28 4a6 4d3 
3 33 e0 31 682 b50 
3 99 25 b3 74d c85 
3 100 11 14 715 a1b 
3 fc 16 21 3c2 dd7 
3 106 e 15 e40 ea6 
3 c9 51 4d cf0 d04 
3 42 83 b6 d0f d5c 
3 fe 21 16 b9b dd7 
3 101 1e 14 b54 de2 
3 c9 56 51 a64 f74 
3 54 c8 56 7d8 e47 
3 ef 2a 32 bc0 db9 
3 54 c9 56 ad4 cef 
3 50 b6 83 5c8 674 
3 fb 2a 21 720 e61 
3 106 20 15 eb4 eb5 
3 101 1e 22 4b7 cad 
3 c0 92 30 907 b09 
3 58 ca 57 7fd d29 
3 fc 21 2a 845 e61 
3 c0 34 92 907 c93 
3 bc 50 83 5c8 750 
3 106 1f 20 eb2 eb3 
3 c1 4a 84 52f d20 
3 dd 7e 18 a9a e5c 
3 bb aa 30 c9e 1138 
3 a2 cc 17 40f d0e 
3 58 d2 57 75f 7fd 
3 e6 7c 10 456 d0b 
3 90 df c 3ad ff5 
3 c0 30 aa c16 100b 
3 dd 23 7e 762 dde 
3 13 e6 7c d0b d86 
3 10d 1c 26 55a 1057 
3 23 dd 7f b94 ce3 
3 a8 7c 90 c48 e4e 
3 c0 34 aa 4a7 c16 
3 de 7f 23 6ee b94 
3 de 23 81 746 8dd 
3 5f d3 60 cb5 117f 
3 de 29 81 54e c34 
3 5c d7 5d 77a 7be 
3 54 c8 84 4f4 d9c 
3 7 f3 7b 8a1 e23 
3 ed 1 8d d44 e2d 
3 c6 69 74 404 7c5 
3 ed 8d 2 d44 13d0 
3 c f1 7c 519 db4 
3 10d 26 2b 44a 10c2 
3 57 c8 84 c57 d1b 
3 91 1 ed 3ed e2c 
3 c6 77 69 404 80e 
3 f2 c 7c 519 bc2 
3 1 ee 91 520 65b 
3 84 cb 54 8de 12ab 
3 10 7c f1 971 db4 
3 98 cb 41 597 e48 
3 ce 83 50 674 1040 
3 60 d3 6a 620 7e1 
3 f3 7b f a5b c40 
3 57 ca 85 ccd d1e 
3 e6 10 95 456 cb9 
3 ec d 8c 612 1113 
3 70 c6 75 85c a65 
3 ee 90 5 bbf 1202 
3 b4 83 86 cdb ffc 
3 a ee 8c 39b d35 
3 de 1d 99 7d4 e53 
3 f2 1 8d e2d 118a 
3 e7 80 26 8d0 10cc 
3 d5 68 63 ae8 da0 
3 f2 4 8d af4 1354 
3 c6 74 75 c2d d89 
3 f2 1 91 520 e2c 
3 a ee 90 552 bbf 
3 ec 91 d 612 cda 
3 c6 74 77 404 c2d 
3 85 ca 5e a59 be4 
3 dd 18 a5 a9a cbc 
3 ed 7 96 d3c e08 
3 6 f2 8d d50 f64 
3 d6 61 6b 82f a6f 
3 75 c6 77 b91 c2d 
3 e7 12 9a 3fb 12ad 
3 a8 90 9a 413 e69 
3 4a c1 ae 435 5b2 
3 69 c4 89 a08 b86 
3 48 c2 ae c18 cf2 
3 de a2 1d 50e b52 
3 b1 7d 9c 51a 1009 
3 ec 96 d cda cdc 
3 fd 7b 7 4c9 8a1 
3 d1 6b 6f 523 76f 
3 c2 ae 4a 5b8 752 
3 de 27 99 73d 7d4 
3 e7 9d 12 5e4 c15 
3 cd 5e 85 78b a59 
3 bc b6 50 5c8 c24 
3 89 c4 6d 6ac cff 
3 9 f1 93 b9f ddb 
3 59 e9 53 c0e cb7 
3 f5 6 8e 13d6 13d7 
3 8e f5 7 4ba 13cf 
3 6a d3 6f a53 bec 
3 57 d2 84 a8a d06 
3 da 63 68 acd d6e 
3 f2 6 95 db1 1046 
3 90 c f2 3ad bc2 
3 b 93 f1 5db 6db 
3 e4 59 5f d1c d85 
3 97 f2 6 b59 db1 
3 bc 86 83 b68 1035 
3 bf b4 4f c31 f83 
3 db 68 63 da0 118d 
3 dd a5 23 762 1316 
3 f1 95 b 8b1 b4a 
3 63 cd 85 b4e dfa 
3 e2 60 5f 891 cb5 
3 f3 96 7 d4f 1190 
3 f 7b fd 468 c40 
3 66 d8 6e 9f7 d15 
3 de a2 27 3d4 50e 
3 f4 8f e c38 c42 
3 de 28 a2 3d4 4d3 
3 f8 a 8c d34 d35 
3 97 f5 6 42f b59 
3 1c e7 9d 43e 5e4 
3 7 f5 96 909 e08 
3 10 f1 95 971 dc6 
3 10e 39 33 59c f3d 
3 da 71 64 806 c1f 
3 f8 a 90 552 d2d 
3 c7 b8 44 baa f6d 
3 71 d4 72 7e3 b23 
3 dc 67 6c aa6 cb0 
3 4a c2 be 441 74b 
3 d5 85 5e 78b d78 
3 f4 e 97 c38 1248 
3 e2 60 6a 620 c80 
3 da 72 68 724 c86 
3 7d 1f f9 ce1 1008 
3 fd 7 8e 461 a47 
3 dc 64 73 770 fbe 
3 de 28 ad 4d3 c4f 
3 d4 71 78 7a4 d65 
3 de 29 ad 57e e7b 
3 115 36 32 608 1084 
3 d9 69 77 688 80e 
3 63 d5 85 ab8 b4e 
3 dc 73 67 ba0 fb4 
3 d4 72 79 834 af3 
3 d4 7a 72 834 d62 
3 f8 9a a 9e3 d2d 
3 72 71 da a91 aff 
3 db 85 5c ac6 1352 
3 2f e1 a7 11f5 1261 
3 e2 6c 6a 410 a4c 
3 d4 79 7a 834 a3a 
3 f8 11 9a 9e3 c66 
3 113 3a 3c 3f8 111f 
3 ef 94 2a bc0 10ad 
3 e5 6c 67 723 af8 
3 f0 2a 94 74f 9a1 
3 db 63 85 ab8 d9d 
3 112 40 3b 6e0 998 
3 113 3e 3c a0e d17 
3 e5 6a 6c ac3 1013 
3 ce 50 b6 674 88c 
3 a4 be 82 bba 114a 
3 14b 4 8 d0c 1018 
3 e5 6f 6a 67c a53 
3 118 37 3d 52c c54 
3 ef 32 94 bc0 cc7 
3 ce c3 47 4e7 f7d 
3 14b 6 b c8c f25 
3 fd 9f f 424 c6b 
3 1a fa 9b 986 ca2 
3 113 45 3e 9af c7c 
3 dc 8a 67 aa6 ba0 
3 e5 76 6a ac3 cfd 
3 f 9f fe db7 1055 
3 100 9a 11 a3f c66 
3 e5 76 6c 4e4 ac3 
3 42 45 113 9d0 d4e 
3 dc 8a 6c 816 aa6 
3 ce 50 c3 aac 12bf 
3 114 45 42 ba5 ef6 
3 99 7f cc 987 ae1 
3 bc 83 b6 5c8 718 
3 143 19 12 a27 ae2 
3 19 13 143 4c3 6dd 
3 100 14 9e 7ac de3 
3 21 fb 9c 6fd c5c 
3 54 cb c9 7f9 d2b 
3 101 9e 14 8f6 de3 
3 30 f9 92 d30 e00 
3 fc 21 9c 6fd d46 
3 dc 73 8a 962 ba0 
3 17 ff a1 8ba 1300 
3 ff a2 17 40f c49 
3 50 53 10a 443 5f2 
3 a3 100 14 da8 e12 
3 11b 3f 43 542 128e 
3 b4 bf 86 ec8 f81 
3 f 9f 105 1055 11c9 
3 101 14 a3 621 da8 
3 fe 9c 21 874 d46 
3 1a fa ab bf5 c1c 
3 119 40 47 cb2 cbb 
3 117 44 49 e9a e9d 
3 101 a6 14 621 b54 
3 de 23 dd a54 b94 
3 117 46 49 457 598 
3 10a 53 59 be8 c0e 
3 101 22 9e 3c3 df8 
3 cd 5e ca a59 bee 
3 106 a9 e e40 1122 
3 4 f1 df 622 e1d 
3 d2 57 ca 7fd d67 
3 f6 41 98 e2b fee 
3 d2 ca 58 7fd 84f 
3 101 a6 1e b54 cad 
3 f2 4 df 622 dd3 
3 f7 98 41 b9e e48 
3 b7 32 ef ef9 efa 
3 f1 8 df 524 e1d 
3 101 a3 24 844 13de 
3 15 106 a9 47b e40 
3 a6 101 22 6aa cad 
3 109 17 a1 8ba c51 
3 109 a2 17 c49 eb8 
3 a1 108 1a cd5 e3e 
3 101 24 a6 844 b89 
3 df f1 c 5ef 8c4 
3 c df f2 3ad 5ef 
3 af e4 59 a3b d1c 
3 f1 10 df 8c4 be5 
3 99 7f dd ae1 b79 
3 f2 1 ed e2c e2d 
3 106 b1 15 eb5 100e 
3 10d 1c 9d 43e eb6 
3 f2 ee 1 520 b8e 
3 de 99 7f 5f1 987 
3 ff 29 ad e7b 10ed 
3 ab 108 1a 47c fe3 
3 cd 5e d5 4b8 78b 
3 ce b6 83 674 1262 
3 e4 5f af d1c e4c 
3 f2 f1 4 622 1044 
3 af e9 59 9b2 a3b 
3 d5 63 cd b35 b4e 
3 15b f 16 860 eab 
3 1f 106 b1 7e9 eb3 
3 e6 95 7c 456 dba 
3 dd 7e a5 762 a9a 
3 106 b1 20 eb3 eb5 
3 f5 ed 7 e08 13d4 
3 128 46 49 598 b95 
3 38 102 a4 650 b6c 
3 ff 17 cc 40f bb0 
3 f2 f1 c 519 5ef 
3 d9 69 c6 80e 104b 
3 53 e9 bc e9e 1017 
3 6 f5 f2 9a6 b59 
3 a4 103 38 b63 b6c 
3 4f ea bf f0f f84 
3 128 46 4d b95 f6b 
3 160 e 15 ea6 1060 
3 42 110 83 83d 1062 
3 a6 10f 22 3e4 6aa 
3 128 49 4d 9eb b95 
3 b9 f6 41 a8d e1b 
3 6f d3 d1 c20 d73 
3 f8 ee a 552 d35 
3 90 ee 7c 6c8 db3 
3 10f a6 24 a2b b89 
3 d8 d1 67 d2f 101e 
3 6b d6 d1 d69 d79 
3 4f ea c5 116a 1280 
3 cd ca 85 a59 dc7 
3 64 dc d0 df9 fbd 
3 42 83 114 83d d0f 
3 84 d2 c5 93e df7 
3 db d5 63 ab8 da0 
3 d9 c6 77 80e f66 
3 90 7c f2 bc2 db3 
3 115 32 94 cc7 f8b 
3 129 51 4d d04 f10 
3 b3 10f 22 50f ddc 
3 7c 95 f1 971 db2 
3 db 68 d5 d9f da0 
3 d8 6e d6 7a9 fab 
3 fd f3 7 8a1 121a 
3 ec 8c 91 612 624 
3 f2 7c 95 db2 119e 
3 33 10e a7 3d9 8f7 
3 d3 e2 5f 4a8 cb5 
3 e2 d3 60 620 cb5 
3 ee 8c 91 624 13cb 
3 129 51 56 f73 f74 
3 5a e8 cf f9a 106b 
3 f7 cb 41 e48 e49 
3 cd 85 d5 78b b4e 
3 54 56 129 ad4 e47 
3 fd f f3 c40 1188 
3 ec 91 96 cda e39 
3 e2 6a d3 620 8f4 
3 ed 96 91 87f e3a 
3 f9 92 7d b51 100f 
3 e5 67 d1 9f2 d7c 
3 131 57 4a 4ca d99 
3 de ff 29 505 e7b 
3 cc 7f dd 90b ae1 
3 84 11c 4a 453 52f 
3 de 7f cc 90b 987 
3 e5 d3 6a a53 cb3 
3 82 f7 98 ccb f1f 
3 f8 100 11 8bc c66 
3 e5 d1 6f 532 c20 
3 64 eb d0 853 f43 
3 164 26 1c cfa 1057 
3 164 25 1d 10d4 1311 
3 de ad a2 4d3 e7c 
3 131 52 58 7fa f4e 
3 fa f9 1f 947 132f 
3 e5 6f d3 a53 c20 
3 f 105 f3 1104 11cd 
3 14e 36 3b ebe ee0 
3 f4 8f 97 431 c38 
3 12f 55 5b 452 130a 
3 fc 16 fe dd7 11bf 
3 e9 e4 59 47a a3b 
3 fb ef 2a 4d7 9a3 
3 99 1d 12d 3e5 e53 
3 db d5 85 82c ab8 
3 95 f2 97 d8d db1 
3 58 57 131 75f a62 
3 f5 91 96 e39 e3a 
3 d 12c ac e42 1213 
3 fc f0 2a 3ab bd1 
3 da eb 63 5f8 fc4 
3 115 32 b7 608 efa 
3 a2 17 12d ae9 d0e 
3 fc fb 21 6fd e61 
3 da eb 64 741 ded 
3 86 e9 bc c91 f0a 
3 121 50 83 750 12bc 
3 143 13 7c abd d86 
3 124 84 4a 453 ad2 
3 101 14 100 da8 de3 
3 113 b7 3a 472 fe1 
3 115 b7 36 608 ea1 
3 fe 105 f c52 1055 
3 164 2b 25 8a9 10c0 
3 de dd 7f 90b b94 
3 112 b9 3b 998 ebc 
3 12d 1d a2 398 b52 
3 118 b2 37 94f fed 
3 21 fe fc d46 dd7 
3 164 26 2b 10c2 10c9 
3 138 54 56 7d8 809 
3 12f 61 5b a57 b93 
3 f8 9a 90 d2d e6b 
3 12c ac 18 44d f0c 
3 10a af 59 9b2 bd6 
3 113 3c ba a0e 111a 
3 10d e7 1c 43e 10c8 
3 112 40 b9 998 caf 
3 fc 2a fb d3d e61 
3 42 113 b6 6d2 d4e 
3 113 3e ba 9af a0e 
3 122 67 73 cfb eca 
3 99 dd cc ae1 d55 
3 10a 50 bc 5f2 f0e 
3 42 b6 114 d0f ef6 
3 de 99 cc 987 e51 
3 113 b6 45 d4e e25 
3 42 113 ba 9d0 1102 
3 aa 3a 11f e5a ffd 
3 10a bc 53 5f2 e9e 
3 114 b6 45 7d6 ef6 
3 29 31 165 3cd 10e5 
3 116 4a ae 435 483 
3 118 3d b8 57f 10f8 
3 113 ba 45 9af 9d0 
3 84 57 125 d06 fa7 
3 fa 106 1f e4f eb9 
3 125 57 85 ccd f7e 
3 30 11e bb 642 c8b 
3 137 5c 5d 717 7be 
3 10a c3 50 890 e10 
3 14b 8d 4 de5 1354 
3 12d b0 1d e52 10ec 
3 73 122 71 6e7 a31 
3 109 ff 17 8ba c49 
3 138 5d 5c 6b2 77a 
3 126 69 74 7c5 df6 
3 14b 8d 6 f64 1043 
3 129 54 84 4f4 8de 
3 cc de a2 da5 e76 
3 b8 44 117 f6d fe9 
3 40 119 b9 bc8 caf 
3 c0 11e 30 4ec b65 
3 87 eb d0 4bc 8e1 
3 145 4e 55 776 d40 
3 137 5d 62 d97 f9f 
3 165 33 31 682 13fe 
3 14d 8e 6 a76 13d7 
3 114 4b bc 497 629 
3 10e 33 e0 4b9 ff9 
3 14d 8f 6 83e bc1 
3 3a 11f b7 c4c dd9 
3 131 4a 84 4ca ad2 
3 133 6a 60 7e1 ef3 
3 126 75 70 a65 c03 
3 14b 95 6 c8c 1046 
3 bd 11b 3f 4fe 542 
3 ce 112 40 c7a ee5 
3 127 70 75 85c d09 
3 46 116 c1 d5d d9a 
3 14b b 93 6db 1045 
3 134 61 6b a6f d6a 
3 be 116 4a f01 f59 
3 143 12 9d a27 1371 
3 137 62 65 ae4 fa5 
3 126 79 70 c03 df4 
3 126 75 74 c8a d89 
3 11b 43 bd 542 f04 
3 14b 95 b b4a c8c 
3 120 48 ae c18 1126 
3 14d 97 6 42f 83e 
3 116 c1 4a 435 dc8 
3 14d 8f e bf6 e33 
3 120 4a ae 483 752 
3 100 9e 9a dd6 1090 
3 117 c7 44 e9a f6d 
3 126 79 75 44b c03 
3 e4 e8 86 6ce fb0 
3 127 75 77 b91 f68 
3 cf 10b 55 f93 1307 
3 19 9d 143 672 a27 
3 e4 e9 86 fdb 1032 
3 131 84 57 4ca a8a 
3 12d cc 17 d0e dfb 
3 85 12e 5c d66 1156 
3 49 117 c7 b2e e9a 
3 126 89 69 b86 df6 
3 16b 36 32 1084 10f5 
3 97 14d e e16 e33 
3 1f 7d 152 51d 1008 
3 a8 143 12 79a ae2 
3 103 102 38 8fb b6c 
3 119 ce 40 c7a cbb 
3 a8 143 13 4c3 abd 
3 22 10f 101 54b 6aa 
3 64 135 73 cfc fbe 
3 134 6b 6f 76f ecc 
3 c1 11c 4a 52f dc8 
3 10f 101 24 b89 13df 
3 7c ee ec 684 8be 
3 12e 85 63 dfa f4b 
3 135 67 73 eca fb4 
3 13e 9b 2f 61a ed9 
3 a8 19 143 4c3 ae2 
3 87 eb ea c08 e95 
3 119 ce 47 cbb fd8 
3 120 4a be 441 f01 
3 11d bf 4f 680 f0f 
3 b1 fe 9c 6da e04 
3 4f 123 b4 79d d14 
3 14d 6 a9 a3e bc1 
3 126 74 89 a44 df6 
3 120 48 c2 69c c18 
3 90 ee df 458 1413 
3 101 a3 a6 621 844 
3 86 121 83 b68 11e0 
3 115 ef 32 cc7 efa 
3 13e a0 2f ed9 11f7 
3 120 c2 4a 441 752 
3 f2 ec 7c 8be f22 
3 ad ff a2 c75 e7c 
3 12c dd 18 cf7 1082 
3 121 bc 50 750 f0e 
3 f2 7c ee 8be db3 
3 72 136 70 da6 e74 
3 171 39 33 f3d 110a 
3 136 71 72 7e3 aff 
3 29 153 81 54e 1422 
3 4a 124 be abc f59 
3 10a 53 e9 c0e e9e 
3 157 22 80 d13 d48 
3 f2 7c f1 519 db2 
3 98 f7 cb 94b e48 
3 14d e a9 bf6 1206 
3 d 12c ec 121c 121d 
3 11c 82 98 ccb ff2 
3 90 f2 df 3ad 458 
3 ee ec 8c 624 b71 
3 153 81 2d 1070 131f 
3 16f 3c 3a 1119 111f 
3 12d 1d de b52 e53 
3 136 79 70 df4 e74 
3 121 c3 50 e10 12c0 
3 10a 59 e9 9b2 c0e 
3 141 66 6e 9f7 e96 
3 b4 110 83 91d 11d5 
3 d8 d6 d1 a8c ce0 
3 136 72 79 af3 e74 
3 142 6c 67 af8 cb0 
3 128 c1 46 d9a f6b 
3 83 111 b4 3c5 a7b 
3 ee 91 ec 624 99f 
3 12b 4f b4 f78 f83 
3 4f 123 c5 6fe c5a 
3 142 6c 6a a4c 1013 
3 15d d 96 880 1207 
3 128 4d c1 6b7 f6b 
3 13b 63 85 d9d f4b 
3 f2 8d ed e2d 13d1 
3 83 110 bc c9c 11d3 
3 83 12b 86 cdb 12a1 
3 15e 96 d cdc 1207 
3 4d 129 c1 a4f f63 
3 128 49 c7 b2e bea 
3 114 83 b6 718 d0f 
3 f2 91 ec 99f e3c 
3 109 ad a2 c75 ebb 
3 f2 ee 90 458 db3 
3 f2 ed 91 e2c e3b 
3 f2 91 ee 520 99f 
3 a1 154 1a 7af cd5 
3 b2 13d 37 b16 fed 
3 12b 4f bf f83 f84 
3 18 155 a3 46e fe8 
3 de cc dd 90b d27 
3 e9 e4 af a3b c9a 
3 a4 102 be f57 111d 
3 156 18 a3 3ec fe8 
3 114 bc 83 718 c9c 
3 f5 ec 91 e39 e3c 
3 fd 7b f3 8a1 c40 
3 129 4d c9 d04 fd6 
3 f5 91 ed e3a e3b 
3 116 f7 46 676 75c 
3 131 be 4a 74b abc 
3 ee f8 8c 807 d35 
3 95 f2 f1 d8e db2 
3 99 10f b3 10e0 12c8 
3 125 ca 57 ccd d67 
3 ff cc a2 40f e76 
3 96 f5 ec 83f e39 
3 82 be 116 c71 114b 
3 129 c9 51 d04 f74 
3 f5 96 ed e08 e3a 
3 f5 91 f2 e3b e3c 
3 154 1a ab fe3 10a4 
3 90 f8 ee 3f0 552 
3 11a 38 102 428 c30 
3 129 c8 54 4f4 e47 
3 d1 e5 d3 711 c20 
3 131 4a c2 74b f4c 
3 157 22 9e df8 1091 
3 164 26 80 10c9 10cc 
3 129 54 c9 7f9 ad4 
3 ac 156 18 44d c25 
3 129 c8 56 e47 f72 
3 129 cb 54 7f9 8de 
3 56 c9 129 ad4 f74 
3 1f 151 b1 539 7e9 
3 f2 f5 97 550 b59 
3 12a 54 cb 6c7 f76 
3 11d 4f ea 6ef f0f 
3 d2 125 57 d06 d67 
3 164 2b 80 1056 10c9 
3 1f 152 b1 51d 539 
3 af 133 60 ed6 f5c 
3 15c 15 a9 47b c28 
3 131 c2 52 906 f50 
3 4f 132 c5 6b4 6fe 
3 126 69 c4 b86 103c 
3 42 114 110 83d a39 
3 126 c6 69 7c5 fdc 
3 140 44 b8 eb1 fe9 
3 c1 84 11c 52f f62 
3 12d 17 10c 804 12f1 
3 99 164 1d 3e5 1311 
3 162 a0 1a 4e1 10a5 
3 ff de a2 e76 e7c 
3 15c b1 15 100e 1073 
3 162 a1 1a 7af c5f 
3 143 13 e6 d86 df0 
3 11d 86 bf e90 1034 
3 121 83 bc 750 b68 
3 70 126 c6 63c a65 
3 12f cf 55 69a 1308 
3 157 b3 22 50f d48 
3 127 c6 70 85c fc5 
3 bc 121 86 b68 f0a 
3 119 40 112 c7a caf 
3 126 74 c6 7c5 d89 
3 99 25 164 c85 1311 
3 161 ab 1a 47c bf5 
3 126 c6 75 a65 d89 
3 cb 11c 84 e8f e99 
3 be 124 82 53d c71 
3 9b fa f9 5fb 92d 
3 18a 37 3d c54 1089 
3 153 2d b5 1070 12dc 
3 127 75 c6 85c b91 
3 ff ad de e7b e7c 
3 122 71 d4 ea3 1414 
3 116 117 46 b1b cc5 
3 17c 46 4d 6b0 f61 
3 57 d2 131 75f a8a 
3 127 77 c6 b91 f66 
3 14b 4 f1 1018 1044 
3 e1 13e 2f 5ce 11f8 
3 65 127 d9 6d0 d0a 
3 58 131 d2 75f e72 
3 138 c8 54 7d8 da4 
3 f0 104 94 b70 bf8 
3 12e cd 63 dcc dfa 
3 14b 4 f2 1044 1354 
3 12b b4 83 a7b cdb 
3 138 c8 56 7b4 7d8 
3 14b 6 f2 f64 1046 
3 fc 9c fb 6fd 9cb 
3 14b 8 f1 dcb 1018 
3 12b 4f ea f84 1170 
3 14e 3b b9 c5e ebc 
3 b4 86 12b cdb f81 
3 c5 124 84 b12 e8e 
3 14b f1 b 6db b4a 
3 9a 100 f8 792 c66 
3 125 c5 84 df7 12b6 
3 9c fe fc cd4 d46 
3 14d 6 f5 42f 13d7 
3 1d b0 164 4d8 10ec 
3 83 168 42 c23 1062 
3 84 c1 129 a40 f62 
3 11c 4a 116 dc8 f5a 
3 60 133 d3 513 7e1 
3 89 c4 126 831 b86 
3 125 85 ca ccd dc7 
3 114 b6 bc 718 d33 
3 116 ae c1 435 b28 
3 11c 98 cb 94b ca5 
3 bf 12b 86 c2b f81 
3 145 4e c3 f09 12c6 
3 125 85 cd dc7 f44 
3 121 50 10a e10 f0e 
3 16b 32 94 f8b f8c 
3 10d 9d e7 43e 12c1 
3 129 84 c8 4f4 605 
3 127 d9 77 6d5 f66 
3 135 d0 64 fbd fdf 
3 148 53 bc 4b2 1017 
3 dd 155 18 7ca 1082 
3 134 d6 61 a6f c1d 
3 197 36 3b ee0 105d 
3 29 165 ad 3cd 10ed 
3 120 116 4a 483 f01 
3 b3 164 25 c85 10c0 
3 9e 101 100 c8f de3 
3 d2 84 125 d06 df7 
3 137 5c d7 7be 1115 
3 129 cb 84 8de e99 
3 136 70 c6 63c 77e 
3 137 d7 5d 7be d10 
3 138 d7 5c 77a c88 
3 133 d3 6a 7e1 faa 
3 134 d1 6b 76f d69 
3 138 5d d7 77a 832 
3 165 a7 33 8f7 dbe 
3 a7 10e e1 1059 1098 
3 f7 116 82 4e3 de4 
3 101 100 a3 da8 edd 
3 164 b3 2b 1056 10c0 
3 9f 105 fe 996 1055 
3 167 41 98 fee 1111 
3 31 ad 165 3cd 13fd 
3 134 6f d1 76f d73 
3 175 2a 94 9a1 10ad 
3 b6 112 ce cfe daf 
3 ff cc de e76 ea5 
3 11f c0 aa f02 10a9 
3 124 116 4a f59 f5a 
3 134 6b d6 a6f d69 
3 13c d3 5f 4a8 e1a 
3 143 7c a8 abd b0a 
3 174 92 30 b09 d30 
3 63 12e eb d38 e84 
3 134 6f d3 d73 f47 
3 135 64 dc fbd fbe 
3 13a db 5c 660 1137 
3 150 90 7c 6c8 e4e 
3 102 103 a4 8e7 b6c 
3 10a e9 af 9b2 d83 
3 d9 137 65 acc bac 
3 128 116 46 b1b d9a 
3 de 29 153 505 54e 
3 128 117 46 598 b1b 
3 94 115 ef 76b cc7 
3 132 84 c5 93e b12 
3 67 135 dc d7d fb4 
3 b8 c7 117 ef7 f6d 
3 124 4a 11c 453 f5a 
3 145 55 cf 77d f93 
3 12e cd 85 dfa f44 
3 128 49 117 598 b2e 
3 e8 121 86 614 12a2 
3 120 c2 ae 752 c18 
3 df f2 ee 41f 458 
3 ab 106 fa 64d c61 
3 136 d4 71 7e3 1414 
3 11c f7 82 ccb de4 
3 144 cf 5a cf6 f9a 
3 121 86 e9 f0a 1033 
3 a1 109 ff 64c 8ba 
3 136 72 d4 7e3 af3 
3 35 166 b2 74e 1080 
3 109 ff a2 c49 c75 
3 63 13b da fa2 fc4 
3 152 92 7d 100f 13d5 
3 f2 f1 df 5ef 622 
3 db 13b 63 9de d9d 
3 156 f8 11 8bc f9c 
3 15e d ec cdc 121d 
3 166 b5 35 885 e8d 
3 da 136 71 aff c37 
3 9b 13e a0 c33 ed9 
3 2f 171 a7 728 10fd 
3 131 84 d2 a8a d72 
3 72 136 da aff fc3 
3 14f 98 82 f1f 125c 
3 13c 5f e2 4a8 d6f 
3 141 61 d6 989 c1d 
3 136 79 d4 af3 1418 
3 180 d ac e42 1029 
3 10a bc e9 e9e f0d 
3 135 dc 73 fb4 fbe 
3 132 d2 84 93e d72 
3 83 110 114 83d c9c 
3 151 fa 1f e4f 1344 
3 171 33 a7 3d9 a7a 
3 ab 106 105 60a 106f 
3 142 67 d1 d7c 1021 
3 152 1f f9 1008 134e 
3 7d 152 9c 544 1009 
3 156 100 11 6fc 8bc 
3 f2 ee ec 8be 99f 
3 109 ff ad c75 123e 
3 173 98 41 597 1111 
3 11e 94 ef 76b 10ac 
3 128 c1 ae 997 b28 
3 12d 99 cc e51 130e 
3 120 be c2 441 f4d 
3 158 e1 2f 5ce b66 
3 14d 97 8f 83e e33 
3 141 d8 66 9f7 11d8 
3 dc 13c 6c d4a e85 
3 106 108 ab 490 c21 
3 142 6a d3 8f4 cb3 
3 3a 16f aa 5e7 1119 
3 160 e f4 10c4 1249 
3 fe f 15b c52 eab 
3 178 6d 66 fd9 119b 
3 e8 12b 86 9cf f99 
3 150 7c a8 b0a e4e 
3 13b 63 eb d38 fc4 
3 14c 97 95 e20 11e6 
3 18 180 ac f0c 1027 
3 16f 3c aa f2a 1119 
3 a6 10f 101 6aa b89 
3 141 d6 6e 59e fab 
3 13c 6c e2 a1a fb1 
3 176 30 aa 100b 1138 
3 151 106 1f 7e9 e4f 
3 11c f7 98 94b ccb 
3 16d ae 3f b5d 100a 
3 142 dc 67 cb0 d7d 
3 141 6e d8 9f7 fab 
3 167 b9 41 a8d 12b3 
3 12d a2 cc d0e da5 
3 14a 64 d0 df9 f43 
3 f5 ec f2 e3c f42 
3 f5 f2 ed e3b 13d2 
3 12b b4 bf f81 f83 
3 37 13d 118 fb2 fed 
3 105 15b f c52 fe7 
3 154 1a 108 cd5 fe3 
3 150 90 9a e69 e6b 
3 15b fe 16 eab 11c0 
3 144 e8 5a f9a 132a 
3 141 66 e3 5e2 11d9 
3 18b 1a 9b 986 11a3 
3 164 1c e7 cfa 10c8 
3 199 d 8c 1113 1214 
3 148 e9 53 685 1017 
3 142 6c dc cb0 d4a 
3 12e 87 ea c08 1110 
3 ff 153 29 505 10ee 
3 eb 12e 87 710 c08 
3 1e4 1 5 9d6 9ef 
3 16c 3f b8 59b f2c 
3 10b 10a af 9e5 e4d 
3 176 3a aa 5e7 ffd 
3 82 116 11c 63e de4 
3 142 e2 6a 8f4 a4c 
3 131 124 4a abc ad2 
3 142 67 e5 af8 d7c 
3 b7 115 ef efa 113f 
3 18b a0 1a 10a5 11a3 
3 157 22 101 54b df8 
3 3f 16d b8 59b 97f 
3 12d de 99 e51 e53 
3 152 7d b1 51d 1009 
3 142 e2 6c a4c fb1 
3 14d 8f a9 bc1 bf6 
3 148 86 bc c91 101b 
3 15c 106 15 47b 100e 
3 174 30 bb 642 1298 
3 142 6a e5 cb3 1013 
3 1e5 7 2 13ce 13d3 
3 106 160 e 6ad ea6 
3 1e8 3 1 bce d39 
3 14a dc 64 df9 fb6 
3 16f ba 3c f19 111a 
3 142 e5 6c af8 1013 
3 164 e7 26 cfa 10cc 
3 185 63 68 d6e 118d 
3 161 1a fa 48d bf5 
3 132 123 4f 6fe a75 
3 13b 85 db d9d 1118 
3 1e8 1 5 dce 10cd 
3 1e8 4 3 576 5c1 
3 176 bb 30 c8b 1138 
3 66 147 e3 11cf 11da 
3 1e4 a 5 13c6 13c7 
3 174 c0 30 4ec b09 
3 171 bd 39 cc0 1076 
3 a8 150 90 e4e e69 
3 1bb 35 2d 11de 12db 
3 42 ba 16f 976 1102 
3 12d de a2 b52 da5 
3 196 9f f c6b 11c9 
3 172 39 bd cc0 1136 
3 31 165 e0 400 682 
3 140 117 44 5d7 fe9 
3 46 f7 14f 676 e30 
3 160 106 15 b7a ea6 
3 18b ab 1a c1c 10a4 
3 161 fa 1f e3d eb9 
3 b8 172 3f f2c fea 
3 176 30 c0 b65 100b 
3 1ad 43 3f 1058 128e 
3 153 b5 81 1070 1421 
3 3a 176 b7 444 c4c 
3 165 e0 33 682 ff9 
3 184 71 64 c1f fda 
3 18f 5f 60 dc3 117f 
3 19c 1b 8b 217 2c9 
3 157 22 10f 50f 54b 
3 184 64 73 cfc fda 
3 172 bd 3f 4fe ef0 
3 82 124 116 63e c71 
3 d2 125 c5 62a df7 
3 98 11c 111 858 f23 
3 b3 157 80 8d9 d48 
3 125 cd ca dc7 1149 
3 131 c2 be 74b 802 
3 150 9a a8 e69 12ae 
3 1bb 35 37 1016 11d0 
3 c3 10b 10a 7ff a43 
3 11d bf ea f0f f1e 
3 14a 64 eb f43 1024 
3 196 a9 e 1122 1206 
3 161 108 1a 412 47c 
3 185 68 72 724 eb0 
3 186 84 54 d9c f77 
3 156 8c ac dc9 1215 
3 b7 11f ef e18 e5f 
3 11e 115 94 76b e67 
3 1ad 48 43 11b8 11c2 
3 157 9a 9e 56a 1090 
3 82 11c 124 63e 652 
3 129 c9 cb 7f9 df1 
3 ca 125 d2 ab6 d67 
3 186 57 84 c57 fa7 
3 161 106 1f eb9 10d0 
3 121 e9 bc f0a f0d 
3 124 11c 84 453 f31 
3 13b eb 87 710 d68 
3 186 85 57 c70 f7e 
3 143 e6 7c d86 114c 
3 87 149 d0 7e5 ec5 
3 3b 14e 112 ead ebc 
3 12b 83 111 a7b 10fb 
3 145 10b 55 d41 f93 
3 14a 87 d0 4bc ec5 
3 1a3 97 e e16 1248 
3 c0 11e ef 1005 10ab 
3 199 ac d 1213 1214 
3 184 73 71 6e7 fda 
3 185 72 70 da6 fbb 
3 169 82 98 ff2 1258 
3 11f ef c0 857 dc1 
3 186 85 5c d66 ec7 
3 127 d9 c6 f66 109c 
3 113 b6 112 c0a d58 
3 155 18 12c 1082 1212 
3 113 112 b7 56d ff4 
3 b1 151 9c 5c9 6da 
3 12c 18 156 44d 1212 
3 118 10e b2 8f1 fec 
3 152 b1 9c 5c9 1009 
3 164 10d 1c 1057 10c8 
3 173 41 cb 597 f95 
3 129 11c 84 e99 f62 
3 165 ff 29 10ed 10ee 
3 135 122 67 eca f3a 
3 114 110 bc 904 c9c 
3 179 4f b4 79d f78 
3 d 15e 12c 10b4 121d 
3 146 e4 86 6ce 1032 
3 c0 152 92 aab cbf 
3 134 61 12f ab5 bd4 
3 169 a4 82 bba 125b 
3 ea 125 c5 116f 1289 
3 146 e8 86 614 6ce 
3 116 46 14f 676 cc5 
3 148 86 e4 8ab fdb 
3 11c cb f7 94b b75 
3 99 b3 157 10e0 1218 
3 164 b3 80 8d9 1056 
3 132 c5 d2 93e 1144 
3 189 b2 37 b16 e1e 
3 14f 117 46 cc5 106a 
3 146 e9 86 1032 1033 
3 164 26 10d 1057 10c2 
3 119 b9 112 caf 10fe 
3 16c 82 a4 6ae 126f 
3 17c c1 46 6b0 d5d 
3 ea 12b bf bae f84 
3 122 136 71 c47 1414 
3 148 e9 86 c91 fdb 
3 73 135 122 dcf eca 
3 1b5 47 4e 1103 1151 
3 13a 65 127 7ef ace 
3 164 2b 10d 10c2 10e9 
3 dd 12c cc 434 1083 
3 136 126 70 63c df4 
3 1a5 17 a1 eda 1153 
3 175 ef 2a 9a3 10ad 
3 2a f0 175 3ab 9a1 
3 120 ae 116 483 700 
3 12d de cc da5 e51 
3 de 81 153 54e 9fe 
3 167 41 f6 a8d fee 
3 ea 14a 87 e02 e95 
3 14a eb 87 4bc e95 
3 19a 2d a5 5f3 130d 
3 17c 4d c1 6b0 f63 
3 125 12e 85 6c1 f44 
3 179 c5 4f c5a 11e4 
3 1e2 25 1d 138b 139a 
3 13a 5c 137 d12 10d3 
3 13b 12e 63 d38 f4b 
3 150 7c ec 684 119c 
3 121 10a bc f0d f0e 
3 1e2 1d 27 138b 13b6 
3 18a b8 3d 108d 10f8 
3 150 ee 7c 684 6c8 
3 123 b4 110 7f6 c3b 
3 131 124 84 ad2 faf 
3 165 33 10e 8f7 ff9 
3 136 126 79 df4 1417 
3 132 84 124 b12 faf 
3 134 d3 d1 d73 ea4 
3 17c 4d c9 fd6 1028 
3 116 11c c1 6a2 dc8 
3 175 2a fb 9a3 d3d 
3 d1 134 d6 a82 d69 
3 10a 121 c3 d54 e10 
3 99 155 cc d55 e75 
3 fc 2a 175 3ab d3d 
3 13a 137 65 7b1 13f4 
3 1e2 27 25 138b 13b1 
3 174 f9 30 d30 128d 
3 164 12d 1d 3e5 10ec 
3 169 be 82 53d bba 
3 141 12f 61 ba8 bd4 
3 119 112 ce c7a 10fa 
3 1a7 83 42 c23 d5c 
3 14c 95 e6 e2f ee6 
3 116 128 ae 4ae b28 
3 1f 152 151 539 134c 
3 177 a4 82 6ae 114a 
3 99 164 b3 c85 1218 
3 120 116 be f01 113e 
3 1e2 25 2b 1007 1346 
3 14b f2 8d f64 1354 
3 157 80 e7 1092 10c1 
3 dc 135 d0 d3b fbd 
3 14f f7 82 4e3 f1f 
3 141 134 61 bd4 c1d 
3 1a4 2f a0 1025 11f7 
3 150 ec 8c b71 1133 
3 84 132 131 d72 faf 
3 17d 54 cb f76 12ac 
3 156 18 155 fe8 1212 
3 14b 93 f1 6db ebd 
3 150 ee 8c 807 b71 
3 152 f9 7d 1008 100f 
3 12b 111 b4 a7b dea 
3 197 b7 36 ea1 1052 
3 14b f1 95 b4a d8e 
3 116 be 124 c71 f59 
3 158 2f 13e 5ce 109f 
3 8e 14d f5 6b5 13d7 
3 14b f2 95 d8e 1046 
3 16b 115 32 f8b 1084 
3 150 90 ee 3f0 6c8 
3 1a4 a7 2f 1025 11f5 
3 e4 146 af 7fc c9a 
3 99 155 dd 51c d55 
3 133 10b af 71c c79 
3 142 135 67 d7d 104d 
3 115 16b 36 51e 1084 
3 178 c4 6d c76 109b 
3 42 168 110 c74 1062 
3 171 10e 33 3d9 f3d 
3 14c f4 97 e2e 10bb 
3 150 8c f8 807 e6d 
3 146 af e9 c9a d83 
3 14d 8e fd 58b c6c 
3 83 16a ce 11e5 1263 
3 d 15d 15e 3d0 1207 
3 14d f5 97 42f 11ce 
3 5c 17a d7 798 9bd 
3 128 c1 116 b28 d9a 
3 150 f8 90 3f0 e6b 
3 142 d1 d3 711 e92 
3 186 54 c8 d9c da4 
3 141 d1 d6 a82 ce0 
3 85 12e 13b c0c f4b 
3 171 10e 39 f3d 1135 
3 18b fa 1a 986 c1c 
3 13b 87 12e 710 13ea 
3 172 39 10e 7fb 1135 
3 d1 141 d8 8b0 ce0 
3 186 c8 57 c57 11be 
3 86 191 83 ffc 1035 
3 113 16f 3a 1023 111f 
3 199 ec d 1113 121c 
3 f6 14f 98 818 b6e 
3 142 6c 13c d4a fb1 
3 18f af 5f dc3 e4c 
3 11a 168 42 102c 111b 
3 18d 16 fc 10b9 11bf 
3 13c e2 d3 4a8 73c 
3 14f 98 f7 ca0 f1f 
3 5a 182 cf d24 e56 
3 18f 60 af dc3 ed6 
3 19d 38 bb 10bf 131c 
3 16f 113 3c 111a 111f 
3 81 1c5 23 8dd 1315 
3 128 c7 117 b2e 1006 
3 66 178 d8 c00 fd1 
3 105 13f ab eed 12f3 
3 177 be 82 114a 114b 
3 196 f f3 1188 11cd 
3 18d 16 fe 11bf 11c0 
3 11c 129 c1 a0d f62 
3 d8 178 67 a78 ca4 
3 157 e7 9a aea 1377 
3 152 f9 92 100f 1108 
3 164 80 e7 10c1 10cc 
3 123 124 c5 695 fb5 
3 141 d8 d6 ce0 fab 
3 156 f8 8c f94 1132 
3 ea 12e eb 56c c08 
3 162 1a 154 7af d80 
3 122 126 c4 c55 d8f 
3 150 f8 9a e6b 12a6 
3 146 86 121 614 1033 
3 113 42 16f f13 1102 
3 183 69 c4 103c 1048 
3 169 be a4 bba f57 
3 e9 121 10a 6af f0d 
3 17c f7 46 75c f60 
3 148 bc e9 c91 1017 
3 183 c6 69 fdc 104b 
3 14f 82 116 4e3 d84 
3 174 30 11e 4ec 642 
3 196 f fd c6b 1188 
3 1b0 84 54 f77 12ab 
3 1c5 2d 81 fb8 131f 
3 142 e2 d3 73c 8f4 
3 12c 180 d 8eb e42 
3 cb 129 11c b13 e99 
3 42 16f 11a 68e 111b 
3 142 e5 d1 711 d7c 
3 174 c0 92 b09 cbf 
3 176 11e 30 b65 c8b 
3 151 9c fc cd4 113a 
3 13d 10e b2 fec 108e 
3 da 13b eb bf1 fc4 
3 195 95 7c dba 119e 
3 179 84 c5 e8e f82 
3 1b4 83 50 1040 12bc 
3 151 9c fe 6da cd4 
3 142 d3 e5 711 cb3 
3 184 64 d0 853 fdf 
3 1ec 33 31 13fe 13ff 
3 172 3f 11b 4fe 1285 
3 15e 96 ec 83f cdc 
3 186 5c d7 798 c88 
3 cf 144 e8 f91 f9a 
3 14d a9 fd 399 ed2 
3 106 e 196 6ad 1122 
3 11e ef 115 76b 1139 
3 185 70 c6 77e fc5 
3 14a d0 dc df9 1161 
3 196 105 f 11c9 11cd 
3 17e bf 86 c2b 1034 
3 182 e3 5a ea2 1066 
3 145 cf e8 f91 1038 
3 1f4 31 29 10df 10e5 
3 cf 146 e8 8a5 1038 
3 1b8 66 6d ca1 119b 
3 15d 96 f3 e70 ec4 
3 131 124 be 9ee abc 
3 12c 180 18 f0c 1314 
3 13d b2 118 fec fed 
3 f7 11c 116 3e8 de4 
3 176 11f 3a c4c ffd 
3 146 af 10a d83 e4d 
3 29 153 165 546 10ee 
3 1a7 42 b6 6d2 d5c 
3 184 da 64 741 c1f 
3 130 c4 122 d8f e0c 
3 146 af 10b e4d 10e2 
3 1a2 f f3 1104 117e 
3 1c7 17 a1 1153 1300 
3 151 ab fa 64d 1129 
3 15e f5 96 83f d70 
3 1c5 18 a5 cbc 1109 
3 185 da 63 d6e fa2 
3 1ad ae 3f 100a 1058 
3 154 a1 ff 64c 11af 
3 185 db 63 9de 118d 
3 183 d9 69 104b 1325 
3 157 9a 100 1090 1373 
3 1a3 f4 e 1248 1249 
3 173 cb 98 597 ca5 
3 118 13d b8 cb4 ea9 
3 126 130 c4 d61 d8f 
3 14e b9 f6 e38 1086 
3 1ad ae 43 1058 11b8 
3 5a 187 e3 1112 116d 
3 132 123 c5 695 6fe 
3 da 68 185 724 d6e 
3 157 9e 100 c8f 1090 
3 132 c5 124 695 b12 
3 157 101 9e c8f df8 
3 100 155 a3 d22 edd 
3 185 68 db fa6 118d 
3 cd 12e 125 383 f44 
3 155 a3 101 edd 13e1 
3 14a d0 eb 4bc f43 
3 156 100 a3 d22 dbb 
3 140 117 b8 fe9 106c 
3 18f d3 5f e1a 117f 
3 177 be a4 111d 114a 
3 1ad 48 ae 1126 11b8 
3 18f 60 d3 513 117f 
3 151 fe b1 6da c29 
3 18b 9b a0 c33 11a3 
3 154 108 a1 cd5 dc5 
3 176 bb aa 1138 13e6 
3 154 109 a1 64c 1064 
3 99 155 10f 87d a81 
3 151 105 ab 106f 1222 
3 1c5 23 a5 1315 1316 
3 151 106 ab 64d 106f 
3 184 da 71 c1f c37 
3 cc 155 dd d55 1083 
3 9f 15c fd 65a 1010 
3 17c 46 116 75c d5d 
3 15c 9f fe 996 b76 
3 da 185 72 724 fc3 
3 99 10f 157 87d 10e0 
3 195 95 97 d8d 11e6 
3 176 aa c0 100b 10a9 
3 1d5 9a 12 12a7 12ad 
3 184 64 eb 741 853 
3 145 c3 10a 7ff d54 
3 136 c6 126 63c fc6 
3 146 e8 e4 6ce 103a 
3 145 10b c3 7ff b74 
3 186 84 c8 c57 d9c 
3 1a2 f 105 fe7 1104 
3 190 d1 67 101e 1021 
3 1a4 e1 2f 11f5 11f8 
3 1bb b5 2d 12db 12dc 
3 1e5 2 8d 56e 13d0 
3 151 b1 106 7e9 1075 
3 9d 12 1d5 c15 1371 
3 146 e9 e4 c9a 1032 
3 b8 16d c7 ef7 f34 
3 b4 83 191 ffc 11d5 
3 1e4 91 1 65b 13c8 
3 1e5 8e 2 894 13ce 
3 36 16b 14e a9e f8f 
3 ab 154 108 d23 fe3 
3 15c 105 9f 996 11c5 
3 1b1 41 b9 cb6 12b3 
3 191 b4 86 ec8 ffc 
3 1c5 a5 2d fb8 130d 
3 167 98 f6 fee 1259 
3 1e5 8d 6 58d d50 
3 1bb 35 b2 74e 1016 
3 e4 e9 148 d81 fdb 
3 a 8c 1e4 39b 5b4 
3 1e5 6 8e 3df 13d6 
3 190 66 d8 c00 11d8 
3 8d 1 1e8 d39 118a 
3 149 e8 e4 103a 11f0 
3 a9 15c fd 105a 1205 
3 190 d8 67 a78 101e 
3 150 143 7c b0a d74 
3 b2 37 1bb e1e 1016 
3 1e5 8e 7 13ce 13cf 
3 3 1e8 8d 5c1 d39 
3 1bb b5 35 e8d 12db 
3 1e8 4 8d 5c1 af4 
3 18f e4 5f e4c 11e7 
3 c6 13a 127 1015 12da 
3 bc 191 83 1035 11d3 
3 122 d4 136 968 1414 
3 1b8 69 89 a08 12d7 
3 110 168 83 b61 1062 
3 18a 118 37 c54 fb2 
3 1e7 18 7e 390 e5c 
3 83 168 111 61f 6d9 
3 1d5 a8 12 79a 12a7 
3 179 123 4f 79d c5a 
3 87 14a 149 c59 ec5 
3 145 10b cf f93 1037 
3 191 86 bc 101b 1035 
3 87 17a ea 5c5 1110 
3 1b8 89 6d 6ac 12d6 
3 146 10b cf 1037 1305 
3 15c a9 106 47b 1204 
3 15c b1 fe 862 c29 
3 132 131 d2 ad5 d72 
3 161 ab fa bf5 c61 
3 15f 108 a1 dc5 11a5 
3 14e 112 b9 ebc 126b 
3 191 86 bf ec8 1042 
3 83 16a 111 106d 10fb 
3 171 158 2f 48a 1094 
3 10e 13d e1 4dc 122e 
3 18a 3d 118 c54 10f8 
3 14a ea eb cde e95 
3 e4 193 5f 109a 11e7 
3 190 66 e3 11d9 11da 
3 d0 135 130 a77 f88 
3 17e 86 e8 f99 11eb 
3 199 ac 8c 1214 1215 
3 125 12e ea 50a 963 
3 194 5f e4 104e 109a 
3 199 d 12c 1213 121c 
3 12b 4f 179 9ad f78 
3 1c8 a4 38 b63 1356 
3 1a9 82 98 1258 125c 
3 17e 87 ea 5c5 e02 
3 10c 1a5 17 c84 e86 
3 175 94 ef 10ac 10ad 
3 104 16b 94 392 561 
3 15f ab 105 60a 925 
3 94 175 f0 657 9a1 
3 d3 134 133 cd3 1180 
3 145 c3 121 d54 fdd 
3 162 a1 109 ea7 1064 
3 17c 4d 129 f63 fd6 
3 1b1 41 cb f95 12b0 
3 15f 106 ab 60a c21 
3 1e7 7e 23 ce5 dde 
3 15c 106 b1 100e 1075 
3 1e7 23 7f 467 ce3 
3 1e7 7e 24 4e9 97a 
3 157 10f b3 50f 10e0 
3 169 82 11c 652 ff2 
3 1ae 4f c5 6b4 1280 
3 16c 116 82 bb9 d84 
3 1c7 17 cc bb0 dfb 
3 15f 108 ab c21 d23 
3 1b4 83 86 11e0 12a1 
3 161 106 ab 490 c61 
3 174 92 f9 d30 1108 
3 1b5 c3 47 f7d 1151 
3 1b0 4f c5 116a 11e4 
3 1c2 3a b7 444 fe1 
3 161 108 ab 47c 490 
3 1f0 8e 7 4ba a47 
3 19d 103 38 618 69e 
3 165 ad ff 10ed 1342 
3 111 167 98 c7e 112a 
3 1f1 5 90 db0 1202 
3 169 82 124 53d 652 
3 1ce 38 a4 650 1356 
3 1d1 2f a7 728 1261 
3 102 169 a4 843 f57 
3 12a 17d 54 96e f76 
3 1a9 a4 82 125b 1270 
3 197 115 36 51e ea1 
3 14b f1 f2 d8e 1044 
3 178 67 122 ee9 f3a 
3 124 11c 116 63e f5a 
3 150 ec ee 684 b71 
3 192 87 d0 7e5 fd3 
3 169 98 111 858 c7e 
3 1a1 12c d 8eb 10b4 
3 197 3b 112 ead 10cf 
3 1b5 c3 4e 1151 12c6 
3 1b4 50 c3 12bf 12c0 
3 1f0 7 96 909 1190 
3 167 f6 b9 a8d 1086 
3 128 117 116 b1b f39 
3 1c9 bb 30 1230 1298 
3 12e 17a 5c ab3 1116 
3 1f1 c 90 ff5 1245 
3 146 e9 10a 6af d83 
3 165 10e a7 8f7 1123 
3 1c5 dd 18 cbc cf7 
3 1b5 47 ce f7d fd8 
3 16b 94 115 f8b 112c 
3 1b0 cb 54 12ab 12ac 
3 175 9c fb 9cb 13d9 
3 175 fc 9c 9cb 113a 
3 16a 12b 83 10fb 12a3 
3 de 153 ff 505 bbc 
3 1c8 38 bb 131c 13e3 
3 12c 156 ac 44d 10e7 
3 18b 1a 154 d80 10a4 
3 164 b0 10d 3bf 401 
3 16c 16d 3f 59b 11b7 
3 150 ee f8 3f0 807 
3 169 11c 98 858 ff2 
3 189 37 13d b16 bcb 
3 82 116 177 bb9 114b 
3 1b4 50 ce 1040 12bf 
3 141 134 d1 a82 1036 
3 196 e 14d cd6 1206 
3 1a7 83 b6 d5c 1262 
3 168 16f 42 a04 111b 
3 18a 37 13d bcb fb2 
3 186 125 57 f7e fa7 
3 1e7 18 a3 46e ce6 
3 135 13c dc 7ee e97 
3 23 1c5 dd a54 1316 
3 db 13b 13a 574 765 
3 de 23 1c5 8dd a54 
3 150 a8 143 b0a d92 
3 18d 15b 16 f28 11c0 
3 141 d6 134 a82 c1d 
3 195 7c e6 dba 114c 
3 17c c9 cb df1 fd5 
3 178 67 135 f3a 1049 
3 166 10e b2 108e 10da 
3 99 12d 164 3e5 e77 
3 147 d0 130 a77 c0b 
3 171 39 172 cc0 1135 
3 173 167 41 1111 12b5 
3 13b 12e eb 710 d38 
3 173 111 98 f23 112a 
3 16c 3f 172 f2c 1226 
3 1a4 a0 a7 1025 123d 
3 8b 1b 1f5 218 2ca 
3 152 9c 151 5c9 113b 
3 81 1f4 29 573 1422 
3 18b 162 1a d80 10a5 
3 b7 ef 176 e18 113f 
3 194 e4 86 e50 fb0 
3 be 169 102 eec f57 
3 195 ec 7c f22 119c 
3 179 11c 84 f31 1169 
3 142 d3 13c 73c d1f 
3 147 135 d0 a77 115c 
3 e8 145 121 1031 12a0 
3 177 102 a4 8e7 111d 
3 176 16f 3a 5e7 11f9 
3 146 121 e8 614 1031 
3 142 135 dc 7ee d7d 
3 177 a4 103 8e7 1284 
3 1e7 24 a3 aad 13de 
3 ea 4f 1ae cf8 1280 
3 191 b4 bf d4b ec8 
3 183 69 126 fdc 103c 
3 146 121 e9 6af 1033 
3 186 12e 5c ab3 d66 
3 194 e8 86 fb0 11eb 
3 171 a7 10e 3d9 11f4 
3 1b7 5a cf d24 106b 
3 186 54 138 da4 136e 
3 195 7c f2 f22 119e 
3 175 c0 ef e7e 10ab 
3 1b0 ea 4f 116a 1170 
3 e 160 196 6ad f1b 
3 173 11c 98 ca5 f23 
3 179 124 84 e8e f31 
3 184 71 122 6e7 c47 
3 176 ef c0 dc1 1005 
3 14a 11d ea f08 114d 
3 12b 144 e8 115a 129f 
3 142 dc 13c 7ee d4a 
3 99 157 155 87d 1071 
3 151 fc fe cd4 11bd 
3 175 11e 94 10ac 10bc 
3 147 66 178 5c6 88d 
3 184 122 73 6e7 dcf 
3 145 cf 144 755 f91 
3 15e ec f5 83f 115f 
3 1b8 c4 69 a08 1048 
3 16d 116 ae 4ae ede 
3 1a6 42 110 c74 e73 
3 145 10a 10b 7ff 1030 
3 164 80 157 8d9 10c1 
3 86 11d 17e e21 1034 
3 16a b9 112 10fe 126c 
3 1a7 83 ce 1262 1263 
3 118 13d 10e 5fe fec 
3 186 5c 138 c88 f4a 
3 146 cf 145 1037 1038 
3 1b8 6d c4 6ac 109b 
3 127 70 185 6b1 fc5 
3 1a3 14d e cd6 e16 
3 184 135 64 cfc fdf 
3 146 10b 10a e4d 1030 
3 151 fa 106 64d e4f 
3 142 13c e2 73c fb1 
3 155 12c cc 1083 127b 
3 1a7 113 42 6d2 f13 
3 1d5 12 e7 c15 12ad 
3 100 156 f8 5a7 8bc 
3 1c7 ff 17 bb0 1300 
3 156 a3 155 d22 fe8 
3 1c0 55 cf 1307 1308 
3 12d 164 b0 41d 10ec 
3 105 151 fe 823 edf 
3 17e ea bf bae f1e 
3 195 e6 95 dba ee6 
3 183 c6 d9 104b 1191 
3 b1 151 152 539 5c9 
3 119 16a b9 a63 10fe 
3 117 16c b8 613 106c 
3 185 63 13b 9de fa2 
3 130 122 126 d8f df3 
3 1a6 42 11a eae 102c 
3 16d 117 b8 613 ef7 
3 16c 14f 82 d84 ea0 
3 1b0 84 c5 f82 12b6 
3 17a 12e 87 1110 13eb 
3 147 149 d0 1199 1409 
3 199 8c ec 1113 1133 
3 14f 116 f7 4e3 676 
3 132 124 123 695 b56 
3 18b 9b fa 986 12fc 
3 101 155 100 ed0 edd 
3 1b7 e3 5a 1066 1112 
3 113 ba 16f 1102 111a 
3 d 1a1 15d 3d0 141a 
3 14a dc 13c 562 d32 
3 144 187 5a 901 bcf 
3 181 9d 10d ce4 12bd 
3 d 15e 1a1 3d0 10b4 
3 17e 86 12b c2b f99 
3 106 151 105 dc4 106f 
3 14a 149 d0 ec5 eff 
3 177 be 102 a17 111d 
3 1a2 15b f fe7 1100 
3 184 136 71 c37 c47 
3 157 100 101 c8f ed0 
3 1b0 cb 84 e8f 12ab 
3 15e 15d 96 fcc 1207 
3 16d ae 128 4ae f2f 
3 154 ff 109 64c 1185 
3 1b9 65 d9 6d0 acc 
3 185 136 70 77e da6 
3 5a 1b7 e8 bb8 106b 
3 184 73 135 cfc dcf 
3 1c5 81 a5 fb8 1315 
3 18f 133 60 513 ed6 
3 18f e4 af 7fc e4c 
3 1c7 10c 17 c84 12f1 
3 195 f2 95 d8d 119e 
3 197 36 14e a9e ee0 
3 1d1 e1 2f b66 1261 
3 185 136 72 da6 fc3 
3 1ec a7 33 dbe ff6 
3 4 1e8 df 40a dd3 
3 195 f2 97 550 d8d 
3 15f 154 a1 aeb dc5 
3 155 12c dd 1082 1083 
3 2d 19a 153 385 1310 
3 169 124 be 53d f58 
3 122 136 126 5a6 67d 
3 112 16a ce 712 10fa 
3 172 b8 118 ea9 feb 
3 e 160 1a3 f1b 1249 
3 1ad 3f 11b 1285 128e 
3 84 125 186 7c6 fa7 
3 145 121 10a d54 102f 
3 176 11f aa ffd 10a9 
3 85 1ea 5c 1156 1352 
3 191 83 110 11d3 11d5 
3 1a4 2f 13e 11f7 11f8 
3 195 97 f5 550 10d5 
3 186 125 85 6c1 f7e 
3 199 8c f8 e6d 1132 
3 145 e8 144 f91 1171 
3 1ec 31 ad 13fd 1400 
3 111 179 b4 59d dea 
3 1e4 1 ee 65b 9d6 
3 146 10a 121 6af 102f 
3 197 14e 3b ead ee0 
3 99 157 164 4f0 1218 
3 11b 43 1ad 583 128e 
3 c7 16d 117 ef7 1006 
3 165 e0 10e ff9 108f 
3 b7 176 115 1077 113f 
3 132 124 131 763 faf 
3 162 154 a1 7af 1064 
3 fe 15b 105 c52 e7f 
3 18f 5f 13c e1a fce 
3 146 145 e8 1031 1038 
3 1b4 ce 83 1040 11e5 
3 1b8 66 e3 11cf 11e9 
3 1e5 2 ed 13d0 13d3 
3 171 bd 11b 639 e60 
3 17c cb f7 b75 f45 
3 15c b1 151 c29 1075 
3 10f 155 101 d45 13e0 
3 166 e0 10e 108f 10db 
3 1e3 3d b8 52b a0a 
3 15c 105 fe 823 996 
3 1e4 5 ee 9d6 13c7 
3 18b fa ab c1c 1129 
3 b2 166 13d d98 108e 
3 1c9 30 f9 ff8 128d 
3 ce 16a 119 1067 10fa 
3 172 11b bd 4fe e60 
3 122 135 130 a2c 1124 
3 149 e4 146 103a 11e8 
3 190 67 135 1049 104d 
3 160 f4 108 10c3 1247 
3 164 10d e7 10c8 11e2 
3 1b8 c4 89 6ac a08 
3 154 15f ab a36 d23 
3 157 101 10f 54b d45 
3 1e5 7 ed 13d3 13d4 
3 181 b0 10d 401 107a 
3 186 85 12e 6c1 d66 
3 1e8 ee 1 b8e 10cd 
3 a 1e4 ee 39b 13c7 
3 19e 94 f0 657 b70 
3 149 146 e8 103a 121f 
3 174 bb 11e 642 10f6 
3 193 5f 13c fce 11ef 
3 b8 1e3 44 3a7 53f 
3 1e5 6 f2 9a6 d50 
3 176 b7 11f c4c e18 
3 161 106 fa c61 eb9 
3 163 108 f4 ed1 1250 
3 1ad 120 48 1126 1148 
3 177 116 be 113e 114b 
3 106 15c 105 442 dc4 
3 1e7 dd 18 7ca e5c 
3 184 d0 eb 853 103f 
3 1e8 1 f2 b8e 118a 
3 1e8 ee 5 10cd 1189 
3 194 13c 5f 11ee 11ef 
3 d1 d3 190 e92 ea4 
3 1f1 4 df 40a 1203 
3 1e5 f5 6 9a6 13d6 
3 176 11e bb c8b 124d 
3 1e9 bb 38 f24 13e3 
3 174 11e c0 4ec ff3 
3 f2 1e8 4 af4 dd3 
3 1d0 82 a4 126f 1270 
3 1e5 f5 7 13cf 13d4 
3 190 66 141 11d8 11d9 
3 196 9f fd 65a c6b 
3 18c ab 105 925 eed 
3 175 11e c0 ff3 10ab 
3 1d8 f9 1f 132f 134e 
3 15f 105 106 60a 1200 
3 179 b4 123 79d 1173 
3 190 d1 d8 8b0 101e 
3 128 16d c7 d03 1006 
3 190 142 67 1021 104d 
3 1d8 1f fa 132f 1344 
3 176 c0 11e b65 1005 
3 1b5 119 47 c39 fd8 
3 105 15f 107 1085 11ca 
3 17b ea eb 56c 7ae 
3 1c8 103 38 69e b63 
3 1ba d0 87 8e1 fd3 
3 116 117 14f cc5 ef8 
3 176 c0 11f dc1 10a9 
3 86 194 11d e21 1047 
3 15f 106 108 c21 c46 
3 17e 87 149 c59 da9 
3 174 152 92 cbf 1108 
3 177 120 be 1105 113e 
3 184 eb da 741 bf1 
3 190 147 66 88d 11da 
3 17e 14a 87 c59 e02 
3 173 cb 11c ca5 12a9 
3 1f1 df c ff5 11c8 
3 108 106 160 78d c46 
3 1e7 23 dd ce3 dde 
3 12c 18 1c5 cf7 1314 
3 197 36 16b 51e a9e 
3 158 13e e1 5ce 138d 
3 17c 116 c1 6a2 d5d 
3 1a1 d 180 8eb b7d 
3 161 108 106 490 bf4 
3 16c b8 140 106c 1210 
3 196 105 9f 11c5 11c9 
3 1a4 a7 e1 11f5 13b0 
3 1cd 83 b4 3c5 91d 
3 98 169 167 590 c7e 
3 179 b4 12b dea f78 
3 1c2 3a 113 fe1 1023 
3 1a3 f4 97 10bb 1248 
3 13e 159 e1 1251 135a 
3 164 157 b3 8d9 1218 
3 1a7 b6 ce cfe 1262 
3 193 dc d0 d3b 1161 
3 1c7 17 12d dfb 12f1 
3 196 a9 fd ed2 1205 
3 1a3 97 f5 10d5 11ce 
3 175 ef fb 7cb 9a3 
3 19e 94 104 b70 112f 
3 18a 189 37 bcb 10b2 
3 ec 12c 15e 1079 121d 
3 b5 166 153 10d6 12de 
3 17c c1 11c 6a2 a0d 
3 167 14e b9 1086 1269 
3 1f1 ee 5 1189 1202 
3 fc 175 f0 3ab b6a 
3 1ce 102 38 650 c30 
3 1b4 e8 86 9cf 12a2 
3 178 122 c4 c7b e0c 
3 175 151 9c 113a 113b 
3 18f 10b af c79 10e2 
3 180 ac 12c e42 f0c 
3 17e 11d bf f1e 1034 
3 175 152 9c 113b 13da 
3 13d 172 b8 b1a ea9 
3 1b4 121 50 12bc 12c0 
3 12b 1b0 4f 9ad 1170 
3 179 123 c5 c5a fb5 
3 1f0 7 f3 1190 121a 
3 1e6 7d 92 42e 13d5 
3 179 c5 124 e8e fb5 
3 146 10a 145 102f 1030 
3 106 a9 196 1122 1204 
3 1f0 7 f5 4ba 909 
3 16c 177 82 6ae bb9 
3 146 10b 145 1030 1037 
3 1ae 132 4f 6b4 128a 
3 181 12d b0 41d 494 
3 17c cb 11c b13 b75 
3 1a9 f6 98 818 1259 
3 1c0 55 10b ce8 1307 
3 175 fb fc 9cb d3d 
3 83 1a7 111 6d9 106d 
3 186 17a 5c 798 ab3 
3 129 17c c1 a0d f63 
3 1f0 fd 7 a47 121a 
3 18a 118 b8 cb4 10f8 
3 178 130 c4 e0c 119a 
3 1e6 9c 7d 45a 544 
3 141 12f 134 bd4 1099 
3 173 98 167 1111 112a 
3 1e4 8c 91 13cb 13cd 
3 1ba 87 eb 8e1 d68 
3 99 1e7 7f 955 b79 
3 17e bf 12b bae c2b 
3 191 110 b4 11d4 11d5 
3 17b cd 125 383 10a6 
3 de 1c5 81 8dd 9fe 
3 195 143 7c d74 114c 
3 196 1a3 e cd6 f1b 
3 17c 129 c9 df1 fd6 
3 1ed 31 e0 400 bff 
3 1aa 104 94 392 112f 
3 17c 129 cb b13 df1 
3 1d5 a8 9a 12a7 12ae 
3 99 1c4 cc e75 130e 
3 1ce 11a 38 c30 e28 
3 102 169 11a 105c 1063 
3 191 bc 110 11d1 11d3 
3 1d6 69 d9 120f 1325 
3 17d 12a cb 9df f76 
3 18b 13e 9b c33 12df 
3 191 86 148 bdf 101b 
3 183 126 c4 d61 103c 
3 176 ef 115 1139 113f 
3 1b6 9d e7 12c1 12c2 
3 17b 12e cd 383 fa1 
3 183 c6 126 f9e fdc 
3 146 145 121 102f 1031 
3 1ae d2 c5 62a 1144 
3 177 103 102 8e7 110b 
3 135 130 147 a51 a77 
3 1ae cd ca 1149 129c 
3 1a5 108 a1 11a5 11b1 
3 1e7 24 101 13de 13df 
3 192 149 87 7e5 da9 
3 a0 18b 13e 96f c33 
3 126 c6 184 f9e fc6 
3 194 e4 e8 fb0 11f0 
3 b9 16a 167 117a 126a 
3 142 13c 135 7ee d96 
3 153 1bb 2d a0f 12dc 
3 1a6 168 42 c74 102c 
3 195 7c 150 d74 119c 
3 185 127 c6 fc5 1015 
3 197 b7 112 fef 12ce 
3 175 11e ef 10ab 10ac 
3 1a7 168 42 a04 c23 
3 1ae ca d2 ab6 1141 
3 14e 15a f6 c17 e6c 
3 c3 1b4 ce d2e 12bf 
3 176 ef 11e 1005 1139 
3 c0 174 152 c27 cbf 
3 c4 183 130 d3e d61 
3 176 11f ef dc1 e18 
3 197 115 b7 ea1 11a2 
3 13f 15b 105 11bc 1241 
3 1b5 c3 ce d2e f7d 
3 152 c0 175 645 c27 
3 143 18e 9d 8e8 f1c 
3 17e 17a 87 5c5 8b6 
3 1b5 4e 145 d8c 12c6 
3 1aa 115 94 e67 112c 
3 16c b8 16d 59b 613 
3 16c a4 177 6ae 1282 
3 1b9 127 65 6d0 ace 
3 190 66 178 88d c00 
3 1d5 12 143 79a 1371 
3 169 111 11c 858 a11 
3 1a7 42 16f a04 f13 
3 190 67 178 a78 1049 
3 16a 119 112 10fa 10fe 
3 18f af 133 c79 ed6 
3 1b0 84 11c e8f 1169 
3 155 156 100 5dc d22 
3 189 13d b2 b16 d98 
3 ff 19b cc 10dc 1327 
3 1e7 24 10f 13df 13e2 
3 ab 18c 13f 6a7 eed 
3 182 cf 12f 1095 1303 
3 ea 17a 125 59f 963 
3 157 100 155 ed0 137c 
3 17e ea 11d f1e 114d 
3 139 17a d7 9d8 1172 
3 157 101 155 d45 ed0 
3 55 1c0 12f e5b 1308 
3 136 184 c6 fa4 fc6 
3 17c f7 116 3e8 75c 
3 17b 125 ea 50a 1146 
3 176 aa 16f 5e7 13e5 
3 16c 116 117 ef8 f3e 
3 1ad 3f 16c 11b7 1226 
3 185 c6 136 77e fa4 
3 e7 164 157 7c7 10c1 
3 163 f4 14c a7c 10a0 
3 1aa 94 11e e67 1319 
3 1ad 3f 16d 100a 11b7 
3 15c fe 151 823 c29 
3 1ea d7 5c 9bd 1115 
3 16d 117 116 f39 f3e 
3 b8 172 16c 571 f2c 
3 130 184 d0 ec6 f88 
3 195 f2 ec f22 f42 
3 84 1b0 125 7c6 12b6 
3 17a 12b ea a7f b8f 
3 18a b8 13d cb4 f8e 
3 172 10e 118 50d 5fe 
3 185 13a c6 1015 12e4 
3 12c 199 ac 10e7 1213 
3 1b1 41 167 12b3 12b5 
3 1c5 153 2d 1310 131f 
3 17c 11c f7 3e8 b75 
3 195 14c 95 ee6 11e6 
3 195 f5 ec f42 115f 
3 1ea db 5c 1137 1352 
3 1ad 3f 172 1226 1285 
3 1ae ea c5 1280 1289 
3 18a 140 b8 5b3 138a 
3 17a 12e ea 963 1110 
3 186 c8 138 b1c da4 
3 1c5 a5 dd cbc 1316 
3 1b4 121 83 11e0 12bc 
3 14c 195 97 f21 11e6 
3 184 d0 135 f88 fdf 
3 17b ea 12e 50a 56c 
3 15c 151 105 823 dc4 
3 1b9 65 137 acc 13f4 
3 199 150 8c e6d 1133 
3 17b eb 12e 56c fd7 
3 115 16e 11e 649 c5d 
3 15c 151 106 dc4 1075 
3 17e e8 12b f99 115a 
3 1b0 c5 ea 116a 116f 
3 1b4 86 121 11e0 12a2 
3 1a8 102 be 3f7 eec 
3 111 16a 12b 8cf 10fb 
3 195 f5 f2 550 f42 
3 1bb 166 35 74e e8d 
3 12b 17e ea a7f bae 
3 1b9 13a 65 ace 13f4 
3 165 166 e0 c13 108f 
3 1b9 d9 c6 109c 1191 
3 169 11c 124 652 bb4 
3 155 157 10f 87d d45 
3 171 172 bd cc0 e60 
3 167 f6 14e 1086 125d 
3 151 ab 18b 1129 11a4 
3 11c 173 111 58e f23 
3 18f af 146 7fc 10e2 
3 193 18f 5f fce 11e7 
3 199 8c 156 1132 1215 
3 18d fc fe 11bd 11bf 
3 18b ab 154 10a4 137f 
3 181 164 b0 401 41d 
3 1a7 112 b6 cfe d58 
3 1b1 173 41 f95 12b5 
3 1b4 83 12b 12a1 12a3 
3 1b6 9d 10d 12bd 12c1 
3 1a7 b6 113 6d2 d58 
3 18c 154 ab a36 1348 
3 166 13d 10e 108e 122f 
3 16d 128 116 4ae f39 
3 184 da 136 c37 fbf 
3 162 18b a0 1000 10a5 
3 1b4 86 12b 9cf 12a1 
3 107 15f 154 a7e 11ac 
3 16d 128 117 f39 1006 
3 1a7 112 b9 126b 126c 
3 15f 108 154 d23 dc5 
3 185 da 136 fbf fc3 
3 194 5f 193 109a 11ef 
3 d7 138 186 9d5 c88 
3 f3 196 fd 8fa 1188 
3 165 ff 153 10ee 1293 
3 147 1b8 66 5c6 11cf 
3 13b 184 da 8d5 bf1 
3 fe 18d 105 e7f edf 
3 1ad ae 116 700 ede 
3 1e6 c0 92 aab e37 
3 175 174 c0 c27 ff3 
3 1f4 81 b5 c94 1421 
3 188 137 d7 d19 13ef 
3 179 11c 111 58e a11 
3 db 13a 185 696 765 
3 185 13b da 8d5 fa2 
3 1ec a7 a0 9b3 123d 
3 176 11e 115 c5d 1139 
3 185 db 13b 765 9de 
3 188 d7 139 7b9 9d8 
3 1ef 5a e8 bb8 132a 
3 15e 107 15d ff7 10b3 
3 1d8 1f 151 1344 134c 
3 109 154 162 1001 1064 
3 1d8 1f 152 134c 134e 
3 12b 173 111 6ff 1014 
3 18c 15f ab 925 a36 
3 196 14d a9 ed2 1206 
3 1c5 180 18 1314 1328 
3 15f 15e 107 9c8 10ba 
3 1a9 82 14f 125c 125e 
3 18f d3 133 513 1180 
3 1e9 11a 38 e28 e2a 
3 120 177 116 e58 113e 
3 18c 105 107 1085 1240 
3 196 105 f3 11cd 140f 
3 1b7 cf e8 8a5 106b 
3 192 17a 87 8b6 13f2 
3 134 d3 18f aef 1180 
3 160 15f 106 c46 1208 
3 d1 134 190 ea4 1036 
3 191 148 bc 709 101b 
3 1d4 12a 54 96e 1074 
3 1a4 a0 13e 96f 11f7 
3 1c9 f9 9b 1291 132e 
3 196 15c 9f 65a 11c5 
3 134 190 d3 aef ea4 
3 160 108 15f c46 1246 
3 1ad 120 ae 700 1126 
3 4f 1b0 179 9ad 11e4 
3 182 141 e3 c01 1051 
3 17e e8 144 115a 11c6 
3 192 87 17e 8b6 da9 
3 1d1 2f 158 b66 1094 
3 1e7 7e dd dde e5c 
3 1a3 14c 97 f21 10bb 
3 17c 116 11c 3e8 6a2 
3 199 100 f8 5a7 d18 
3 dd 1e7 7f b79 ce3 
3 189 166 b2 d98 12ed 
3 1a3 14d 97 e16 11ce 
3 1d1 a7 e1 1059 1261 
3 193 d0 135 d3b 115c 
3 1d5 9a e7 12ad 1377 
3 1a0 f0 fc b6a fe2 
3 86 17e 194 e21 11eb 
3 1cd 83 110 91d b61 
3 18f d3 13c d1f e1a 
3 149 17e e8 100d 11f1 
3 1c2 3a 16f 1023 11f9 
3 155 12c 156 1211 1212 
3 1cd 111 83 3c5 61f 
3 1a7 112 ce 712 cfe 
3 184 eb 13b bf1 d59 
3 9d 1d5 e7 c15 12c2 
3 179 12b 111 dea 1014 
3 1c7 a1 ff 11af 1300 
3 1bf 105 ab 1222 12f3 
3 cc 19b 12c 12f8 132b 
3 172 10e 13d 5fe 1312 
3 1ba eb d0 8e1 103f 
3 117 140 16c e6e 106c 
3 19e 104 f0 b70 e57 
3 17e 14a ea e02 114d 
3 79 1f2 d4 10e8 1418 
3 17d 1b0 54 112e 12ac 
3 196 15c a9 1204 1205 
3 99 1b6 12d 811 e77 
3 190 141 d1 8b0 1036 
3 179 11c 124 bb4 f31 
3 1a8 124 be f58 1106 
3 dd cc 1c5 434 d27 
3 18f 142 d3 d1f 11db 
3 d1 190 142 e92 1021 
3 174 152 f9 1108 134d 
3 1da 2d 153 385 a0f 
3 1c2 176 3a 444 11f9 
3 de cc 1c5 d27 ea5 
3 156 ac 199 10e7 1215 
3 16b 15a 104 10f0 1130 
3 1ea 85 db 1118 1352 
3 1d4 138 54 135e 136e 
3 d3 142 190 e92 11db 
3 1b2 119 b9 a63 bab 
3 1ba 87 13b d68 13e9 
3 189 1bb 37 e1e 1039 
3 1c9 30 174 128d 1298 
3 196 106 105 442 1200 
3 fc 175 151 496 113a 
3 1e9 aa bb 969 13e6 
3 1c8 103 a4 b63 1367 
3 193 135 dc d3b e97 
3 147 187 e3 101c 121e 
3 173 17d cb 1197 12aa 
3 196 107 105 11ca 1411 
3 172 13d 118 5fe ea9 
3 83 168 1a7 6d9 c23 
3 1a9 98 14f 818 125c 
3 190 d8 141 8b0 11d8 
3 179 123 124 fb5 1252 
3 1b0 54 186 f77 136f 
3 1e7 155 18 46e 7ca 
3 83 1a7 16a 106d 1263 
3 1d5 9a f8 792 12a6 
3 1a2 f3 105 1104 1410 
3 192 d0 149 7e5 140a 
3 11c 17c 129 a0d b13 
3 16c 116 14f d84 ef8 
3 193 d0 147 115c 1199 
3 1a9 169 82 1258 125b 
3 193 dc 13c d32 e97 
3 16c 117 14f ef8 1121 
3 193 149 d0 eff 1199 
3 166 10e 165 108f 1192 
3 193 d0 14a eff 1161 
3 8c ee 1e4 39b 13cb 
3 1ce a4 102 650 843 
3 1d1 171 2f 728 1094 
3 178 122 130 e0c 1124 
3 1a3 f4 108 1247 1250 
3 99 dd 1e7 51c b79 
3 1d8 9b f9 5fb 132e 
3 1d5 100 9a 792 1373 
3 190 141 e3 1051 11d9 
3 e1 a7 1de 1098 13b0 
3 1cc ff ad 123e 1342 
3 1e5 ed 8d 13d0 13d1 
3 1d8 fa 9b 5fb 12fc 
3 19e 175 94 657 1275 
3 143 e6 18e 72d 8d7 
3 de dd 1c5 a54 d27 
3 1ae c5 125 62a 1289 
3 1e4 ee 91 65b 13cb 
3 17a 125 12e 963 da2 
3 1b0 11c cb e8f 12a9 
3 178 135 122 f3a 1124 
3 18f 146 e4 7fc 11ea 
3 17b 125 12e 383 50a 
3 1e5 8d f2 d50 13d1 
3 167 169 111 815 c7e 
3 147 190 e3 a6d 11da 
3 a0 162 1a4 b5c 1000 
3 1c7 17 1a5 c84 1153 
3 1b7 182 5a d24 1066 
3 ec 199 12c dd2 121c 
3 1b0 c5 125 116f 12b6 
3 1a5 a1 15f 11a5 128b 
3 1ae 125 ca ab6 1149 
3 1ab 13d b8 b1a f8e 
3 111 169 168 ee3 11a9 
3 1d2 a4 103 1284 1367 
3 193 14a dc d32 1161 
3 1b4 c3 121 fdd 12c0 
3 167 16a 111 1175 1265 
3 1c2 112 b7 ff4 12ce 
3 1e5 8e f5 13cf 13d6 
3 178 66 1b8 5c6 119b 
3 99 12d 1c4 811 130e 
3 14c 18e e6 f26 113c 
3 1c2 113 b7 fe1 ff4 
3 1ae cd 125 10a6 1149 
3 1ab b8 140 1210 138a 
3 1cc ad 109 123e 13fb 
3 f2 8d 1e8 af4 118a 
3 1b7 187 5a 1112 11c7 
3 184 126 122 67d df3 
3 1f3 d 15d f49 141a 
3 1c2 b7 115 1077 11a2 
3 193 e4 146 11e8 11ea 
3 1a2 105 107 1240 1412 
3 c6 184 183 447 f9e 
3 1a9 98 167 590 1259 
3 1b5 119 ce fd8 1067 
3 1f1 90 df ff5 1413 
3 1c5 19a 2d 130d 1310 
3 1aa 94 16b 392 112c 
3 1a9 169 98 590 1258 
3 1ae 125 d2 62a ab6 
3 1ae c5 132 6b4 1144 
3 143 195 e6 72d 114c 
3 149 193 e4 f5d 11e8 
3 185 c6 184 fa4 118e 
3 a7 1a4 165 fe5 13a7 
3 169 11a 168 124f 1264 
3 135 178 130 a51 1124 
3 cc 1c5 ff ea5 1327 
3 194 149 e4 f5d 11f0 
3 1b8 6d 178 109b 119b 
3 1b4 16a 83 11e5 12a3 
3 1a7 14e b9 1269 126b 
3 1d1 10e a7 1059 11f4 
3 1d3 11e 94 10bc 1319 
3 1c7 cc ff bb0 10dc 
3 194 149 e8 11f0 11f1 
3 99 155 1b6 72c 1071 
3 184 122 130 a2c df3 
3 1c0 10b cf 1305 1307 
3 99 1b6 157 4f0 1071 
3 18f 133 10b c79 123b 
3 183 130 126 d61 fa8 
3 195 e6 14c ee6 f26 
3 18c 13f 105 eed 1242 
3 16d 16c 116 f3e 10a1 
3 1b8 183 69 1048 11dc 
3 16d 16c 117 613 f3e 
3 186 d7 17a 798 1375 
3 1b0 179 84 f82 1169 
3 1cd 110 b4 91d c3b 
3 153 1c5 81 9fe 131f 
3 184 126 130 df3 fa8 
3 1ea 5c 12e 1116 1156 
3 173 111 167 112a 12b7 
3 18d 13f 105 11bc 12f4 
3 1cd b4 111 3c5 59d 
3 186 12e 125 6c1 da2 
3 169 1a9 a4 826 125b 
3 184 135 122 a2c dcf 
3 1b9 c6 127 109c 12da 
3 17e ea 17a 5c5 a7f 
3 184 122 136 67d c47 
3 16f 11a 168 111b 111e 
3 1ae d2 132 1144 1145 
3 1b6 10d e7 11e2 12c1 
3 1f1 ee 90 1202 1413 
3 188 d7 17a 9d8 13ee 
3 177 103 170 cae f2b 
3 151 fa 18b dec 1129 
3 1c1 143 9d 8e8 1372 
3 1e6 fb 9c 48f 13d9 
3 1f0 f5 8e 4ba 6b5 
3 14a 17e 11d 6b9 114d 
3 171 172 10e e64 1135 
3 1f4 153 29 546 1422 
3 184 136 126 67d fc6 
3 1b8 c4 130 d3e 119a 
3 1a9 16e a4 f3c 11fb 
3 1c8 38 19d 69e 131c 
3 195 ec 150 119c 130b 
3 18d fc 151 496 11bd 
3 147 178 130 7ab a51 
3 12f 182 134 a4e 1099 
3 de 1c5 ff bbc ea5 
3 1ea 5c 137 10d3 1115 
3 e1 1a4 13e 1131 11f8 
3 185 da 184 8d5 fbf 
3 13f 1bf ab 12e2 12f3 
3 99 164 1b6 4f0 e77 
3 18a 13d 118 cb4 fb2 
3 1f0 96 f3 ec4 1190 
3 fe 18d 151 edf 11bd 
3 1c8 bb 11e 10f6 124d 
3 84 186 1b0 7c6 f77 
3 1ea 13a 5c 10d3 1137 
3 fd 8e 1f0 58b a47 
3 1f0 96 f5 909 d70 
3 185 13a 127 c97 1015 
3 1c9 9b 13e e82 1386 
3 1ae 125 ea 1146 1289 
3 17e 144 12b 115a 1195 
3 135 178 147 852 a51 
3 179 169 111 a11 ee2 
3 1a8 102 11a 105c 10ff 
3 144 17f 12b 427 ec3 
3 184 130 135 a2c f88 
3 171 170 11b a32 b8d 
3 199 150 ec 1133 12cc 
3 1a7 b9 167 1269 126a 
3 1ec 165 31 13fd 13fe 
3 ea 125 1b0 59f 116f 
3 176 115 16e c5d 1216 
3 18f 10b 146 10e2 11bb 
3 1ed 165 31 400 10e6 
3 190 178 d8 a78 c00 
3 16c 177 116 bb9 11c3 
3 1ec 33 165 dbe 13fe 
3 171 172 11b e60 11f2 
3 105 151 18d edf f9b 
3 1b4 145 c3 fdd 12c7 
3 1cd 123 b4 c3b 1173 
3 1d0 14f 82 ea0 125e 
3 a7 10e 1de 1098 1123 
3 1a7 b9 16a 126a 126c 
3 1b4 121 e8 12a0 12a2 
3 1b9 d9 127 6d0 109c 
3 1a3 97 195 f21 10d5 
3 1b5 c3 145 12c6 12c7 
3 1b9 c6 13a 12da 12e5 
3 1e7 101 a3 13de 13e1 
3 180 d 1f3 3de b7d 
3 181 10d 164 401 1150 
3 1a4 18b a0 96f 1000 
3 18c 107 154 a7e f96 
3 1a7 112 113 d58 1163 
3 fe 15b 18d e7f 11c0 
3 1ba d0 130 c0b ec6 
3 15e 195 ec cf9 115f 
3 182 12f 141 1096 1099 
3 1ba 13a c6 12e4 12e5 
3 e1 1ab 13d 131a 1320 
3 ea 1b0 12b b8f 1170 
3 1ad ae 16d ede 100a 
3 99 10f 1e7 515 a81 
3 1f4 29 165 546 10e5 
3 179 111 173 58e 1014 
3 99 1c4 155 72c e75 
3 196 fd 14d ed2 efd 
3 179 11c 169 a11 bb4 
3 1a8 169 be eec f58 
3 176 16e 11e c5d 131d 
3 1d4 54 17d 96e 112e 
3 182 134 141 1099 10cb 
3 b8 16c 1ab 571 1210 
3 199 f8 150 e6d f5b 
3 18d 15b 105 e7f 11bc 
3 1bf 151 ab 11a4 1222 
3 1da 19a 2d 385 e6a 
3 1b4 12b e8 9cf 129f 
3 ef c0 1e6 e7e 13db 
3 1ef 144 5a 901 132a 
3 18c 105 15f 925 1085 
3 175 174 11e ff3 127a 
3 f5 195 15e 9b8 115f 
3 18c 15f 107 a7e 1085 
3 14e 16b 15a add ebf 
3 1f4 31 165 10e5 10e6 
3 1bb b5 153 12dc 12de 
3 1c0 cf 12f 1303 1308 
3 185 13b 13a 765 12e6 
3 179 124 169 bb4 12fa 
3 123 1a6 110 eaf 124c 
3 b8 1ab 172 571 b1a 
3 199 f8 156 5a7 1132 
3 1c4 12c cc 127b 12fe 
3 173 179 11c 391 58e 
3 cc 1c4 12d 9c7 130e 
3 1c5 cc 12c 434 132b 
3 1b9 137 d9 acc b62 
3 18f d3 190 aef 11db 
3 167 1b1 b9 1167 12b3 
3 1d4 186 54 136e 136f 
3 1b7 146 cf 8a5 1306 
3 a1 154 1c7 aeb 11af 
3 1f2 79 126 1416 1417 
3 1b2 167 b9 1167 117a 
3 165 166 153 1343 1403 
3 1cd 168 83 61f b61 
3 196 fd 15c 65a 1205 
3 190 e3 182 1051 11fa 
3 18f 134 133 1180 11b5 
3 1a7 ce 16a 712 1263 
3 19e 1aa 94 e6f 112f 
3 1a3 14c f4 10bb 12f9 
3 1c7 cc 12c 12f8 12fe 
3 198 117 140 595 e6e 
3 199 155 100 5dc 1379 
3 1aa 115 11e 649 e67 
3 1c7 cc 12d 9c7 dfb 
3 1b2 b9 16a a63 117a 
3 85 1ea 12e c0c 1156 
3 17f 145 144 fbc 129d 
3 199 156 100 5a7 5dc 
3 1a3 14d f5 11ce 11d6 
3 1a2 105 13f 1241 1242 
3 ff 19b 154 c73 1217 
3 1d8 13e 9b 12df 1386 
3 12e 1ea 87 13ea 13eb 
3 1b6 181 9d 12bd 1374 
3 1d5 9d 143 1371 1372 
3 18d 175 fc 496 1128 
3 187 139 144 a94 c2a 
3 1ba 147 d0 c0b 140c 
3 196 105 15c 442 11c5 
3 1ba 192 87 fd3 13f3 
3 175 151 152 113b 1235 
3 196 15c 106 442 1204 
3 1bb b2 166 74e 12ed 
3 15f a1 1c7 aeb 128b 
3 1d0 82 16c ea0 126f 
3 197 112 14e ead 1260 
3 194 e8 17e 11eb 11f1 
3 1ec 109 ad 13f8 13fb 
3 194 14a 11d 6b9 eba 
3 149 17e 14a 9c1 c59 
3 e1 1ab 158 110e 1396 
3 1ad 116 120 700 e58 
3 179 12b 173 1014 12a5 
3 196 105 15f 11ca 1200 
3 1d1 10e e1 4dc 1059 
3 154 19b 107 9bc 11ac 
3 1bb 166 b5 e8d 12de 
3 196 106 15f 1200 1208 
3 106 196 160 6ad 1208 
3 15f 196 107 e41 11ca 
3 181 164 12d 41d 12c3 
3 dd 1c5 12c 434 cf7 
3 1f2 79 136 1417 1418 
3 1f3 1a1 d b7d 141a 
3 85 13b 1ea c0c 1118 
3 1a2 15d f3 e62 140e 
3 1b4 e8 144 1171 129f 
3 1d5 9a 150 12a6 12ae 
3 1d5 143 a8 79a d92 
3 190 141 134 1036 10cb 
3 1b4 145 e8 1171 12a0 
3 1c0 cf 146 1305 1306 
3 198 117 14f 1121 1134 
3 1ea 87 13b 13e9 13ea 
3 1a9 14f f6 818 cba 
3 193 13c 135 d96 e97 
3 1a8 124 123 e5e 1187 
3 190 142 135 104d 1152 
3 12b 17d 173 a2e 12a4 
3 1b7 147 e3 a6d 121e 
3 1ab 18a b8 f8e 138a 
3 1d6 183 69 11dc 1325 
3 1a3 f5 15e 9b8 121b 
3 1bd e1 13e 1131 1251 
3 193 18f e4 11e7 11ea 
3 1ba eb 13b d59 d68 
3 1b8 147 e3 101c 11cf 
3 1a3 160 f4 1247 1249 
3 1e6 152 7d 544 13d5 
3 19b 107 15e 9c8 10bd 
3 1d5 157 9a 1373 1377 
3 135 147 190 852 119f 
3 1b7 e8 146 8a5 121f 
3 15f 107 19b 9c8 11ac 
3 1da 2d 1bb a0f a13 
3 13c 18f 142 cb8 d1f 
3 1ce 1c8 38 e46 1356 
3 f4 1a3 163 381 1250 
3 1e8 df ee 41f 1087 
3 193 135 142 d96 1152 
3 1b1 12b 111 6ff 117b 
3 18e e6 195 72d f26 
3 1b0 c5 179 f82 11e4 
3 1b0 173 cb 12a9 12aa 
3 17d 12b 17a a03 12c4 
3 194 e4 193 f5d 109a 
3 e8 1b7 149 10b0 121f 
3 1db ab 13f 6a7 12e2 
3 1b2 111 12b 8cf 117b 
3 1c1 9d 181 9c5 1376 
3 1c4 ec 12c dd2 1227 
3 1b1 cb 173 f95 1197 
3 ce 1b4 16a 114f 11e5 
3 1cc ff 109 1185 123e 
3 1e8 f2 df 41f dd3 
3 19e f0 175 657 d1d 
3 17a 17e 12b a7f ee8 
3 1d5 f8 100 792 d18 
3 1d5 150 a8 d92 12ae 
3 f6 1a9 15a f27 124e 
3 1b5 16a ce 1067 114f 
3 a4 1c8 16e 115b 1355 
3 193 147 135 115c 119f 
3 1d8 f9 fa 5fb 132f 
3 193 13c 142 cb8 d96 
3 1a2 105 15b fe7 1241 
3 1ae 17b cd 10a6 1142 
3 1a0 175 f0 b6a d1d 
3 1a1 107 15d 10b3 11a6 
3 1a1 15e 107 10b3 10bd 
3 1a2 107 15d f2e 140d 
3 1b0 17d cb 12aa 12ac 
3 19c 1f9 1b 220 2d2 
3 1ce 169 a4 826 843 
3 cc 1c4 155 e75 127b 
3 1c2 113 112 ff4 1163 
3 1e5 ed f2 13d1 13d2 
3 171 170 158 508 666 
3 1b6 e7 157 7c7 c78 
3 1ea 5c 17a 9bd 1116 
3 1b1 17d cb f79 1197 
3 1cc 165 ad 1342 13fa 
3 15e 1a3 107 ccf 10ba 
3 186 17a 125 da2 12a8 
3 e1 1de 10e 1098 122e 
3 193 13c 14a d32 104c 
3 1a3 15f 107 e41 10ba 
3 1b8 178 c4 109b 119a 
3 1d4 54 1b0 112e 136f 
3 1e5 ed f5 13d2 13d4 
3 1c1 9d 18e 8e8 f40 
3 19d 170 103 c6a 1233 
3 108 1a3 15f 11ad 1246 
3 197 16b 115 51e 12cb 
3 16e 1ce a4 f3c 1355 
3 194 13c 14a 104c 11ed 
3 1a3 160 108 1246 1247 
3 1a7 112 14e 1260 126b 
3 df ee 1f1 1087 1413 
3 1d3 94 175 10bc 1275 
3 f6 1a9 167 11fd 1259 
3 1e8 ee f2 41f b8e 
3 174 152 175 82e c27 
3 1e6 92 152 aab 13d5 
3 1d0 a4 16c 126f 1361 
3 1c2 b7 176 444 1077 
3 1e5 f2 f5 9a6 13d2 
3 1a0 fc 175 b6a 1128 
3 189 b2 1bb e1e 12ed 
3 183 126 184 f9e fa8 
3 163 1a3 108 10d8 1250 
3 1a5 15f 108 11a5 11ad 
3 1aa 15a 104 1130 1267 
3 1d0 a4 16e 115b 11fb 
3 1ca e1 13d 131a 13ae 
3 117 16c 198 e6e 1121 
3 155 199 12c 1211 127c 
3 15b 18d 13f 82d 11bc 
3 186 17a 12e ab3 da2 
3 156 199 12c 10e7 1211 
3 1bf ab 18b 11a4 1345 
3 e1 1bd 159 122a 1251 
3 1d2 16c a4 1282 1361 
3 13d 189 166 a73 d98 
3 146 193 149 1026 11e8 
3 1a5 163 108 10d8 10f1 
3 1db 154 ab 1348 137f 
3 1e6 fb ef 7cb 13dc 
3 149 193 147 1101 1199 
3 1b6 164 e7 7c7 11e2 
3 d7 1d4 138 9d5 1360 
3 1b8 183 c4 d3e 1048 
3 1ce 102 11a c30 1063 
3 1d4 d7 139 1172 135f 
3 1ee 12d b0 494 9ed 
3 14a 193 149 7c8 eff 
3 1a5 163 10c 10f4 1301 
3 1e6 9c 152 544 13da 
3 1d1 a7 171 728 11f4 
3 14d 1f0 8e 58b 6b5 
3 194 14a 149 7c8 9c1 
3 de 1c5 153 9fe bbc 
3 183 1b9 c6 a6e 1191 
3 1a8 102 169 eec 105c 
3 183 184 130 f9d fa8 
3 99 1e7 155 51c a81 
3 137 d9 1d6 b62 122d 
3 1f4 81 153 1421 1422 
3 1ba c6 183 447 a6e 
3 195 150 143 d74 118b 
3 1ba 184 c6 447 118e 
3 1c0 10b 133 123a 123b 
3 150 ec 1c1 12cc 130b 
3 1ef 5a 187 901 11c7 
3 1b7 cf 182 d24 1304 
3 174 1c8 bb 1088 10f6 
3 1ba 185 c6 118e 12e4 
3 1d2 a4 177 1282 1284 
3 1d1 e1 13d 4dc 1320 
3 15e 19b 12c c4d 139e 
3 1ae 17b ea b57 1146 
3 1c9 174 bb 1088 1298 
3 1c8 bb 176 124d 13e7 
3 1bf 105 13f 12f3 12f4 
3 1aa 16b 104 392 1130 
3 194 11d 17e 6b9 e21 
3 188 17a 139 9d8 bdd 
3 ea 1b0 17a 59f b8f 
3 1a6 110 168 c74 1255 
3 185 184 136 fa4 fbf 
3 1e7 a3 155 46e 13e1 
3 1a7 167 111 11f6 1265 
3 1cd b4 179 59d 1173 
3 1a7 168 111 6d9 125f 
3 1c7 10c 12d 12f1 1405 
3 1ba d0 184 ec6 103f 
3 1de a7 165 1123 13a7 
3 1d5 181 9d 1374 1376 
3 185 184 13b 8d5 118f 
3 1a0 18d fc cc4 1128 
3 111 16a 1a7 106d 1265 
3 16e 176 16f 107b 13e4 
3 a5 1c5 19a 1164 130d 
3 1a7 16a 112 712 126c 
3 f6 14f 1c3 75e cba 
3 18c 15f 154 a36 a7e 
3 163 14c 18e f41 10e1 
3 1d0 1a9 82 125e 1270 
3 154 18b 162 bb5 d80 
3 1a1 15e 12c c4d 10b4 
3 135 190 178 852 1049 
3 1cd 110 123 c3b eaf 
3 1d6 69 1b8 11dc 12d0 
3 1f1 1e8 4 40a 7ea 
3 1a0 19e f0 d1d 108c 
3 1b2 1b1 b9 fd4 1167 
3 1b4 121 145 fdd 12a0 
3 1a6 168 11a 102c 1264 
3 e1 1ca 159 105e 122a 
3 1b9 d9 183 1191 1219 
3 1f1 1e8 5 b8c 1189 
3 169 1a6 11a 111c 1264 
3 1f0 f3 fd 8fa 121a 
3 1a3 195 f5 9b8 10d5 
3 113 16f 1a7 f13 12cd 
3 ec 1dc 12c 1079 1227 
3 1c0 10b 146 11bb 1305 
3 1c0 182 cf 1303 1304 
3 1e9 38 1c8 e46 13e3 
3 1c2 b7 197 11a2 12ce 
3 1b9 127 13a ace 12da 
3 1f0 15d 96 ec4 fcc 
3 1a8 11a 169 105c 111c 
3 1b7 182 e3 1066 11fa 
3 1f0 96 15e d70 fcc 
3 115 1aa 16b eaa 112c 
3 1bf 105 151 f9b 1222 
3 1c7 a1 1a5 1153 128b 
3 1b3 12b 144 ec3 1195 
3 1a2 18c 105 1240 1242 
3 87 17a 1ea 13eb 13f2 
3 1c3 15a f6 e17 f27 
3 1ba d0 192 fd3 140b 
3 134 190 182 10cb 12d3 
3 1d8 9b 18b 12df 12fc 
3 1b4 144 12b 427 129f 
3 16e 1aa 115 579 649 
3 99 1b6 1c4 72c 811 
3 192 17a 139 bdd 12ba 
3 1a2 18c 107 fe6 1240 
3 1e9 38 1ce e28 e46 
3 1d3 19e 94 e6f 1275 
3 1b7 e3 187 1112 121e 
3 1f0 105 f3 140f 1410 
3 167 111 1b1 70f 12b7 
3 122 1f2 d4 968 de0 
3 a0 1ec 162 b5c f98 
3 18a 13d 189 bcb 1238 
3 1b8 187 e3 f87 101c 
3 1de 13d e1 122e 13ae 
3 1d1 158 e1 b66 110e 
3 167 1b2 111 70f 1175 
3 153 1c5 ff 991 bbc 
3 16c 198 140 cac e6e 
3 1ad 16c 116 10a1 11c3 
3 199 156 155 5dc 1211 
3 1ad 16d 116 ede 10a1 
3 1a8 169 124 f58 f7c 
3 1b6 10d 164 1150 11e2 
3 1df e1 13e 135a 138d 
3 1e6 175 9c 13d9 13da 
3 152 1e6 c0 645 aab 
3 1c6 153 ff 991 107d 
3 13f 1a2 15b 1194 1241 
3 1e7 10f 101 13df 13e0 
3 178 190 147 852 88d 
3 1b2 16a 111 8cf 1175 
3 1c6 ff 154 c73 1292 
3 18d 151 175 496 10ae 
3 1aa 11e 16e 649 692 
3 1be 15d 107 f2e 11a6 
3 1b7 e3 190 a6d 11fa 
3 1b5 1b4 c3 d2e 12c7 
3 1cd 124 123 1187 1252 
3 1c7 ff 154 11af 1217 
3 b5 1ed 153 3b1 10d6 
3 1cf 14e f6 c17 125d 
3 1ea d7 137 1115 13ef 
3 137 13a 1b9 6b3 13f4 
3 1c0 134 12f 8fe a4e 
3 144 1b3 139 975 12b8 
3 134 18f 190 aef bc7 
3 107 1a3 196 cbe e41 
3 1ba 184 eb d59 103f 
3 190 182 141 1051 10cb 
3 1c3 104 15a d6b 1267 
3 1ec 165 a7 dbe fe5 
3 1d3 94 1aa e6f 1319 
3 139 192 187 100c 12cf 
3 1a1 19b 107 10bd 133e 
3 192 139 188 bdd 1324 
3 170 1ad 11b ee1 1281 
3 1b1 111 173 6ff 12b7 
3 14e 197 16b 704 a9e 
3 147 130 1b8 7ab bbb 
3 154 107 1c6 9bc f96 
3 1b2 16a 119 a63 ca9 
3 1ad 116 177 e58 11c3 
3 11b 1ad 172 11b2 1285 
3 1c0 134 133 11b5 12dd 
3 18d 175 159 6bb e13 
3 e7 157 1d5 c78 1377 
3 bb 1c8 19d 1228 131c 
3 15f 19b 154 473 11ac 
3 1ea db 13a 574 1137 
3 1ce a4 1a9 826 f3c 
3 1ba 13b 13a 12e6 131b 
3 1ea 13b db 574 1118 
3 174 1ac 11e d25 127a 
3 1cc 153 ff 107d 1293 
3 1c9 bb 19d 1228 1229 
3 1ec 165 ad 13fa 13fd 
3 1e9 16f aa 3c7 13e5 
3 160 196 15f 6ed 1208 
3 1ba 147 130 bbb c0b 
3 11e 1ac 175 bde 127a 
3 192 149 17e da9 12d4 
3 198 14f 16c 1121 126e 
3 193 135 190 1152 119f 
3 1cc 154 ff 1185 1292 
3 1b5 ce 1b4 d2e 114f 
3 1db ab 18b 1345 137f 
3 1f0 107 105 1411 1412 
3 1d1 13d 10e 4dc 1312 
3 1db 18c ab 6a7 1348 
3 1b5 16a 119 ca9 1067 
3 1a9 1d0 a4 11fb 1270 
3 1ea 87 192 13f2 13f3 
3 1a1 180 12c 8eb d49 
3 d4 1f2 136 968 1418 
3 1cf f6 15a c17 124e 
3 1b0 173 11c 391 12a9 
3 194 17e 149 9c1 11f1 
3 1ef 1b7 5a bb8 11c7 
3 13e 1ac 159 11ab 139c 
3 1f4 b5 153 3b1 1421 
3 194 17e 14a 6b9 9c1 
3 193 18f 13c cb8 fce 
3 1ad 177 120 e58 11b9 
3 1b4 144 145 1171 129d 
3 18f 190 142 119d 11db 
3 1c5 19b cc 1327 132b 
3 1d5 f8 150 f5b 12a6 
3 1e9 176 aa 13e5 13e6 
3 15f 19b 15e 9c8 13a1 
3 1ba c6 1b9 a6e 12e5 
3 1b0 11c 179 391 1169 
3 1ed b5 166 b05 10d6 
3 109 1cc 154 1001 1185 
3 1a5 108 1a3 10d8 11ad 
3 1c7 cc 19b 10dc 12f8 
3 1ef d0 147 1409 140c 
3 104 1aa 19e e0e 112f 
3 197 1a7 112 53a 1260 
3 193 142 18f cb8 119d 
3 194 193 13c 104c 11ef 
3 1df e1 158 138d 1396 
3 1ef 149 d0 1409 140a 
3 1df e1 159 105e 135a 
3 1dc f4 14c 10a0 12f9 
3 193 190 142 1152 119d 
3 1b2 12b 16a 8cf 11e3 
3 1d4 17a d7 1172 1375 
3 1ee 181 9d 9c5 10d7 
3 1b6 181 10d 1150 12bd 
3 18f 193 146 4b3 11ea 
3 143 18e 195 72d e32 
3 151 1d8 fa dec 1344 
3 1cf f6 167 11fd 125d 
3 1d8 152 f9 134d 134e 
3 1f5 1b 1f6 21a 2cc 
3 1ae 125 17b 10a6 1146 
3 1cc 165 ff 1293 1342 
3 15d 1a1 15e 3d0 10b3 
3 163 1c7 10c c99 1301 
3 147 193 190 dff 119f 
3 164 1b6 12d e77 12c3 
3 1b7 146 149 1026 121f 
3 1b4 12b 16a 11e3 12a3 
3 9d 1d5 1b6 12c2 1374 
3 149 1b7 147 c3d 1101 
3 12b 1b0 173 12a4 12a5 
3 1b 1f7 1f6 219 2cb 
3 125 17a 1b0 59f 12a8 
3 1bd 1a4 e1 1131 13a8 
3 1c9 174 f9 128d 1331 
3 1d5 155 100 1379 137c 
3 155 1e7 dd 51c 7ca 
3 1b1 173 12b 6ff a2e 
3 175 c0 1e6 645 e7e 
3 1d5 100 157 1373 137c 
3 19d 158 170 942 1283 
3 1dc 15e ec cf9 1079 
3 140 1ab 16c edb 1210 
3 167 1a7 14e 8ac 1269 
3 15f 1a3 15e ee4 10ba 
3 109 1cc 162 f32 1001 
3 195 1c1 ec f35 130b 
3 1e9 176 bb 13e6 13e7 
3 1f9 1f7 1b 21f 2d1 
3 194 149 193 7c8 f5d 
3 12b 179 1b0 9ad 12a5 
3 195 18e 14c f26 139d 
3 1a3 160 15f 6ed 1246 
3 194 193 14a 7c8 104c 
3 d7 186 1d4 9d5 1375 
3 1ab 172 13d b1a 1274 
3 17a 12b 1b0 b8f 12c4 
3 1af 12a 17d bf3 f37 
3 31 1f4 1ed b6d 10e6 
3 1c2 16f 113 1023 12cd 
3 1c0 1b7 cf 1304 1306 
3 1ce 169 102 843 1063 
3 ec 1c1 199 bcc 12cc 
3 9d 18e 1ee f40 1404 
3 115 1c2 16e 11ff 1216 
3 1de 10e 13d 122e 122f 
3 1de a7 1a4 13a7 13b0 
3 19f 140 18a 978 138c 
3 1d6 d9 183 1219 1325 
3 12b 17d 1b0 12a4 12c4 
3 1ce a4 1c8 1355 1356 
3 1d5 9d 1c1 1372 1376 
3 1a1 12c 19b c4d 11a7 
3 1c4 155 12c 127b 127c 
3 175 19e 159 63a b3f 
3 1b1 17d 12b a2e 12b4 
3 1ef e8 144 11c6 132a 
3 1b0 186 125 7c6 12a8 
3 12b 1b3 17a a03 ee8 
3 12b 1b1 17f e8c 1179 
3 1d0 1c8 a4 115b 1368 
3 1ee b0 181 494 919 
3 1c4 ec 199 bcc dd2 
3 1a0 175 159 63a 6bb 
3 17d 1b3 12b a03 12b4 
3 1b2 17f 12b 1179 11e1 
3 1dc f4 163 381 10a0 
3 107 1be 18c 4e6 fe6 
3 1b3 17e 12b ee8 1195 
3 1ef 149 e8 100d 10b0 
3 1c2 115 176 1077 1216 
3 1a2 18c 13f 1242 12f2 
3 1b3 12b 17f e8c ec3 
3 1a8 1a6 11a f54 111c 
3 1bf 18d 105 f9b 12f4 
3 1d2 a4 1c8 1367 1368 
3 13e 1a4 18b 8c5 96f 
3 17a 1af 139 cc6 12bb 
3 1bd 13e 159 11ab 1251 
3 1b4 12b 17f 427 11e1 
3 1cd 168 110 b61 1255 
3 1cd 111 168 61f 11a9 
3 1ce 167 111 815 11f6 
3 1cd 169 111 ee2 11a9 
3 1d8 9b 1c9 132e 1386 
3 12d 10c 1ee 8df 1405 
3 150 1c1 143 d88 118b 
3 1ce 111 168 ee3 125f 
3 1c9 bb 1c8 1088 1228 
3 1ea 1ba 87 13e9 13f3 
3 1ce 111 169 815 ee3 
3 1d2 103 170 f2b 1233 
3 1b8 130 178 7ab 119a 
3 155 1b6 157 1071 137b 
3 1d2 1d0 a4 1361 1368 
3 1f9 19c 8b 21d 2cf 
3 123 1a8 1a6 fde 1072 
3 1aa 16b 15a 1130 11cb 
3 1b3 17a 139 12ba 12bb 
3 12d 1b6 181 e0f 12c3 
3 1c0 18f 10b 11bb 123b 
3 192 17e 17a 8b6 1165 
3 a0 1a4 1ec b5c 123d 
3 16e 1c8 11e 127f 131d 
3 1ab 13d 18a f8e 122c 
3 169 1a6 168 1264 12fb 
3 1d8 174 f9 1331 134d 
3 1c7 1c4 cc 9c7 12fe 
3 1cf 115 16b eaa 12cb 
3 1d2 177 103 f2b 1284 
3 1ce 11a 168 111e 124f 
3 1ed e0 165 400 c13 
3 1c6 107 18c 4e6 f96 
3 1ce 169 11a 1063 124f 
3 1a7 167 16a 1265 126a 
3 1ed e0 166 c13 1329 
3 1db ab 1bf 12e2 1345 
3 1ca 1ab e1 131a 139b 
3 18a 140 1ab 138a 138c 
3 1cf 16e 115 579 11ff 
3 1d1 171 10e e64 11f4 
3 1a9 167 169 590 7b7 
3 1f0 f5 14d 6b5 11d6 
3 1c8 174 11e d25 10f6 
3 1d1 10e 172 e64 1312 
3 1b8 130 183 d3e 118c 
3 1ec 1a4 a7 fe5 123d 
3 1cd 179 111 59d ee2 
3 ff 1c5 19b d7f 1327 
3 1be 1a1 107 11a6 133f 
3 1c8 176 11e 124d 131d 
3 1e7 155 101 13e0 13e1 
3 1ea 17a d7 9bd 13ee 
3 1a7 16f 168 a04 134f 
3 1c3 f6 1a9 cba f27 
3 16f 1ce 11a e27 111e 
3 1a2 1be 107 f2e fe6 
3 159 1ac 175 644 1279 
3 18d 159 1a0 6bb 110c 
3 1b2 1b1 111 70f 117b 
3 192 188 17a bdd 13f0 
3 1c6 19b ff c73 d7f 
3 164 157 1b6 4f0 7c7 
3 1a3 195 14c f21 1392 
3 1cd 169 124 f7c 12fa 
3 1ba 183 130 f9d 118c 
3 1c9 13e 158 572 134a 
3 17e 1b3 144 6e9 1195 
3 1ba 184 130 ec6 f9d 
3 1c7 19b ff 10dc 1217 
3 196 14d 1a3 cd6 f86 
3 1b3 144 17f ec3 f5f 
3 14d fd 1f0 58b efd 
3 1b4 17f 144 427 129d 
3 1f2 122 126 5a6 12f0 
3 17f 1b4 145 ad8 129d 
3 1c2 197 112 53a 12ce 
3 1d1 11b 170 a32 ee1 
3 1b5 145 17f 922 ad8 
3 107 19b 1c6 9bc 1341 
3 171 11b 1d1 a32 11f2 
3 1d1 1ab e1 110e 1320 
3 147 178 1b8 5c6 7ab 
3 1de 165 10e 1123 1192 
3 1d1 11b 172 11b2 11f2 
3 1bb 166 153 12de 1359 
3 12d 1c1 181 482 e68 
3 19d 1c8 103 5cd 69e 
3 175 1e6 ef 7cb e7e 
3 1f0 f3 15d ec4 140e 
3 197 1c2 115 1069 11a2 
3 1de 166 10e 1192 122f 
3 1c0 182 12f a4e 1303 
3 139 1b3 192 fad 12ba 
3 188 1b9 137 12c9 13ec 
3 1d3 11e 16e 692 127f 
3 10f 1e7 155 a81 13e0 
3 1ca 1bd e1 122a 13ad 
3 1ba 13b 184 d59 118f 
3 1f0 15e f5 d70 121b 
3 14e 1a7 197 1078 1260 
3 1ad 16d 16c 10a1 11b7 
3 1ba 185 13a 12e4 12e6 
3 1ea 188 d7 13ee 13ef 
3 104 1c3 1aa 39a 1267 
3 172 1ab 16c 571 f06 
3 1ba 13b 185 118f 12e6 
3 159 19f 19e 748 11ae 
3 18b 1a4 162 bc4 1000 
3 1c4 1c1 ec bcc 13a0 
3 1b5 119 1b2 ca9 1177 
3 140 19f 1ab de1 138c 
3 fa 1d8 18b dec 12fc 
3 167 1b2 16a 1175 117a 
3 1c0 134 182 a4e 12d3 
3 12c 1c5 180 bf2 1314 
3 1c4 12d 181 e0f e68 
3 1cd 123 179 1173 1252 
3 1a0 159 19e 63a 1302 
3 1cd 124 179 1252 12fa 
3 16c 172 1ad f06 1226 
3 1cb 19b 107 133e 1341 
3 1a3 15e 195 9b8 1390 
3 1d3 11e 175 bde 10bc 
3 1dc ec 195 cf9 f35 
3 1c1 1ee 9d 9c5 f40 
3 1a3 15f 196 6ed e41 
3 1a1 19b 15e c4d 10bd 
3 1d5 f8 199 d18 f5b 
3 1f2 136 122 5a6 968 
3 1a3 196 160 6ed f1b 
3 147 1b7 187 77b 121e 
3 175 fb 1e6 7cb 13d9 
3 1b1 173 167 12b5 12b7 
3 1c2 112 1a7 53a 1163 
3 1ea 13b 12e c0c 13ea 
3 1d5 150 143 d88 d92 
3 1ad 16c 177 11c3 1276 
3 1cf 1a9 f6 11fd 124e 
3 d9 1b9 1d6 b62 1219 
3 1b8 187 147 101c 11a0 
3 1c2 113 1a7 1163 12cd 
3 1cb 107 1a1 133e 133f 
3 1c7 1a5 10c c84 1301 
3 1f2 126 136 5a6 1417 
3 1b2 12b 1b1 1179 117b 
3 1ef 192 d0 140a 140b 
3 174 175 1ac 3a2 127a 
3 1c7 15f 154 473 aeb 
3 177 1ad 170 b9a 128c 
3 1de 1a4 e1 13a8 13b0 
3 18d 1a0 175 6bb 1128 
3 1cb 12c 180 bf2 d49 
3 1b3 1b1 12b e8c 12b4 
3 1dc 15e 12c 1079 139e 
3 1ba 187 147 11a0 1408 
3 1c0 133 18f 11b5 123b 
3 1b7 18f 146 4b3 12ee 
3 1bd 13e 18b 8c5 1383 
3 134 18f 1c0 bc7 11b5 
3 1d5 199 100 d18 1379 
3 1ec 109 162 f32 13f9 
3 1d2 19d 103 5cd 1233 
3 18d 1bc 13f af2 1183 
3 134 1c0 190 bc7 12d3 
3 15d 107 1f0 ff7 140d 
3 1ef e8 17e 100d 11c6 
3 1bf 151 175 10ae 1332 
3 137 1ea 13a 6b3 10d3 
3 1b7 190 147 a6d dff 
3 1f0 15e 107 ccf ff7 
3 190 193 18f 10ca 119d 
3 1b4 12b 1b2 11e1 11e3 
3 1cf 14e 15a add c17 
3 13f 1bd 18d cd7 1183 
3 1b7 146 193 4b3 1026 
3 e7 1d5 1b6 c78 12c2 
3 18c 1be 13f 1232 12f2 
3 1b7 193 147 dff 1101 
3 1ea 13a 13b 574 131b 
3 1bf 13f 18d cd7 12f4 
3 1b7 149 193 1026 1101 
3 1cf 197 115 1069 12cb 
3 1df e1 1ab 1396 139b 
3 1ee 10c 163 a1e c99 
3 1b0 179 173 391 12a5 
3 1bf 159 175 644 e13 
3 15f 1a5 1a3 1004 11ad 
3 1c4 12c 199 dd2 127c 
3 1cc 154 162 bb5 1001 
3 1b3 139 1af 12b9 12bb 
3 1dc 1a3 f4 381 12f9 
3 1d4 17d 12a 96e f37 
3 1c6 ff 1c5 991 d7f 
3 1cd 110 1a6 eaf 1255 
3 1a5 1a3 163 10d8 1391 
3 1cc 153 165 1293 1343 
3 1b0 17d 173 12a4 12aa 
3 1c6 1be 107 4e6 1340 
3 1b6 164 181 1150 12c3 
3 1cc 166 153 1201 1343 
3 19b 1c5 12c 120c 132b 
3 1d1 172 13d 1274 1312 
3 1ec ad 1cc 13fa 13fb 
3 1b1 173 17d a2e 1197 
3 1a0 19e 175 63a d1d 
3 1cf 167 14e 8ac 125d 
3 1c1 18e 143 8e8 e32 
3 1d8 151 152 1235 134c 
3 1d9 104 19e e0e 1389 
3 1a7 111 1ce 11f6 125f 
3 158 1df 13e 134a 138d 
3 17d 1af 17a 9b0 f5e 
3 1c0 146 18f 11bb 12ee 
3 1c7 12c 19b 12f8 139f 
3 1df 13e 159 135a 139c 
3 1e9 bb 1c8 13e3 13e7 
3 155 1d5 157 137b 137c 
3 1cf 14e 16b 704 add 
3 1a9 1aa 15a eea f8d 
3 17a 1b0 17d 1290 12c4 
3 1c8 11e 1ac d25 1318 
3 143 1c1 195 e32 118b 
3 1bf 18b 151 11a4 1330 
3 1ca 13d 189 1238 12e3 
3 1de e1 1bd 13a8 13ad 
3 23 2e 305 3f4 479 
3 1ef 144 139 975 c2a 
3 1e9 11a 16f a9d e27 
3 1d4 17a 139 cc6 1172 
3 1d0 16c 14f ea0 126e 
3 1ca 13d 18a 122c 1238 
3 1cb 107 1be 133f 1340 
3 1bd 1a4 13e 8c5 1131 
3 1ba 130 1b8 bbb 118c 
3 1bf 151 18d f9b 10ae 
3 1cf 115 1aa 579 eaa 
3 17d 17a 1b3 a03 f5e 
3 1cc ff 1c6 107d 1292 
3 1cb 12c 19b 11a7 120c 
3 1be 13f 1a2 12f2 12f7 
3 1d9 16c 140 cac edb 
3 1b3 17a 17e ee8 1165 
3 1de 13d 166 a73 122f 
3 1a8 1a6 169 111c 1253 
3 1d9 104 1aa 39a e0e 
3 18d 1bd 159 9d3 110c 
3 1b0 186 17a 12a8 1370 
3 1c2 16e 16f 107b 1351 
3 1b5 145 1b4 ad8 12c7 
3 1cf 15a 16b add 11cb 
3 1cb 12c 1a1 d49 11a7 
3 1cd 1a6 123 eaf fde 
3 166 1cc 165 133c 1343 
3 1cb 107 1c6 1340 1341 
3 1bf 18d 159 9d3 e13 
3 1bd 1ac 13e 11ab 1254 
3 189 1bb 166 4aa 12ed 
3 1dc ec 1c1 f35 13a0 
3 1cd 1a8 123 fde 1187 
3 186 138 1d4 9d5 136e 
3 1cd 124 1a8 f7c 1187 
3 1dc 14c 163 10a0 10e1 
3 1c1 195 150 118b 130b 
3 1ba 13a 1b9 12e5 1353 
3 1de e1 1ca 13ad 13ae 
3 1c2 176 16e 107b 1216 
3 ec 1dc 1c4 1227 13a0 
3 1ef 1ba d0 140b 140c 
3 1f0 196 f3 8fa 140f 
3 1df 1ca e1 105e 139b 
3 1c2 16f 176 107b 11f9 
3 170 158 1d1 666 1363 
3 1d1 11b 1ad ee1 11b2 
3 171 1d1 158 666 1094 
3 1b6 1c4 12d 811 e0f 
3 1d6 137 188 828 12c9 
3 199 1c1 150 def 12cc 
3 1cd 169 168 11a9 12fb 
3 1a9 1aa 16e 11fe 12ca 
3 1f5 1f6 8b 21c 2ce 
3 1ce 167 169 7b7 815 
3 154 18c 1c6 f96 1380 
3 1d6 139 187 1278 12cf 
3 1d2 158 170 1283 1363 
3 14f 1c3 198 bd9 f12 
3 1d6 188 139 e07 1324 
3 1ce 168 169 ee3 124f 
3 1da 153 166 1201 1359 
3 1d3 1aa 11e 692 1319 
3 1ef 149 147 c3d 1409 
3 1d2 103 1c8 5cd 1367 
3 1eb 15b 13f 82d 1194 
3 1d3 1ac 11e bde 1318 
3 1f6 1f8 8b 21b 2cd 
3 16c 1ad 1ab f06 11ba 
3 1b3 17a 192 1165 12ba 
3 1d8 1c9 f9 132e 1331 
3 1f0 fd 196 8fa efd 
3 1ba 1b8 147 bbb 11a0 
3 1bd 159 1a0 110c 116e 
3 1ce 168 16f 111e 134f 
3 159 175 1d3 b3f 1279 
3 1c8 176 16e 131d 13e8 
3 1f8 1f9 8b 21e 2d0 
3 1dc 15f 15e ee4 13a1 
3 1bc 1bd 13f 101f 1183 
3 1cf 115 1c2 1069 11ff 
3 1f0 f3 1a2 140e 1410 
3 174 1d8 152 82e 134d 
3 1c4 12d 1c1 e68 13a2 
3 192 1b3 17e 10ce 1165 
3 1d8 175 151 1235 1332 
3 1c4 155 199 127c 137a 
3 175 152 1d8 82e 1235 
3 1cc 18b 154 bb5 1381 
3 172 1ab 1ad f06 ff0 
3 19a 1c5 153 11b0 1310 
3 1d6 139 192 12cf 1324 
3 1f0 f5 1a3 11d6 121b 
3 1d9 1c3 104 39a ffb 
3 16e 1ce 16f 931 1351 
3 1c6 19a 153 11b0 135c 
3 1d8 18b 13e 12df 1383 
3 1bf 1bd 13f cd7 134b 
3 1be 15d 1a1 11a6 141b 
3 1ba 183 184 447 f9d 
3 154 1c6 19b 9bc c73 
3 1a2 15d 1be f2e 103b 
3 1f0 196 105 140f 1411 
3 167 1b1 1b2 70f 1167 
3 1cd 179 169 ee2 12fa 
3 1ea 12e 17a 1116 13eb 
3 1ca 1ab 13d 122c 131a 
3 1ac 1c9 13e 126d 1385 
3 23 2e 316 384 3f4 
3 1c7 154 19b 473 1217 
3 1ef e8 1b7 bb8 10b0 
3 1f0 107 196 cbe 1411 
3 1ba 184 185 118e 118f 
3 1c0 146 1b7 12ee 1306 
3 1c3 1a9 14f cba 1271 
3 1c7 1c4 12c 12fe 13a4 
3 1c7 12d 1c4 9c7 13a3 
3 1bd 159 1ac 11ab 12f5 
3 18a 1ab 19f 1237 138c 
3 1dc 19b 12c 139e 139f 
3 182 1b7 190 dc2 11fa 
3 1bf 18d 175 e13 10ae 
3 1db 13f 18c 6a7 1277 
3 1d4 1af 12a f37 135d 
3 1de 189 13d a73 12e3 
3 1bf 1ac 159 644 12f5 
3 171 170 1d1 666 a32 
3 1cf 197 14e 704 1078 
3 16a 1b4 1b2 f7b 11e3 
3 2e 2d 315 558 984 
3 1cc 162 18b bb5 bc4 
3 1d1 172 171 e64 11f2 
3 1b5 1b2 16a ca9 f7b 
3 1d0 14f 198 bd9 126e 
3 1cb 1c5 12c bf2 120c 
3 158 1c9 19d 1065 133a 
3 1de 165 166 1192 133c 
3 1d2 16c 177 1276 1282 
3 1f0 105 1a2 1410 1412 
3 1c7 19b 15f 473 132c 
3 1b5 1b4 16a f7b 114f 
3 2b 26 31c 51b 981 
3 1c3 1a9 15a eea f27 
3 1f0 1a2 107 140d 1412 
3 1f4 1ed b5 3b1 11aa 
3 1ee 12d 181 482 494 
3 2c 31c 26 567 958 
3 1d9 140 198 cac 1225 
3 1f0 1a3 107 cbe ccf 
3 1c3 15a 1aa eea 1267 
3 1d1 13d 1ab 1274 1320 
3 1d2 177 170 b9a f2b 
3 1e0 18c 13f 1232 1277 
3 151 18b 1d8 dec 1330 
3 19f 1ca 159 112d 13b9 
3 1d3 11e 1c8 127f 1318 
3 187 1ba 192 c67 1407 
3 1b7 190 18f 10ca 10de 
3 1af 1b1 17d 116b 1174 
3 192 1ba 188 12c5 13f1 
3 1b3 1af 17a f5e 12bb 
3 1b7 193 18f 4b3 10ca 
3 1d4 139 1af cc6 e26 
3 140 1d9 19f de1 ecd 
3 1b7 190 193 dff 10ca 
3 165 153 1ed a98 1403 
3 1c0 182 190 dc2 12d3 
3 1b3 17d 1af f5e 116b 
3 1dc 14c 18e 10e1 139d 
3 15f 1a5 1c7 128b 136b 
3 31 28 31d 5cf 602 
3 152 175 1e6 645 13da 
3 155 1c4 1b6 72c 1378 
3 1cf 14e 1a7 8ac 1078 
3 199 150 1d5 def f5b 
3 1ed 153 166 10d6 1403 
3 1ea 137 188 13ec 13ef 
3 1bf 159 1bd 9d3 12f5 
3 1b2 17f 1b1 f75 1179 
3 1b3 17d 1b1 116b 12b4 
3 31 28 31e 602 be9 
3 1db 154 18b 137f 1381 
3 31e 31 29 be7 10df 
3 1b3 17f 1b1 e8c 115d 
3 1a5 1c7 163 11df 1301 
3 1db 18c 154 1348 1380 
3 1d0 14f 1a9 125e 1271 
3 1d5 199 155 1379 137a 
3 174 1d8 175 3a2 82e 
3 1b2 1b4 17f c89 11e1 
3 1d2 19d 158 1283 138e 
3 1dc 195 14c 1392 139d 
3 1d8 1ac 13e 1254 1385 
3 1c2 16f 1a7 12cd 1350 
3 1b5 17f 1b2 a4d c89 
3 15e 1f0 15d fcc ff7 
3 137 1d6 1b9 b62 12c9 
3 2e 2d 321 984 b7b 
3 1b5 1b4 17f ad8 c89 
3 159 1d3 19e b3f 1399 
3 140 1ab 1d9 de1 edb 
3 1cc 162 1a4 bc4 13f5 
3 1ef 187 139 c2a 100c 
3 1bf 175 1ac 644 f56 
3 1d4 17d 17a 9b0 1290 
3 190 1c0 18f bc7 10de 
3 1f4 165 153 546 a98 
3 1ef 17e 144 6e9 11c6 
3 1cf 16b 197 704 12cb 
3 1da 153 19a 385 135c 
3 1cf 15a 1a9 f8d 124e 
3 1a4 1cc 165 1220 1236 
3 1eb 13f 18d 82d af2 
3 1cf 1aa 15a f8d 11cb 
3 32a 2b 25 5ee 1346 
3 1c6 1c5 153 991 11b0 
3 16c 1d0 198 1019 126e 
3 195 18e 1c1 a97 e32 
3 1ed 166 165 c13 1403 
3 18d 1bc 1a0 fc1 1221 
3 1ef 17e 149 100d 12d4 
3 1d1 158 1ab 110e 1362 
3 12d 1dc 1c1 658 13a2 
3 1bd 18d 1a0 fc1 110c 
3 158 1d2 1ab 122b 1362 
3 1ca 189 18a 1238 13a6 
3 1dc 1a3 14c 12f9 1392 
3 12c 1c4 1dc 1227 13a4 
3 1cd 168 1a6 1255 12fb 
3 1df 1ac 13e 126d 139c 
3 1d4 186 17a 1370 1375 
3 1f1 df 1e8 40a 1087 
3 1bd 18b 1a4 8c5 102b 
3 1ef 187 144 901 c2a 
3 1ef 139 192 fad 100c 
3 18e 1dc 163 10d9 10e1 
3 1cd 1a6 169 1253 12fb 
3 1dc 1c4 12d 13a2 13a3 
3 23 7f 304 6ee 8c2 
3 1a2 1be 18c fe6 12f2 
3 1a7 1ce 167 11f6 1358 
3 1ca 159 1bd 122a 124a 
3 1de 189 166 4aa a73 
3 1dc 195 15e cf9 1390 
3 1cd 1a8 169 f7c 1253 
3 1d3 1ac 159 1117 1279 
3 1d8 13e 1bd 1254 1383 
3 1a7 168 1ce 125f 134f 
3 1dc 1c7 12c 139f 13a4 
3 1ef 147 187 77b 1408 
3 1ce 1a9 167 7b7 1209 
3 1cf 1a7 167 8ac 1358 
3 1dc 1c7 12d 13a3 1406 
3 1ec 1cc 109 f32 13fb 
3 81 305 23 479 746 
3 1ce 169 1a9 7b7 826 
3 1d5 143 1c1 d88 1372 
3 1cf 167 1a9 11fd 1209 
3 1e9 16e 16f 931 13e4 
3 1ee 10c 1c7 c99 1405 
3 1ba 183 1b8 118c 127d 
3 1ba 1b9 183 a6e 1178 
3 1c8 1ac 174 d25 1239 
3 1bc 1db 13f f97 101f 
3 1cc 1c6 153 107d 136d 
3 1dd 19e 159 11ae 1302 
3 1d2 19d 170 1233 1283 
3 1dc 15e 19b 139e 13a1 
3 1d0 1c3 14f bd9 1271 
3 1db 13f 1bd 101f 134b 
3 1dd 19f 159 112d 11ae 
3 1ac 174 1c9 1239 132d 
3 1cc 154 1c6 1292 1349 
3 1dc 19b 15f 132c 13a1 
3 1ce 1a7 16f 134f 1350 
3 16e 1ce 1a9 b7f f3c 
3 1cf 16b 1aa eaa 11cb 
3 158 19d 1df 1065 138e 
3 1a0 1dd 159 116e 1302 
3 1ba 1b8 187 11a0 12d2 
3 305 81 29 9e2 c34 
3 1db 1bf 13f 12e2 134b 
3 1cf 16e 1a9 b7f 11fe 
3 188 1ba 1b9 1323 13ed 
3 1d5 1b6 155 1378 137b 
3 1cf 1aa 16e 579 11fe 
3 1d9 198 16c cac 1019 
3 1e9 16e 176 13e4 13e8 
3 4a 57 30b 697 721 
3 157 1b6 1d5 c78 137b 
3 1cb 1a1 180 d49 141c 
3 1eb 1a2 13f 1194 12e8 
3 1a9 16e 1d0 11fb 12ca 
3 1d8 1c9 13e 1385 1386 
3 1e9 176 16f 13e4 13e5 
3 ee 1e8 1f1 1087 1189 
3 1aa 1d0 16e 1286 12ca 
3 81 2e 305 479 b7c 
3 1e1 159 19e 748 1399 
3 175 19e 1d3 b3f 1275 
3 1c0 1b7 182 dc2 1304 
3 1dc 15e 1a3 ee4 1390 
3 1ef 192 149 12d4 140a 
3 1e1 19f 159 748 13b9 
3 1e9 11a 1ce e27 e28 
3 1dc 1a3 15f ee4 1004 
3 1e0 13f 1bc caa f97 
3 1d5 1c1 150 d88 def 
3 1d2 1ab 16c 11ba 13b7 
3 33 31 32c 8f2 b50 
3 1dc 1a5 15f 1004 136b 
3 1d2 16c 1ad 11ba 1276 
3 1e0 13f 1be 1232 1369 
3 1ca 18a 19f 1237 1334 
3 1dc 163 1a3 381 1391 
3 35 32e 2d 5c4 b72 
3 1d3 16e 1aa 692 1286 
3 1eb 18d 15b 82d 12e7 
3 181 1c4 1b6 79c e0f 
3 1d1 1ad 170 ee1 10a3 
3 1d1 172 1ab ff0 1274 
3 1dc 1a5 163 11df 1391 
3 1d8 151 1bf 1330 1332 
3 1d2 170 1ad b9a 10a3 
3 1d1 1ad 172 ff0 11b2 
3 1df 158 1ab 122b 1396 
3 1c2 1a7 197 53a 125a 
3 33 39 32b 59c 678 
3 1da 1bb 153 a0f 1359 
3 14d 196 1f0 efd f86 
3 1bd 1bc 18d fc1 1183 
3 159 1ac 1df 1117 139c 
3 1ca 13d 1de 12e3 13ae 
3 1d5 155 1c4 1378 137a 
3 137 1b9 1ea 6b3 13ec 
3 1d6 187 192 c67 12cf 
3 1de 165 1a4 1236 13a7 
3 1df 13e 1c9 126d 134a 
3 1e 22 343 53b 932 
3 1c0 18f 1b7 10de 12ee 
3 1b3 1af 1b1 1168 116b 
3 18b 1bf 1bd 1198 1384 
3 1d6 192 188 12c5 1324 
3 13a 1ea 1b9 6b3 1353 
3 1cc 1a4 18b bc4 1393 
3 1d3 175 1ac bde 1279 
3 1c0 190 1b7 dc2 10de 
3 27 33e 25 95e 13b1 
3 1bf 1bd 18d 9d3 cd7 
3 1d2 1ad 177 b9a 1276 
3 1ea 13a 1ba 131b 1353 
3 1d9 16c 1ab edb 1394 
3 1ca 18a 1ab 122c 1237 
3 1ea 1ba 13b 131b 13e9 
3 1ee 1c1 12d 482 658 
3 32f 37 35 609 62f 
3 1ef 139 1b3 975 fad 
3 1c4 1c1 181 e68 ef2 
3 25 27 340 640 95e 
3 1c2 1ce 16e 734 1351 
3 7e 23 316 384 ce5 
3 28 27 33f 96b daa 
3 1ee 163 18e 107e 10d9 
3 1ce 1c2 16f 1350 1351 
3 1da 153 1c6 135c 136d 
3 1d2 1d1 158 1362 1363 
3 1dd 18a 189 13a5 13a6 
3 316 7f 23 467 8c2 
3 32d 3d 37 52c 939 
3 1cf 1c2 16e 734 11ff 
3 1c9 1c8 174 1088 1239 
3 174 1ac 1d8 3a2 132d 
3 1b5 1b4 1b2 c89 f7b 
3 1f0 14d 1a3 f86 11d6 
3 1bd 159 1dd 116e 124a 
3 1db 154 1c6 1349 1380 
3 1ee 12d 1c7 1405 1406 
3 1d8 1ac 175 3a2 f56 
3 1eb 1bc 13f 985 af2 
3 1d4 17a 1af 9b0 cc6 
3 7e 318 24 5ab 97a 
3 1ce 16e 1c8 7dd 1355 
3 1cb 19b 1a1 11a7 133e 
3 1d4 1b0 17a 1290 1370 
3 1eb 1a2 15b 1157 1194 
3 1cc 153 1da 1201 136d 
3 1cf 167 1ce 1209 1358 
3 1d4 1af 17d 9b0 f37 
3 1ef 144 1b3 6e9 975 
3 1d4 1b0 17d 112e 1290 
3 1bb 1da 166 120e 1359 
3 1c6 18c 1be 4e6 1257 
3 1a0 1bd 1bc fb7 fc1 
3 16e 1d0 1c8 ff1 115b 
3 1db 1cc 154 1349 1381 
3 1ea 17a 188 13ee 13f0 
3 7e 316 2e 384 4d6 
3 80 22 31b 982 c2e 
3 1c3 1aa 1a9 eea 10d2 
3 1e1 16c 1ab 1394 13b7 
3 7e 317 2e 4d6 5f5 
3 1cf 16e 1ce 734 b7f 
3 1e0 13f 1db f97 1277 
3 195 1dc 18e a97 139d 
3 1cb 180 1c5 bf2 10b5 
3 1ef 1b7 147 77b c3d 
3 1d3 16e 1c8 ff1 127f 
3 1cf 197 1a7 1078 125a 
3 1de 166 1bb 4aa 120e 
3 1dd 159 1ca 112d 124a 
3 80 31c 26 956 981 
3 1a4 162 1ec b5c 13f5 
3 1ef 1b7 149 c3d 10b0 
3 1ca 19f 1ab 1237 13b8 
3 1dc 15f 1c7 132c 136b 
3 1d4 186 1b0 136f 1370 
3 158 1df 1c9 1065 134a 
3 1ef 147 1ba 1408 140c 
3 1f0 15d 1a2 140d 140e 
3 16c 1d2 1d0 42b 1361 
3 1ea 17a 192 13f0 13f2 
3 1d5 181 1b6 79c 1374 
3 b3 22 306 c36 ddc 
3 1f0 1a3 15e ccf 121b 
3 1ec 165 1a4 fe5 1220 
3 1df 159 1ca 105e 13ba 
3 199 1c4 1c1 b11 bcc 
3 163 1dc 1c7 e78 11df 
3 1dd 19f 18a 60c 1334 
3 80 31c 2b 981 c81 
3 3f 43 331 5c2 a1d 
3 84 4a 30b 697 d20 
3 1d8 1bf 175 f56 1332 
3 1d3 1d0 16e ff1 1286 
3 19a 1c6 1be 127e 1366 
3 1f3 1a1 15d 141a 141b 
3 1ee 1dc 12d 658 1406 
3 1db 18b 1a4 102b 1393 
3 1d2 170 1d1 10a3 1363 
3 1e1 1ca 159 13b9 13ba 
3 99 314 25 74d 1313 
3 43 332 3f a1d a3d 
3 1cc 166 1da ecf 1201 
3 1d6 1b8 183 11dc 127d 
3 1bf 1ac 1bd 12f5 1382 
3 51 325 4d 6bc f10 
3 1cd 1a6 1a8 fde 1253 
3 1d6 1b9 183 1178 1219 
3 1df 1d2 158 122b 138e 
3 1d6 183 1ba 1178 127d 
3 4c 52 326 90e a5c 
3 1d3 159 1df 1117 13b5 
3 1c5 1c6 19a af9 11b0 
3 1d6 187 1b8 1272 12d2 
3 321 81 29 573 9e2 
3 1c6 19b 1c5 d7f 10a8 
3 1d5 1c1 181 ef2 1376 
3 43 48 331 4ea 9c2 
3 1d6 1ba 187 c67 12d2 
3 1de 1cc 165 1236 133c 
3 1d6 1b9 188 12c9 1323 
3 1d8 174 1c9 132d 1331 
3 85 57 309 9dc c70 
3 1aa 1d3 19e a84 e6f 
3 1cc 1de 166 ecf 133c 
3 1d9 1d0 16c 1019 1398 
3 1ef 192 17e 10ce 12d4 
3 1cb 1be 19a 1127 127e 
3 1d6 188 1ba 12c5 1323 
3 1e1 159 1d3 1399 13b5 
3 1ea 192 188 13f0 13f1 
3 1d5 1c4 181 79c ef2 
3 1d9 19f 19e 1231 1322 
3 2d 81 321 4b6 b7b 
3 33 346 31 928 13ff 
3 1dc 195 1a3 1390 1392 
3 84 30b 57 697 d1b 
3 81 321 2e b7b b7c 
3 1cf 1a9 1aa f8d 11fe 
3 33 347 31 8f2 928 
3 1d7 189 1bb c72 13ab 
3 85 309 5c 6ea ec7 
3 1d0 1aa 1a9 10d2 12ca 
3 48 4c 330 65d 6dc 
3 85 5c 30a 6ea ac6 
3 1cb 1c5 19a af9 11a1 
3 1be 1cb 1a1 120b 133f 
3 1cb 19a 1c6 af9 127e 
3 1cb 19b 1c5 10a8 120c 
3 49 335 44 6d7 ac8 
3 1ef 187 192 100c 1407 
3 19d 1c9 1c8 105f 1228 
3 1cf 1c2 197 1069 125a 
3 1cb 1c6 19b 10a8 1341 
3 1dd 19f 19e 11ae 12d5 
3 1d6 192 1ba c67 12c5 
3 1dd 1a0 19e 12ff 1302 
3 1d8 18b 1bd 1383 1384 
3 1d9 19e 1aa e0e 1395 
3 1d1 1ab 1ad ff0 1114 
3 1d8 1bf 18b 1330 1384 
3 1df 1e1 159 13b5 13ba 
3 31 351 28 5cf c41 
3 1d0 198 1c3 bd9 1184 
3 35c 27 1d 3e9 4cc 
3 4d 333 49 6d6 9eb 
3 1ab 19f 1d9 de1 1321 
3 166 1de 1da ecf 120e 
3 1d2 1ab 1ad 1114 11ba 
3 1e1 16c 1d0 42b 1398 
3 1db 1bd 18b 102b 1198 
3 1e1 19e 19f 748 1322 
3 1e1 1d2 16c 42b 13b7 
3 1de 1bb 189 4aa 13ab 
3 26 35f 1c 4c8 55a 
3 25 314 b3 74d 948 
3 1dc 1a3 1a5 1004 1391 
3 1db 1bf 18b 1198 1345 
3 1f3 15d 1be 9f8 141b 
3 1ca 1d7 189 102a 124b 
3 360 1d 25 10d4 139a 
3 27 1d 360 4cc 13b6 
3 1d5 199 1c1 b11 def 
3 b8 308 3d 440 57f 
3 28 35b 27 96b 96c 
3 1ce 1a7 1c2 1350 1357 
3 163 1ee 1c7 c99 e78 
3 1ec 162 1cc f32 13f5 
3 1c8 1ac 1c9 1239 12d8 
3 35c 28 27 633 96c 
3 327 5d 5c 717 a72 
3 308 b8 3f 97f fea 
3 1dc 1c1 18e a97 b73 
3 1d5 1c4 199 b11 137a 
3 180 1a1 1f3 b7d 141c 
3 1cf 1c2 1a7 125a 1357 
3 1e1 1d9 16c 1394 1398 
3 1c8 16e 1e9 7dd 13e8 
3 1c6 18c 1db db8 1380 
3 de 304 23 3f1 6ee 
3 1d2 1c8 19d 5cd 617 
3 1ec 165 1cc 1220 13fa 
3 1e1 1aa 19e a84 1395 
3 1e0 1be 18c 1232 1257 
3 de 23 305 3f1 746 
3 ae 3f 30f 5fd b5d 
3 de 29 302 789 c87 
3 b3 22 31b c2e c36 
3 b5 2d 315 6c4 bcd 
3 bd 308 3f cd0 ef0 
3 1d0 1a9 1c3 10d2 1271 
3 1e1 1ab 19f 1321 13b8 
3 2b 35e 26 51b 5b9 
3 1c3 1d0 1aa 701 10d2 
3 62 327 5d 812 d97 
3 1d9 198 1c3 1184 1296 
3 1dd 189 1ca 124b 13a6 
3 1db 1cc 18b 1381 1393 
3 1ce 1e9 16e 7dd 931 
3 195 1c1 1dc a97 f35 
3 1dd 1ca 18a 1334 13a6 
3 35f 2b 26 44a 5b9 
3 1ef 1b3 17e 6e9 10ce 
3 1e9 16f 1ce 931 e27 
3 1ca 189 1de 102a 12e3 
3 30c ae 4a 5b2 603 
3 25 2b 360 8a9 1007 
3 1e9 176 1c8 13e7 13e8 
3 de 305 29 789 c34 
3 ad 28 31e be9 c4f 
3 31e ad 29 57e be7 
3 1c6 1e0 18c db8 1257 
3 57 339 4a 721 d99 
3 56 336 51 72b f73 
3 1cf 1ce 1a7 1357 1358 
3 1da 1c6 19a 135c 1365 
3 1cf 1a9 1ce b7f 1209 
3 1ea 188 1b9 13ec 13ed 
3 b3 2b 31c 56b c81 
3 1a0 1bc 1dd fb7 12fd 
3 1ea 188 1ba 13ed 13f1 
3 319 75 70 867 d09 
3 1a0 1dd 1bd fb7 116e 
3 1db 1a4 1bd 102b 13a9 
3 1e0 19a 1be 1273 1366 
3 1f0 196 1a3 cbe f86 
3 1d8 1bd 1ac 1254 1382 
3 ad 31 31e be7 be9 
3 1d9 198 1d0 1019 1184 
3 1dd 1d7 189 124b 1336 
3 1cb 1be 1c6 127e 1340 
3 1d3 1ac 1c8 1318 138f 
3 1dc 1c7 19b 132c 139f 
3 79 319 70 867 876 
3 163 1ee 1dc e78 10d9 
3 1d8 1ac 1bf f56 1382 
3 58 52 339 71d f4e 
3 1ef 187 1b7 77b 11c7 
3 189 1d7 1de 102a 13ab 
3 31a 75 74 863 ae5 
3 1de 1bd 1a4 13a8 13a9 
3 1ee 181 1c1 482 9c5 
3 1d6 1b8 1ba 127d 12d2 
3 1d9 1aa 1c3 39a 701 
3 77 31a 74 863 b38 
3 58 57 338 a6b d29 
3 1eb 1bc 18d af2 12eb 
3 1d6 1ba 1b9 1178 1323 
3 1ef 187 1ba 1407 1408 
3 77 75 31a 863 f68 
3 79 75 319 867 86f 
3 72 68 323 a46 eb0 
3 1d2 1d1 1ab 1114 1362 
3 1d0 1d3 1aa 117d 1286 
3 1e0 1c6 19a 1365 1366 
3 1ea 192 1ba 13f1 13f3 
3 c1 30b 4a 655 d20 
3 58 57 339 a62 a6b 
3 1cb 1c6 1c5 af9 10a8 
3 1d2 1d1 1ad 10a3 1114 
3 c1 30c 4a 5b2 655 
3 1df 1c8 19d 617 105f 
3 1ef 192 1b3 fad 10ce 
3 1dd 1ca 19f 112d 1334 
3 b5 2d 321 4b6 6c4 
3 1d5 1b6 1c4 79c 1378 
3 1df 1c9 19d 105f 1065 
3 1dc 1c7 1a5 11df 136b 
3 1d8 1c9 1ac 132d 1385 
3 39 35d 33 678 110a 
3 70 72 322 869 b1e 
3 1cc 1db 1a4 133b 1393 
3 5c 5d 337 6b2 a72 
3 1e0 1db 18c db8 1277 
3 1bd 1d7 1bc 1020 104a 
3 1f4 153 1ed 3b1 a98 
3 72 323 70 b1e fbb 
3 1ef 1ba 192 1407 140b 
3 1ee 1c1 18e b73 f40 
3 1e1 1ca 19f 13b8 13b9 
3 b3 32a 25 5ee 94a 
3 1d9 1aa 1d0 701 11cc 
3 1de 1a4 1cc 1236 133b 
3 1d8 1bd 1bf 1382 1384 
3 1df 19d 1d2 617 138e 
3 79 70 322 869 876 
3 1cf 1ce 1c2 734 1357 
3 79 322 72 869 877 
3 1d5 1c1 1c4 b11 ef2 
3 1db 1bd 1bc 101f 104a 
3 7a 322 72 877 b36 
3 57 c8 309 dda 11be 
3 1f3 180 1cb 141c 141f 
3 b3 32a 2b 56b 5ee 
3 1db 1bd 1bf 1198 134b 
3 1c8 1ac 1df 12d8 138f 
3 1e1 19e 1d3 a84 1399 
3 1dd 1bc 1bd fb7 1020 
3 1df 1c9 1ac 126d 12d8 
3 1df 1ca 1ab 139b 13bb 
3 1e0 1da 19a ef4 1365 
3 c8 57 30b d1a d1b 
3 1bd 1ca 1d7 1294 13af 
3 7a 79 322 877 b48 
3 1e1 1ab 1ca 13b8 13bb 
3 53 4b 34d 719 ca8 
3 1e1 19e 1d9 1322 1395 
3 1f4 165 1ed a98 10e6 
3 1e1 19f 1d9 1321 1322 
3 1ab 1df 1d2 3b4 122b 
3 65 33a 62 ac7 ae4 
3 1de 1a4 1db 133b 13a9 
3 1e1 1d0 1aa 117d 11cc 
3 1d2 1d0 1c8 1368 13bc 
3 65 33b 62 ac1 ac7 
3 10f 306 22 dca ddc 
3 1d3 1df 1ac 1117 138f 
3 1dc 1c4 1c1 13a0 13a2 
3 1c8 1d3 1d0 526 ff1 
3 99 25 340 640 1313 
3 b5 32e 2d b72 bcd 
3 1e1 1ab 1d2 3b4 13b7 
3 1e1 1d3 1aa a84 117d 
3 c8 310 57 d1a dda 
3 99 340 27 640 73d 
3 99 7f 314 955 a67 
3 1dd 1bd 1ca 124a 1294 
3 31e de 28 c4f dac 
3 31e 29 de 57e c87 
3 b2 37 32d 5e0 94f 
3 1dc 1c4 1c7 13a3 13a4 
3 1de 1ca 1bd 13ad 13af 
3 1c6 1e0 1be 1257 1366 
3 b2 32f 35 609 1080 
3 1d9 1d0 1c3 701 1184 
3 1e1 1d9 1aa 11cc 1395 
3 1be 1a1 1f3 120b 141b 
3 1da 1d7 1bb 961 13ac 
3 b5 35 32e b72 baf 
3 1ee 18e 1dc b73 10d9 
3 1cc 1da 1c6 109d 136d 
3 1e1 1d9 1ab 1321 1394 
3 b2 32f 37 5e0 609 
3 1ea 1b9 1ba 1353 13ed 
3 26 1c 383 4c8 527 
3 bd 39 329 732 1136 
3 35 b5 32f 885 baf 
3 59 53 34e a3c cb7 
3 1db 1cc 1c6 109d 1349 
3 1ec 1cc 1a4 1220 13f5 
3 1db 1d7 1bc 104a 136c 
3 a6 22 341 3e4 4b4 
3 a6 343 1e 500 53b 
3 1db 1bd 1d7 104a 13aa 
3 5c db 30a 660 ac6 
3 1e1 1df 1ab 3b4 13bb 
3 85 338 57 9dc d1e 
4 237 8b 1b 238 217 218 
3 8f 358 e 6ab c42 
3 1dd 1bc 1d7 1020 1333 
3 a6 22 343 4b4 53b 
3 b 8f 35a 52d 888 
3 24 a6 342 a2b b80 
3 1bd 1dd 1d7 1020 1294 
3 1de 1bb 1d7 13ab 13ac 
3 ae 3f 331 5c2 5fd 
3 1df 1c8 1c9 105f 12d8 
3 1de 1bd 1d7 13aa 13af 
3 1de 1da 1bb 120e 13ac 
3 b3 25 33d 948 94a 
3 1a1 1cb 1f3 120b 141c 
3 ae 43 331 4ea 5c2 
3 85 5e 338 b85 be4 
3 1e0 1bc 1d7 136a 136c 
3 2c 381 26 4c1 567 
3 35a b 95 559 926 
3 1de 1bd 1db 13a9 13aa 
3 10e 307 39 4af 7fb 
3 20 15 390 541 eb4 
3 3e 45 369 560 5a0 
3 97 b 35a 52d 926 
3 ae 330 48 be6 cf2 
3 1db 1c6 1da 109d 1287 
3 1e0 1db 1bc f97 136c 
3 2c 26 383 4c1 936 
3 ae 331 48 4ea be6 
3 4a ae 330 5b8 603 
3 1df 1d2 1c8 617 13bd 
3 4d c1 325 a4f cec 
3 c2 4a 326 cf3 f4c 
3 15 e 39b 4f6 1060 
3 369 45 42 89e ba5 
3 1c8 1df 1d3 e88 138f 
3 1e1 1c8 1d0 526 13bc 
3 c2 4c 326 90e cf4 
3 1f 20 38e 451 596 
3 84 30b c1 a40 d20 
3 10f 24 314 c3a 13e2 
3 1dd 1ca 1d7 124b 1294 
3 1db 1da 1cc 109d 133d 
3 1d2 1e1 1c8 13bc 13bd 
3 b8 3d 334 440 a0a 
3 1e1 1d3 1c8 526 e88 
3 1ca 1de 1d7 102a 13af 
3 390 1f 20 596 eb2 
3 c2 326 52 90e f50 
3 bd 332 3f a3d cd0 
3 1e0 1c6 1da 1287 1365 
3 1c6 1db 1e0 db8 1287 
3 84 c8 30b 605 d1b 
3 1cc 1da 1de ecf 133d 
3 de 7f 303 619 b10 
3 1de 1db 1cc 133b 133d 
3 b8 44 334 3a7 baa 
3 1e1 1d0 1d2 42b 13bc 
3 bd 332 43 a15 a3d 
3 1e1 1d0 1d3 526 117d 
3 118 308 3d 57f 63b 
3 de 304 7f 6ee b10 
3 1d7 1db 1da 1234 1288 
3 1ce 1c8 1e9 7dd e46 
3 32b e0 33 4b9 61c 
3 de 81 305 746 c34 
3 b3 80 31b 94c c2e 
3 e0 31 32c b50 bff 
3 1e1 1df 1c8 e88 13bd 
3 c2 48 330 65d cf2 
3 ad 31 346 c12 1400 
3 e0 33 32c 61c b50 
3 b3 31c 80 94c c81 
3 1e1 1d0 1d9 11cc 1398 
3 1e1 1ca 1df 13ba 13bb 
3 28 a2 351 4a6 a6a 
3 c2 4a 330 5b8 cf3 
3 85 345 5e b85 d78 
3 1de 1d7 1da 1234 13ac 
3 c2 330 4c 65d cf4 
3 1de 1db 1d7 1234 13aa 
3 1f3 1be 1cb bda 120b 
3 1e0 1d7 1da f03 1288 
3 1de 1da 1db 1234 133d 
3 1e0 1d7 1db 1288 136c 
3 1e1 1d2 1df 3b4 13bd 
3 c7 334 44 85e baa 
3 333 c1 4d 6b7 cec 
3 99 b3 314 74d 12c8 
3 db 85 30a 810 ac6 
3 1e1 1d3 1df e88 13b5 
3 c7 44 335 85e ac8 
3 1e0 1da 1db 1287 1288 
3 a2 35c 1d 3e9 bfc 
3 ad 28 351 4a6 c41 
3 b5 321 81 4b6 c94 
3 1ee 1c1 1dc 658 b73 
3 c7 49 335 ac8 bea 
3 a1 17 361 be1 c51 
3 a2 361 17 bca eb8 
3 354 73 64 770 b43 
3 1c7 1dc 1ee e78 1406 
3 ad 351 31 c12 c41 
3 a2 27 35c 3e9 633 
3 1c 3a6 19 92e bdc 
3 a2 28 35c 633 a6a 
3 36c 58 52 7fa a2d 
3 1c 3a7 19 537 92e 
3 de 33f 27 836 daa 
3 de 33f 28 daa dac 
3 de 340 27 73d 836 
3 d5 324 68 d76 d9f 
3 58 36e 52 71d a2d 
3 c1 ae 30c 5b2 997 
3 c8 336 56 4df f72 
3 db 324 68 d9f fa6 
3 c8 56 337 4df 7b4 
3 360 b0 1d 4d8 ab4 
3 60 5f 367 7cc 891 
3 c7 308 b8 d16 f34 
3 ca 338 57 d1e d29 
3 338 ca 58 781 d29 
3 13 3b8 10 4a2 cf5 
3 a7 33 35d 565 a7a 
3 7d 1f 37d 3d6 ce1 
3 10e 32b 33 4b9 59c 
3 99 340 7f 5f1 a67 
3 338 5e ca 74c be4 
3 6a 60 367 7e6 c80 
3 a1 370 17 be1 eda 
3 19 3b7 13 462 6dd 
3 8a 6c 352 7f7 816 
3 10 3c1 9 406 dbd 
3 10e 39 32b 4af 59c 
3 373 17 a2 ae9 bca 
3 38 bb 356 f24 10bf 
3 19 13 3ba 462 b64 
3 4b bc 34d 629 ca8 
3 6a 6c 366 410 b26 
3 10 9 3c5 406 8c1 
3 8a 353 73 835 962 
3 373 a2 1d 398 bfc 
3 118 328 3d 63b 8a4 
3 389 4c 48 6e5 6f1 
3 5c 138 309 f4a fcd 
3 13 3c2 10 445 4a2 
3 34d bc 53 4b2 ca8 
3 118 32d 37 52c 94f 
3 1a a0 378 4e1 80b 
3 13a 5c 30a 660 ece 
3 a1 378 1a 98b c5f 
3 76 6a 366 af1 b26 
3 311 127 65 7ef d00 
3 76 366 6c 82b b26 
3 118 3d 32d 52c 8a4 
3 1a 9b 37e 4d9 ca2 
3 f4 358 e c42 10c4 
3 10f 341 22 3e4 dca 
3 30e 70 127 6b1 d05 
3 b0 1d 373 ab4 e52 
3 bb 30 364 ba2 1230 
3 d9 65 33b 7ad d5a 
3 a0 1a 37e 4d9 80b 
3 d9 33c 65 7ad d0a 
3 10f 24 342 a2b c3a 
3 7d 38e 1f 3d6 451 
3 7d 20 38e 425 451 
3 172 307 39 7fb eee 
3 a1 1a 380 98b e3e 
3 aa 36b 3c 42d f2a 
3 16d 308 3f 97f c95 
3 377 a0 2f 504 8d1 
3 d5 5e 345 d77 d78 
3 ca 338 85 be4 d1e 
3 4d 325 129 a4f f10 
3 13a 311 65 7ef f7f 
3 172 308 3f ef0 fea 
3 2f 9b 37c 61a 71a 
3 84 30b 129 605 a40 
3 a7 377 2f 504 553 
3 129 51 325 f10 f71 
3 31e de ad 57e c4f 
3 131 326 4a 584 f4c 
3 30 34 3b2 44e 5ba 
3 77 d9 33c 6d5 822 
3 127 319 70 d05 d09 
3 ba 369 3e 4f9 560 
3 16d 3f 30f b5d c95 
3 15 e 3d4 4ab 4f6 
3 ba 3c 36b 5dd f19 
3 ba 42 369 49c 89e 
3 4c 39d 48 6dc 6f1 
3 b2 10e 307 8f1 9a2 
3 127 319 75 d09 f67 
3 10f 306 b3 ddc e71 
3 20 15 3cd 53e 541 
3 131 52 326 f4f f50 
3 ba 36a 42 49c 976 
3 99 314 10f 515 12c8 
3 c2 330 ae 5b8 cf2 
3 38 102 34b 8fb 9fa 
3 127 31a 75 f67 f68 
3 ba 369 45 560 89e 
3 103 34b 38 8e6 8fb 
3 127 31a 77 f68 f6a 
3 52 4c 39c 6fa a5c 
3 128 49 333 73f 9eb 
3 97 359 8f 40c 431 
3 53 e9 34e 685 cb7 
3 118 307 b2 73e 8f1 
3 97 8f 35a 40c 52d 
3 128 333 4d 6b7 9eb 
3 128 335 49 73f bea 
3 de 7f 340 5f1 619 
3 e9 59 34e 80d cb7 
3 3be 34 30 3e3 5ba 
3 118 b8 308 57f feb 
3 bd 39 375 671 732 
3 97 95 35a 926 e20 
3 137 327 5c 717 d9b 
3 137 5d 327 717 d97 
3 d5 85 344 791 82c 
3 3db 19 13 b64 b67 
3 109 17 361 c51 eb8 
3 92 38f 34 3b5 8a0 
3 d5 345 85 791 d78 
3 10e 312 b2 9a2 10da 
3 129 51 336 f71 f73 
3 10d 35f 1c 55a eb7 
3 38 103 356 618 8e6 
3 c7 334 b8 baa d16 
3 137 62 327 d97 f65 
3 357 102 38 428 9fa 
3 bd 379 39 671 1076 
3 dc 354 64 770 fb6 
3 db 344 85 810 82c 
3 10f 314 b3 e71 12c8 
3 129 336 56 f72 f73 
3 dc 6c 352 816 e85 
3 1fa 1fc 1fb 221 2d3 
3 131 4a 339 584 d99 
3 392 9b 2f 4f5 71a 
3 128 ae 30c 997 f6c 
3 186 57 309 c70 11be 
3 a7 38d 2f 553 10fd 
3 11b 349 43 583 efe 
3 34f 110 42 a39 e73 
3 1fb 1fc 1fd 222 2d4 
3 f9 364 30 3e2 ff8 
3 10d 35f 26 44a 55a 
3 ad 351 a2 4a6 934 
3 bd 43 379 4ef f04 
3 a7 38c 33 565 ff6 
3 352 e2 6c a1a c50 
3 a0 392 2f 4f5 8d1 
3 114 42 34f 64e a39 
3 186 309 5c ec7 f4a 
3 128 30f ae f2f f6c 
3 dc 353 73 962 aa8 
3 131 52 339 f4e f4f 
3 10d 2b 35f 44a 7a0 
3 de 340 99 5f1 73d 
3 dc 73 354 770 aa8 
3 10d 2b 360 7a0 10e9 
3 db 324 d5 d9e d9f 
3 114 4b 34d 629 9d4 
3 166 35 32f 885 1080 
3 36c ca 58 84f d2a 
3 131 339 57 a62 d99 
3 58 339 131 a62 f4e 
3 36d 58 ca 781 d2a 
3 138 56 337 7b4 acb 
3 1fe 200 1ff 223 2d5 
3 172 329 39 eee 1136 
3 106 15 372 630 b7a 
3 201 200 1fe 224 2d6 
3 11a 357 38 428 e2a 
3 3e 3c 3c3 65f 9d9 
3 30b 129 c1 a40 f70 
3 128 c1 30c 84e 997 
3 9d 19 3a6 510 bdc 
3 138 5c 337 6b2 fcd 
3 ca 5e 36d 74c d28 
3 d2 36c 58 84f e72 
3 138 337 5d 6b2 b08 
3 10c 17 370 d71 e86 
3 127 65 33c d00 d0a 
3 48 3bd 43 9c2 11c2 
3 9d 1c 3a6 bdc eb6 
3 129 c8 30b 5da 605 
3 33a 137 5c d12 d9b 
3 3b5 52 4c 64a 6fa 
3 373 10c 17 804 d71 
3 39f 68 63 acd ae8 
3 92 7d 37d aed b51 
3 68 398 72 4a3 a46 
3 dc 352 8a 816 ba7 
3 13a 33a 5c d12 ece 
3 e2 5f 365 6c2 d6f 
3 dc 8a 353 962 ba7 
3 202 204 203 225 2d7 
3 137 33a 62 ae4 f65 
3 128 c7 30f d03 e98 
3 8f e 3b9 6ab 7d1 
3 e2 367 5f 6c2 891 
3 205 204 202 226 2d8 
3 37e fa 1a 48d ca2 
3 65 137 33a 7b1 ae4 
3 e2 367 60 891 c80 
3 1fd 1fc 20c 25d 30f 
3 30e 185 70 6b1 dd8 
3 ad 361 a2 934 ebb 
3 20e 1fc 1fa 25e 310 
3 1f f9 37d 947 ce1 
3 309 138 c8 b1c fcf 
3 10e e0 312 ed8 10db 
3 13a 65 33a 7b1 f7f 
3 fa 1f 37d 947 dc0 
3 e4 5f 368 aaa d87 
3 3ae 5f 59 7f2 d85 
3 60 59 3ae 7e0 7f2 
3 127 77 33c 6d5 f6a 
3 6a e2 366 3ea 410 
3 367 e2 6a 3ea c80 
3 e2 366 6c 410 c50 
3 60 3ae 5f 7cc 7f2 
3 389 c2 48 69c 6e5 
3 7a 398 72 794 7e8 
3 206 208 207 227 2d9 
3 3a4 71 64 71f 806 
3 186 309 85 c70 ec7 
3 93 9 3c1 5b7 b9f 
3 160 e 358 b5e 10c4 
3 73 3a4 64 71f b43 
3 b 93 3c1 39d 5db 
3 68 72 3a3 4a3 c86 
3 c2 4c 389 6e5 b9c 
3 7a 72 39a 794 b36 
3 20c 1fc 20d 22b 2dd 
3 1a 108 380 412 e3e 
3 3c1 95 b 559 8b1 
3 219 1f9 1f8 266 318 
3 20b 208 206 229 2db 
3 9d 3b7 19 510 672 
3 93 3c4 9 5b7 5df 
3 118 b2 32d 73e 94f 
3 209 208 20a 228 2da 
3 20d 1fc 20e 22c 2de 
3 95 10 3c0 57d cb9 
3 95 3c1 10 57d dc6 
3 45 3d2 3e 5a0 9cc 
3 20a 208 20b 22a 2dc 
3 114 369 42 64e ba5 
3 8f b 3c7 68d 888 
3 13a 30a db 660 f89 
3 71 3a3 72 751 a91 
3 3e 3c 3d8 588 65f 
3 12d 373 17 804 ae9 
3 369 114 45 6e6 ba5 
3 73 71 3a4 71f 861 
3 92 7d 38f 654 aed 
3 a 5 40f 88f 13c6 
3 3c8 93 b 39d 60b 
3 73 71 3a5 861 b32 
3 20f 200 210 22d 2df 
3 213 1f7 212 278 32a 
3 db 30d 13a c58 f89 
3 373 1d 12d 398 e52 
3 42 11a 36a 68e eae 
3 5e ca 384 bee d28 
3 db 30e 13a 696 c58 
3 210 200 211 22e 2e0 
3 f4 358 8f 8b5 c42 
3 78 71 3a5 b32 d65 
3 cd 5e 384 bee bf0 
3 314 24 1e7 dcd 13e2 
3 185 68 323 eb0 fa3 
3 307 118 10e 50d 8f1 
3 53 3cb 4b 719 a5f 
3 325 c1 129 a4f f70 
3 f4 359 8f 431 8b5 
3 148 34d 53 4b2 6cf 
3 a7 a0 377 504 9b3 
3 16d b8 308 97f f34 
3 78 3a5 73 b32 b3d 
3 185 68 324 fa3 fa6 
3 1e7 316 23 467 ce5 
3 a6 341 10f 3e4 892 
3 a0 37e 9b 4d9 933 
3 148 53 34e 685 6cf 
3 db 344 d5 82c d9e 
3 10f a6 342 892 a2b 
3 16d 30f ae b5d f2f 
3 172 308 b8 fea feb 
3 1fa 1fb 223 242 2f4 
3 1f6 1f7 227 297 349 
3 106 390 15 630 eb4 
3 11 a 410 8ee d37 
3 36b bb aa 969 ca3 
3 1e7 318 24 97a dcd 
3 fa 1f 391 dc0 e3d 
3 185 70 323 dd8 fbb 
3 222 1fb 1fd 23f 2f1 
3 cd 63 386 4d2 dcc 
3 312 166 b2 62d 10da 
3 7d 20 3d0 382 425 
3 f4 97 359 431 e2e 
3 78 73 3a9 865 b3d 
3 d5 5e 385 b0e d77 
3 185 323 72 eb0 fbb 
3 92 3be 30 3e3 e00 
3 aa 30 3b2 44e c9e 
3 172 bd 308 ef0 10ef 
3 131 326 c2 f4c f50 
3 360 1d 164 4d8 10d4 
3 313 166 b5 b05 107f 
3 217 1f9 219 276 328 
3 92 34 3be 3e3 8a0 
3 aa 3b2 34 44e 470 
3 10e e0 32b 4b9 ed8 
3 308 c7 16d 585 f34 
3 106 390 1f eb2 10d0 
3 106 20 390 eb2 eb4 
3 205 202 220 23a 2ec 
3 221 202 203 23c 2ee 
3 201 1fe 224 245 2f7 
3 225 1fe 1ff 248 2fa 
3 387 ea 4f 6ef cf8 
3 aa 3c 3b1 42d 8a8 
3 164 25 360 8a9 10d4 
3 215 216 209 230 2e2 
3 20b 1fb 222 241 2f3 
3 2f 158 362 48a e4a 
3 3b4 71 72 751 b23 
3 223 1fb 20b 243 2f5 
3 13c 352 6c a1a e85 
3 212 214 213 22f 2e1 
3 14 414 11 409 45d 
3 219 1f8 21f 27c 32e 
3 128 c1 333 6b7 84e 
3 8a 3a9 73 739 835 
3 164 360 2b 8a9 10e9 
3 bb 3b2 30 ba2 c9e 
3 11b 379 43 efe f04 
3 220 202 210 239 2eb 
3 16d c7 30f 585 d03 
3 224 1fe 20d 246 2f8 
3 210 202 221 23d 2ef 
3 7a 3b4 72 7e8 d62 
3 20d 1fe 225 24a 2fc 
3 1f8 1f6 234 281 333 
3 1e 14 412 4a0 953 
3 14a 64 354 760 fb6 
3 109 ad 350 d26 13f8 
3 20b 206 223 244 2f6 
3 cd 396 5e 4b8 bf0 
3 227 1f7 213 298 34a 
3 14 1e 413 4dd 953 
3 59 53 3d6 761 a3c 
3 76 6a 3bc 870 af1 
3 222 20a 20b 240 2f2 
3 160 15 372 b7a 10c5 
3 128 335 c7 bea e98 
3 1f4 29 31e 10df 11b6 
3 235 1f7 1f9 286 338 
3 eb 386 63 d91 e84 
3 229 204 205 257 309 
3 131 36c 52 7fa 91b 
3 1e2 32a 25 1295 1346 
3 aa 3bf 34 470 c45 
3 cd 396 63 4d2 b35 
3 31 1ed 31f b6d c6d 
4 1b 19c 236 238 217 220 
3 129 336 c8 5da f72 
3 171 33 35d a7a 110a 
3 5e 396 d5 4b8 b0e 
3 a0 9b 392 4f5 933 
3 321 29 1f4 573 11b6 
3 186 309 c8 b1c 11be 
3 217 219 218 231 2e3 
3 21b 216 215 233 2e5 
3 210 211 220 23b 2ed 
3 221 20f 210 23e 2f0 
3 230 200 201 25a 30c 
3 1ff 200 231 25b 30d 
3 131 58 36c 7fa e72 
3 31 31e 1f4 9e7 10df 
3 4f b4 3af c31 d14 
3 1e2 32a 2b 1346 13b2 
3 20d 20e 224 247 2f9 
3 225 20c 20d 249 2fb 
3 7 42d 2 418 76d 
3 60 59 3d5 7b2 7e0 
3 31 1f4 31f 9e7 b6d 
3 171 2f 362 48a ecb 
3 110 34c bc 4fa 11d1 
3 d5 63 396 6f8 b35 
3 35d 39 171 b96 110a 
3 218 219 21a 232 2e4 
3 207 208 22b 251 303 
3 203 204 22f 258 30a 
3 13e 2f 37c 61a 109f 
3 13c 365 5f 662 d6f 
3 110 bc 34d 4fa 904 
3 e6 10 3b8 cb1 cf5 
3 22b 208 209 252 304 
3 e6 13 3b7 bbe df0 
3 3b8 13 e6 bbe cf5 
3 114 34d bc 629 904 
3 166 e0 312 10db 1329 
3 21a 219 21c 234 2e6 
3 162 1a 378 4e1 c5f 
3 bd 3b6 43 4ef a15 
3 4f bf 3af 680 c31 
3 109 361 a1 c51 e3f 
3 228 1f6 227 296 348 
3 109 a2 361 eb8 ebb 
3 138 337 c8 7b4 fcf 
3 355 110 b4 7f6 11d4 
3 21d 21a 21c 235 2e7 
3 37d f9 7d b51 ce1 
3 211 200 230 259 30b 
3 231 200 20f 25c 30e 
3 21c 219 21f 237 2e9 
3 212 1f7 235 285 337 
3 21f 1f8 22e 2c1 373 
3 d2 36c ca 821 84f 
3 21c 21e 21d 236 2e8 
3 209 216 22b 253 305 
3 10d 1c 3a6 eb6 eb7 
3 32f b2 166 62d 1080 
3 d5 39f 63 6f8 ae8 
3 76 6c 3ca 82b ad9 
3 1ed 31 32c bff c6d 
3 e6 3c0 10 cb1 cb9 
3 209 20a 232 25f 311 
3 14 11 429 409 5d1 
3 161 37e 1a 48d ea8 
3 21f 21e 21c 238 2ea 
3 c2 3b5 4c 64a b9c 
3 127 33c d9 6d5 d0a 
3 6a 60 3d7 733 7e6 
3 109 361 ad d26 ebb 
3 14 11 42a 5d1 a1b 
3 166 32f b5 885 107f 
3 d5 39e 68 c6e d76 
3 235 1f9 217 283 335 
3 120 389 48 69c b82 
3 11d 387 4f 6ef d36 
3 213 214 22a 262 314 
3 161 1a 380 412 ea8 
3 da 39f 63 acd dbc 
3 d5 39f 68 ae8 c6e 
3 ba 3c3 3c 5dd 9d9 
3 db 185 30e 696 e1c 
3 120 38a 48 b82 1148 
3 9 3c1 f1 b9f dbd 
3 360 10d b0 3bf e09 
3 30e 127 13a c97 d94 
3 ba 3e 3c3 4f9 9d9 
3 3c1 b f1 5db 8b1 
3 c2 52 3b5 64a 906 
3 158 37c 2f 109e 109f 
3 da 68 39f acd bc5 
3 22a 204 229 24d 2ff 
3 3a2 da 63 5f8 dbc 
3 19d 38 356 618 10bf 
3 123 355 b4 7f6 d5b 
3 16f 3c 36b f19 f2a 
3 172 bd 329 10ef 1136 
3 215 209 232 260 312 
3 1ad 43 349 583 11b4 
3 76 3d1 6a 870 a58 
3 da 64 3a2 a9c ded 
3 13a 127 311 7ef d94 
3 f1 10 3c1 dbd dc6 
3 1e2 25 33e 1295 13b1 
3 7b 401 7 b2c e23 
3 f9 92 37d 39c b51 
3 42 36a 16f 68e 976 
3 158 37f 2f e4a 109e 
3 1e2 33e 27 1347 13b1 
3 234 1f6 228 282 334 
3 da 64 3a4 806 a9c 
3 1a6 34f 42 c4a e73 
3 21d 21e 226 24b 2fd 
3 1e3 334 3d 95d a0a 
3 da 68 3a3 bc5 c86 
3 8a 6c 3ca 79b 7f7 
3 22d 207 22b 255 307 
3 22f 204 22a 263 315 
3 f9 9b 37c e01 1291 
3 227 213 22a 24f 301 
3 22e 1f8 234 2c2 374 
3 172 307 10e 50d 7fb 
3 37d f9 9b 92d e01 
3 314 7f 1e7 955 1401 
3 334 44 1e3 3a7 13bf 
3 2e 41a 2d 558 b6b 
3 fa 37d 9b 92d a14 
3 d4 3a5 71 b0f d65 
3 fa 37e 9b a14 ca2 
3 da 3a3 71 a5a a91 
3 1e7 316 7e ce5 13dd 
3 1e3 44 335 13be 13bf 
3 1e7 7f 316 467 1401 
3 3a2 63 eb 5f8 d91 
3 72 da 3a3 a91 c86 
3 10d 374 9d c09 ce4 
3 da 3a4 71 806 a5a 
3 eb 64 3a2 ded 1024 
3 14c 359 97 3e1 e2e 
3 14c 35a 95 43d e20 
3 1e7 7e 318 97a 13dd 
3 be 38b c2 802 f4d 
3 d4 78 3a5 d64 d65 
3 14c 97 35a 3e1 e20 
3 218 21a 233 261 313 
3 172 118 307 50d 1093 
3 35 2d 41b 5c4 11de 
3 166 10e 312 10da 10db 
3 22b 216 22c 250 302 
3 22e 21e 21f 256 308 
3 59 e4 3ae 47a d85 
3 109 378 a1 e3f ea7 
3 172 308 118 feb 1093 
3 103 34b 102 8fb 110b 
3 22a 214 22f 264 316 
3 91 3ff d 3dd 8ec 
3 bc 148 34c 709 1022 
3 123 395 4f 744 a75 
3 d4 78 3a8 b2a d64 
3 171 39 379 b96 1076 
3 1a5 17 370 e86 eda 
3 e9 368 e4 6b8 d81 
3 12e 63 386 dcc e84 
3 e9 59 3ae 47a 80d 
3 148 bc 34d 4b2 1022 
3 cd ca 384 8ad bee 
3 96 7 401 8b7 d4f 
3 e4 3ae 5f d85 d87 
3 1f 161 390 10d0 10d1 
3 227 229 228 24c 2fe 
3 3ff 96 d 880 8ec 
3 161 1f 391 e3d 10d1 
3 22a 229 227 24e 300 
3 160 39b e b5e 1060 
3 f9 30 3be 3e2 e00 
3 3e9 6c 67 7d7 7de 
3 10d b0 374 e09 107a 
3 3b0 bf 86 e90 1042 
3 77 3de 74 b38 b3a 
3 99 1e7 314 515 955 
3 185 324 db e1c fa6 
3 16 442 f 421 860 
3 75 3e0 74 7fe ae5 
3 108 380 a1 e3e 11b1 
3 1ec 346 31 13ff 1400 
3 67 73 3e8 864 cfb 
3 56 51 402 6c3 a64 
3 132 395 4f a75 128a 
3 160 39b 15 1060 10c5 
3 1ec 346 33 13f7 13ff 
3 d 8c 40a 393 bc9 
3 3ed 6d 66 b06 fd9 
3 d4 71 3b4 b0f b23 
3 56 402 54 868 cef 
3 66 6e 3ed b07 d15 
3 3b4 d4 72 b23 d62 
3 3eb 6f 6b 523 af7 
3 3e6 71 73 a31 b34 
3 22b 22c 22d 254 306 
3 67 6c 3ef 723 7de 
3 128 30f 16d d03 f2f 
3 a 8c 40f 5b4 8dc 
3 373 12d a2 398 ae9 
3 3e6 78 71 7a4 b34 
3 8c 410 a 8dc d34 
3 d4 3b4 7a a8b d62 
3 321 1f4 81 573 c94 
3 78 3e6 73 86c b34 
3 7a 79 3e2 b48 b4d 
3 441 21 16 3c2 414 
3 6a 6f 3f0 67c 713 
3 e4 3bb 5f aaa 104e 
3 7a 79 3e3 b4d b4f 
4 239 1f5 1b 238 218 21a 
3 171 2f 38d ecb 10fd 
3 78 3e8 73 865 86c 
3 79 7a 3e4 a3a b4f 
3 13c dc 352 879 e85 
3 1a6 42 36a c4a eae 
4 238 1b 1f6 23a 219 21a 
3 114 34d 110 904 c9b 
3 1e2 360 1d 139a 13b6 
4 1f7 1b 238 23b 219 21f 
3 354 13c dc 562 879 
3 6a 76 3f0 a58 cfd 
3 8a 3e8 67 783 864 
3 1c9 364 30 ff8 1230 
3 d2 ca 393 821 1141 
3 13c e2 352 a1a ec2 
3 114 110 34f a39 c9b 
3 8a 67 3e9 783 7d7 
3 12d b0 373 9ed e52 
3 6c 76 3f1 4e4 ad9 
3 3b7 13 143 6dd df0 
4 23d 1f9 1b 238 21f 220 
3 1e2 360 25 1007 139a 
3 1ed b5 313 4e8 b05 
3 30e 127 185 6b1 c97 
3 8a 3e9 6c 79b 7d7 
3 bb 3b2 aa c9e ca3 
3 360 1e2 27 e80 13b6 
3 11a 102 357 428 a10 
3 379 11b bd 639 f04 
3 19 143 3b7 672 6dd 
3 11d 4f 3af 680 d36 
3 3b0 e4 86 8ab e50 
4 236 19c 8b 237 217 21d 
3 ac d 409 454 1029 
3 ac d 40a 393 454 
3 148 34e e9 685 103e 
3 55 415 4e 6a6 776 
3 8a 73 3e8 739 864 
3 1e9 356 38 8a7 f24 
3 2b 1e2 360 afc 1007 
3 cd d5 396 4b8 b35 
3 14a 354 dc 562 fb6 
3 6f 6b 3fa af7 afb 
3 75 74 3f3 7fe c8a 
3 1e9 38 357 8a7 e2a 
3 88 6b 3ee a89 aae 
3 123 4f 3af 744 d14 
3 186 138 309 b1c f4a 
3 13e 37c 9b 61a e82 
3 bf 3af b4 c31 d4b 
3 75 79 3f2 44b b41 
3 171 35d a7 a7a f38 
3 164 360 b0 3bf 4d8 
3 62 5d 40c 7cf f9f 
3 cd 3a0 ca 8ad 129c 
3 124 37b be f14 1106 
3 62 40d 5d 7cf 812 
3 3d 37 433 5cc 1089 
3 79 75 3f6 86f b41 
3 f4 108 36f ed1 10c3 
3 30e 185 13a 696 c97 
3 36c d2 131 80f e72 
3 3d 434 37 5cc 939 
3 236 238 237 165 217 
3 123 110 355 7f6 124c 
3 89 6d 3f4 839 cff 
3 46e 2 1 3a9 3aa 
3 a6 14 413 4dd 9be 
3 89 3f5 6d 839 85f 
3 237 238 239 166 218 
3 1ed 320 b5 4e8 11aa 
3 6e 66 407 b04 e96 
3 6d 408 66 84d ca1 
3 3f3 89 74 a44 aec 
3 239 23a 237 16a 21c 
3 239 238 23a 168 21a 
3 191 bc 34c 709 11d1 
3 ea eb 388 7ae cde 
3 13a 33a 137 7b1 d12 
3 88 3f9 6b a89 bb2 
3 37 35 43d 62f 11d0 
3 18 7e 428 920 92b 
3 23d 236 237 16b 21d 
3 238 23b 23a 167 219 
3 236 23d 238 16e 220 
3 be 102 394 3f7 a17 
3 13c 365 e2 d6f ec2 
3 23a 23c 237 169 21b 
3 11 a 467 3e6 8ee 
3 1f4 320 b5 11aa 1224 
3 a6 413 1e 4dd 908 
3 89 3f7 74 72f aec 
3 1f4 b5 321 c94 1224 
3 448 32 2a 405 529 
3 23c 23d 237 16c 21e 
3 23d 23b 238 16d 21f 
3 131 52 3b5 906 91b 
3 fa f9 37d 92d 947 
3 3 1 475 38a 897 
3 aa 16f 36b 3c7 f2a 
3 191 355 b4 fb3 11d4 
3 3 476 1 3a3 897 
3 162 377 a0 e34 f98 
3 312 e0 1ed 40d 1329 
3 42c 8c d 46d bc9 
3 40 43b 3b 599 c1e 
3 114 45 3cc 5e8 6e6 
3 162 378 a0 4e1 e34 
3 14a 3a2 64 760 1024 
3 108 372 106 78d bf4 
3 5 1 476 886 9ef 
3 359 14c f4 a7c e2e 
3 120 be 38a d3f 1105 
3 162 a1 378 c5f ea7 
3 120 c2 389 69c e0d 
3 120 38b be d3f f4d 
3 91 d 42c 3dd 46d 
3 10d 9d 3a6 c09 eb6 
3 7 477 2 3ce 418 
3 96 42d 7 8b7 d3c 
3 114 4b 3cc 9d4 c0f 
3 be 124 38b 9ee f14 
3 120 c2 38b e0d f4d 
3 46 49 436 6eb a01 
3 e6 3c0 95 cb9 e2f 
3 e4 368 148 408 d81 
3 428 7e 2e 4ac 5f5 
3 f3 7 401 d4f e23 
3 23e 240 23f 16f 221 
3 16f ba 36a 976 10fc 
3 4d 436 46 67a 6eb 
3 16f 36b ba f19 10fc 
3 23f 240 241 170 222 
3 4d 46 437 67a f61 
3 148 e9 368 d81 103e 
3 4d 49 436 6df 6eb 
3 2 480 1 37b 3aa 
3 b8 334 1e3 3a7 a0a 
3 11d 3b0 86 e90 1047 
3 19d 356 bb ab9 10bf 
3 160 f4 358 10c4 10c6 
3 be 131 38b 802 9ee 
3 349 170 103 cae 1125 
3 42b 5b 55 452 a12 
3 3c1 f1 93 5db b9f 
3 a5 2d 41a 9c9 b6b 
3 181 374 9d ce4 10d7 
3 f9 3be 92 39c e00 
3 a5 41a 2e 973 b6b 
3 103 170 34a c6a 1125 
3 12e 386 cd dcc fa1 
3 3c1 95 f1 8b1 dc6 
3 163 f4 359 566 a7c 
3 3a2 eb da 5f8 ded 
3 131 38b c2 758 802 
3 38a 48 1ad 1148 1299 
3 42a a3 14 5a4 e12 
3 6d c4 3ed c76 d02 
3 387 1ae 4f cf8 1061 
3 162 109 350 e9f 13f9 
3 d1 67 3ea a21 d2f 
3 177 349 103 cae 110d 
3 242 244 243 171 223 
3 a5 18 428 920 98f 
3 a6 42a 14 5a4 9be 
3 177 102 34b efb 110b 
3 245 244 242 172 224 
3 11a 102 37a a10 10ff 
3 177 103 34b 110b 110d 
3 13c 5f 3bb 662 11ee 
3 d4 3e6 71 7a4 ea3 
3 43e 7e 18 390 92b 
3 d1 3eb 6b 523 d79 
3 61 42b 5b 7b6 b93 
3 40 3b 44c 599 97c 
3 65 62 426 ac1 fa5 
3 67 d8 3ea ca4 d2f 
3 18e 9d 374 10b8 1404 
3 ea 11d 387 38b 6ef 
3 d4 79 3e4 a3a 10e8 
3 d1 6f 3eb 523 6fb 
3 3ef d1 67 9f2 a21 
3 d4 3e4 7a a3a a8b 
3 388 11d ea 38b f08 
3 a 5 484 3cc 88f 
3 49 445 44 6a8 6d7 
3 d6 6b 3eb 793 d79 
3 32 45e 2a 43a 529 
3 d4 78 3e6 7a4 b2a 
3 d8 3ed 66 d15 fd1 
3 b0 181 374 919 107a 
3 c4 6d 3f4 cff d02 
3 3ec d6 6e 7a9 b81 
3 246 248 247 173 225 
3 d6 3ee 6b 793 81e 
3 170 11b 349 93f 1281 
3 47 44b 40 9e9 cb2 
3 24 7e 43e 4e9 9a7 
3 1e7 10f 314 515 13e2 
3 6f d1 3ef 532 6fb 
3 c9 402 51 5fa a64 
3 d8 3ec 6e 7a9 c04 
3 19d bb 363 ab9 1229 
3 12d 10c 373 804 8df 
3 249 248 246 174 226 
3 171 379 bd 639 1076 
3 d8 3ed 6e c04 d15 
3 241 240 250 1ab 25d 
3 c9 54 402 6f3 cef 
3 252 240 23e 1ac 25e 
3 7e 24 440 5ab 9a7 
3 f8 410 a d34 d37 
3 a5 428 2e 4ac 973 
3 c9 402 56 a64 cef 
3 32c 1ed e0 40d bff 
3 96 3ff 91 5f7 8ec 
3 c9 404 54 6f3 d2b 
3 12e eb 386 e84 fd7 
3 1ec ad 346 13fc 1400 
3 36 45f 32 548 10f5 
3 1a5 a1 370 eda 10f3 
3 404 cb 54 6c7 d2b 
3 1ae 4f 395 1061 128a 
3 424 77 69 688 ad0 
4 237 8b 1f5 239 218 21c 
3 e9 3ae e4 47a 6b8 
3 f8 410 11 d37 f9c 
3 e5 67 3ef 723 9f2 
3 132 d2 393 ad1 1145 
4 23a 1f6 8b 237 21b 21c 
3 24a 24c 24b 175 227 
3 49 44 450 6a8 e9d 
3 14a 13c 354 562 11ed 
3 148 3b0 86 8ab bdf 
3 450 49 46 457 a01 
3 e5 6a 3f0 67c cfd 
3 e5 3ef 6c 723 bb7 
3 164 10d 360 3bf 10e9 
3 305 23 304 3f1 4b5 
3 250 240 251 179 22b 
4 237 8b 1f8 23c 21b 21e 
3 e5 6f 3ef 532 729 
3 171 38d a7 f38 10fd 
3 160 36f f4 10c3 10c6 
3 25d 23d 23c 1b4 266 
3 e5 6c 3f1 4e4 bb7 
3 24f 24c 24a 177 229 
3 e5 3f0 6f 67c 729 
3 19d 103 34a c6a de8 
3 24d 24c 24e 176 228 
3 251 240 252 17a 22c 
4 23d 1f9 8b 237 21d 21e 
3 29 302 305 4fb 789 
3 163 36f f4 566 ed1 
3 3f4 c4 89 831 cff 
3 cf 406 5a cd9 e56 
3 123 b4 3af d14 d5b 
3 a3 18 43e 819 ce6 
3 1ec 38c 33 ff6 13f7 
3 24e 24c 24f 178 22a 
3 51 4d 44d a66 cf0 
3 191 34c 110 887 11d1 
3 1ec ad 350 13f8 13fc 
3 11d 3af bf 680 ee7 
3 a5 18 43f 98f 1109 
3 e5 3f0 76 bb6 cfd 
3 d6 3fc 6e 772 b81 
3 11d bf 3b0 e90 ee7 
3 e5 3f1 76 4e4 bb6 
3 37b 124 123 b56 e5e 
3 253 244 254 17b 22d 
3 257 23b 256 1c6 278 
3 2a 47b 21 521 845 
3 d6 405 61 7d5 989 
3 254 244 255 17c 22e 
3 a3 43e 24 487 aad 
3 2a 47c 21 4f3 521 
3 14a 388 ea cde f08 
3 3a1 131 d2 80f ad5 
3 14a eb 388 cde e44 
3 8 4 49d 417 966 
3 132 3a1 d2 ad1 ad5 
3 160 36f 108 10be 10c3 
3 1a5 a1 380 10f3 11b1 
3 a 49c 5 3cc 402 
3 3 1 4a2 3a3 bce 
3 ed 42d 2 76d c62 
3 e3 5a 406 912 ea2 
3 163 36f 108 ed1 10f1 
3 177 38a be f00 1105 
3 372 160 106 78d b7a 
3 5 4a2 1 886 dce 
3 bb 1c9 363 10ea 1229 
3 23e 23f 267 190 242 
3 23a 23b 26b 1e5 297 
3 4 3 4a2 37f 576 
3 161 106 372 69d bf4 
3 191 110 355 887 11d4 
3 132 37b 123 b56 c0d 
3 266 23f 241 18d 23f 
3 ac 40a 8c 393 dc9 
3 132 37b 124 56f b56 
3 19d 356 103 618 10eb 
3 108 160 372 78d 10be 
3 bb 364 1c9 10ea 1230 
3 108 372 161 bf4 105b 
3 94 448 2a 405 41e 
3 143 9d 3b7 672 f1c 
3 ed 7 42d 76d d3c 
3 415 cf 55 77d c2f 
3 452 54 56 809 868 
3 170 362 11b 93f b8d 
3 163 10c 370 e8b 10f4 
3 1e9 bb 356 99d f24 
3 171 362 11b b8d ba9 
3 56 455 51 6c3 72b 
3 371 163 10c a1e e8b 
3 25b 23d 25d 1c4 276 
3 23 304 316 4b5 8c2 
3 23 305 316 3f4 4b5 
3 1a6 110 34f b88 e73 
3 17b cd 386 d60 fa1 
3 3b 472 36 9e6 ebe 
3 94 32 448 405 f8c 
3 249 246 264 188 23a 
3 265 246 247 18a 23c 
3 245 242 268 193 245 
3 269 242 243 196 248 
3 161 fa 37e 48d 1053 
3 407 e3 66 5e2 706 
3 cf 5a 417 cd9 cf6 
3 11 49f a 3e6 87a 
3 e3 66 408 706 11e9 
3 122 3e8 67 cfb ee9 
3 259 25a 24d 17e 230 
3 24f 23f 266 18f 241 
3 11b 1ad 349 583 1281 
3 8 9 4a5 8bb 8ce 
3 162 378 109 e9f ea7 
3 267 23f 24f 191 243 
3 10 c 4a0 476 900 
3 34a 170 158 942 112b 
3 1c9 37c 9b e82 1291 
3 1a8 37b be 1106 1107 
3 256 258 257 17d 22f 
3 19 499 12 450 c06 
3 36a 11a 16f 68e f18 
3 131 c2 3b5 758 906 
3 177 394 be a17 f00 
3 22 306 31b 498 c36 
3 13 19 499 5ac b67 
3 25d 23c 263 1ca 27c 
3 4 4ac 3 37f 8aa 
3 305 2e 316 3f4 89a 
3 19 12 49a 450 4a9 
3 13 c 4a0 900 9f6 
3 122 71 3e6 a31 ea3 
3 36b 16f 11a a9d f18 
3 32 2a 482 43a 58f 
3 1a6 355 110 b88 124c 
3 14c 95 3c0 43d e2f 
3 122 3e6 73 a31 c96 
3 163 14c 359 a7c f41 
3 264 246 254 187 239 
3 8 4ab 4 417 8d4 
3 12 1c 49a 485 4a9 
3 268 242 251 194 246 
3 10 9 4a5 3cb 3dc 
3 13 10 4a0 445 900 
3 27 1e2 3ad e80 1347 
3 254 246 265 18b 23d 
3 251 242 269 198 24a 
3 9 8 4aa 388 8ce 
3 3f 308 30f 5ad c95 
3 42a 11 100 6fc a1b 
3 3ac 1e2 2b afc 13b2 
3 122 3e8 73 c96 cfb 
3 23c 23a 278 1cf 281 
3 19d 103 363 de8 10eb 
3 24f 24a 267 192 244 
3 10 4a7 9 3cb 8c1 
3 31e 302 29 4fb c87 
3 26b 23b 257 1e6 298 
3 24 318 314 3c0 dcd 
3 10 4a6 c 476 d4c 
3 4d 49 469 6d6 6df 
3 15d 3ff d 880 f49 
3 14 100 42a a1b e12 
3 266 24e 24f 18e 240 
3 1e9 aa 36b 3c7 969 
3 161 380 108 412 105b 
3 1c 49a 19 4a9 537 
3 194 3bb 5f 104e 11ee 
3 279 23b 23d 1d4 286 
3 31e 29 305 4fb 1309 
3 b9 43b 3b c1e c5e 
3 1ad 43 3bd 11b4 11c2 
3 26d 248 249 1a5 257 
3 131 124 38b 3d7 9ee 
3 b9 41 439 990 e1b 
3 14 4a4 11 45d 715 
3 30c 4a 30b 655 67e 
3 b9 43a 41 990 cb6 
3 6d 66 44e 84d b06 
3 40 b9 43b bc8 c1e 
3 1ad 48 3bd 11c2 1299 
3 7b 477 7 7c1 b2c 
3 321 305 29 9e2 1309 
3 6e 44e 66 b04 b07 
3 f3 401 7b db6 e23 
3 25b 25d 25c 17f 231 
3 25f 25a 259 181 233 
3 254 255 264 189 23b 
3 265 253 254 18c 23e 
3 274 244 245 1a8 25a 
3 243 244 275 1a9 25b 
3 2e 317 315 4c7 58a 
3 191 34c 148 709 11d7 
3 316 2e 317 4d6 570 
3 51 4d 46a 6bc a66 
3 f 7b 474 a5b b18 
3 17b 386 eb fd0 fd7 
3 251 252 268 195 247 
3 269 250 251 197 249 
3 a5 7e 428 4ac 920 
3 4e 46f 47 6d4 1103 
3 387 ea 17b b57 f8a 
3 1ee 374 9d 10d7 1404 
3 1a6 123 355 10e4 124c 
3 fc 431 16 83b 10b9 
3 25c 25d 25e 180 232 
3 24b 24c 26f 19f 251 
3 247 248 273 1a6 258 
3 45d a3 18 3ec 819 
3 91 8c 42c 46d 13cd 
3 17b ea 388 7ae f8a 
3 2e 321 305 89a b7c 
3 e3 41c 5a 912 116d 
3 17b 388 eb 7ae fd0 
3 181 10d 374 ce4 107a 
3 26f 24c 24d 1a0 252 
3 3b 483 36 5b6 9e6 
3 1ed 166 312 78f 1329 
3 191 3b0 86 bdf 1042 
3 388 14a 11d eba f08 
3 1e 4a3 14 4a0 de2 
3 194 354 13c 11ec 11ed 
3 30a 5c 309 6ea 773 
3 1ed 313 166 78f b05 
3 177 170 349 cae 128c 
3 14a eb 3a2 e44 1024 
3 55 cf 42b 69a c2f 
3 1e9 bb 36b 969 99d 
3 1ec a0 377 9b3 f98 
3 194 86 3b0 e50 1047 
3 25e 25d 260 182 234 
3 26c 23a 26b 1e4 296 
3 d8 d1 3ea a35 d2f 
3 d6 d1 3eb d79 d7b 
3 161 391 fa e3d 1053 
3 171 11b 379 639 ba9 
3 2c 26 496 936 958 
3 18 ac 45d c25 1027 
3 126 75 3f2 44b acf 
3 132 123 395 a75 c0d 
3 d1 d6 3ec a8c d7b 
3 261 25e 260 183 235 
3 57 310 309 756 dda 
3 126 3f3 74 a44 c8a 
3 255 244 274 1a7 259 
3 275 244 253 1aa 25c 
3 1ec a7 377 534 9b3 
3 31e 28 31d 602 967 
3 d8 3ec d1 a35 a8c 
3 126 75 3f3 acf c8a 
3 91 478 1 3ed 13c8 
3 57 30b 310 698 d1a 
3 260 25d 263 185 237 
3 256 23b 279 1d3 285 
3 263 23c 272 20f 2c1 
3 2 7 4bd 389 3ce 
3 126 3f2 79 44b 1416 
3 26 1c 4a1 527 d42 
3 12a 403 54 6be 1074 
3 315 2d 321 6c4 984 
3 373 b0 1ee 9ed a05 
3 437 c9 4d c11 1028 
3 d9 421 69 c82 120f 
3 260 262 261 184 236 
3 24d 25a 26f 1a1 253 
3 2e 315 321 4c7 984 
3 4a3 22 1e 4b7 4c6 
3 2e 321 316 570 89a 
3 12a 54 404 6be 6c7 
3 d8 d6 3ec 7a9 a8c 
3 1ee b0 374 919 a05 
3 194 14a 354 e91 11ed 
3 24d 24e 276 1ad 25f 
3 2e 321 317 4c7 570 
3 161 390 106 69d 10d0 
3 11 410 156 e22 f9c 
3 263 262 260 186 238 
3 45b a5 2d 5f3 9c9 
3 14c e6 3ab 970 113c 
3 17b 3a0 cd d60 1142 
3 19d 34a 158 942 ffa 
3 41 98 458 b9e e2b 
3 f3 400 96 bfa e70 
3 321 29 31e 11b6 1309 
3 279 23d 25b 1d1 283 
3 31 31e 31d 602 97b 
3 d9 424 69 688 c82 
3 7f 304 303 974 b10 
3 65 d9 426 bac d5a 
3 1c9 f9 364 ff8 1297 
3 257 258 26e 1b0 262 
3 1a5 108 36f bd0 10f1 
3 f3 96 401 bfa d4f 
3 31 31d 31f 3a1 97b 
3 e4 148 3b0 408 8ab 
3 158 170 362 508 112b 
3 359 18e 14c f41 113d 
3 171 362 158 48a 508 
3 31 31e 31f 97b 9e7 
3 1a8 be 394 3f7 1107 
3 37c 158 13e 572 109f 
3 22 1e 4a8 4c6 932 
3 89 69 44f 7f8 12d7 
3 26e 248 26d 19b 24d 
3 1a5 370 10c e86 10f4 
3 259 24d 276 1ae 260 
3 39 307 329 471 eee 
3 138 54 403 54a 135e 
3 47 40 486 9e9 a26 
3 fc 441 16 3c2 83b 
3 e5 3ef d1 532 9f2 
3 89 44f 6d 84c 12d6 
3 1a6 11a 36a eae 10e3 
3 3d 308 328 60e 63b 
3 126 89 3f3 a44 f6f 
3 1ec 350 109 13f8 13f9 
3 278 23a 26c 1d0 282 
3 39 32b 307 471 4af 
3 261 262 26a 199 24b 
3 131 3a1 124 3d7 763 
3 3f4 89 126 831 f6f 
3 3b7 143 e6 8d7 df0 
3 132 124 3a1 56f 763 
3 d9 77 424 688 822 
3 40 48f 3b 93d 97c 
3 18e 9d 3b7 f1c 10b8 
3 61 12f 405 ba8 dee 
3 2b 31c 32a 564 56b 
3 271 24b 26f 1a3 255 
3 273 248 26e 1b1 263 
3 cb c9 404 d2b fd5 
3 a6 a3 42a 5a4 977 
3 26b 257 26e 19d 24f 
3 272 23c 278 210 2c2 
3 2d 32e 315 99a bcd 
3 1a8 37a 102 ffe 10ff 
3 1ae ca 393 1141 129b 
3 fc 21 441 3c2 945 
3 180 409 d 3de 1029 
3 4a 326 30b 667 67e 
3 19d 170 34a 942 c6a 
3 177 102 394 a17 efb 
3 4a 326 30c 67e 9b1 
3 85 30a 309 6ea 780 
3 46b 6b 61 82f 855 
3 457 b8 3d 52b 872 
3 191 3af b4 d4b fb3 
3 359 163 18e f41 104f 
3 f8 8c 410 d34 f94 
3 171 362 170 508 b8d 
3 132 131 3a1 763 ad5 
3 31 32c 31d 3a1 5e9 
3 7b f 48e 86e b18 
3 387 1ae ea b57 cf8 
3 1ae 393 d2 1141 1145 
3 25c 25e 277 1af 261 
3 31 31f 32c 3a1 c6d 
3 26f 25a 270 19e 250 
3 272 262 263 1a4 256 
3 21 16 4b9 414 b9b 
3 a3 24 471 487 b7e 
3 f6 439 41 610 e1b 
3 22 341 306 498 dca 
3 44 b8 457 53f eb1 
3 1ec 38c a7 534 ff6 
3 3f 332 308 5ad cd0 
3 f7 437 46 c1a f60 
3 177 38a 120 1105 11b9 
3 26e 258 273 1b2 264 
3 137 40c 5d 7c0 f9f 
3 141 405 61 989 ba8 
3 a6 24 471 b7e b80 
3 334 3d 308 440 60e 
3 1a5 380 108 bd0 11b1 
3 316 303 7f 45c 974 
3 191 3af bf 79f d4b 
3 7f 304 316 8c2 974 
3 178 67 3e8 dfe ee9 
3 349 170 1ad 1281 128c 
3 30f 3f 331 5fd 9cd 
3 191 bf 3b0 79f 1042 
3 70 30e 319 ab1 d05 
3 c9 44d 4d c11 cf0 
3 122 c4 3e5 c55 f11 
3 26b 26d 26c 19a 24c 
3 137 62 40c af5 f9f 
3 1e9 357 11a e29 e2a 
3 3f 30f 332 5ad 9cd 
3 14c 3c0 e6 970 e2f 
4 8b 303 305 1b 2c9 2ca 
3 2 1 4d8 37b 8db 
3 5c 327 309 70e 773 
3 25 33d 314 8fc 948 
3 178 67 3ea ca4 dfe 
3 26e 26d 26b 19c 24e 
3 3 4d8 1 38a 840 
3 c9 51 44d 5fa cf0 
3 5c 30a 327 730 773 
3 3e5 c4 126 c55 d8a 
3 c4 122 3e7 c7b f11 
3 11a 1a6 37a f54 10e3 
3 141 407 66 5e2 e96 
3 17b 12e 386 fa1 fd7 
3 330 4a 30c 603 9b1 
3 32c 33 32b 61c 938 
3 349 1ad 177 745 128c 
3 1a8 11a 37a f54 10ff 
3 55 4e 48a 6a6 9c4 
3 b8 3d 461 872 108d 
3 94 47d 2a 41e 74f 
3 39 329 32b 471 95b 
3 456 cb 41 e49 12b0 
3 3ed 66 178 fd1 fd9 
3 1ae ca 3a0 129b 129c 
3 25 314 340 8fc 1313 
3 1c9 37c f9 1291 1297 
3 16 f 4cb 421 801 
3 42a 156 11 6fc e22 
3 1ae 3a0 cd 1142 129c 
3 24 314 342 3c0 c3a 
3 d7 444 5d a93 d10 
3 141 6e 407 511 e96 
3 470 74 69 66c 859 
3 145 415 4e 776 b9d 
3 37a 1a6 123 1072 10e4 
3 22 31b 341 498 951 
3 314 316 7f 7b3 1401 
3 88 61 46b 855 a1f 
3 328 3d 32d 8a4 944 
3 145 416 4e b9d d8c 
3 178 6d 3ed c76 fd9 
3 1a8 37a 123 1072 120a 
3 24 342 318 3c0 547 
3 a6 1e 47e 500 908 
3 77 470 69 66c ad0 
3 8 4da 4 8d4 d0c 
3 26f 270 271 1a2 254 
3 35 32f 32e 5be baf 
3 194 11d 388 8e5 eba 
3 1a8 123 37b e5e 120a 
3 7e 316 317 4d6 911 
3 32d 37 32f 5e0 9c6 
3 70 322 30e ab1 aba 
3 75 319 31a ae7 f67 
3 d4 122 3e6 de0 ea3 
3 1a8 37b 124 e5e 1106 
3 28 31d 33f 967 96d 
3 145 55 415 776 77d 
3 7e 316 318 911 13dd 
3 28 33f 31e 967 dac 
3 70 323 30e aba dd8 
3 15 4d1 e 4ab 66d 
3 7e 317 318 556 911 
3 4 4df 3 8aa ac0 
3 5b 48b 55 7d3 a12 
3 4a 30b 339 667 721 
3 321 81 305 9e2 b7c 
3 25 32a 33d 516 94a 
3 88 46b 6b 855 aae 
3 ed 46e 1 3a9 631 
3 18e 3ab e6 1068 113c 
3 ed 2 46e 3a9 c62 
3 4dd b 6 3db f25 
3 25 33e 32a 516 1295 
3 77 74 470 66c b3a 
3 144 417 5a c98 cf6 
3 9 4de 8 388 531 
3 90 49c 5 402 db0 
3 20 4cc 15 53e bed 
3 3d 334 328 5b0 60e 
3 319 70 322 876 ab1 
3 117 438 46 ca7 106a 
3 f3 f 466 d51 117e 
3 69 74 479 814 859 
3 40 43b 119 bc8 bd5 
3 80 22 497 4f8 982 
3 57 309 338 756 9dc 
3 4a 326 330 9b1 cf3 
3 1a8 394 102 3f7 ffe 
3 90 a 49c 402 42a 
3 80 498 22 4f8 d13 
3 3f4 126 c4 831 d8a 
3 80 26 496 956 964 
3 4c 330 326 9da cf4 
3 5c 309 337 70e fcd 
3 80 31b 31c 7da 94c 
3 68 324 323 a92 fa3 
3 15b 16 431 f1d f28 
3 18e 371 163 104f 107e 
3 57 339 30b 698 721 
3 3f 331 332 9cd a1d 
3 61 48d 5b 6e2 7b6 
3 79 319 322 876 b20 
3 5a 144 41c bcf c98 
3 57 310 338 749 756 
3 90 a 49f 42a 5b1 
3 ae 30f 30c 623 f6c 
3 4d 325 333 6cd cec 
3 d7 452 5d 832 a93 
3 43 332 331 92c a1d 
3 70 322 323 aba b1e 
3 49e 90 c c05 1245 
3 194 3b0 e4 e50 117c 
3 57 310 339 698 749 
3 1e9 36b 11a a9d e29 
3 12f 42b 55 452 69a 
3 48 331 330 6cb be6 
3 5c 33a 30a 730 ece 
3 72 323 322 759 b1e 
3 3b 36 4b5 5b6 105d 
3 4b3 3c 3a 3f8 577 
3 1ee 10c 371 91c a1e 
3 ed 42d 96 495 d3c 
3 b2 307 312 871 9a2 
3 478 ed 1 3ed 631 
3 25 33d 33e 516 8fd 
3 31 31d 348 5d8 5e9 
3 12f 5b 42b 452 b93 
3 3e 4b3 3c 588 d17 
3 1ee 10c 373 8df 91c 
3 b3 306 314 c02 e71 
3 120 38a 1ad 1148 11b9 
3 339 4a 326 584 667 
3 9a a 49f 5b1 87a 
3 51 336 325 757 f71 
3 9a 12 49b 75b 941 
3 335 44 334 85e 13bf 
3 18e 3b7 e6 8d7 1068 
3 25 340 33d 8fc 8fd 
3 27 33e 33f 491 889 
3 25 340 33e 8fd 95e 
3 c1 30c 30b 655 86b 
3 89 479 69 7f8 814 
3 f7 41 456 9fc e49 
3 27 33e 340 889 95e 
3 137 426 62 af5 fa5 
3 49 333 335 6b6 73f 
3 340 27 33f 836 889 
3 12f 61 42b b93 dee 
3 de 303 302 dae 1054 
3 1a5 163 36f 10f1 10f2 
3 31d 28 351 5cf 972 
3 f6 41 458 610 e2b 
3 26 80 4a1 8d0 964 
3 f7 458 41 9fc b9e 
3 137 65 426 bac fa5 
3 182 406 5a e56 ea2 
3 1a5 163 370 10f2 10f4 
3 22 343 341 416 4b4 
3 9a 49f 11 55b 87a 
3 de 304 303 b10 c19 
3 52 326 339 677 f4f 
3 de 302 305 789 1054 
3 65 311 33a 81f f7f 
3 89 6d 47a 84c 85f 
3 f3 f 474 a5b d51 
3 31 32c 347 5a3 8f2 
3 de 305 303 c19 1054 
3 de 305 304 3f1 c19 
3 32 2a 4c8 58f db9 
3 32b 33 347 5a2 938 
3 65 33b 311 81f ac9 
3 a8 12 499 9ba c06 
3 27a 27c 27b dc 165 
3 308 30f c7 585 d07 
3 31 348 32c 5a3 5e9 
3 a8 13 499 5ac 9f9 
3 33 32c 347 8f2 938 
3 f7 46 458 c1a e30 
3 15b 442 f 860 c5b 
3 65 33c 311 ac9 d00 
3 388 14a 194 e91 eba 
3 1ec 162 350 efc 13f9 
3 194 e4 3bb 104e 117c 
3 2a 21 4d2 4f3 720 
3 b3 31b 306 5a5 c36 
3 89 74 479 72f 814 
3 119 44b 40 cb2 ed3 
3 a8 c 49e 5c3 c05 
3 31 31d 351 5cf 5d8 
3 a8 12 49b 941 9ba 
3 9e 22 498 b55 1091 
3 27b 27c 27d a8 166 
3 5c 337 327 70e a72 
3 15d 96 3ff 880 988 
3 c8 309 310 902 dda 
3 40 44c 119 bd5 ed3 
3 5d 327 337 7bc a72 
3 9a 11 4a4 55b a3f 
3 a8 499 19 5ac c06 
3 c8 310 30b 65e d1a 
3 15d 96 400 988 e70 
3 19d 37f 158 ffa 133a 
3 27d 27e 27b dd 16a 
3 a8 4a0 c 5c3 9f6 
3 27d 27c 27e cd 168 
3 15b 16 442 860 f1d 
3 156 8c 40a 3d1 dc9 
3 47 119 44b c39 cb2 
3 281 27a 27b 4f 16b 
3 4e 47 4b1 6d4 6de 
3 5c 327 33a 730 d9b 
3 42a 100 a3 dbb e12 
3 27a 281 27c 1f 16e 
3 27c 27f 27e d6 167 
3 14 9e 4a3 8f6 b3b 
3 27e 280 27b e0 169 
3 337 56 336 4df a1c 
3 4a4 9e 14 7ac b3b 
3 28 31d 35b 96d 972 
3 a8 4a0 13 9f6 9f9 
3 117 450 44 a07 e9d 
3 7 7b 4bd 4c9 7c1 
3 4af 53 4b 54f a5f 
3 280 281 27b 6e 16c 
3 281 27f 27c b2 16d 
3 117 450 46 457 ca7 
3 12a cb 404 6c7 e4b 
3 62 33a 327 7f4 f65 
3 31c 26 35e 51b 915 
3 85 338 309 6bd 9dc 
3 1f3 d 3ff a79 f49 
3 1c9 37c 13e 572 e82 
3 db 30a 30d 854 f89 
3 14e 43b 3b c5e eac 
3 117 49 450 457 e9d 
3 50 53 4af 43b bfe 
3 96 91 46d 5f7 87f 
3 57 338 339 749 a6b 
3 12d 1ee 373 8df 9ed 
3 156 410 8c 3d1 f94 
3 7f 303 340 45c 619 
3 58 339 338 a61 a6b 
3 31c 2b 35e 45e 51b 
3 db 30e 30d c58 da1 
3 31 347 346 42c 928 
3 46 438 14f c9d 106a 
3 18d 16 431 f28 10b9 
3 4a3 9e 22 3c3 b55 
3 4ad 9a 12 3fb 75b 
3 b3 31b 31c 94c 97e 
3 1ae 132 393 1140 1145 
3 31 346 348 42c 5eb 
3 33 346 347 5bb 928 
3 1e4 40f 5 13c5 13c6 
3 31 348 347 42c 5a3 
3 313 b5 320 4e8 60f 
3 77 31a 33c b29 f6a 
3 8e 2 4bd 389 adb 
3 320 b5 315 703 778 
3 178 c4 3e7 c7b e59 
3 1ae 395 132 1140 128a 
3 7d 4b7 20 382 48e 
3 4bc 8e 6 3df a76 
3 a 40f 1e4 5b4 13c6 
3 b5 315 321 6c4 703 
3 282 284 283 ba 16f 
3 b3 306 32a 5a5 9ab 
3 44 117 459 5d7 a07 
3 d6 61 46b 7d5 82f 
3 61 492 88 a1f ba4 
3 8e 4bd 7 389 461 
3 47b f0 2a bd1 ce2 
3 283 284 285 a1 170 
3 40 47 4c5 681 a26 
3 194 3b0 11d 8e5 1047 
3 d 409 1f3 3de a79 
3 62 33b 33a aa1 ac7 
3 122 3e5 126 c55 12f0 
3 e 8f 4bb 4cd 7d1 
3 32d b2 307 73e 871 
3 314 7f 340 7b3 a67 
3 47b 21 fc 845 945 
3 6e d6 468 59e 772 
3 f0 47d 2a 74f ce2 
3 316 7f 340 45c 7b3 
3 65 33a 33b 81f ac7 
3 d7 138 403 929 1360 
3 c1 325 30b 86b f70 
3 178 3ed c4 c76 e59 
3 180 43f 18 cc1 1328 
3 156 ac 40a dc9 f46 
3 320 321 b5 703 1224 
3 30a 85 344 810 a50 
3 6b d6 46b 81e 82f 
3 c1 30c 325 86b ceb 
3 bd 329 308 cce 10ef 
3 32b 35d 33 5a2 678 
3 85 309 345 6bd 780 
3 33b 65 33c 7ad ac9 
3 1c9 158 37c 572 1339 
3 31 346 351 5eb c12 
3 85 30a 345 780 a50 
3 187 5a 41c bcf 116d 
3 ae 330 30c 603 623 
3 31 348 351 5d8 5eb 
3 27 33f 35b 525 96b 
3 137 5d 444 7c0 d10 
3 47b fc 2a 845 bd1 
3 de 31e 302 c87 dae 
3 286 288 287 e4 171 
3 ae 330 30f 623 a0b 
3 df 4 49d 966 1203 
3 28 33f 35b 96b 96d 
3 de 303 31e dad dae 
3 39 35d 32b 651 678 
3 b2 312 32d 871 8ca 
3 1bb 2d 41b 11de 12e0 
3 ae 30f 331 5fd a0b 
3 31f 1ed 1f4 b6d dfc 
3 1c9 158 37f 1339 133a 
3 289 288 286 25 172 
3 5e 338 345 775 b85 
3 f6 b9 439 420 e1b 
3 df 8 49d 423 966 
3 141 d6 405 989 dbf 
3 1f4 320 1ed dfc 11aa 
3 b3 32a 31b 5a5 97e 
3 312 b2 32f 62d 8ca 
3 b3 31c 32a 56b 97e 
3 b5 32e 313 60f 788 
3 3ea 178 d8 a88 ca4 
3 f6 43b b9 420 e38 
3 315 32e b5 778 bcd 
3 b5 32f 313 788 107f 
3 41b 1bb 35 fc9 11de 
3 18a 433 37 549 1089 
3 4bc a9 6 a3e c3e 
3 156 45d 18 3ec c25 
3 b8 334 308 440 d16 
3 94 104 448 561 954 
3 3b 40 4d7 6e0 93d 
3 bd 308 332 cce cd0 
3 4d0 7b f 468 86e 
3 3ed d8 178 a88 fd1 
3 a6 a3 471 977 b7e 
3 fc f0 420 4b0 fe2 
3 363 1c9 19d 1181 1229 
3 28a 28c 28b e5 173 
3 16b 448 32 415 f8c 
3 e7 12 49a 485 980 
3 a9 e 4bb 4cd 98e 
3 99 340 314 a67 1313 
3 18a 433 3d 1089 10b1 
3 1e9 36b 16f 3c7 a9d 
3 36 32 4e3 548 9ce 
3 1b8 408 66 ca1 11e9 
3 104 41d f0 ddf e57 
3 1d4 403 54 1074 135e 
3 38 356 34b 635 8e6 
3 118 308 307 85b 1093 
3 21 9c 4b9 874 c5c 
3 28 35b 351 96a 972 
3 45 4d6 3e 9cc c7c 
3 1b5 4e 416 c22 d8c 
3 28d 28c 28a e6 174 
3 138 452 54 54a 809 
3 f7 cb 437 625 f45 
3 db 30d 324 830 da1 
3 e3 141 406 c01 1012 
3 17c 437 46 f60 f61 
3 18e 3ab 14c 113c 113d 
3 285 284 294 103 1ab 
3 df 4a5 8 423 524 
3 b5 320 32e 60f 778 
3 38 34b 357 635 9fa 
3 28 351 35c 96a a6a 
3 db 30e 324 da1 e1c 
3 296 284 282 67 1ac 
3 141 e3 407 5e2 1012 
3 452 56 138 809 acb 
3 140 457 44 eb1 edc 
3 79 1f2 3e4 518 10e8 
3 33 35d 346 5bb 604 
3 30c c1 333 84e ceb 
3 b3 306 33d 9ab c02 
3 1ee 163 371 a1e 107e 
3 347 33 35d 5a2 5bb 
3 55 4c2 5b 69b 130a 
3 1b8 6d 408 ca1 1050 
3 140 44 459 5d7 edc 
3 15b 466 f c5b 1100 
3 e7 1c 49a 3ef 485 
3 60 4bf 59 7b2 9d1 
3 387 17b 1ae b57 129a 
3 c7 308 334 d07 d16 
3 df 4a6 c d4c 11c8 
3 17c 437 4d f61 1028 
3 38a 177 1ad 745 11b9 
3 1d 360 35c 426 4cc 
3 138 5d 452 832 b08 
3 10e 307 312 9a2 ed7 
3 191 148 3b0 bdf 11d7 
3 10 df 4a5 be5 db5 
3 27 35b 35c 57b 96c 
3 189 37 43d fcb 1039 
3 28 35c 35b 96a 96c 
3 df 10 4a6 d4c db5 
3 38 357 356 635 8a7 
3 34d 53 34e 6cf 708 
3 1ec 377 162 efc f98 
3 28e 290 28f e7 175 
3 10f 314 306 4f7 e71 
3 b2 32d 32f 5e0 8ca 
3 3c 3a 4e4 577 8e9 
3 145 cf 415 77d 102e 
3 8d 4d8 1 840 8db 
3 c7 30f 334 abf d07 
3 98 f6 458 b6e e2b 
3 180 ac 409 fe4 1029 
3 b1 4b7 20 48e 50b 
3 30b c8 336 5da 65e 
3 8d 2 4d8 87e 8db 
3 18e 143 3b7 8d7 f1c 
3 c8 337 309 902 fcf 
3 f7 458 98 b9e ca0 
3 8d 3 4d8 840 afa 
3 ae 330 331 a0b be6 
3 5b 61 4c2 a57 ab2 
3 c7 335 30f abf e98 
3 417 144 cf 755 cf6 
3 b5 32e 32f 788 baf 
3 b3 33d 314 948 c02 
3 294 284 295 e9 179 
3 35e 26 35f 5b9 959 
3 145 417 cf 755 102e 
3 1a8 37a 1a6 f54 1072 
3 2a1 281 280 db 1b4 
3 27 360 35c 4cc 13b3 
3 f1 4a5 8 524 8bb 
3 293 290 28e a2 177 
3 f1 9 4a5 3dc 8bb 
3 381 26 31c 567 915 
3 c8 336 310 65e a09 
3 9f 4cb f bd2 db7 
3 295 284 296 cb 17a 
3 291 290 292 e8 176 
4 19c 1f9 23d 236 21d 220 
3 e7 4a1 1c 3ef d42 
3 8d 4 4da 44f de5 
3 6 8d 4d9 58d 1043 
3 458 46 14f c9d e30 
3 c8 310 337 902 a09 
3 194 13c 3bb 11ec 11ee 
3 4dc 8d 2 56e 87e 
3 2b 35e 35f 5b9 5bd 
3 85 345 338 6bd b85 
3 292 290 293 97 178 
3 2 8e 4dc 894 adb 
3 e0 312 32b 8e2 ed8 
3 119 b9 43b 90f bc8 
3 c2 326 330 cf3 cf4 
3 2b 35e 360 5bd 5d6 
3 32c e0 312 40d 8e2 
3 2c 381 31c 567 91a 
3 2b 360 35f 5bd 7a0 
3 bd 329 332 702 cce 
3 f1 4a5 10 3dc be5 
3 55 4e 4d4 9c4 d40 
3 2c 382 31c 422 8cc 
3 39 329 375 626 732 
3 c1 333 325 ceb cec 
3 50 4d5 53 443 bfe 
3 156 a3 42a a9b dbb 
3 17c 404 c9 dd4 fd5 
3 4d0 f 9f 424 bd2 
3 39 376 329 626 95b 
3 8d 4df 3 ac0 afa 
3 297 288 298 ea 17b 
3 29b 27f 29a 114 1c6 
3 8f 4dd 6 3db c3f 
3 8d 4df 4 44f ac0 
3 79 3f2 1f2 518 1416 
3 e7 26 4a1 8d0 d42 
3 17c cb 404 fd2 fd5 
3 39 32b 376 651 95b 
3 f3 15d 400 e62 e70 
3 298 288 299 eb 17c 
3 180 18 45d cc1 1027 
3 128 30f 30c f6c f6e 
3 e7 4ad 12 3fb 980 
3 344 85 345 791 a50 
3 cb 12a 42f 9df e4b 
3 8f b 4dd 3db 68d 
3 93 b 4db 60b 1045 
3 52 36e 326 677 9e8 
3 12f 42b cf 69a 1095 
3 3a b7 4b2 472 9f4 
3 61 5b 4cd 6e2 ab2 
3 59 4d5 53 761 be8 
3 f3 474 7b a5b db6 
3 1ee 374 181 919 10d7 
3 b3 32a 33d 94a 9ab 
3 b7 4b5 36 a23 1052 
3 30e 127 311 d94 f52 
3 17 361 370 514 be1 
3 93 4de 9 5df ddb 
3 ed 46d 91 637 87f 
3 a9 4d1 e 66d 98e 
3 100 4a4 11 715 a3f 
3 b7 4b4 3a 9f4 dd9 
3 b1 4ca 15 4ee 1073 
3 282 283 2ab f4 190 
3 27e 27f 2af 133 1e5 
3 16b 32 45f 415 10f5 
3 101 14 4a3 8f6 de2 
3 18 43f 1c5 1109 1328 
3 2aa 283 285 f2 18d 
3 100 14 4a4 715 7ac 
3 137 426 d9 bac 122d 
3 ed 96 46d 495 87f 
3 182 cf 406 e56 101a 
3 b1 15 4cc 4ee bed 
3 17 373 361 514 bca 
3 13a 30d 30a 55d f89 
3 1ee 18e 371 107e 1081 
3 1d 35c 373 426 bfc 
3 16b 45f 36 7c2 10f5 
3 49b 9a 90 413 4bd 
3 a9 15 4d1 66d c28 
3 de 303 340 619 dad 
3 29f 281 2a1 112 1c4 
3 1d 373 360 426 ab4 
3 13a 30e 30d 47e c58 
3 e0 32c 32b 61c 8e2 
3 34f 42 369 64e 6a4 
3 1ee 18e 374 1081 1404 
3 37f 19d 1c9 1181 133a 
3 101 4a3 1e 4b7 de2 
3 bc 4af 4b 54f cc8 
3 42 36a 34f 6a4 c4a 
3 c7 335 334 85e abf 
3 b6 50 4b0 57a 88c 
3 119 44a b9 90f bab 
3 1b1 43a 41 cb6 12af 
3 2a9 28a 28b ef 18a 
3 28d 28a 2a8 f1 188 
3 289 286 2ac f9 193 
3 2ad 286 287 fa 196 
3 52 339 36e 677 71d 
3 127 30e 319 d05 f52 
3 9a 90 49f 4bd 5b1 
3 14e 36 472 627 ebe 
3 6b 61 4ce ade d6a 
3 178 3e7 122 c7b f3b 
3 101 4a3 22 3c3 4b7 
3 13a 30d 311 47e f80 
3 b1 4cc 20 50b bed 
3 a9 6 4dd c3e c3f 
3 1ae 17b 3a0 1142 129a 
3 29d 29e 291 de 17e 
3 293 283 2aa f3 18f 
3 bc 50 4af 43b cc9 
3 13a 311 30e 47e d94 
3 127 319 311 557 f52 
3 14e 473 36 627 f8f 
3 338 58 36d 781 a61 
3 4cf 6b 61 7e4 ade 
3 178 122 3e8 ee9 f3b 
3 43d 35 1bb fc9 11d0 
3 10e 32b 307 4af ed7 
3 342 a6 341 892 b83 
3 58 36d 339 a61 a6c 
3 2ab 283 293 f5 191 
3 92 34 4d3 3b5 c93 
3 c8 337 336 4df a09 
3 47 c3 4b1 4e7 6de 
3 42e 139 d7 7b9 135f 
3 1bb 37 43d 1039 11d0 
3 29a 29c 29b c0 17d 
3 bc 4af 53 43b 54f 
3 a6 343 341 4b4 b83 
3 17 370 373 514 d71 
3 58 339 36e 71d a6c 
3 db 30a 344 810 854 
3 14e 472 3b eac ebe 
3 91 ed 478 3ed 637 
3 a8 49b 90 413 ab0 
3 f7 456 cb 625 e49 
3 353 73 354 aa8 b47 
3 a6 343 342 b83 b92 
3 156 410 f8 f94 f9c 
3 2a1 280 2a7 118 1ca 
3 118 328 307 5b5 85b 
3 c3 50 4ae 70c 890 
3 4c9 aa 34 4a7 c45 
3 118 308 328 63b 85b 
3 5e 36d 338 707 74c 
3 db 344 30d 830 854 
3 182 e3 406 c01 ea2 
3 2a8 28a 298 9a 187 
3 2ac 286 295 ab 194 
3 c3 4b1 4e 6de c2c 
3 c3 4b0 50 70c aac 
3 298 28a 2a9 10 18b 
3 a8 49e 90 ab0 c05 
3 127 319 31a f67 f69 
3 295 286 2ad 91 198 
3 280 27e 2bc 11d 1cf 
3 6f 6b 4ce afb ecc 
3 10e 32b 312 ed7 ed8 
3 293 28e 2ab f6 192 
3 ce 47 4b1 4e7 9c3 
3 2af 27f 29b 134 1e6 
3 a8 9a 49b 413 941 
3 2aa 292 293 33 18e 
3 118 307 32d 5b5 73e 
3 32 4c8 b7 cbd ef9 
3 2bd 27f 281 122 1d4 
3 55 5b 4e5 69b 7d3 
3 141 405 12f ba8 1096 
3 de 31e 33f dab dac 
3 e3 187 408 f87 116c 
3 2b1 28c 28d ae 1a5 
3 1e7 43e 18 390 ce6 
3 de 340 31e dab dad 
3 19a 45b 2d 5f3 11f3 
3 14e b9 43b c5e e38 
3 1a2 466 f 1100 117e 
3 fd 4bd 7 461 4c9 
3 43 349 379 661 efe 
3 f0 94 47d 74f bf8 
3 129 30b 325 824 f70 
3 ce 50 4b0 88c aac 
3 369 42 36a 49c 6a4 
3 141 468 6e 511 59e 
3 45c 19a 2d e6a 11f3 
3 39 35d 375 665 9ae 
3 9e 9a 4a4 913 dd6 
3 2b8 288 289 32 1a8 
3 287 288 2b9 3c 1a9 
3 2a9 297 298 40 18c 
3 29f 2a1 2a0 df 17f 
3 2a3 29e 29d ec 181 
3 298 299 2a8 f0 189 
3 383 1c 35f 4c8 8ff 
3 d5 344 324 b0d d9e 
3 1d6 421 69 120f 12d1 
3 39 376 35d 651 9ae 
3 8a 352 353 85d ba7 
3 2ad 294 295 1b 197 
3 295 296 2ac 3f 195 
3 28b 28c 2b7 5 1a6 
3 28f 290 2b3 6d 19f 
3 2a0 2a1 2a2 e1 180 
3 c0 4c9 34 4a7 beb 
3 fe 4b9 16 554 b9b 
3 26 35e 381 915 959 
3 af 4bf 59 9d1 bd6 
3 189 463 37 fcb 10b2 
3 2b3 290 291 100 1a0 
3 1e7 24 43e 4e9 aad 
3 26 381 35f 51f 959 
3 18a 37 463 549 10b2 
3 b6 45 4c6 59a 7d6 
3 16b 36 473 7c2 f8f 
3 88 4cf 61 7e4 ba4 
3 db 324 344 830 d9e 
3 39 379 35d 665 b96 
3 7d 9c 4b8 45a 51a 
3 172 307 308 705 1093 
3 18a 3d 461 108d 10b1 
3 1e3 3d 435 95d 11fc 
3 6c 366 352 a99 c50 
3 2a2 2a1 2a4 ed 182 
3 26 383 35f 4c8 51f 
3 af 60 4be 691 f5c 
3 d9 33b 33c 7ad 81d 
3 2b0 27e 2af 132 1e4 
3 af 4bf 60 691 9d1 
3 1a 378 37e 4a1 80b 
3 1e4 40f 8c 5b4 13cc 
3 6a 4e2 60 733 ef3 
3 1f2 d4 3e4 8ae 10e8 
3 fb 21 4b9 bc3 c5c 
3 16b 94 448 561 f8c 
3 2f 362 37f 999 e4a 
3 2a5 2a2 2a4 e3 183 
3 299 288 2b8 29 1a7 
3 2b9 288 297 102 1aa 
3 33 38c 346 604 13f7 
3 88 6b 4cf 7e4 bb2 
3 fe 21 4b9 874 b9b 
3 1a 380 378 4a1 98b 
3 4ad 9e 9a 56a 913 
3 b6 4c6 50 57a c24 
3 365 5f 367 6c2 747 
3 1f2 3e6 d4 8ae de0 
3 94 104 47d 954 bf8 
3 1b5 47 44b c39 ef1 
3 2a4 2a1 2a7 1 185 
3 29a 27f 2bd 121 1d3 
3 2a7 280 2b6 15d 20f 
3 4c6 bc 4b 497 cc8 
3 ad 346 350 4e5 13fc 
3 308 16d 30f 585 c95 
3 5f 368 365 747 7ba 
3 2a4 2a6 2a5 ee 184 
3 291 29e 2b3 101 1a1 
3 ad 351 346 4e5 c12 
3 1a2 f3 400 e62 107c 
3 5f 367 368 747 7a2 
3 137 d7 444 d10 d19 
3 291 292 2ba 104 1ad 
3 10f 306 341 4f7 dca 
3 e7 498 80 55c 1092 
3 14f 98 458 b6e ca0 
3 2a7 2a6 2a4 a0 186 
4 239 1f5 1f6 23a 21a 21c 
3 1a 37e 380 4a1 ea8 
3 ce 40 4c5 681 ee5 
3 4c6 50 bc c24 cc9 
3 8f 359 358 3eb 8b5 
3 6f 4e0 6a 713 d63 
3 2bd 281 29f 11f 1d1 
3 118 32d 328 5b5 8a4 
3 39 375 376 626 9ae 
3 128 30c 333 84e f6e 
3 52 36e 36c a28 a2d 
3 c0 4d3 34 beb c93 
3 29b 29c 2b2 14 1b0 
3 8f 35a 358 38c 3eb 
3 4e1 6f 6a bec d63 
3 8f 35a 359 3eb 40c 
3 e 358 39b 3ff b5e 
3 2c 31c 3aa 422 91a 
3 b1 7d 4b7 48e 57c 
4 23a 1f6 1f7 23b 219 297 
3 de 340 33f 836 dab 
3 30f 128 333 ba1 f6e 
3 367 6a 366 3ea c65 
3 b1 4b8 7d 51a 57c 
3 58 36d 36c 77c d2a 
3 312 166 313 78f 10a7 
3 1b1 456 41 12af 12b0 
3 3ac 2b 31c 45e 564 
3 ad 350 351 4e5 502 
3 ce 4c5 47 681 9c3 
4 1f8 1f6 23a 23c 21b 281 
3 129 30b 336 5da 824 
3 39 375 379 665 671 
3 5e 338 385 707 775 
3 58 36c 36e 77c a2d 
3 2d 1bb 45c a13 12e0 
3 2b2 28c 2b1 fd 19b 
3 58 36e 36d 77c a6c 
3 30f 335 128 ba1 e98 
3 29d 291 2ba 9 1ae 
3 34d bc 34c 4fa 1022 
3 187 41c e3 116c 116d 
3 d5 344 345 791 b2b 
3 4cb fe f 801 db7 
3 35a 97 359 3e1 40c 
4 1f7 1f9 23d 23b 21f 286 
3 10f 341 314 4f7 bf7 
3 2bc 27e 2b0 11e 1d0 
3 17d cb 42f 9df f79 
3 140 457 b8 cc2 eb1 
3 2a5 2a6 2ae fb 199 
4 1f9 1f8 23c 23d 21e 266 
3 b6 4d6 45 59a e25 
3 372 15 390 630 903 
3 10f 342 314 bf7 c3a 
3 182 cf 42b 101a 1095 
3 35d 33 38c 565 604 
3 2f 37f 37c 463 109e 
3 e7 80 4a1 55c 8d0 
3 157 498 22 d13 1091 
3 ef 2a 4c8 db9 dfd 
3 fe 16 4cb 554 801 
3 42a 100 156 6fc dbb 
3 4c 326 39c 9da a5c 
3 a2 35c 351 54c a6a 
3 2f 38d 362 999 ecb 
3 1b8 e3 408 f87 11e9 
3 2b5 28f 2b3 47 1a3 
3 2b7 28c 2b2 7d 1b1 
3 4d0 fd f 424 468 
3 aa 3a 4e4 8e9 e5a 
3 383 26 381 4c1 51f 
3 2b 32a 3ac 564 13b2 
3 5e 345 385 775 d77 
3 2af 29b 2b2 7c 19d 
3 2b6 280 2bc 15e 210 
3 a9 4bb 8f 4cd c44 
3 aa 3c 4e4 8a8 8e9 
3 b7 32 4e3 9ce cbd 
3 138 309 337 fcd fcf 
3 127 311 33c 557 d00 
3 52 39c 326 9e8 a5c 
4 23e 1fa 1fb 23f 221 242 
3 113 3a 4b2 472 ef5 
3 2c 381 382 509 916 
3 1d4 d7 403 766 1360 
3 1e3 44 445 93b 13be 
3 ef 4c8 32 db9 ef9 
3 48 330 39d 6cb 6dc 
3 156 a3 45d 3ec a9b 
3 113 4b3 3a 3f8 ef5 
3 2c 383 381 4c1 916 
3 48 331 39d 68b 6cb 
3 d7 138 452 832 929 
3 b7 4e3 36 9ce a23 
3 17c c9 437 dd4 1028 
4 1fc 1fa 23e 240 221 25e 
3 4c 330 39c 6a1 9da 
3 2c 382 383 89f 916 
3 113 3c 4b3 3f8 d17 
3 4d3 92 7d 42e 654 
3 f1 4de 8 531 dcb 
3 a2 351 361 54c 934 
3 144 41c 139 797 a94 
3 145 144 416 c8e fbc 
3 17c cb 437 f45 fd2 
4 23f 1fb 1fc 240 221 222 
3 f1 9 4de 531 ddb 
3 4c 39d 330 6a1 6dc 
3 10a 50 4ae 890 e81 
3 145 144 417 755 c8e 
3 113 4b3 3e 803 d17 
3 112 3b 4b5 e89 10cf 
3 2a0 2a2 2bb c5 1af 
3 37d 1f 38e 3d6 3fa 
3 127 33c 319 557 f69 
3 13a 30a 33a 55d ece 
3 2b6 2a6 2a7 83 1a4 
3 2b3 29e 2b4 ff 19e 
4 23f 1fb 1fd 241 222 23f 
3 c3 4d4 4e c2c f09 
3 127 33c 31a f69 f6a 
3 b8 140 461 5b3 cc2 
3 129 325 336 824 f71 
3 43b f6 14e d31 e38 
4 241 1fd 1fc 240 222 25d 
3 13a 33a 30d 55d f80 
3 188 42e d7 7b9 98d 
3 68 323 398 a42 a46 
3 182 405 12f 1096 1097 
3 2b2 29c 2b7 58 1b2 
3 156 45d ac c25 f46 
3 2a ef 4d2 4d7 dfd 
3 b1 9c 4b8 51a e04 
3 15 39b 372 903 10c5 
3 a5 43f 19a f0b 1164 
3 1f 391 37d 3fa dc0 
3 27 3ad 33e 491 1347 
3 ad 350 361 502 d26 
3 1da 2d 45c a13 e6a 
3 13a 311 33a f7f f80 
3 69 1b8 44f 12d0 12d7 
3 27 33f 3ad 491 525 
3 a2 35c 361 49f 54c 
3 2f 377 38d 4db 553 
3 ad 361 351 502 934 
3 fb 21 4d2 720 bc3 
3 2af 2b1 2b0 fc 19a 
3 11f 4b4 3a dd9 f17 
3 1b8 6d 44f 1050 12d6 
3 2b2 2b1 2af 39 19c 
4 242 1fe 1ff 243 223 248 
4 305 304 19c 1b 2c9 2d2 
3 128 333 335 73f ba1 
3 72 398 323 856 a46 
3 1c 35f 3a6 49e eb7 
3 68 39e 323 a42 a92 
4 200 1fe 242 244 223 224 
3 2f 38d 37f 506 999 
3 72 322 39a 759 b36 
3 68 39e 324 a92 d76 
3 19e 41d f0 e57 108c 
3 1e4 42c 8c 13cc 13cd 
3 1c 3a7 35f 49e 8ff 
3 fb 2a 4d2 4d7 720 
3 131 339 326 584 f4f 
3 72 39a 323 759 856 
3 fc 18d 420 cc4 e5d 
4 243 1ff 200 244 223 25b 
3 2f 392 377 4db 8d1 
3 1a0 f0 41d e55 108c 
4 245 201 1fe 242 224 245 
3 172 329 307 705 eee 
3 14d 4bc 6 a3e a76 
3 172 308 329 705 10ef 
3 390 1f 38e 555 596 
3 182 405 141 c60 1096 
3 1e4 91 42c 13ca 13cd 
3 1e3 457 3d 52b 11fc 
3 20 390 38e 55f 596 
4 200 201 245 244 224 25a 
3 1f 38e 391 3fa 555 
3 2f 37c 392 463 71a 
3 182 406 141 c01 c60 
3 bd 375 329 702 732 
3 7a 39a 322 7db b36 
3 1a0 420 f0 e55 fe2 
3 2b3 2b4 2b5 51 1a2 
3 390 391 1f 555 10d1 
3 1e4 476 1 689 9ef 
3 2f 392 37f 463 506 
3 137 327 33a d9b f65 
3 5e 384 36d 769 d28 
3 10f 342 341 892 bf7 
3 dc 353 352 ad6 ba7 
3 1e3 44 457 53f 93b 
3 1e4 1 478 689 13c8 
3 5e 385 36d 707 769 
3 1e4 476 5 9ef 13c4 
3 312 32f 166 62d 10a7 
3 354 352 dc 879 ad6 
3 438 14f 117 106a 1134 
3 bb 363 356 4e0 ab9 
3 dc 353 354 aa8 ad6 
3 166 32f 313 107f 10a7 
3 e 3b9 358 3ff 6ab 
4 246 202 203 247 225 23c 
3 bb 356 364 4e0 b60 
3 bd 332 375 702 7d2 
3 185 30e 323 cca dd8 
3 1b5 47 46f ef1 1103 
3 1b1 cb 42f f79 12b2 
3 e7 9a 4ad 3fb aea 
3 15 390 39b 903 90c 
3 185 324 30e cca e1c 
4 204 202 246 248 225 226 
3 27 35b 3ad 525 57b 
3 338 ca 36d 74c 781 
3 112 4c5 40 c32 ee5 
3 1a0 fc 420 cc4 fe2 
3 19e 104 41d e57 1389 
3 27 35c 3ad 57b 13b3 
3 1d6 69 44f 12d0 12d1 
4 247 203 204 248 225 258 
3 122 1f2 3e5 a16 12f0 
3 1b1 b9 43a cb6 fd4 
4 249 205 202 246 226 23a 
3 1af 403 12a 6e3 135d 
3 1b2 43a b9 917 fd4 
3 1b8 89 44f 12d6 12d7 
3 103 34a 349 492 1125 
3 2f 38d 392 4db 506 
3 43 3b6 331 668 92c 
3 3e6 1f2 122 a16 de0 
3 1e7 7e 43e 390 4e9 
3 3ac 35e 2b 45e 5d6 
3 43 3b6 332 92c a15 
3 10a 4bf 59 bd6 bf9 
3 1b5 46f 4e c22 1103 
3 360 27 3ad e80 13b3 
3 17c 437 f7 f45 f60 
3 103 349 34b 492 110d 
3 fc 47b f0 4b0 bd1 
3 100 4a4 9a a3f dd6 
3 a1 361 370 be1 be2 
3 10b 55 4c1 d6c de9 
3 126 1f2 3e5 12f0 1415 
4 204 205 249 248 226 257 
4 1fb 20b 24f 23f 241 243 
3 103 34b 34a 492 493 
3 3ac 360 2b 5d6 afc 
3 a2 373 35c 49f bfc 
3 ce b6 4b0 7a3 88c 
3 4c2 10b 55 ce8 d6c 
3 443 15a 104 d6b 1003 
3 101 9e 4a3 3c3 8f6 
3 4c6 45 114 5e8 7d6 
3 48 389 38a 6f4 b82 
3 bb 364 363 4e0 10ea 
3 100 9e 4a4 7ac dd6 
3 45d ac 180 fe4 1027 
3 3c1 35a b 39f 559 
3 bb 356 36b 587 99d 
3 141 468 d6 59e dbf 
3 188 444 d7 98d d19 
4 1fc 20c 250 240 22b 25d 
3 43f a5 1c5 1109 1164 
3 a2 361 373 49f bca 
4 241 1fd 20c 250 25d 2ba 
4 252 20e 1fa 23e 25e 2bc 
4 251 20d 1fc 240 22b 22c 
3 114 4c6 4b 497 c0f 
3 18d 431 fc e5d 10b9 
3 5e 385 384 769 784 
4 24a 206 207 24b 227 274 
3 1c 3a7 383 8ff 930 
4 252 20e 1fc 240 22c 25e 
3 43 331 3bd 668 9c2 
3 47d f0 104 bf8 ddf 
4 251 20d 1fe 242 246 24a 
3 17f 144 416 fbc 114e 
4 208 206 24a 24c 227 229 
4 256 212 1f7 23b 278 285 
3 416 17f 145 922 fbc 
3 185 323 324 cca fa3 
3 15a 104 449 1003 10f0 
3 ce 4b0 c3 7a6 aac 
3 1d6 d9 421 120f 137e 
4 24b 207 208 24c 227 251 
3 fd 4bd 7b 4c9 be3 
3 a1 361 378 be2 e3f 
3 a9 8f 4dd c3f c44 
4 1f7 213 257 23b 278 298 
3 b 35a 3c7 429 888 
3 ce 4b1 c3 4e7 7a6 
3 48 3bd 331 68b 9c2 
3 1e4 485 5 13c4 13c5 
3 3c8 b 35a 39f 429 
3 19a a5 45b 5f3 f0b 
3 458 14f f6 75e b6e 
3 110 34d 34c 4fa 78c 
3 b0 373 360 ab4 b15 
3 14f f7 458 ca0 e30 
4 208 209 24d 24c 228 252 
3 ba 369 36a 49c 65c 
3 30 364 3b2 5f0 ba2 
3 52 39c 36e 699 9e8 
3 187 41c 139 a94 1154 
3 b0 374 360 b15 e09 
3 92 c0 4d3 c93 e37 
4 24f 20b 206 24a 229 244 
4 200 20f 253 244 22d 25c 
4 24e 20a 208 24c 228 22a 
3 110 34f 34c 78c d47 
3 103 34b 356 799 8e6 
3 ba 36b 36a ba6 10fc 
3 112 3b 4d7 6e0 e89 
3 110 34d 34f 78c c9b 
3 102 34b 357 9fa da7 
3 1d6 426 d9 122d 137e 
4 24d 209 20a 24e 228 25f 
4 254 210 200 244 22d 22e 
3 c0 aa 4c9 4a7 f02 
3 354 64 3a2 760 7c3 
3 1f2 3f2 126 1415 1416 
3 2be 2c0 2bf 43 dc 
4 208 20b 24f 24c 229 22a 
3 113 3e 4d6 803 c7c 
3 f4 359 358 8b5 c4e 
3 b6 4c6 bc c24 d33 
3 e2 365 352 c7f ec2 
4 255 211 200 244 22e 259 
3 16b 448 104 561 f90 
3 114 34f 34d 632 c9b 
3 fd 8e 4ba 7bd c6c 
3 1b2 b9 44a 917 bab 
3 4e1 6a d3 bec faa 
3 1a2 400 15d e62 103b 
4 254 210 202 246 239 23d 
3 112 4d7 40 6e0 c32 
3 4f 395 387 70b 1061 
3 64 3a4 354 7c3 b43 
3 e2 366 352 c50 c7f 
3 2bf 2c0 2c1 63 a8 
4 24e 20a 20b 24f 22a 240 
3 2c 3aa 381 509 91a 
3 a1 370 378 580 be2 
3 16b 449 104 f90 10f0 
3 2c 3aa 382 422 509 
4 1f9 217 25b 23d 276 283 
3 9c fb 4b6 48f 935 
3 34e 59 3ae 80d a37 
3 422 188 137 828 aaf 
3 14b 6 4d9 979 1043 
3 187 144 41c a94 bcf 
3 14b 4da 4 d0c de5 
3 411 1a2 13f 12e8 12f7 
3 2c1 2bf 2c2 dd 105 
3 50 10a 4d5 443 e81 
3 18a b8 461 5b3 108d 
3 4e1 d3 6f bec f47 
3 113 45 4d6 c7c e25 
3 1d4 12a 403 1074 135d 
3 187 422 139 1154 1278 
3 2c1 2c0 2c2 8 cd 
3 15c 15 4ca 3c6 1073 
3 fd 8e 4bd 461 7bd 
3 17d 42f 12a 9df bf3 
3 188 139 422 cee e07 
3 43 3bd 349 661 11b4 
3 355 110 34c 887 d47 
3 1e7 a3 43e aad ce6 
3 2c5 2be 2bf 37 4f 
4 25d 219 1f8 23c 266 27c 
3 4d5 10a 53 443 be8 
3 a0 378 377 459 e34 
3 1d4 42e d7 766 135f 
3 14b 4da 8 b90 d0c 
3 157 80 498 d13 1092 
3 e9 34e 368 d56 103e 
3 182 12f 42b 1095 1097 
3 2be 2c0 2c5 1f 53 
3 2c0 2c3 2c2 b5 d6 
3 55 10b 4d4 d41 de9 
3 4c2 55 12f e5b 130a 
3 2c2 2c4 2bf 11 e0 
4 1f9 219 25d 23d 266 276 
3 3b1 3c 36b 42d 67f 
3 459 140 117 595 5d7 
3 fb 4b9 9c 935 c5c 
3 34f 110 355 b88 d47 
3 fe 4b8 9c c69 e04 
4 250 20c 20d 251 22b 249 
3 39d 48 389 6f1 6f6 
3 14b 4dd 6 979 f25 
3 373 b0 374 a05 b15 
3 ce 4c4 b6 7a3 daf 
3 fe 4b9 9c 874 c69 
3 14b 4db b d75 1045 
3 2c4 2c5 2bf 41 6e 
3 2c5 2c3 2c0 b0 b2 
3 19 3a7 3a6 4be 92e 
3 4c 389 39c 6a5 6c0 
3 10a 59 4d5 be8 bf9 
3 5e 396 384 784 bf0 
3 73 353 3a4 83a b47 
3 12f 5b 4c2 a57 130a 
3 ef 4b4 b7 b58 e5f 
3 4c 389 39d 6c0 6f1 
3 5e 385 396 784 b0e 
3 3a4 354 73 b43 b47 
3 14b 8 4de b90 dcb 
3 133 4be 60 eef f5c 
4 251 20d 20e 252 22c 247 
3 3be 30 364 3e2 5f0 
3 1c 3a6 3a7 49e 92e 
3 36c 36d ca 74a d2a 
3 73 3a5 353 83a b3c 
3 14b b 4dd d75 f25 
3 fd 4ba 9f e15 1010 
3 a1 380 370 580 10f3 
3 9b 37c 37d 679 e01 
3 1d4 403 138 135e 1360 
3 15c 4d1 15 3c6 c28 
3 103 363 34a 493 de8 
3 9b 37e 37c 679 b97 
3 e2 365 366 9d2 c7f 
3 a0 37e 378 438 80b 
3 103 34b 363 493 799 
3 9b 37d 37e 679 a14 
3 12f 4c2 61 a57 ab5 
3 386 63 396 4d2 790 
3 e2 365 367 6c2 9d2 
3 7d 37d 38e 3d6 3d8 
3 367 366 e2 3ea 9d2 
3 198 140 41f f53 1225 
3 1d9 41d 104 1388 1389 
3 7d 37d 38f 3d8 aed 
3 4d0 fd 7b 468 be3 
3 3a9 73 353 835 b3c 
3 f6 15a 464 e17 fac 
4 263 21f 1f8 23c 27c 2c1 
3 a1 378 380 580 98b 
3 134 4c2 61 ab5 d82 
4 253 20f 210 254 22d 23e 
3 4ba fd a9 399 105a 
3 f1 df 4a5 524 be5 
3 e 3b9 39b 3fd 3ff 
3 109 361 350 4c0 d26 
3 400 1be 15d 9f8 103b 
4 1f5 302 305 1b 2ca 2cc 
3 a7 38c 35d 3c1 565 
3 2c6 2c7 2c8 ba bf 
4 259 215 209 24d 230 260 
3 188 139 42e 7b9 cee 
3 13f 1bc 411 985 caa 
3 41f 19f 140 ecd 120d 
3 a7 35d 38d 3c1 f38 
4 254 210 211 255 22e 23b 
3 144 139 451 797 12b8 
3 103 356 363 799 10eb 
3 fe b1 4b8 7f0 e04 
3 198 438 117 1120 1134 
3 1be 13f 411 12f7 1369 
4 24d 209 216 25a 230 253 
3 2c7 2c9 2c8 a1 c7 
3 11f 3a 4e4 e5a f17 
3 4c 39c 39d 6a1 6c0 
3 5f 367 3ae 7a2 7cc 
3 5f 3ae 368 7a2 d87 
3 60 367 3ae 7cc 7cd 
3 d5 385 344 965 b2b 
3 bd 375 379 671 a20 
3 d5 385 345 b2b d77 
3 1ed 312 313 78f ec9 
3 157 9e 498 e87 1091 
3 1b5 416 145 922 d8c 
3 d5 397 324 782 b0d 
3 63 39f 386 790 a71 
3 1e7 316 314 9b9 1401 
4 1fb 222 266 23f 23f 241 
3 379 43 3b6 4ef 9ca 
3 11b 349 362 5aa 93f 
3 36c 52 3b5 91b a28 
3 1b1 456 cb 12b0 12b2 
4 256 212 213 257 22f 278 
4 23e 1fa 223 267 242 2a2 
3 7d 38f 38e 3d8 8d8 
3 10a c3 4ae 591 890 
3 52 36e 3b5 699 a28 
3 f4 36f 358 c4e 10c6 
3 473 14e f6 d31 e6c 
4 267 223 1fb 23f 242 243 
3 359 f4 36f 566 c4e 
3 318 1e7 314 9b9 dcd 
4 214 212 256 258 22f 279 
4 266 222 1fd 241 23f 2a3 
3 112 4b2 b6 64f c0a 
3 10d 360 35f 7a0 e36 
3 2ca 2cc 2cb 62 e4 
4 26b 227 1f6 23a 296 297 
3 92 38f 37d 3ac aed 
3 3c3 3e 369 4f9 607 
3 3a6 19 3b7 510 90d 
3 b7 112 4b2 56d 9fd 
3 36b 3c 3c3 5dd 67f 
3 318 316 1e7 9b9 13dd 
3 63 3a2 386 a71 d91 
3 1e8 1 4a2 bce dce 
3 113 4b2 b6 c0a eeb 
4 257 213 214 258 22f 262 
3 113 4b2 b7 472 56d 
3 1f1 5 49c 6a9 db0 
3 34d 4b 3cb 719 725 
3 148 34d 34c fc2 1022 
4 26b 227 1f7 23b 297 298 
3 1e8 3 4a2 576 bce 
3 8a 3a9 353 835 ac4 
3 1f1 4 49d 1203 1419 
3 2cd 2ca 2cc 25 f8 
4 202 220 264 246 239 23a 
4 26c 228 1f6 23a 282 296 
3 1e8 4a2 4 576 7ea 
3 4b 3cc 34d 725 9d4 
3 148 34e 34c c1b fc2 
3 148 34d 34e 6cf fc2 
3 9f fe 4ca b76 b84 
3 5 1e8 4a2 b8c dce 
3 134 61 4ce d6a d82 
4 19c 304 303 8b 2c9 2cf 
4 202 221 265 246 23c 23d 
3 114 34d 369 632 c7d 
3 19 3ba 3a6 90d 914 
3 112 4b5 b7 9fd fef 
3 fe 4cb 9f b84 db7 
4 268 224 1fe 242 245 246 
3 4f 387 3af 70b d36 
4 265 221 203 247 23c 2a8 
3 114 369 34f 632 64e 
3 d5 324 39e 782 d76 
4 249 205 220 264 23a 2ab 
3 a7 377 38c 40b 534 
3 43 379 3bd 661 9ca 
3 53 3cb 34d 708 719 
3 354 13c 352 879 a0c 
3 ef b7 4c8 b58 ef9 
3 15a f6 473 e6c fac 
4 1fe 225 269 242 248 24a 
3 10a 4bf af 469 bd6 
3 1af 12a 42f 6e3 bf3 
3 396 63 39f 6f8 790 
3 53 34e 3cb 708 a33 
3 197 4b5 36 1052 105d 
4 216 215 259 25a 230 233 
3 a7 38d 377 40b 553 
4 269 225 1ff 243 248 29c 
3 4a2 4 1f1 7ea 1419 
3 c 1f1 49e 95f 1245 
4 245 201 224 268 245 29f 
3 13 3b7 3b8 4ce bbe 
3 3bb 5f 365 662 7ba 
3 1f1 4a2 5 6a9 b8c 
3 af 10b 4c0 71c de7 
3 a0 377 392 459 8d1 
3 9b 37c 392 71a b97 
3 145 4e 4d4 d40 f09 
3 134 4ce 6b d6a ecc 
3 4d0 9f fd 424 e15 
3 a0 378 392 438 459 
3 68 398 39e a42 aa3 
3 197 4b5 3b 105d 10cf 
3 2ce 2d0 2cf b e5 
3 5f 368 3bb 7ba aaa 
3 c0 ef 4c7 857 13db 
3 37e 9b 392 933 b97 
3 3ba 13 3b7 462 4a4 
3 ca 36c 384 6f7 74a 
3 39a 72 398 794 856 
3 1ed 31f 313 924 b19 
3 68 39f 398 a7d aa3 
3 11f b7 4b4 dd9 e5f 
3 10a af 4c3 469 9e5 
3 390 15 3cd 541 8ed 
3 4c 3b5 389 6a5 b9c 
3 36d 384 ca 74a d28 
3 134 6f 4ce 7e2 ecc 
3 38f 34 3be 8a0 9bf 
3 2d1 2d0 2ce d e6 
3 1ed 313 320 4e8 b19 
3 10b af 4c3 9e5 de7 
3 f1 93 4de ddb ebd 
3 2c9 2c8 2d8 96 103 
4 267 223 206 24a 244 2c8 
3 15 3ce 390 8ed 90c 
3 34 38f 3bf 9b7 9bf 
3 1e0 411 13f caa 1369 
3 2da 2c8 2c6 3e 67 
4 25b 217 218 25c 231 28b 
3 a0 392 37e 438 933 
3 4f 3af 395 70b 744 
3 145 4d4 55 d40 d41 
3 fe 4ca b1 7f0 862 
3 19 3ba 3b7 462 90d 
3 7a 399 398 81c b30 
3 1af 139 42e a86 e26 
3 68 39f 39e aa3 c6e 
4 219 217 25b 25d 231 276 
4 1f9 316 305 1b 2d1 2d2 
3 11a 36a 357 4ad 9db 
4 20a 222 266 24e 240 2a5 
4 272 22e 1f8 23c 2c1 2c2 
3 68 3a3 398 4a3 a7d 
3 45 369 3cc 64b 6e6 
3 7a 39a 398 794 81c 
3 63 39f 3a2 a71 dbc 
4 25c 218 219 25d 231 232 
4 25f 21b 215 259 233 28c 
3 7a 39a 399 81c b2f 
3 d5 344 397 965 b0d 
3 11a 36b 357 9db e29 
3 188 137 444 aaf d19 
4 266 222 20b 24f 240 241 
3 10 3b8 3c0 460 cb1 
3 20 3cd 38e 517 55f 
3 366 6a 3bc af1 c65 
4 216 21b 25f 25a 233 28e 
3 109 350 378 4c0 e9f 
3 1e3 b8 457 52b 53f 
3 6a 367 3bc 7df c65 
3 c 4a6 1f1 95f 11c8 
4 25c 218 21a 25e 232 261 
3 10 3c1 3b8 460 4c2 
3 20 390 3cd 541 55f 
3 74 31a 3de b25 b38 
3 18d 431 15b f28 12e7 
4 267 223 20b 24f 243 244 
3 157 4ad 9a 56a aea 
3 369 3e 3d2 5a0 607 
3 48 3bd 389 6f4 6f6 
4 25e 21a 219 25d 232 234 
4 264 220 210 254 239 23b 
3 10 3c2 3b8 474 4a2 
3 48 38a 3bd 6f4 1299 
3 15 39b 3ce 8b8 90c 
3 1eb 13f 411 985 12e8 
3 1ed 31f 320 b19 dfc 
3 2d2 2d4 2d3 6a e7 
4 20f 221 265 253 23e 2a6 
3 a7 38d 38c 3c1 40b 
3 102 37a 357 62c a10 
3 31a 77 3de 85a b38 
3 53 34e 3d6 a33 a3c 
3 68 3a3 39f a7d bc5 
3 1c3 443 104 d6b ffb 
3 170 349 34a f1a 1125 
4 264 220 211 255 23b 2a9 
3 38e 20 3d0 425 517 
3 13 3b7 3c2 4a4 4ce 
3 64 3a2 3a4 7c3 a9c 
3 3e0 74 31a ae5 b25 
3 1f3 3ff 15d f48 f49 
4 254 210 221 265 23d 23e 
4 26d 229 204 248 24d 257 
3 13 3c2 3b8 4a2 4ce 
3 157 9e 4ad 56a e87 
3 be 38b 37b 594 f14 
3 75 31a 3e0 849 ae5 
3 14d 8e 4ba c6c fe0 
3 1b8 408 187 f87 1272 
3 72 398 3a3 4a3 aee 
3 112 b6 4c4 64f daf 
3 1f4 31e 31f 9e7 a85 
3 1f3 400 15d 9f8 f48 
4 26d 229 205 249 257 2af 
3 e 39b 3d4 3fd 4f6 
3 13 3ba 3c2 481 4a4 
3 1d6 422 137 828 e9c 
3 2d8 2c8 2d9 ac e9 
4 260 21c 219 25d 234 237 
4 268 224 20d 251 246 247 
4 204 22a 26e 248 24d 263 
4 1b 305 31e 1f6 2cb 2cc 
3 10 3c0 3c1 460 57d 
3 45 369 3d2 5a0 64b 
3 3c1 9 3c4 5b7 884 
3 4c 39c 3b5 6a5 6fa 
3 352 6c 3ca 7f7 a99 
3 2e5 2c5 2c4 6b db 
4 20c 225 269 250 249 29e 
3 10a 4c3 c3 591 a43 
3 59 3d6 34e a37 a3c 
3 14d 4bc 8e a76 fe0 
3 1f4 31f 320 dfc 10dd 
3 1d6 139 422 e07 1278 
3 2d7 2d4 2d2 94 a2 
4 25e 21a 21c 260 234 235 
4 268 224 20e 252 247 2a1 
4 278 234 1f6 23a 281 282 
3 3c5 9 3c1 406 884 
3 10b 4c3 c3 a43 c56 
3 76 3bc 366 a68 af1 
3 1f4 31e 321 a85 11b6 
3 10d 35f 374 e0a e36 
3 2d9 2c8 2da 5b cb 
3 2d5 2d4 2d6 9b e8 
4 269 225 20d 251 249 24a 
3 1f4 321 31f a85 10dd 
3 f9 37c 364 e03 1297 
3 10d 374 360 e09 e36 
3 11b 379 349 5aa efe 
3 114 4c6 b6 7d6 d33 
3 177 34b 349 e65 110d 
3 1f4 321 320 10dd 1224 
4 21a 21d 261 25e 235 27e 
3 9 3c5 3c4 387 884 
3 32c 312 1ed 40d ec9 
3 f9 37d 364 d57 e03 
3 16b 15a 449 de6 10f0 
3 1d9 41f 140 ecd 1225 
3 133 60 4e2 eef ef3 
3 198 14f 438 106e 1134 
3 2d6 2d7 2d4 97 d0 
4 23c 1f8 234 278 281 2c2 
3 15 39b 3d4 4f6 8b8 
3 52 3b5 39c 699 6fa 
3 1ed 313 32c 924 ec9 
3 352 365 13c a0c ec2 
4 279 235 1f7 23b 285 286 
4 321 305 1b 1f7 2cb 2d1 
3 9 3c4 3c6 387 8bf 
3 8f 358 3b9 38c 6ab 
3 14c 35a 359 3e1 430 
3 1d6 426 137 e9c 122d 
3 9 3c6 3c5 387 8bd 
3 109 378 361 4c0 e3f 
3 11a 36a 36b 9db f18 
3 354 13c 365 a0c d53 
4 261 21d 21c 260 235 236 
4 263 21f 219 25d 237 27c 
4 24b 207 22b 26f 251 255 
3 8f 3b9 35a 38c 3b6 
3 10 3c5 3c1 406 449 
3 bd 332 3b6 7d2 a15 
3 108 372 36f e06 10be 
3 aa 11f 4c9 e66 f02 
4 274 230 200 244 259 25a 
3 3c8 b 3c1 39d 39f 
3 114 bc 4c6 497 d33 
3 ca 393 36c 6f7 821 
3 3a4 71 3a3 a5a ae3 
4 26f 22b 208 24c 251 252 
4 243 1ff 231 275 25b 2b6 
4 1f9 235 279 23d 283 286 
3 416 1b2 17f a4d f15 
3 9d 3a6 374 bdb c09 
4 21e 21c 260 262 236 238 
4 274 230 201 245 25a 2b3 
3 3b2 30 3be 5ba 5f0 
3 71 3a5 3a3 768 ae3 
3 10c 370 371 9b4 e8b 
3 133 af 4be aa2 f5c 
3 be 38a 38b cd2 d3f 
3 2df 2c3 2de 42 114 
3 2db 2cc 2dc cc ea 
4 26f 22b 209 24d 252 253 
4 247 203 22f 273 258 2b0 
4 275 231 200 244 25b 25c 
3 48 39d 3bd 68b 6f6 
3 79 3e2 322 7aa b48 
3 3a5 71 3a4 861 ae3 
3 1b2 119 44a bab 1177 
3 133 6a 4e1 fa9 faa 
4 261 21d 21e 262 236 24b 
3 7a 322 3e2 7db b48 
3 1b5 17f 416 922 a4d 
3 1be 1a2 400 103b 12f6 
4 260 21c 21f 263 237 238 
4 207 22d 271 24b 255 29b 
4 273 22f 204 248 258 263 
3 be 37b 394 594 1107 
3 198 459 117 595 1120 
3 c2 38b 389 753 e0d 
3 73 3a4 3a5 83a 861 
3 34 38f 3cf 99e 9b7 
3 133 6a 4e2 ef3 fa9 
3 1a2 f3 466 107c 117e 
3 2dc 2cc 2dd b3 eb 
3 b 3c8 3c7 411 429 
3 34 3b2 3be 5ba 5d0 
3 133 af 4c0 71c aa2 
3 10c 373 370 9b4 d71 
3 1b5 44a 119 e94 1177 
3 1e5 4bc 6 3df 5a1 
3 371 10c 373 91c 9b4 
3 1d9 443 104 ffb 1388 
3 3b2 34 3bf 470 5d0 
3 d2 393 36c 821 b14 
3 1ed 32c 31f 924 c6d 
3 1b5 44b 119 c39 e94 
4 21e 21f 263 262 238 256 
3 11a 357 37a 4ad a10 
3 134 4e1 6f 7e2 f47 
3 144 17f 451 f5f 114e 
3 91 478 1e4 13c8 13ca 
3 3ca 6c 366 82b a99 
3 158 362 34a 92f 112b 
3 148 368 34e d6d 103e 
4 213 227 26b 257 24f 298 
3 355 b4 3af d5b fb3 
3 112 4c4 ce 673 daf 
3 458 1c3 f6 586 75e 
3 139 42e 1d4 e26 135f 
3 14d 4ba a9 399 c8d 
3 112 ce 4c5 673 ee5 
3 3a9 73 3a5 b3c b3d 
3 2c6 2c7 2ef 52 f4 
3 2c2 2c3 2f3 ad 133 
3 2ee 2c7 2c9 6f f2 
3 123 355 37a 8f5 10e4 
3 18d 420 1a0 512 cc4 
3 11f c0 4c7 857 f07 
3 78 3a5 3a8 b22 d64 
3 1d6 408 187 1272 130c 
3 10 3b8 3d3 474 4c2 
3 8a 352 3c9 7b0 85d 
3 123 37b 355 8f5 a4b 
3 14d a9 4bc a3e c8d 
3 157 498 e7 c07 1092 
3 95 3c0 35a 3f9 43d 
3 e 3d4 3b9 3fd 8e3 
3 11b 362 379 5aa ba9 
3 8a 353 3c9 85d ac4 
3 78 3a9 3a5 b22 b3d 
3 f9 37c 37d e01 e03 
3 15c 9f 4ba fff 1010 
4 26e 22a 213 257 24f 262 
3 34 3bf 3be 5d0 9bf 
3 8a 3ca 352 7b0 7f7 
3 76 3ca 366 82b ae6 
3 be 394 38a cd2 f00 
3 3c1 95 35a 3f9 559 
3 be 394 38b 594 cd2 
3 11f 4c9 c0 f02 f07 
3 2e3 2c5 2e5 48 112 
4 26e 22a 214 258 262 264 
3 398 72 3b4 7e8 aee 
3 78 3a9 3a8 87b b22 
3 19 3a6 3da 4be 914 
3 2e 315 418 52a 58a 
3 43 3bd 3b6 668 9ca 
3 3c 3c3 3b1 67f 9e1 
3 fa 37d 37e a14 ce9 
4 24d 209 232 276 25f 260 
3 19 3da 3a7 4be 8c7 
3 ca 384 393 6f7 b6f 
3 2d 315 419 99a 99b 
3 19a 1be 40e 1127 1273 
3 2e 418 317 578 58a 
3 bb 3b2 356 587 b60 
3 60 367 3d7 7cd 7e6 
3 102 34b 394 da7 efb 
3 113 b6 4d6 e25 eeb 
4 276 232 20a 24e 25f 2be 
3 315 2d 41a 558 99b 
3 4d4 10b c3 b74 c56 
3 11f ef 4b4 e5f f55 
3 2ed 2ce 2cf 28 ef 
3 2cd 2ca 2f0 77 f9 
3 2f1 2ca 2cb 7b fa 
3 2d1 2ec 2ce f1 107 
3 8f 3c7 35a 3b6 888 
3 aa 36b 3b1 3bd 42d 
3 10 3d3 3c1 449 4c2 
3 2e 41a 315 52a 558 
3 36f 108 380 bd0 e06 
3 18a 189 432 10f9 13a5 
4 261 21d 226 26a 24b 291 
3 10 3d3 3c2 474 88a 
3 11a 37a 36a 4ad 10e3 
3 fb 4c7 ef c4b 13dc 
3 1a0 19e 41d 108c 10b6 
4 216 22b 26f 25a 250 253 
3 aa 3b2 36b 3bd ca3 
3 15c 4ba a9 8c3 105a 
3 7a 3b3 399 b2f b31 
3 2e1 2e2 2d5 f de 
3 2d7 2c7 2ee 4a f3 
4 26a 226 21e 262 24b 295 
3 7a 398 3b4 7e8 b30 
3 3f6 75 319 86f ae7 
3 7a 3b3 39a b17 b2f 
3 108 380 372 e06 105b 
3 1a0 19e 41e 10b6 12ff 
3 10 3c5 3d3 449 478 
3 75 3f6 31a 849 ae7 
3 7a 399 3b4 b30 b49 
3 19e 19f 41f 1231 12d5 
3 2ef 2c7 2d7 3b f5 
4 270 22c 216 25a 250 269 
3 3b4 3a3 71 751 768 
3 2de 2e0 2df 82 c0 
4 275 231 20f 253 25c 2b8 
3 3b4 72 3a3 751 aee 
3 cd 384 396 91e bf0 
3 170 349 362 93f f1a 
4 255 211 230 274 259 2b5 
3 71 3b4 3a5 768 b0f 
3 79 3f6 319 86f b20 
3 15 3cd 3ce 8ed 910 
3 76 366 3d1 a68 ae6 
3 170 34a 362 f1a 112b 
3 2e5 2c4 2eb b1 118 
3 cd 386 396 4d2 c92 
3 6a 3d7 367 7df 7e6 
3 9d 374 3b7 bdb 10b8 
3 3a1 d2 36c 80f b14 
4 273 22f 214 258 264 2b2 
3 388 ea 387 38b f8a 
3 1c3 464 f6 586 e17 
3 102 357 394 62c da7 
3 eb 388 386 779 fd0 
3 1cb 40e 19a cd8 1127 
3 1e3 334 335 13bf 13c2 
3 2ec 2ce 2dc 2 9a 
3 1be 1a2 411 12f6 12f7 
3 2f0 2ca 2d9 7e ab 
3 13 3db 3ba 481 b64 
3 bb 3b2 364 b60 ba2 
3 2dc 2ed 2ce 10 50 
3 2d9 2ca 2f1 79 91 
3 180 1f3 409 3de 141e 
3 2c4 2c2 300 aa 11d 
3 d5 396 385 aa9 b0e 
3 2d7 2d2 2ef 76 f6 
3 19 3da 3ba 437 914 
3 79 322 3f6 7aa b20 
3 191 355 34c 887 11d2 
3 2f3 2c3 2df a4 134 
4 8b 303 302 1f5 2ca 2ce 
3 d5 397 385 965 aa9 
3 1e2 33e 32a 1295 13b4 
3 2ee 2d7 2d6 33 68 
3 19 3ba 3db 437 b64 
3 113 4b2 112 56d c0a 
3 1d4 403 1af e45 135d 
3 301 2c3 2c5 65 122 
3 bb 36b 3b2 587 ca3 
3 198 140 459 595 f53 
3 1af 451 139 a86 12b9 
3 1af 17d 42f bf3 1174 
3 14b 4d9 8d df2 1043 
3 2f5 2d0 2d1 59 ae 
3 37d 92 3be 39c 3ac 
3 13 3db 3c2 465 481 
3 15 3d4 3ce 48b 8b8 
4 259 215 232 276 260 2bf 
3 18a 461 140 5b3 c90 
3 14b 4da 8d de5 df2 
3 1b1 42f 17d f79 1174 
3 20 3cd 3d0 39e 517 
3 18d 1a0 430 512 1221 
3 2d 32e 419 994 99a 
3 fb 4d2 ef 4d7 c4b 
3 384 ca 3a0 8ad b6f 
3 462 18a 140 978 c90 
3 15a 473 14e e6c ebf 
3 1b3 139 451 12b8 12b9 
4 279 235 212 256 284 285 
3 15c 9f 4ca b76 fff 
3 2ed 2db 2dc 27 40 
3 2fc 2cd 2cc 32 8e 
3 2cb 2fd 2cc 3c 69 
3 2e7 2e2 2e1 a6 ec 
3 2e3 2e5 2e4 af df 
3 2dc 2ec 2dd f0 106 
3 41b 2d 32e 5c4 994 
3 cd 384 3a0 8ad 91e 
3 34 3cf 3bf 98a 9b7 
3 aa 11f 4e4 e5a e66 
4 26b 227 228 26c 24c 296 
4 21e 22e 272 262 256 2ad 
3 35d 171 362 c63 f3f 
3 2f1 2d9 2d8 1b 81 
3 2d9 2f0 2da 3f 56 
3 e9 34e 3ae 80d d56 
3 123 37a 37b 8f5 120a 
3 1b5 1b2 416 a4d 115e 
3 cd 386 3a0 c92 d60 
4 272 22e 21f 263 256 2c1 
3 93 4db 14b ec1 1045 
3 2cf 2fb 2d0 5 8d 
3 2d3 2d4 2f7 2e 6d 
3 2e4 2e5 2e6 d5 e1 
4 229 227 26b 26d 24c 24e 
4 25c 218 233 277 261 2c4 
3 2e 317 428 578 5f5 
3 160 36f 358 10c6 10c7 
3 1e0 40e 19a 1273 1364 
3 2f7 2d4 2d5 8b 100 
4 26c 228 229 26d 24c 27b 
4 26e 22a 227 26b 24e 24f 
3 1bc 1a0 41e 503 12fd 
3 106 372 390 630 69d 
3 157 4ad e7 aea c07 
4 277 233 21a 25e 261 2c3 
4 279 235 217 25b 283 288 
3 35 41b 32e 5c4 5c7 
3 d5 397 396 aa9 b42 
3 1c0 4c2 55 ce8 e5b 
3 fa 37d 391 ce9 dc0 
3 1b3 144 451 f5f 12b8 
3 163 359 36f 566 c10 
3 fa 391 37e ce9 1053 
3 93 4de 14b ebd ec1 
3 2e6 2e8 2e5 ed fe 
3 10b 4c3 10a 9e5 a43 
3 45a 198 14f f12 106e 
4 26e 22a 229 26d 24d 24e 
3 160 358 372 735 10c7 
3 11f 4c7 ef 857 f55 
3 2f4 2c2 2f3 c1 132 
3 92 3be 38f 3ac 8a0 
3 1e5 6 4d9 58d 5a1 
3 3c 3b1 3d8 9e0 9e1 
3 ca 3a0 393 b6f 129b 
3 5d 40d 327 7bc 812 
3 bd 3b6 375 7d2 a20 
3 163 359 371 c10 104f 
3 1d6 1b8 408 1272 1326 
3 1e5 4dc 2 56e 894 
3 1a6 355 34f 6bf b88 
3 62 40b 327 7d0 7f4 
3 16b 473 14e ebf f8f 
3 2e9 2e6 2e8 87 e3 
3 158 34a 37f 92f ffa 
3 162 350 377 e35 efc 
3 2dd 2cc 2fc 1a 29 
3 2fd 2cc 2db 75 102 
3 15c 4ca b1 862 1073 
3 1d6 187 422 1278 130c 
3 bd 379 3b6 4ef a20 
3 1d6 188 422 828 e07 
3 123 395 355 a4b b44 
3 162 378 350 e35 e9f 
3 2e8 2eb 2e5 1 84 
3 2eb 2c4 2fa 4d 15d 
3 2de 2c3 301 b9 121 
3 62 327 40d 7d0 812 
3 cd 396 3a0 91e c92 
3 19f 462 140 978 120d 
3 1c3 15a 443 d6b 1268 
3 102 394 37a 62c ffe 
3 2d5 2e2 2f7 c 101 
3 2e8 2ea 2e9 e ee 
3 3e 3d2 3c3 607 61e 
3 40e 1cb 1be bda 1127 
4 26f 22b 22c 270 250 254 
3 2d5 2d6 2fe 6c 104 
3 15c a9 4d1 8c3 c28 
3 393 d2 3a1 ad1 b14 
3 2eb 2e8 2ea a0 f7 
3 3ae e4 368 6b8 d87 
3 d5 39e 397 782 d5e 
3 1eb 15b 431 1158 12e7 
4 26f 22b 22d 271 254 255 
3 19 3db 3da 437 49a 
3 ba 3c3 369 4f9 65c 
3 d5 396 39f 6f8 b42 
3 1bc 430 18d 1221 12eb 
3 301 2c5 2e3 17 11f 
3 ba 3c3 36a 65c ba6 
3 d5 397 39f b42 d5e 
3 2df 2f6 2e0 14 24 
4 271 22d 22c 270 254 29a 
3 7d 38e 3d0 425 8d8 
3 ba 36b 3c3 5dd ba6 
3 16b 473 15a de6 ebf 
3 e4 3b0 368 408 d0d 
3 7d 38f 3d0 8d8 8e0 
4 273 22f 22a 26e 263 264 
3 19d 34a 363 3f5 de8 
3 e9 3ae 368 6b8 d56 
3 4b 3cb 3cc 725 a24 
3 5d 40d 337 7a1 7bc 
3 14a 354 388 949 e91 
3 3c3 3c 3d8 65f 9e1 
3 16f 36a 36b f18 10fc 
3 1d9 41f 198 1225 123f 
3 1eb 1a2 411 12e8 12ea 
3 145 4d4 c3 b74 f09 
3 2f6 2d0 2f5 78 fd 
3 1f3 400 1be 4b1 9f8 
3 9d 3a6 3b7 510 bdb 
3 3e 3d8 3c3 61e 65f 
3 59 3ae 3d5 737 7e0 
3 d5 39f 39e c6e d5e 
3 1d9 19e 41d 11b3 1389 
3 2e1 2fe 2d5 9 19 
3 62 40b 33a 7f4 aa1 
3 163 370 36f be0 10f2 
4 1f9 316 303 8b 2cf 2d0 
3 59 3d6 3ae 737 a37 
3 62 33b 40b a9f aa1 
3 160 372 36f 10be 10c7 
3 388 387 11d 38b b8a 
3 163 36f 371 be0 c10 
3 45 3cc 3d2 64b 68f 
3 c2 389 3b5 753 b9c 
3 eb 386 3a2 779 d91 
3 124 37b 38b 9ec f14 
3 163 371 370 be0 e8b 
3 1d9 41f 19e 11b3 1231 
3 300 2c2 2f4 b7 11e 
3 1d9 19f 41f ecd 1231 
3 2e9 2ea 2f2 64 fb 
3 c2 3b5 38b 753 758 
3 eb 3a2 388 779 e44 
3 19e 1dd 41e 12ef 12ff 
4 26c 228 234 278 280 282 
3 60 3ae 3d5 7e0 aa7 
3 158 37f 362 92f e4a 
3 10d 3a6 35f e0a eb7 
3 1eb 18d 420 f51 1162 
3 197 4b5 b7 fef 1052 
3 19d 363 356 ab9 10eb 
3 1f1 90 49c db0 1244 
3 19e 1dd 41f 12d5 12ef 
3 1dd 1a0 41e 12fd 12ff 
3 40e 1be 1e0 cd1 1273 
3 1dd 19f 41f 12d5 1335 
3 2f9 2d3 2f7 16 47 
3 2fb 2f6 2d0 7d 98 
3 1bc 430 1a0 503 1221 
3 24 440 318 547 5ab 
3 60 3d7 3ae 7cd aa7 
3 da 3a2 39f aca dbc 
3 120 389 38a b82 bad 
3 1f1 90 49e 1244 1245 
3 2f3 2df 2f6 44 7c 
3 2fa 2c4 300 d7 15e 
3 14d fd 4ba 399 c6c 
3 1b1 1af 42f 63d 1174 
3 133 4c0 10b 71c 80a 
3 1e0 1bc 411 caa 1387 
3 1bb 43d 189 1039 11dd 
3 aa 3b1 3b2 3bd 8f9 
3 da 39f 3a3 aca bc5 
3 120 389 38b bad e0d 
4 1f6 31e 303 8b 2cd 2ce 
3 3e 3d2 3d8 61e 675 
3 35d 171 379 b96 c63 
3 120 38b 38a bad d3f 
3 411 1e0 1be cd1 1369 
3 458 1c3 14f 75e f20 
3 133 4c2 10b 80a 123a 
3 da 3a2 3a3 a52 aca 
3 e4 368 3bb aaa d0d 
3 180 1c5 43f 10b5 1328 
4 278 234 22e 272 2c0 2c2 
3 da 3a4 3a2 a52 a9c 
3 1d7 432 189 e19 1336 
3 da 3a3 3a4 a52 a5a 
3 8a 3a9 3c9 ac4 bb1 
3 171 362 379 ba9 c63 
3 1c3 45a 14f f12 f20 
3 2e4 2e6 2ff 2f c5 
3 6a 3bc 3d1 5ff 870 
3 123 37b 395 a4b c0d 
3 d3 133 4e1 cd3 faa 
3 2f7 2e2 2f8 38 ff 
3 2fa 2ea 2eb 5c 83 
3 1eb 411 1bc 985 12ec 
3 3a8 3a5 d4 b33 d64 
3 1a6 36a 34f c4a c53 
3 d3 4e1 134 cd3 f47 
3 162 378 377 e34 e35 
3 359 371 18e 104f 10b7 
3 1cb 180 43f 10b5 141f 
3 1a2 15b 466 1100 1157 
3 53 3cb 3d6 726 a33 
3 1dd 432 189 1336 13a5 
3 1dd 18a 432 1337 13a5 
3 2f6 2fb 2e0 58 99 
3 434 37 32d 939 9c6 
3 1f3 1be 40e 4b1 bda 
3 3d 328 434 5f9 944 
3 10d 3a6 374 c09 e0a 
3 15c fd 4ba 1010 105a 
3 37 434 32f 4bb 9c6 
3 3b0 bf 3af 79f ee7 
3 3d 328 435 5b0 5f9 
3 2f3 2f5 2f4 3d fc 
3 1e6 7d 4b7 3a5 5bf 
3 3d 434 32d 939 944 
3 158 37f 37c 109e 1339 
3 1ec 350 346 13f6 13fc 
3 1e6 4b8 7d 3a5 45a 
3 161 372 380 611 105b 
3 2f6 2f5 2f3 34 39 
3 349 177 38a 745 e65 
3 3d7 3bc 6a 7b8 7df 
3 76 3bc 3d1 870 a68 
3 1b3 17f 451 e93 f5f 
3 7a 399 3e1 af0 b31 
3 1dd 41e 1bc 12fd 131e 
3 8f 3b9 3c7 3b6 9dd 
3 123 3af 355 b44 d5b 
3 177 38a 34b e65 f36 
3 3c1 3c0 95 3f9 57d 
3 31a 423 77 85a b29 
3 132 37b 395 c0d c6f 
3 1b2 43a 1b1 fd4 129e 
3 7a 3e2 39a 7db b17 
3 18d 430 1eb 1162 12eb 
3 f9 3be 364 3e2 d57 
3 aa 3bf 3b1 4d1 8f9 
3 18a 189 463 10b2 10f9 
3 aa 3b2 3bf 470 8f9 
3 59 3d6 3d5 6f9 737 
3 1f3 1cb 40e bda 1420 
3 1eb 431 18d f51 12e7 
3 3d 435 334 5b0 95d 
3 35 32e 43c 5be 5c7 
3 7a 3e4 399 af0 b49 
3 93 3c1 3c4 5b7 5e3 
3 35 43c 32f 5be 60d 
4 27a 236 237 27b 165 16b 
3 19a 1c5 43f 1164 11a1 
3 35 43d 32f 60d 62f 
3 6a 3bc 3dc 7b8 7eb 
3 3a1 131 36c 686 80f 
3 161 380 37e e11 ea8 
3 42e 1af 1d4 e26 e45 
4 238 236 27a 27c 165 16e 
3 37 32f 43d 4bb 62f 
3 6a 3dd 3bc 5ff 7eb 
3 2f7 2f8 2f9 1e 51 
3 3a1 124 37b 56f 9ec 
3 d4 3b4 3a5 b0f b33 
4 27b 237 238 27c 165 166 
3 14a 354 3a2 760 949 
3 76 3d1 3ca a95 ae6 
3 7e 317 427 4cf 556 
3 60 3d5 3d7 7ec aa7 
3 1cb 19a 43f cd8 11a1 
3 3c8 3c1 93 39d 5e3 
3 7e 318 427 556 581 
3 d4 3a8 3b4 84a b33 
4 27b 237 239 27d 166 16a 
3 19d 37f 34a 3f5 ffa 
3 7e 428 317 4cf 5f5 
3 1c3 464 15a e17 1268 
3 24 440 342 52e 547 
4 27d 239 238 27c 166 168 
3 93 3c8 3c4 5e3 92a 
3 8a 3c9 3ca 7b0 a5e 
3 12f 134 4c2 8fe ab5 
3 18e 374 371 c64 1081 
4 27e 23a 237 27b 169 16a 
3 171 35d 38d f38 f3f 
3 1a6 34f 37a 6bf c53 
3 62 426 33b a9f ac1 
4 27c 238 23a 27e 167 168 
3 177 34b 394 efb f36 
3 1e5 8e 4bc 3df 893 
3 134 4c2 133 fba 12dd 
4 27d 239 23a 27e 168 16a 
3 3e8 73 3a9 739 865 
3 78 3a8 3e6 87b b2a 
3 65 426 33b ac1 d5a 
4 23b 238 27c 27f 167 16d 
3 18a 19f 462 60c 978 
3 78 3e6 3a9 87b b24 
3 1e9 357 356 8a7 8af 
3 171 38d 362 ecb f3f 
4 27b 237 23c 280 169 16c 
3 1e6 9c 4b6 48f 8cb 
3 160 39b 358 735 b5e 
3 15c fe 4ca 862 b76 
4 236 23d 281 27a 16b 16e 
3 132 3a1 37b 56f c6f 
3 1a6 37a 355 6bf 10e4 
3 7a 3e1 3b3 873 b31 
3 132 393 395 f29 1140 
3 460 1b1 17f f75 115d 
4 27e 23a 23b 27f 167 1e5 
4 281 23d 237 27b 16b 16c 
3 38b 124 3a1 3d7 9ec 
3 78 3a9 3e8 865 b24 
3 7a 3b3 3e2 873 b17 
3 1b2 17f 460 f15 f75 
3 1f3 43f 180 141e 141f 
3 f9 37d 3be 39c d57 
3 1e6 4b8 9c 45a 8cb 
3 1b3 460 17f e93 115d 
4 281 23d 238 27c 16d 16e 
3 161 372 390 69d e05 
4 23c 23a 27e 280 169 1cf 
3 1c9 363 364 9a9 10ea 
3 148 34c 3b0 c1b 11d7 
3 1a5 36f 370 cc3 10f2 
3 6a 3dd 3d1 5e6 5ff 
3 161 391 372 611 e05 
3 3e4 7a 3b4 a8b b49 
3 148 3b0 34e c1b d6d 
3 1d7 1bc 432 72e 1333 
3 145 10b 4d4 b74 d41 
3 388 354 194 b99 e91 
3 14b f1 4de dcb ebd 
4 23b 23d 281 27f 16d 1d4 
3 3d7 6a 3dc 7b8 848 
3 77 423 33c 84b b29 
3 114 3cc 34d 9d4 c7d 
4 23d 23c 280 281 16c 1b4 
3 33c 77 424 822 84b 
3 14c 3ab 359 923 113d 
3 1b5 1b2 44a 115e 1177 
3 1dd 432 1bc 131e 1333 
3 131 38b 3a1 3d7 d52 
3 19d 363 37f 3f5 1181 
3 3b7 3ab e6 ac2 1068 
3 6a 3dc 3dd 7dc 7eb 
3 e6 3b8 3ab abb ac2 
3 161 37e 391 e11 1053 
3 11d 3af 387 b8a d36 
3 161 380 391 611 e11 
3 445 44 335 6d7 13be 
3 8a 3e8 3a9 739 bb1 
3 11d 3af 388 764 b8a 
3 1a6 36a 37a c53 10e3 
3 1b3 451 1af 1166 12b9 
4 282 23e 23f 283 16f 190 
3 11d 388 3b0 764 8e5 
4 8b 303 340 1f8 2cd 2d0 
3 13c 3bb 354 d53 11ec 
3 131 3b5 36c 686 91b 
3 132 393 3a1 ad1 f29 
3 1eb 1bc 430 12eb 12ec 
4 240 23e 282 284 16f 1ac 
3 49 333 446 68a 6b6 
3 49 445 335 6d7 716 
3 160 372 39b 735 10c5 
3 3ca 6c 3e9 79b 82a 
3 1e6 4d3 7d 42e 5bf 
3 132 3a1 395 c6f f29 
4 283 23f 240 284 16f 170 
3 49 335 446 6b6 716 
3 349 38a 1ad 745 1147 
3 e4 3b0 3bb d0d 117c 
3 1f1 49d df 1203 1243 
4 283 23f 241 285 170 18d 
3 3b8 3b7 e6 ac2 bbe 
3 465 1bb 189 c72 11dd 
3 1cb 43f 1c5 10b5 11a1 
4 285 241 240 284 170 1ab 
3 303 305 302 2ca 1054 
3 17b 386 387 d08 d93 
3 1c3 198 45a f12 1296 
3 368 3b0 148 408 d6d 
3 304 305 303 2c9 c19 
3 3ab e6 3c0 970 abb 
3 17b 386 388 d93 fd0 
3 74 3de 3e0 b25 b27 
3 17b 388 387 d93 f8a 
3 1eb 15b 466 1157 1158 
3 161 391 390 e05 10d1 
3 197 112 4b5 fef 10cf 
3 1a5 36f 380 bd0 cc3 
3 369 3cc 114 6e6 c7d 
3 1e9 36b 356 8af 99d 
3 1a5 370 380 cc3 10f3 
3 7e 318 440 581 5ab 
3 123 3af 395 744 b44 
3 1e9 357 36b 8af e29 
3 14a 388 3a2 949 e44 
3 13c 3bb 365 662 d53 
3 1a8 37b 37a 66e 120a 
3 6c 3f1 3ca 82a ad9 
3 1dd 432 1d7 1333 1336 
4 286 242 243 287 171 196 
3 6a 3d1 3f0 714 a58 
4 244 242 286 288 171 172 
3 1f1 df 4a6 11c8 1243 
4 287 243 244 288 171 1a9 
3 1e6 92 4d3 42e e37 
3 d 3ff 409 881 a79 
3 e6 3c0 3b8 abb cb1 
4 289 245 242 286 172 193 
3 7a 3e2 3e1 873 b4c 
3 d 3ff 40a 3b0 881 
3 1b1 460 1af 63d 1168 
3 51 325 455 757 9a4 
3 67 3e9 3e8 76a 783 
3 79 3e3 3e2 ab7 b4d 
3 7a 3e1 3e3 b4b b4c 
3 76 3ca 3f1 a95 ad9 
3 7a 3e2 3e3 b4c b4d 
3 1d9 443 1c3 f33 ffb 
3 1b3 1af 460 1166 1168 
4 244 245 289 288 172 1a8 
3 67 3e8 3ea 76a dfe 
3 8a 3c9 3e8 ae0 bb1 
3 7a 3e1 3e4 af0 b4b 
3 1b2 1b1 460 f75 129e 
3 1e5 4d9 8d 58d 983 
3 363 37c 1c9 62e 9a9 
3 67 3ea 3e9 76a 795 
3 79 3e4 3e3 b45 b4f 
3 1b3 460 1b1 115d 1168 
3 14c 3c0 359 430 923 
3 1c9 364 37c 9a9 1297 
3 8a 3c9 3e9 a5e ae0 
3 7a 3e3 3e4 b4b b4f 
3 1d9 45a 198 123f 1296 
3 14c 35a 3c0 430 43d 
3 131 3b5 38b 758 d52 
3 8a 3ca 3e9 79b a5e 
3 3f0 76 3d1 a58 b2d 
3 3e8 73 3e6 86c c96 
3 76 3f1 3d1 a95 b2d 
3 4e1 133 134 cd3 fba 
3 177 394 38a f00 f36 
3 409 d 40a 454 881 
3 1e5 8d 4dc 56e 983 
3 363 1c9 37f 62e 1181 
3 1d7 465 189 c72 e19 
3 1ec 350 377 efc 110f 
3 6a 3d1 3f8 5e6 714 
3 1dd 18a 462 60c 1337 
3 1e5 8e 4dc 893 894 
3 11d 3b0 3af 764 ee7 
3 1da 19a 45c e6a ef4 
3 1d6 44f 1b8 12d0 1326 
4 28a 246 247 28b 173 18a 
3 67 3ef 3e9 795 7de 
3 78 3e8 3e6 86c b24 
3 67 3ea 3ef 795 a21 
4 248 246 28a 28c 173 174 
3 455 51 336 72b 757 
3 56 452 337 796 acb 
4 28b 247 248 28c 173 1a6 
3 56 453 336 641 a1c 
3 3eb 6b 3ee 793 adf 
3 1e0 19a 45c ef4 1364 
4 28d 249 246 28a 174 188 
3 316 304 303 2cf 974 
3 56 337 453 796 a1c 
3 6c 3ef 3e9 7de 827 
3 6e 3ec 3ed ad7 c04 
3 1e6 c0 4c7 e0b 13db 
3 304 316 305 2d2 4b5 
3 56 336 455 641 72b 
3 6a 3f8 3dc 7dc ad3 
4 248 249 28d 28c 174 1a5 
4 23f 24f 293 283 18f 191 
3 6a 3f8 3dd 5e6 7dc 
3 6c 3f1 3e9 827 82a 
3 3ef 6f 3eb 6fb af6 
3 5d 337 452 7a1 b08 
3 74 3f3 3de 851 b27 
3 a 40f 410 3cf 8dc 
3 6f 3f0 3eb 774 af6 
3 3f3 74 3e0 7fe b27 
3 1d7 454 1bc 72e 136a 
3 75 3f3 3e0 7fe aa4 
3 191 34c 3af 1041 11d2 
4 240 250 294 284 179 1ab 
3 3a1 3b5 131 686 d52 
3 1f3 43f 1cb 141f 1420 
3 30e 30d 311 304 47e 
3 6c 3ef 3f1 827 bb7 
3 191 3b0 34c 1041 11d7 
3 18e 359 3ab 10b7 113d 
4 285 241 250 294 1ab 208 
4 296 252 23e 282 1ac 20a 
3 3f0 6f 3ef 729 af6 
4 295 251 240 284 179 17a 
3 1dd 462 19f 60c 1335 
3 74 3de 3f7 851 86a 
3 79 3f2 3e3 b40 b45 
4 28e 24a 24b 28f 175 1c2 
3 302 31e 303 2ce dae 
3 79 3e4 3f2 518 b45 
3 75 3e0 3f6 849 aa4 
3 17b 3a0 386 d08 d60 
4 296 252 240 284 17a 1ac 
3 6d 3ed 3f4 afd d02 
3 17b 387 3a0 d08 129a 
4 295 251 242 286 194 198 
3 302 305 31e 2cc 4fb 
3 1c9 37c 37f 62e 1339 
4 24c 24a 28e 290 175 177 
4 29a 256 23b 27f 1c6 1d3 
3 8a 3e9 3e8 783 ae0 
3 d4 3e4 3a8 84a bfb 
3 6d 3f5 3ed afd afe 
3 191 3af 355 fb3 11d2 
3 1e0 454 1bc 136a 1387 
3 1ee 371 373 91c 9ac 
4 28f 24b 24c 290 175 19f 
3 46a 4d 325 6bc 6cd 
4 23b 257 29b 27f 1c6 1e6 
3 79 3f6 3e2 7aa ab7 
3 1ee 371 374 9ac 1081 
3 24 342 471 52e b80 
3 79 3f6 3e3 ab7 b40 
3 6b 3eb 3f9 adc adf 
3 3e6 d4 3a8 b2a bfb 
3 76 3f1 3f0 b2d bb6 
3 1ee 374 373 9ac a05 
3 1a8 37a 394 66e ffe 
3 51 46a 325 6bc 9a4 
3 6a 3f0 3f8 714 847 
3 1bb 1d7 45c 961 12d9 
3 6b 3fa 3eb adc af7 
3 1ec 346 38c 13f6 13f7 
4 24c 24d 291 290 176 1a0 
3 1a8 394 37b 66e 1107 
3 3f4 6d 3f5 839 afd 
3 3ee 6b 3f9 a89 adf 
3 14 413 412 43f 953 
3 1e6 4d3 c0 e0b e37 
4 293 24f 24a 28e 177 192 
4 244 253 297 288 17b 1aa 
3 1e6 4b6 fb 48f 13d8 
3 75 3f3 3f2 7c4 acf 
3 1da 1bb 45c 961 a13 
4 292 24e 24c 290 176 178 
3 14 412 414 43f 8c8 
3 49 469 333 68a 6d6 
3 6f 3eb 3fa 774 af7 
3 14 413 414 43c 43f 
3 1c0 10b 4c2 ce8 123a 
4 291 24d 24e 292 176 1ad 
4 298 254 244 288 17b 17c 
3 d4 3b4 3e4 84a a8b 
3 6e 3fb 3ec ad7 b00 
3 1d9 1c3 45a f33 1296 
4 24c 24f 293 290 177 178 
3 311 319 30e 305 f52 
3 6e 3ed 3fb ad7 b02 
3 4d 469 333 6d6 a30 
3 6e 3fc 3ec b00 b81 
4 299 255 244 288 17c 1a7 
3 6f 3fa 3f0 774 b0b 
3 75 3f2 3f6 7c4 b41 
4 298 254 246 28a 187 18b 
3 4d 333 46a 6cd a30 
3 75 3f6 3f3 7c4 aa4 
3 1ec 350 38c 110f 13f6 
4 292 24e 24f 293 178 18e 
3 74 3f7 3f3 851 aec 
3 18e 371 3ab c64 10b7 
3 1e 412 413 40e 953 
4 23d 25b 29f 281 1c4 1d1 
3 79 3f6 3f2 b40 b41 
3 6b 3fa 3f9 a8e adc 
3 18e 3ab 374 c64 10af 
3 1eb 466 1a2 1157 12ea 
3 318 316 314 328 9b9 
4 2a1 25d 23c 280 1b4 1ca 
3 1ae 387 393 e63 1143 
3 54 402 403 63f 740 
3 d9 424 33b 771 81d 
3 1d7 1bb 465 c72 12d9 
4 23d 25d 2a1 281 1b4 1c4 
3 316 321 305 2d1 89a 
3 317 316 318 335 911 
3 1e 47e 343 49b 500 
3 d9 424 33c 81d 822 
3 402 54 404 6f3 740 
3 354 3bb 194 b99 11ec 
4 294 250 251 295 179 197 
3 308 307 328 2ef 85b 
3 404 54 403 6be 740 
3 1ae 395 387 1061 1143 
3 1e0 454 1d7 11c1 136a 
3 d9 33b 426 771 d5a 
3 329 307 308 2eb 705 
3 30a 309 327 2f3 773 
3 30b 30c 325 2fc 86b 
3 6e 3fb 3fc b00 b01 
3 7 401 42d 3fc 8b7 
3 326 30c 30b 2f8 67e 
3 324 30d 30e 303 da1 
3 1e6 ef 4c7 13db 13dc 
4 295 251 252 296 17a 195 
3 d 42c 3ff 3b0 3dd 
3 89 3f4 3f3 817 f6f 
3 1e2 32a 3ac 13b2 13b4 
3 305 321 31e 2cb 1309 
3 89 3f4 3f5 839 a87 
3 88 3f9 3ee 7bb a89 
3 1da 45c 1d7 961 f03 
3 89 3f3 3f7 817 aec 
3 30e 319 322 302 ab1 
3 89 3f7 3f4 817 a87 
3 22 31b 497 951 982 
3 1ae 393 395 1140 1143 
3 89 3f5 3f7 787 a87 
4 2a7 263 23c 280 1ca 20f 
4 297 253 254 298 17b 18c 
3 315 321 317 337 4c7 
3 496 26 31c 956 958 
3 32b 312 307 2d8 ed7 
3 317 321 316 338 570 
3 d 40a 42c 3b0 bc9 
3 1e0 45c 1d7 f03 11c1 
3 1e6 4c7 fb 13d8 13dc 
3 88 3ee 3fd 7bb 7f1 
3 18e 3b7 374 10af 10b8 
3 349 3bd 1ad 1147 11b4 
4 29d 259 24d 291 17e 1ae 
3 31f 320 313 301 b19 
3 1e0 45c 1da ef4 f03 
4 298 254 255 299 17c 189 
3 307 312 32d 2d7 871 
3 11 410 429 3ee 8ef 
3 1c0 12f 4c2 8fe e5b 
4 291 24d 25a 29e 17e 1a1 
3 2c 496 31c 4fc 958 
3 306 32a 31b 2e8 5a5 
3 11 410 42a 8ef e22 
3 1ae 3a0 387 e63 129a 
3 30e 322 323 306 aba 
3 320 321 315 32a 703 
3 429 11 414 409 8f0 
3 14c 3c0 3ab 923 970 
3 c4 3e7 3e5 9aa f11 
3 6e 3fb 407 b01 b03 
3 1c0 133 4c2 123a 12dd 
3 1c0 4c2 134 8fe 12dd 
3 6e 3fc 407 a74 b01 
3 1e2 3ac 33e 1397 13b4 
3 323 324 30e 307 cca 
3 31d 31e 31f 348 97b 
3 14 429 413 43c 8b9 
3 14 429 414 409 43c 
3 2e 418 41a 52a 58c 
3 2d 419 41a 993 99b 
3 1e2 3ad 33e 1347 1397 
3 330 30f 30c 2d6 623 
3 308 30f 332 2e0 5ad 
3 1ec 377 38c 534 110f 
3 88 3fd 3f9 7bb bb3 
3 14 42a 413 8b9 9be 
4 23f 266 2aa 283 18d 18f 
3 194 3b0 388 6c9 8e5 
3 2d 41b 419 993 994 
4 29a 256 257 29b 17d 1c6 
4 282 23e 267 2ab 190 1f0 
3 313 312 32c 2ff ec9 
3 2d 41b 41a 569 993 
3 66 408 407 6c6 706 
3 88 3f9 3fe 7d9 bb3 
4 2ab 267 23f 283 190 191 
3 334 30f 308 2df d07 
3 31e 321 31f 349 a85 
4 258 256 29a 29c 17d 1c7 
4 2aa 266 241 285 18d 1f1 
4 2af 26b 23a 27e 1e4 1e5 
3 30c 30f 333 2d5 f6e 
3 31f 321 320 34a 10dd 
3 88 3fe 3fd 7f3 bb3 
3 1ae 393 3a0 e63 129b 
4 29b 257 258 29c 17d 1b0 
4 2af 26b 23b 27f 1e5 1e6 
3 32f 312 313 315 10a7 
3 1e 343 491 49b 575 
3 5d 40c 40d 68c 7cf 
4 246 264 2a8 28a 187 188 
4 2b0 26c 23a 27e 1d0 1e4 
3 3e4 d4 3e6 8ae bfb 
3 62 40c 40b 7b5 7ed 
3 c4 3ed 3e7 d01 e59 
3 32b 307 329 2ec 471 
4 246 265 2a9 28a 18a 18b 
3 309 310 337 2d4 902 
3 336 310 30b 2dd 65e 
3 62 40b 40d 7b5 7d0 
4 2ac 268 242 286 193 194 
3 62 40d 40c 7b5 7cf 
4 2a9 265 247 28b 18a 1f6 
3 338 310 309 2d3 756 
3 328 307 32d 2ee 5b5 
4 28d 249 264 2a8 188 1f9 
3 313 32c 31f 300 924 
4 242 269 2ad 286 196 198 
3 33a 30d 30a 2dc 55d 
3 31b 32a 31c 2fd 97e 
4 25a 259 29d 29e 17e 181 
4 2ad 269 243 287 196 1ea 
3 30b 310 339 2de 698 
4 289 245 268 2ac 193 1ed 
3 11 429 42a 5d1 8ef 
3 5a 417 406 a56 cd9 
3 320 32e 313 314 60f 
3 4e 415 416 664 b9d 
3 315 32e 320 2e1 778 
3 22 341 497 49d 951 
3 14 42a 429 5d1 8b9 
3 d1 3ea 3eb 786 bc6 
3 c4 3e5 3f4 9aa d8a 
3 311 30d 33a 2da f80 
3 330 30c 326 2f7 9b1 
3 194 388 3bb 6c9 b99 
3 c4 3f4 3e7 9aa d01 
3 3ea d1 3ec a35 bc6 
3 306 314 33d 2e9 c02 
3 31f 32c 31d 2fe 3a1 
3 d1 3ec 3eb bc6 d7b 
4 2ab 267 24a 28e 192 216 
3 308 332 329 2ed cce 
3 32c 312 32b 309 8e2 
3 96 400 3ff 484 988 
4 29f 25b 25c 2a0 17f 1d9 
3 2e 428 418 578 58c 
3 325 30c 333 2fa ceb 
3 96 3ff 401 484 b5f 
3 328 334 308 2f0 60e 
3 96 401 400 484 bfa 
3 2e 428 41a 58c 973 
3 406 5a 41c 912 a56 
4 25d 25b 29f 2a1 17f 1c4 
3 340 316 303 2d0 45c 
3 d1 3ef 3ea 786 a21 
3 c4 3f4 3ed d01 d02 
3 d6 3eb 3ec d7a d7b 
4 24e 266 2aa 292 18e 1f3 
4 2b6 272 23c 280 20f 210 
3 2c 31c 4a9 4fc 8cc 
3 d1 3ef 3eb 6fb 786 
3 d8 3ea 3ec a35 a60 
3 3ac 360 1e2 afc 108a 
4 2a0 25c 25d 2a1 17f 180 
4 2a3 25f 259 29d 181 1da 
3 3de 77 423 85a b39 
4 2aa 266 24f 293 18e 18f 
3 341 314 306 2e6 4f7 
3 325 336 30b 2fb 824 
3 d8 3ea 3ed a60 a88 
3 360 3ad 1e2 e80 108a 
4 25a 25f 2a3 29e 181 1dc 
3 345 309 30a 2f5 780 
3 32d 312 32f 30a 8ca 
3 d6 3eb 3ee 793 d7a 
4 2a0 25c 25e 2a2 180 1af 
3 327 309 337 2f1 70e 
3 d8 3ed 3ec a60 c04 
3 d6 3ee 3ec aa5 d7a 
4 2ab 267 24f 293 191 192 
3 30a 30d 344 2db 854 
3 313 32e 32f 316 788 
4 2a2 25e 25d 2a1 180 182 
4 2a8 264 254 298 187 189 
3 191 3b0 3af 79f 1041 
4 253 265 2a9 297 18c 1f4 
3 31e 340 303 2cd dad 
3 331 30f 330 30c a0b 
4 2a8 264 255 299 189 1f7 
3 33c 319 311 2e2 557 
4 298 254 265 2a9 18b 18c 
4 2b1 26d 248 28c 19b 1a5 
3 31b 341 306 2e7 498 
3 30b 339 326 2f9 667 
3 332 30f 331 30b 9cd 
4 2b1 26d 249 28d 1a5 1fd 
3 327 33a 30a 2f2 730 
4 2a4 260 25d 2a1 182 185 
4 2ac 268 251 295 194 195 
4 248 26e 2b2 28c 19b 1b1 
4 250 269 2ad 294 197 1ec 
3 18e 3b7 3ab 1068 10af 
4 2a2 25e 260 2a4 182 183 
4 2ac 268 252 296 195 1ef 
4 2bc 278 23a 27e 1cf 1d0 
4 2ad 269 251 295 197 198 
3 5a 41c 417 a56 c98 
3 33d 32a 306 2ea 9ab 
3 314 316 340 318 7b3 
4 25e 261 2a5 2a2 183 1cc 
3 31a 319 33c 2e5 f69 
4 280 23c 278 2bc 1cf 210 
3 333 30f 335 30d ba1 
4 2bd 279 23b 27f 1d3 1d4 
3 335 30f 334 30e abf 
4 2a5 261 260 2a4 183 184 
4 2a7 263 25d 2a1 185 1ca 
4 28f 24b 26f 2b3 19f 1a3 
4 2b8 274 244 288 1a7 1a8 
3 318 314 342 2e3 3c0 
4 2b3 26f 24c 290 19f 1a0 
4 287 243 275 2b9 1a9 204 
4 23d 279 2bd 281 1d1 1d4 
3 1e 343 4a8 575 932 
3 1ad 3bd 38a 1147 1299 
4 262 260 2a4 2a6 184 186 
4 2b8 274 245 289 1a8 201 
4 2b3 26f 24d 291 1a0 1a1 
4 28b 247 273 2b7 1a6 1fe 
4 2b9 275 244 288 1a9 1aa 
3 22 341 4a8 416 49d 
4 2a5 261 262 2a6 184 199 
3 337 310 336 30f a09 
3 8c 40f 40a 480 6e8 
3 e5 3f0 3ef 729 777 
4 2a4 260 263 2a7 185 186 
4 24b 271 2b5 28f 1a3 1e9 
4 2b7 273 248 28c 1a6 1b1 
3 22 4a8 343 416 932 
3 40a 8c 410 3d1 480 
3 e5 3f1 3ef 777 bb7 
3 e5 3f0 3f1 777 bb6 
4 262 263 2a7 2a6 186 1a4 
3 344 30d 324 2d9 830 
3 33f 31e 31d 334 967 
3 62 426 40b 7ed a9f 
3 339 310 338 310 749 
3 194 3bb 3b0 6c9 117c 
3 62 40c 426 7ed af5 
3 d6 3ec 3fc aa5 b81 
4 257 26b 2af 29b 19d 1e6 
3 8c 410 40f 480 8dc 
3 61 405 42b 7ce dee 
3 d6 3ee 3fc 841 aa5 
3 18 428 43e 8f8 92b 
3 18 43f 428 8f8 98f 
3 55 42b 415 722 c2f 
3 311 33a 33b 311 81f 
4 2b2 26e 257 29b 19d 1b0 
3 33c 311 33b 312 ac9 
4 304 316 1f9 19c 2cf 2d2 
4 2b2 26e 258 29c 1b0 1b2 
4 291 24d 276 2ba 1ad 1ae 
3 35 41b 43c 5c7 94e 
3 80 31c 496 727 956 
3 ac 409 40a 454 9a0 
3 16 441 431 45f 83b 
3 80 497 31b 46c 982 
4 2ba 276 24e 292 1ad 20c 
3 a6 471 342 593 b80 
3 35 41b 43d 94e fc9 
3 338 309 345 2f4 6bd 
3 16 431 442 45f f1d 
4 2a5 261 26a 2ae 199 1df 
4 25a 26f 2b3 29e 19e 1a1 
4 2ae 26a 262 2a6 199 1e3 
4 2b4 270 25a 29e 19e 1b7 
4 2b9 275 253 297 1aa 206 
3 314 340 33d 32e 8fc 
4 299 255 274 2b8 1a7 203 
3 433 37 434 5cc 905 
3 69 424 421 7a8 c82 
3 c9 402 404 6f3 a5d 
3 3e6 122 3e5 a16 e7d 
3 18 43f 43e 3c8 8f8 
4 2b7 273 258 29c 1b2 200 
3 496 26 383 936 957 
3 3e5 3e7 122 e7d f11 
3 122 3e6 3e7 6ec e7d 
3 30a 344 345 2f6 a50 
3 3d 433 434 5cc 628 
3 122 3e8 3e6 6ec c96 
3 342 314 341 2e4 bf7 
3 32c 348 31d 32d 5e9 
3 122 3e7 3e8 6ec f3b 
3 2c 382 496 53c 89f 
3 3d 433 435 628 1402 
3 16 441 442 439 45f 
3 3d 434 435 5f9 628 
3 2c 383 496 89f 936 
3 340 31e 33f 333 dab 
4 29d 259 276 2ba 1ae 20d 
3 4a1 1c 383 527 930 
3 24 43e 440 533 9a7 
3 77 424 423 84b b37 
4 2bd 279 256 29a 1d2 1d3 
3 33e 32a 33d 308 516 
3 a6 342 47e 593 b92 
3 37 433 43d 601 905 
3 32b 347 32c 361 938 
3 37 43d 434 4bb 905 
3 a6 47e 343 500 b92 
4 2af 26b 26c 2b0 19a 1e4 
4 262 272 2b6 2a6 1a4 1fb 
4 2b6 272 263 2a7 1a4 20f 
3 91 42c 3ff 3dd b5a 
3 a 410 467 898 8ee 
3 1e2 3ac 3ad 108a 1397 
4 26d 26b 2af 2b1 19a 19c 
4 2a0 25c 277 2bb 1af 212 
3 46 437 436 61b 67a 
4 2b0 26c 26d 2b1 19a 1c9 
3 26 4a1 383 527 957 
3 35 43c 43d 60d 94e 
4 2b2 26e 26b 2af 19c 19d 
3 46 436 438 61b 66a 
4 2bb 277 25e 2a2 1af 211 
4 2bd 279 25b 29f 1d1 1d6 
3 80 31b 4a9 46c 7da 
3 44d 51 402 5fa 742 
3 46 438 437 61b 6d8 
3 41 439 43a 693 990 
3 8c 42c 40a 6e8 bc9 
3 80 4a9 31c 727 7da 
3 11 467 410 3ee 8ee 
3 96 42d 3ff 432 b5f 
3 44e 3ed 66 b06 b07 
3 126 3e5 3f2 d8b 1415 
4 2b2 26e 26d 2b1 19b 19c 
3 4d 437 436 67a 6e1 
3 5d 444 40c 7a7 7c0 
3 96 401 42d 8b7 b5f 
3 126 3e5 3f3 a02 d8b 
3 11 467 414 407 8f0 
3 8c 40f 42c 6e8 13cc 
3 126 3f4 3e5 a02 d8a 
3 49a 19 3a7 537 8c7 
3 7e 427 428 4cf 5f4 
3 f3 401 400 bfa e1f 
3 7 477 401 3fc b2c 
3 6d 44e 3ed afe b06 
3 1c 3a7 49a 3f2 537 
3 6e 3ed 44e b02 b07 
3 e3 406 407 da3 1012 
3 e3 406 408 800 da3 
4 2b3 26f 270 2b4 19e 1a2 
3 54 452 402 63f 868 
3 e3 408 407 706 da3 
3 33d 340 33e 373 8fd 
3 403 54 452 54a 63f 
3 56 402 452 76e 868 
4 2b3 26f 271 2b5 1a2 1a3 
3 33e 340 33f 374 889 
3 402 51 455 6c3 742 
3 2d 41a 45b 995 9c9 
3 56 402 453 72a 76e 
3 6d 44e 3f5 805 afe 
3 126 3f3 3f2 acf d8b 
4 2b5 271 270 2b4 1a2 1e8 
3 2d 41a 45c 569 995 
3 2c 4a9 382 53c 8cc 
3 2d 45c 41b 569 12e0 
4 2b7 273 26e 2b2 1b1 1b2 
3 126 3f3 3f4 a02 f6f 
3 56 402 455 6c3 72a 
3 347 348 32c 31d 5a3 
3 cf 406 417 4da cd9 
3 1c 4a1 3a7 3f2 930 
3 6e 44e 3fb b02 b03 
3 31d 348 351 4f2 5d8 
3 11 429 467 3ee 8f0 
3 342 341 343 313 b83 
3 66 407 44e 6c6 b04 
3 66 44e 408 6c6 84d 
3 2 42d 46e 3e0 c62 
4 2b0 26c 278 2bc 1ce 1d0 
3 49 436 447 634 a29 
3 5d 452 40c 68c 7a7 
3 a6 42a 413 9be 9c0 
3 44c 3b 43b 599 9b5 
3 5d 40d 452 68c 7a1 
3 a5 41a 428 636 973 
3 18 43e 45d 3c8 819 
3 18 45d 43f 3c8 cc1 
3 6d 408 44e 820 84d 
3 6e 44e 407 b03 b04 
3 31d 35b 33f 332 96d 
3 4a0 10 3c2 445 88a 
3 cf 417 415 5d3 102e 
3 40 44c 43b 599 bd5 
3 6d 44f 408 820 1050 
3 138 452 337 acb b08 
3 13 4a0 3c2 445 465 
4 2bc 278 272 2b6 20e 210 
3 9 4a5 3c5 3f3 8cd 
3 445 446 49 716 73b 
3 348 35b 31d 32c 4f2 
3 5 40f 484 3b7 88f 
3 46 436 450 66a a01 
3 445 447 49 73b 9a8 
3 4a7 9 3c5 8c1 8cd 
3 2 477 42d 394 418 
3 f 442 466 41a c5b 
3 4d 436 44d 643 6e1 
3 49 447 446 73b 9f5 
3 4a2 1f1 1e8 7ea b8c 
3 5 485 40f 3b7 13c5 
3 3d 457 433 62b 1402 
3 46 450 438 66a ca7 
3 4d 437 44d 6e1 c11 
3 49 450 436 634 a01 
4 1fb 309 310 1fc 2d3 2d4 
3 13 499 3db 46b b67 
3 435 457 3d 11fc 1402 
3 a 484 40f 3cf 88f 
3 7e 43e 427 540 5f4 
3 e3 41c 406 800 912 
3 a 410 484 3cf 898 
3 9 3c5 4aa 3f3 8bd 
3 7 42d 477 3fc 418 
3 7e 43e 428 5f4 92b 
4 309 30a 20b 1fb 2f3 2f5 
3 9 4aa 3c6 380 8bd 
3 10 3c5 4a7 478 8c1 
3 10 4a0 3d3 499 88a 
3 40 44b 44c 5e5 ed3 
3 e3 408 41c 800 116c 
3 35b 31d 351 4f2 972 
3 19 3da 499 466 49a 
3 7e 427 440 540 581 
3 19 3db 499 49a b67 
3 41 456 439 693 6ca 
3 19 49a 3da 466 8c7 
3 41 43a 456 693 12af 
4 30f 30c 1fe 200 2d5 2d6 
3 69 421 44f 825 12d1 
4 1f5 302 31e 1f6 2cc 2ce 
4 210 308 307 202 2eb 2ef 
3 450 44 445 6a8 a00 
3 458 41 439 610 6ca 
3 cf 42b 406 4da 101a 
3 32b 347 35d 5a2 5ae 
3 1e 413 47e 4d4 908 
3 46 458 437 6d8 c1a 
3 404 cb 42f bfd e4b 
4 20d 30b 30c 1fe 2f8 2fc 
3 1e 47f 412 40e 4c4 
3 13 4a0 3db 465 46b 
3 45e 2a 448 529 5a9 
3 49 450 445 6a8 9a8 
3 46 438 458 6d8 c9d 
3 1e 413 47f 40e 4d4 
3 6b 46b 3ee 81e aae 
3 178 3e8 3e7 c9f f3b 
3 463 37 433 549 601 
3 49 447 450 634 9a8 
4 2bf 27b 27a 2be 4f dc 
4 312 307 202 204 2d7 2d8 
3 2 42d 481 394 3e0 
3 10 4a7 3d3 478 499 
3 3d 433 461 62b 10b1 
3 74 3de 470 866 b3a 
3 178 3e7 3ea c9f 10a2 
4 2be 27a 27c 2c0 1f dc 
4 20d 30b 310 1fc 2dd 2de 
3 178 3ea 3e8 c9f dfe 
3 12a 404 403 6be d3a 
3 77 470 3de b39 b3a 
4 27c 27b 2bf 2c0 a8 dc 
4 210 308 30f 200 2df 2e0 
3 32 45e 448 529 98c 
3 403 d7 42e 766 837 
4 30d 30a 20b 208 2db 2dc 
3 445 44 457 93b a00 
3 45f 32 448 415 98c 
4 2bf 27b 27d 2c1 a8 dd 
3 f 442 474 3e7 41a 
3 178 3ed 3e7 e59 10a2 
3 cf 415 42b 5d3 c2f 
3 37 43d 463 601 fcb 
3 3fc 468 6e 772 a74 
4 2c1 27d 27c 2c0 a8 cd 
3 339 36e 326 353 677 
3 c9 437 404 76c dd4 
4 2bf 27b 27e 2c2 dd e0 
3 cf 417 42b 4da 5d3 
3 7e 440 43e 540 9a7 
3 46b 61 405 7d5 a90 
3 3ea 3ed 178 a88 10a2 
3 4bb e 3b9 7d1 8e3 
3 cb 404 437 d2c fd2 
4 2c2 27e 27c 2c0 cd d6 
4 2c1 27d 27e 2c2 cd dd 
4 30d 311 209 208 2da 304 
3 329 376 32b 35d 95b 
3 2d 45b 45c 995 11f3 
4 2c0 27c 27f 2c3 b2 d6 
3 4e 46f 415 664 694 
4 2c4 280 27b 2bf 6e e0 
3 4e 416 46f 664 c22 
3 44 450 457 9ff a00 
3 d9 424 421 c82 d7e 
4 281 27a 2be 2c5 1f 4f 
3 471 24 43e 487 533 
3 74 479 3de 866 86a 
4 2c5 281 27b 2bf 4f 6e 
4 2c2 27e 27f 2c3 d6 133 
3 332 375 329 35b 702 
3 407 6e 468 511 a74 
3 5d 452 444 7a7 a93 
3 24 471 440 52e 533 
3 44 459 450 9ff a07 
3 d9 426 421 d7e 137e 
4 2c0 27c 281 2c5 1f b2 
3 41 456 458 6ca 9fc 
4 280 27e 2c2 2c4 e0 11d 
4 321 316 1f9 1f7 2d1 338 
3 51 455 44d 742 743 
3 a3 42a 43e 4fd 921 
3 d9 426 424 771 d7e 
3 338 36d 339 36e a61 
3 a5 428 43f 45b 98f 
3 88 3ee 46b 7f1 aae 
4 27f 281 2c5 2c3 b2 122 
4 1f6 31e 321 1f7 2cb 349 
3 44 457 459 9ff edc 
3 f0 41d 420 cea e55 
3 32 45f 45e 403 98c 
3 56 452 453 76e 796 
4 281 280 2c4 2c5 6e db 
3 436 49 469 6df a29 
4 316 314 219 1f9 318 328 
3 406 141 405 c60 1011 
3 56 455 453 641 72a 
3 141 407 405 a4a 1011 
3 4d 469 436 643 6df 
3 141 407 406 1011 1012 
4 316 318 217 1f9 328 335 
3 3d 461 457 62b 872 
3 6d 3f5 47a 805 85f 
3 e 4bb 3d4 8d6 8e3 
3 21 47b 441 8e4 945 
4 2c6 282 283 2c7 ba f4 
3 6d 44f 44e 7e7 820 
3 1 475 46e 88b 895 
3 21 441 47c 8e4 937 
3 3b 43b 472 9b5 eac 
3 20 4b7 3cd 39e 55e 
3 88 46b 3fd 7f1 7f3 
3 1 476 46e 882 88b 
4 2c6 282 284 2c8 67 ba 
4 22b 30e 30d 208 303 304 
3 88 3fe 46b 70d 7f3 
3 15d 400 3ff 988 f48 
3 f 466 474 41a d51 
3 479 74 3f7 72f 86a 
4 284 283 2c7 2c8 a1 ba 
3 376 347 32b 360 5ae 
3 3d0 20 4b7 382 39e 
3 46e 1 478 631 882 
4 212 315 321 1f7 32a 337 
4 2c7 283 285 2c9 a1 f2 
3 49 446 469 68a 9f5 
4 209 311 319 216 2e2 305 
3 d7 444 403 837 bbd 
3 1 476 475 88b 897 
3 49 447 469 9f5 a29 
4 2c9 285 284 2c8 a1 103 
4 21c 306 314 219 2e6 2e9 
4 205 32b 307 202 2d8 2ec 
4 207 324 30d 208 2d9 303 
4 22b 30e 311 209 304 305 
3 3 476 475 897 89c 
3 7b 474 401 b1f db6 
3 c9 44d 402 5fa a5d 
4 202 307 32d 203 2d7 2ee 
4 312 313 22a 204 2ff 315 
3 b9 439 43a 990 c77 
3 16 488 441 439 48c 
3 478 1 476 689 882 
3 c9 404 44d 76c a5d 
3 439 b9 43b 420 c77 
3 16 442 488 439 8ea 
3 4d3 34 38f 3b5 99e 
3 b9 43a 43b 9fb c77 
3 46d 91 3ff 5f7 b5a 
3 69 421 470 7a8 825 
3 7b 401 477 b1f b2c 
4 201 330 30c 1fe 2d6 2f7 
3 3b 44c 472 9a5 9b5 
4 321 320 213 1f7 32a 34a 
3 448 2a 47d 41e 5a9 
3 14 4a3 412 4a0 8c8 
3 4d 44d 469 643 a2f 
4 2ca 286 287 2cb e4 fa 
3 f 48e 442 3e7 446 
3 11 414 4a4 407 45d 
3 69 470 424 7a8 ad0 
4 1fa 338 309 1fb 2d3 2f4 
3 14 414 4a3 475 8c8 
3 4d 44d 46a a2f a66 
4 1fb 309 337 1fd 2d4 2f1 
4 1fe 30c 333 1ff 2d5 2fa 
3 480 1 46e 3aa 895 
3 96 3ff 46d 432 5f7 
3 ac 409 45d 9a0 fe4 
4 2ca 286 288 2cc 25 e4 
4 30f 330 201 200 2d6 30c 
3 2 46e 480 395 3aa 
3 14 414 4a4 45d 475 
3 47 46f 44b 663 ef1 
3 ac 45d 40a 9a0 f46 
4 312 32b 205 204 2d8 309 
4 288 287 2cb 2cc 3c e4 
4 316 317 235 1f9 335 338 
3 2 481 46e 395 3e0 
3 89 479 3f7 72f a19 
3 51 46a 44d 743 a66 
3 89 47a 3f5 787 85f 
4 2cd 289 286 2ca 25 f9 
4 203 32d 312 204 2d7 30a 
4 1ff 333 30f 200 2d5 30d 
4 314 318 217 219 2e3 328 
4 309 327 222 1fb 2f1 2f3 
3 32b 376 35d 5ae 651 
3 89 3f7 47a 787 a19 
3 21 489 441 8f3 937 
3 4b 3cb 4af a22 a5f 
4 21d 31b 306 21c 2e7 2e8 
3 a5 45b 41a 636 9c9 
4 310 338 1fa 1fc 2d3 310 
3 1e 412 4a3 4a0 4c4 
3 3e 3d2 4b3 675 9f1 
3 1 475 480 895 896 
4 288 289 2cd 2cc 25 32 
4 1fd 337 310 1fc 2d4 30f 
4 228 31d 31e 1f6 334 348 
3 4e 48a 415 694 6a6 
4 30c 325 225 1fe 2fa 2fc 
4 227 31f 31e 1f6 348 349 
3 322 39a 323 34c 759 
3 36 472 45f 5cb 95c 
3 a 467 484 898 8a2 
4 212 315 320 213 2e1 32a 
4 307 328 221 202 2ee 2ef 
4 224 326 30c 1fe 2f7 2f8 
3 3cd 15 4cc 53e 910 
3 3d8 3c 4b3 588 683 
3 51 455 46a 743 9a4 
3 77 470 423 b37 b39 
4 307 329 220 202 2eb 2ec 
3 2 481 477 394 3bb 
3 15 3ce 4cc 486 910 
3 473 36 45f 7c2 95c 
3 77 470 424 ad0 b37 
3 404 456 cb bfd d2c 
3 35e 381 31c 568 915 
3 3e 3d8 4b3 588 675 
3 53 4af 3cb 726 a5f 
4 319 31a 21b 216 2e5 340 
3 fc 420 431 3b9 e5d 
3 2a 47b 45e 528 538 
3 55 48a 415 6a6 a45 
3 d7 403 452 929 bbd 
4 227 31f 321 1f7 349 34a 
3 156 40a 410 3d1 ddd 
3 2a 47c 45e 538 950 
3 55 415 48b 722 a45 
3 61 48d 405 7ce a90 
4 2ce 28a 28b 2cf e5 ef 
4 319 30e 22b 216 302 305 
3 1e3 435 334 95d 13c1 
3 36d 36e 339 36d a6c 
3 2a 45e 47d 528 5a9 
3 323 39e 324 34d a92 
3 a5 45b 428 45b 636 
4 28c 28a 2ce 2d0 e5 e6 
4 310 336 20c 1fc 2dd 30f 
4 211 332 30f 200 2e0 30b 
3 2 480 481 395 3bc 
3 3d4 e 4d1 4ab 8d6 
4 222 327 30a 20b 2f2 2f3 
4 235 317 321 1f7 337 338 
3 15 4d1 3ce 486 48b 
3 20 3cd 4cc 53e 55e 
3 5 476 485 8b3 13c4 
3 34 3bf 4c9 98a c45 
4 28c 28b 2cf 2d0 5 e5 
4 30f 334 20f 200 2df 30e 
3 145 415 416 b9d 102d 
4 2d1 28d 28a 2ce e6 f1 
4 316 340 1f8 1f9 2d0 318 
4 225 325 30b 20d 2fb 2fc 
3 345 385 338 354 775 
3 53 4af 3d6 5de 726 
3 44a b9 43a 917 9fb 
3 a3 42a 45d 921 a9b 
4 224 326 30b 20d 2f8 2f9 
4 207 324 30e 22b 303 307 
3 43b b9 44a 90f 9fb 
3 144 416 417 c14 c8e 
3 145 415 417 102d 102e 
4 210 308 328 221 2ef 2f0 
3 3c4 9 4de 5df 8bf 
3 b 3c8 4db 60b 8d2 
3 145 416 417 c8e 102d 
4 220 329 308 210 2eb 2ed 
4 235 317 315 212 336 337 
3 375 376 329 35c 626 
3 4d 46a 469 a2f a30 
3 12f 405 42b dee 1097 
4 2d1 28d 28c 2d0 ae e6 
4 283 293 2d7 2c7 f3 f5 
3 9 3c6 4de 380 8bf 
3 15 4d1 3d4 48b 4ab 
3 42f 12a 403 6e3 d3a 
4 340 31e 1f6 1f8 2cd 333 
4 20e 339 310 1fc 2de 310 
3 b 3c7 4dd 411 68d 
3 482 2a 45e 43a 551 
3 12a 404 42f d3a e4b 
4 210 308 332 211 2e0 2ed 
3 b 4dd 3c8 411 8d2 
3 d7 42e 444 837 98d 
3 326 39c 330 351 9da 
3 472 36 473 627 95c 
4 20f 334 308 210 2df 2f0 
3 137 40c 426 af5 fc7 
4 284 294 2d8 2c8 e9 103 
4 20c 336 30b 20d 2dd 2fb 
4 22a 313 320 213 301 314 
3 3 475 48c 3ae 89c 
3 3 48c 476 3af 89c 
4 2da 296 282 2c6 67 158 
4 2c9 285 294 2d8 103 156 
4 284 295 2d9 2c8 cb e9 
4 20a 33a 30d 208 2da 2dc 
4 20a 33a 30a 20b 2dc 2f2 
4 235 317 318 217 335 33a 
3 344 385 345 37a b2b 
3 5 484 485 3b7 3c4 
3 144 417 41c 543 c98 
3 182 406 405 c60 dd5 
4 32a 306 21c 21e 2e8 2ea 
3 32 45e 482 403 43a 
3 47c 21 47b 521 8e4 
3 d6 3ee 468 7a5 841 
4 2d2 28e 28f 2d3 e7 110 
3 32 482 45f 403 5d2 
3 34 3cf 4c9 5d9 98a 
4 284 296 2da 2c8 67 cb 
4 21d 31b 31c 226 2fd 343 
3 324 397 344 326 b0d 
3 55 48b 42b 722 a12 
4 286 295 2d9 2ca 91 ab 
4 32e 315 212 214 2e1 32b 
4 229 32c 312 204 2ff 309 
3 91 46d 42c 3d3 b5a 
3 40 486 44b 5e5 9e9 
4 2d2 28e 290 2d4 a2 e7 
4 2de 29a 27f 2c3 114 121 
4 209 311 33a 20a 2da 311 
4 20d 30b 339 20e 2de 2f9 
3 40 44c 486 5e5 99c 
3 69 470 44f 785 825 
4 320 31f 227 213 301 34a 
3 139 41c 422 5ed 1154 
4 290 28f 2d3 2d4 6d e7 
3 a5 43f 45b 45b f0b 
3 1e 47e 47f 4d4 4d5 
3 c9 44d 437 76c c11 
3 d6 46b 3ee 7a5 81e 
4 27f 29b 2df 2c3 114 134 
3 330 39d 331 365 6cb 
3 413 471 a6 589 9c0 
3 36 483 45f 5ca 5cb 
3 a3 43e 45d 819 921 
3 5b 42b 48b 70a a12 
3 96 46d 42d 432 495 
3 2a 47c 47b 521 538 
3 4c6 3cc 45 5e8 690 
3 32a 3ac 31c 347 564 
3 47 486 44b 9e9 a2a 
4 290 291 2d5 2d4 e8 100 
4 22c 322 319 216 302 31b 
4 324 323 22d 207 307 34d 
3 f 474 48e 3e7 b18 
3 2a 47d 47b 528 ce2 
3 3 494 475 3ae 89d 
3 47 44b 487 663 a2a 
3 5b 48d 42b 70a 7b6 
4 2d7 293 28e 2d2 a2 f6 
4 288 297 2db 2cc ea 102 
4 230 331 30f 200 30b 30c 
4 290 292 2d6 2d4 97 e8 
4 22a 313 31f 227 300 301 
3 3 475 495 5af 89d 
3 d6 468 3fc 772 841 
3 1f2 3e4 3e6 8ae f2d 
3 4b 4c6 3cb a22 a24 
3 1e3 335 445 13be 13c3 
4 30d 344 206 208 2d9 2db 
4 20b 30a 344 206 2db 2f6 
4 213 320 32e 214 2e1 314 
4 22f 32f 312 204 30a 315 
3 1f2 3e5 3e6 94d a16 
3 4b 4c6 3cc a24 c0f 
4 2d5 291 292 2d6 e8 104 
4 2dc 298 288 2cc ea eb 
4 205 32b 329 220 2ec 35d 
4 2d7 293 290 2d4 97 a2 
4 219 314 340 1f8 318 32e 
3 f6 439 43b 420 c26 
3 48f 3b 44c 97c 9a5 
3 422 137 426 e9c fc8 
4 221 328 32d 203 2ee 35a 
3 61 48d 42b 7b6 7ce 
3 cb 456 42f bfd 12b2 
4 288 299 2dd 2cc 29 eb 
4 215 33c 311 209 2e2 312 
3 104 443 41d cdf 1388 
4 28a 298 2dc 2ce 10 9a 
3 2a 45e 490 551 950 
4 2d7 293 292 2d6 33 97 
4 22b 30e 322 22c 302 306 
3 34 4d3 3cf 5d9 99e 
4 21d 31b 32a 21e 2e8 2fd 
4 227 31f 31d 228 2fe 348 
4 231 335 30f 200 30d 30e 
3 88 492 3fe 70d 9ea 
3 69 44f 479 785 7f8 
3 40 48f 44c 97c 99c 
4 281 29f 2e3 2c5 112 11f 
4 201 330 326 224 2f7 351 
3 d6 468 405 a49 dbf 
4 22b 30e 323 22d 306 307 
3 59 3d5 4bf 6f9 7b2 
4 1fd 337 336 20c 30f 36c 
4 22a 313 32e 214 314 316 
3 91 42c 478 3d3 13ca 
3 59 4bf 3d6 6f9 a55 
3 36 483 472 5cb 9e6 
3 437 cb 456 625 d2c 
4 2e5 2a1 280 2c4 db 118 
4 225 325 333 1ff 2fa 34e 
3 385 36d 338 321 707 
3 467 a 49f 3e6 8a2 
3 a3 471 42a 4fd 977 
3 6d 44e 47a 7e7 805 
3 fc 441 431 83b cab 
3 21 489 47c 937 93a 
3 6d 47a 44f 7e7 84c 
4 281 2a1 2e5 2c5 db 112 
4 223 345 309 1fb 2f4 2f5 
4 229 32c 32b 205 309 361 
3 139 42e 41c 5ed 992 
3 d6 46b 405 7d5 a49 
3 60 4be 3d5 7ec a80 
3 104 41d 448 cdf dd1 
4 20e 339 338 1fa 310 36e 
3 38f 7d 4d3 654 8e0 
3 a6 471 42a 977 9c0 
4 2d9 295 294 2d8 1b e9 
3 60 3d5 4bf 7b2 a80 
3 60 3d7 4be 7ec 80c 
3 3b 472 483 927 9e6 
4 222 327 337 1fd 2f1 355 
4 226 31c 32a 21e 2fd 347 
3 47e 413 a6 589 908 
3 4e4 3c 3b1 8a8 9e0 
3 11 467 49f 3e6 436 
3 3 48c 494 3ae 88e 
3 139 422 42e 5ed cee 
4 296 295 2d9 2da 3f cb 
4 206 344 324 207 2d9 326 
3 156 42a 410 3a0 e22 
3 1f2 3f2 3e4 518 f2d 
4 21c 306 33d 21f 2e9 2ea 
3 7d 3d0 4b7 382 8c6 
3 4a2 1 476 3a3 886 
3 1f2 3f2 3e5 94d 1415 
4 319 33c 215 216 2e2 2e5 
3 1f2 3e6 3f2 94d f2d 
3 3d2 3e 4d6 9cc 9f1 
4 203 32d 32f 22f 30a 362 
3 3 4a2 476 3a3 3af 
3 45 3cc 4d6 68f 690 
4 21a 341 306 21c 2e6 2e7 
4 220 329 332 211 2ed 35b 
4 22a 313 32c 229 2ff 300 
3 1e 491 47e 49b 4d5 
3 8f 4bb 3b9 7d1 9dd 
3 1e 491 47f 4d5 50c 
3 5 476 4a2 886 8b3 
3 d7 452 444 a93 bbd 
3 f3 466 400 e1f 107c 
4 334 328 221 20f 2f0 358 
3 33e 3ac 32a 35f 13b4 
3 11 4a4 467 407 436 
3 f3 466 401 5bc e1f 
4 2eb 2a7 280 2c4 118 15d 
4 22d 323 322 22c 306 34c 
3 3 495 494 396 89d 
3 5 484 49c 3c4 3cc 
4 2dc 298 297 2db 40 ea 
4 21b 31a 33c 215 2e5 33e 
4 223 345 30a 20b 2f5 2f6 
4 336 325 225 20c 2fb 350 
4 209 311 33b 232 311 312 
3 5 49c 485 3c4 8b4 
4 230 331 330 201 30c 365 
3 a3 471 43e 487 4fd 
3 45 4d6 3d2 68f 9cc 
3 47 487 46f 663 946 
3 1a2 411 400 11a8 12f6 
4 291 29d 2e1 2d5 9 de 
4 21f 33d 314 219 2e9 32e 
4 228 31d 32c 229 2fe 32d 
4 234 33f 31e 1f6 333 334 
3 a 484 49c 3cc 8a6 
3 2a 490 47c 46a 950 
4 2dc 298 299 2dd eb f0 
4 33a 327 222 20a 2f2 357 
4 32c 31f 227 229 2fe 300 
3 92 4d3 38f 3b5 654 
3 187 41c 408 1155 116c 
4 2d5 291 29e 2e2 de 101 
4 218 342 314 219 2e3 2e4 
4 21a 341 314 219 2e4 2e6 
3 4b9 16 441 414 48c 
4 224 326 339 20e 2f9 353 
4 22f 32f 313 22a 315 316 
3 89 44f 479 7f8 a69 
4 217 318 342 218 2e3 33d 
3 69 479 470 785 859 
3 137 444 40c 7c0 fc7 
3 3b 48f 472 927 9a5 
3 36e 39c 326 352 9e8 
3 2a 482 490 4ff 551 
3 89 47a 44f 84c a69 
3 a 49f 484 8a2 8a6 
3 8f 4bb 3c7 9dd 9f0 
4 1ff 333 335 231 30d 368 
3 35e 3aa 31c 535 568 
3 5 485 4a2 8b3 8b4 
4 22f 32f 32e 214 316 364 
3 331 3b6 332 367 92c 
4 283 2aa 2ee 2c7 f2 f3 
4 2de 29a 29b 2df c0 114 
4 2c6 282 2ab 2ef f4 13e 
3 4e 46f 48a 694 6d3 
3 b8 461 457 872 cc2 
3 3ac 31c 35e 45e 535 
4 2ef 2ab 283 2c7 f4 f5 
3 3 48c 4a2 3a4 3af 
3 53 3d6 4d5 5de 761 
3 187 408 422 1155 130c 
4 29c 29a 2de 2e0 c0 115 
4 2ee 2aa 285 2c9 f2 13f 
4 341 31b 21d 21a 2e7 330 
4 21f 33d 340 1f8 32e 373 
3 21 4b9 441 414 8f3 
4 2f3 2af 27e 2c2 132 133 
4 29c 29b 2df 2e0 14 c0 
4 211 332 331 230 30b 367 
3 94 448 47d 41e 954 
3 74 479 470 859 866 
4 2f3 2af 27f 2c3 133 134 
3 33f 3ad 33e 372 491 
3 104 448 443 cdf dd0 
4 28a 2a8 2ec 2ce 9a f1 
4 2f4 2b0 27e 2c2 11e 132 
3 59 3d6 4d5 761 a55 
3 104 449 443 dd0 1003 
3 40e 1be 400 4b1 12e1 
3 f7 437 456 625 ca6 
4 2ed 2a9 28a 2ce 10 ef 
3 47 487 486 6ba a2a 
4 286 2ac 2f0 2ca ab f9 
3 f3 401 474 5bc db6 
3 3c 4e4 3d8 683 9e0 
3 3b 483 48f 927 9d7 
4 2ed 2a9 28b 2cf ef 144 
3 7b 474 477 878 b1f 
3 182 42b 405 dd5 1097 
4 2d1 28d 2a8 2ec f1 147 
4 231 335 334 20f 30e 36a 
3 f7 458 437 c1a ca6 
3 104 448 449 dd0 f90 
3 182 406 42b dd5 101a 
4 2f1 2ad 286 2ca 91 fa 
4 1fa 338 345 223 2f4 354 
3 49a 12 499 450 46f 
3 138 403 452 54a 929 
3 f6 458 439 610 e31 
4 29e 29d 2e1 2e2 de ec 
3 1be 400 411 12e1 12f6 
4 2f1 2ad 287 2cb fa 138 
4 32a 33d 21f 21e 2ea 308 
3 12 499 49b 46f 9ba 
3 444 137 422 aaf fc8 
4 2cd 289 2ac 2f0 f9 13b 
3 12 49a 49b 3da 46f 
3 1e 47f 4a3 4c4 4c5 
4 22e 33e 340 1f8 373 374 
3 49f a 49c 42a 8a6 
3 40 48f 486 99c 9f3 
3 49c 5 4a2 6a9 8b4 
3 4 4a2 49d 883 1419 
3 137 444 426 fc7 fc8 
3 19 49a 499 450 466 
3 61 46b 48d 77f a90 
3 3 4ac 48c 3a4 88e 
3 4cb f 442 421 446 
3 187 41c 422 1154 1155 
3 119 43b 44a 90f ed5 
4 2ef 2ab 28e 2d2 f6 164 
3 497 22 498 4f8 563 
4 2e3 29f 2a0 2e4 df 127 
3 c 49e 4a0 3fe 5c3 
4 1f8 340 33f 234 333 374 
4 232 33b 33a 20a 311 370 
3 13 4a0 499 46b 9f9 
3 119 44c 43b bd5 ed5 
4 2a1 29f 2e3 2e5 df 112 
3 1e 47f 4a8 4c5 50c 
3 aa 3b1 4c9 4d1 530 
4 292 2aa 2ee 2d6 33 141 
4 2fa 2b6 280 2c4 15d 15e 
3 91 478 46d 3d3 637 
3 16 4cb 442 421 8ea 
3 411 1be 40e cd1 12e1 
3 17c 437 404 dd4 fd2 
4 2e4 2a0 2a1 2e5 df e1 
4 2e7 2a3 29d 2e1 ec 128 
3 3 494 4ac 37e 88e 
3 49d 8 4a5 423 8d3 
3 117 438 450 6f2 ca7 
3 39a 398 323 842 856 
3 1e3 46c 334 13c1 13c2 
4 2ee 2aa 293 2d7 33 f3 
3 61 492 46b 77f a1f 
3 1e3 46c 335 13c2 13c3 
4 29e 2a3 2e7 2e2 ec 12a 
3 223 4ea 1fa 2a2 354 
3 31c 381 3aa 568 91a 
4 2a2 2a0 2e4 2e6 c5 e1 
4 32a 33e 22e 21e 308 35f 
3 3aa 382 31c 344 422 
3 1f3 3ff 400 a70 f48 
4 2ef 2ab 293 2d7 f5 f6 
3 2 4bd 477 3bb 3ce 
3 7d 3d0 4d3 8c6 8e0 
4 2ec 2a8 298 2dc 9a f0 
4 2e6 2a2 2a1 2e5 e1 ed 
3 35b 3ad 33f 331 525 
3 ed 42d 46d 3d2 495 
4 297 2a9 2ed 2db 40 142 
3 55 48b 48a a25 a45 
4 2ec 2a8 299 2dd f0 145 
3 ed 46e 42d 3d2 c62 
3 c 4a6 49e 3fe 95f 
3 89 479 47a a19 a69 
4 2dc 298 2a9 2ed 10 40 
4 28c 2b1 2f5 2d0 ae fd 
4 218 342 341 21a 2e4 313 
4 223 345 344 206 2f6 37a 
3 39e 397 324 325 782 
4 228 31d 33f 234 332 334 
3 344 397 385 379 965 
3 4 49d 4ab 38e 417 
3 451 139 41c 797 992 
3 398 39e 323 842 a42 
3 19e 41e 41d d21 10b6 
3 f6 439 464 d4d e31 
3 7 4bd 477 3ce 7c1 
3 49a 1c 4a1 3ef 3f2 
3 c 4a0 4a6 3fe 476 
3 11 4a4 49f 436 55b 
4 2f5 2b1 28d 2d1 ae 14b 
3 39a 39e 323 34b 842 
3 4 4ac 49d 38e 883 
3 19e 41d 41f d21 11b3 
3 44b 119 44a e94 ed4 
3 1a0 41d 41e f30 10b6 
4 2a1 2a4 2e8 2e5 1 ed 
4 2d9 295 2ac 2f0 3f ab 
4 2f6 2b2 28c 2d0 7d fd 
4 215 33c 33b 232 312 371 
3 19e 41f 41e d21 12ef 
4 294 2ad 2f1 2d8 1b 13a 
3 8 49d 4ab 417 8d3 
3 aa 4c9 3bf 4d1 c45 
3 60 4e2 3d7 733 80c 
3 119 44a 44c ed4 ed5 
4 2f0 2ac 296 2da 3f 13d 
4 2e8 2a4 2a2 2e6 e3 ed 
4 300 2bc 27e 2c2 11d 11e 
3 4a5 9 4a7 3cb 8cd 
3 10 4a0 4a6 476 477 
3 144 451 416 c14 114e 
3 119 44b 44c ed3 ed4 
4 2f1 2ad 295 2d9 1b 91 
3 206 4ea 223 2c8 37a 
3 4a2 3 4ac 37f 3a4 
3 2 4bd 481 3b8 3bb 
3 144 451 417 543 c14 
3 f7 456 458 9fc ca6 
3 1a0 41d 420 e55 f30 
3 4 4a2 4ac 37f 883 
3 10 4a0 4a7 477 499 
3 1a0 420 41e 69f f30 
3 26 4a1 496 957 964 
4 2a2 2a5 2e9 2e6 e3 11a 
3 14 4a3 4a4 475 b3b 
3 22 497 4a3 4cb 563 
3 1e 491 4a8 50c 575 
4 2c4 280 2bc 300 11d 15e 
3 22 498 4a3 563 b55 
3 5b 48b 48d 70a 738 
4 301 2bd 27f 2c3 121 122 
3 8 4a5 4aa 386 8ce 
3 10 4a5 4a6 3be db5 
3 117 459 438 6f2 1120 
3 6b 4ce 3fa a8f afb 
3 9 4aa 4a5 3f3 8ce 
3 144 41c 451 543 797 
3 6b 3f9 4cf a8e bb2 
4 2eb 2a7 2a1 2e5 1 118 
4 2f7 2b3 28f 2d3 47 6d 
4 2e9 2a5 2a4 2e8 e3 ee 
3 8 4ab 4a5 386 8d3 
3 10 4a7 4a5 3be 3cb 
3 6b 4cf 3fa a8e a8f 
4 2fc 2b8 288 2cc 29 32 
3 10 4a6 4a7 3be 477 
3 1f3 409 3ff a70 a79 
4 2cb 287 2b9 2fd 3c 152 
4 2f7 2b3 290 2d4 6d 100 
4 281 2bd 301 2c5 11f 122 
3 6a 3d7 4e2 733 848 
3 6f 3fa 4ce 81a afb 
3 1f3 400 409 a70 a83 
4 2fc 2b8 289 2cd 32 14f 
4 2e8 2a4 2a6 2ea a0 ee 
4 22e 33e 33d 21f 308 373 
3 39c 39d 330 324 6a1 
3 12 4ad 49a 3da 980 
3 420 f0 47b 4b0 ce7 
3 6a 3dc 4e0 829 ad3 
3 188 422 42e cee 1193 
4 2cf 28b 2b7 2fb 5 14c 
4 2fd 2b9 288 2cc 3c 102 
4 2f7 2b3 291 2d5 100 101 
3 4 4ab 4ac 38e 38f 
3 12 49b 4ad 3da 75b 
3 f0 47d 41d cea ddf 
3 409 43f 180 e7a 141e 
4 2e9 2a5 2a6 2ea ee fb 
3 8 4ab 4aa 37c 386 
4 2e8 2a4 2a7 2eb 1 a0 
4 2fb 2b7 28c 2d0 5 7d 
4 28f 2b5 2f9 2d3 47 137 
3 22 497 4a8 49d 4cb 
3 139 42e 451 992 a86 
3 6a 4e2 3dc 829 848 
3 f0 47d 420 ce7 cea 
3 7b 474 48e b18 b21 
4 2eb 2a7 2a6 2ea 83 a0 
3 18d 430 420 512 1162 
3 93 3c4 4db 5f6 92a 
3 1af 42e 403 78a e45 
4 29b 2af 2f3 2df 7c 134 
3 207 501 206 274 326 
3 1f3 40e 400 4b1 a83 
3 18d 420 431 e5d f51 
3 16 488 4b9 48c 8da 
3 8f 3c7 4dd 68d 9f0 
3 1af 42f 403 6e3 78a 
3 15b 442 431 940 f1d 
3 411 40e 1e0 cd1 135b 
3 1e 4a8 4a3 4c5 4c6 
3 93 4db 3c8 60b 92a 
3 140 41f 459 e83 f53 
3 fc 47b 420 3b9 4b0 
3 61 492 48d 73a 77f 
4 218 342 343 233 313 376 
3 3b6 375 332 31f 7d2 
3 47e a6 471 589 593 
3 93 3c4 4de 5df 5f6 
4 233 343 341 21a 313 375 
3 2c 4a9 496 4fc 53c 
3 d6 468 46b 7a5 a49 
3 22 4a8 4a3 4c6 4cb 
3 7b 493 474 878 b21 
3 f6 439 473 c26 d4d 
3 458 f6 464 586 e31 
3 141 405 468 a4a dbf 
3 88 46b 492 70d a1f 
3 43b f6 473 c26 d31 
4 2df 29b 2b2 2f6 14 7c 
3 141 407 468 511 a4a 
3 4b1 47 46f 6d4 946 
3 7b 477 493 878 b1d 
3 1f3 40e 409 a83 141d 
3 117 450 459 6f2 a07 
4 2f6 2b2 29c 2e0 14 58 
3 3f0 6a 4e0 713 847 
3 156 40a 45d ddd f46 
3 104 41d 47d dd1 ddf 
4 2fe 2ba 291 2d5 9 104 
3 21 489 4b9 4ed 8f3 
4 2fe 2ba 292 2d6 104 15a 
3 3ac 3aa 31c 346 535 
4 234 33f 33e 22e 372 374 
3 41e 1a0 430 503 69f 
3 31a 3f6 319 340 ae7 
3 4e 46f 4b1 6d3 6d4 
3 6f 3f0 4e0 713 b0b 
3 88 4cf 3f9 7d9 bb2 
4 2e9 2a5 2ae 2f2 fb 12d 
3 156 410 45d 3a0 ddd 
3 430 1a0 420 512 69f 
3 1d6 408 421 12be 130f 
4 29e 2b3 2f7 2e2 ff 101 
3 140 41f 461 71b e83 
4 2f2 2ae 2a6 2ea fb 131 
3 6a 4e0 3f8 847 ad3 
3 1d6 422 408 12be 130c 
3 fc 431 47b 3b9 cab 
3 aa 3b1 4e4 530 8a8 
3 36 4b5 483 545 5b6 
3 140 462 41f 71b 120d 
4 2e2 29e 2b4 2f8 7f ff 
3 88 3fe 4cf 7d9 9ea 
4 2fd 2b9 297 2db 102 154 
4 2dd 299 2b8 2fc 29 151 
3 475 1 4d8 38a 896 
3 43f 19a 40e cd8 1186 
3 319 3f6 322 31b b20 
3 3 475 4d8 38a 5af 
3 3b 4b5 483 5b6 9d7 
4 2fb 2b7 29c 2e0 58 14e 
3 6f 4e0 3fa 81a b0b 
3 228 4e8 234 280 332 
3 1bc 411 430 1256 12ec 
3 7b 493 48e b21 b3e 
3 15a 443 449 fae 1003 
3 47 4b1 487 6d1 946 
3 4d8 1 480 37b 896 
3 22d 4ff 207 29b 34d 
3 2 4d8 480 37b 3ca 
3 188 444 422 aaf 1193 
3 f 4cb 48e 3c9 446 
3 1d4 403 42e 766 e45 
3 fc 47b 441 945 cab 
4 2e1 29d 2ba 2fe 9 15b 
3 16 488 4cb 8da 8ea 
3 3b 48f 4b5 97d 9d7 
3 1d9 41d 41f 11b3 128f 
3 ed 46d 46e 3d2 67b 
4 301 2bd 29a 2de 120 121 
3 229 4f3 228 27b 32d 
3 14f 458 438 656 c9d 
3 17f 416 451 f85 114e 
3 205 505 229 2af 361 
3 41f 41e 1dd 12ef 1317 
4 2a6 2b6 2fa 2ea 83 149 
4 2f3 2af 2b0 2f4 fc 132 
3 39d 3b6 331 366 687 
3 156 45d 42a 3a0 a9b 
3 2 480 4dc 3bc 3ca 
3 1bc 41e 430 503 1182 
3 4e 4b1 48a 6d3 9bb 
3 2 481 4dc 3b8 3bc 
3 14f 438 45a 656 106e 
3 1af 42f 42e 78a ced 
3 1d6 421 422 12be 137d 
4 2fa 2b6 2a7 2eb 83 15d 
3 2a 4c8 482 4ff 58f 
4 2f3 2af 2b1 2f5 39 fc 
4 2e4 2a0 2bb 2ff c5 160 
3 201 506 230 2b3 365 
3 f 48e 4d0 3c9 86e 
3 1fa 51b 20e 2bc 36e 
3 188 42e 444 98d 1193 
3 1bc 41e 432 1182 131e 
4 2f4 2b0 2b1 2f5 fc 117 
3 224 50d 201 29f 351 
4 2f6 2b2 2af 2f3 39 7c 
3 f6 464 473 d4d fac 
4 2ff 2bb 2a2 2e6 c5 15f 
4 301 2bd 29f 2e3 11f 124 
3 4d2 21 47c 4f3 93a 
3 f3 474 466 5bc d51 
3 45d 409 180 e7a fe4 
3 1d6 421 426 137d 137e 
4 2b1 2b2 2f6 2f5 39 fd 
3 3ad 3ac 33e 35e 1397 
3 80 497 496 507 960 
3 32 4c8 482 58f 5d4 
3 1d6 422 426 e9c 137d 
3 16b 449 448 cf1 f90 
3 80 498 496 4e2 507 
3 104 448 47d 954 dd1 
3 80 497 498 4f8 507 
3 3 4d8 495 3d5 5af 
3 3bd 331 39d 687 68b 
3 140 459 457 a41 edc 
3 2a 47c 4d2 46a 4f3 
3 2a 490 4c8 4ff 91f 
3 ed 478 46d 637 67b 
3 ed 46e 478 631 67b 
3 1e4 42c 40f 13c9 13cc 
4 2b4 2b3 2f7 2f8 51 ff 
3 21 4d2 489 4ed 93a 
3 40 4c5 486 61d a26 
3 41b 1bb 43d fc0 fc9 
3 1bc 432 430 1182 1223 
4 2f9 2b5 2b3 2f7 47 51 
3 3a 4b3 4b2 943 ef5 
4 2f9 2b5 2b4 2f8 51 136 
3 3a 4b2 4b4 943 9f4 
3 1b1 42f 43a 1196 12b1 
4 2f6 2b2 2b7 2fb 58 7d 
3 3 4df 494 37e 396 
3 3a 4b3 4b4 646 943 
3 460 17f 416 f15 f85 
3 3 4df 495 396 3d5 
3 4e3 32 45f 548 5d2 
3 47 486 4c5 6ba a26 
3 1cb 43f 40e cd8 1420 
3 80 496 4a1 4e2 964 
3 47 4c5 487 6ba 6d1 
3 15b 431 466 940 1158 
3 211 514 220 2a9 35b 
3 140 457 461 a41 cc2 
3 80 4a1 498 4e2 55c 
3 36 4e3 45f 548 5ca 
3 14f 45a 458 656 f20 
3 140 461 459 a41 e83 
3 317 418 315 336 58a 
3 50 4af 4ae 615 648 
3 1eb 430 411 670 12ec 
3 1b2 44a 416 a38 115e 
3 2a 4d2 490 46a 91f 
3 50 4ae 4b0 615 70c 
3 1eb 411 431 670 fa0 
3 19a 45b 40e e9b 1186 
3 1b8 44f 408 1050 1326 
3 50 4b0 4af 615 767 
3 1b5 44a 416 115e 1176 
3 1dd 41e 432 131e 1338 
4 2f4 2b0 2bc 300 11c 11e 
3 19a 40e 45c e9b 1364 
3 331 3b6 3bd 668 687 
3 1b5 416 44b 1160 1176 
3 55 48b 4c1 71e 736 
3 4 4ab 4da 38d 8d4 
3 4cb 16 4b9 554 8da 
3 140 461 462 71b c90 
3 f0 47d 47b ce2 ce7 
3 15a 464 443 fae 1268 
3 23e 4eb 252 20a 2bc 
3 8 4da 4ab 419 8d4 
3 90 49b 49e 8a3 ab0 
3 80 496 4a9 727 960 
3 90 49e 49c b5b 1244 
3 80 4a9 497 46c 960 
3 49f 90 49b 4bd 8a3 
3 198 459 41f 638 f53 
3 15b 466 442 940 c5b 
3 90 49f 49c 42a b5b 
3 230 515 211 2b5 367 
3 198 41f 45a 638 123f 
3 e 4d1 4bb 8d6 98e 
3 15a 449 464 fae 1002 
3 420 1eb 430 1162 12e9 
4 300 2bc 2b6 2fa 15c 15e 
3 4c6 114 3cc 5e8 c0f 
3 7b 4bd 477 7c1 b1d 
3 90 49e 49f 8a3 b5b 
3 3 4ac 4df 37e 8aa 
3 4 4df 4ab 38d 38f 
3 14e 43b 472 eac ec0 
3 1eb 420 431 f51 12e9 
3 8 4aa 4de 37c 388 
3 4 4df 4ac 38f 8aa 
3 1a2 466 400 107c 11a8 
3 8 4de 4ab 37c 419 
3 9 4de 4aa 380 388 
3 4b7 20 4cc 50b 55e 
3 43b 14e 473 d31 ec0 
3 16b 45f 448 415 cf1 
3 16b 45f 449 cf1 f92 
3 9a 49f 49b 4bd 95a 
3 6 4bc 4d9 3f6 5a1 
3 40 486 4d7 61d 9f3 
3 315 419 32e 32b 99a 
3 1bc 454 411 1256 1387 
3 327 40b 33a 357 7f4 
3 2 4dc 4bd 3b8 adb 
3 4cc 15 4ca 4ee 90a 
3 a8 49b 499 66b 9ba 
3 337 40d 327 355 7bc 
3 4d7 3b 48f 93d 97d 
3 180 45d 43f cc1 e7a 
3 f 4d0 4cb 3c9 bd2 
3 32 482 4e3 5d2 5d4 
3 1f3 43f 409 141d 141e 
3 6 4dd 4bc 3f6 c3e 
3 9e 4a3 498 4d0 b55 
3 1d9 41d 443 128f 1388 
3 1d6 408 44f 130f 1326 
3 318 427 317 33a 556 
3 a8 49e 499 659 66b 
3 1eb 431 430 670 12e9 
3 40 4d7 48f 93d 9f3 
3 9a 4a4 49b 95a b78 
3 1d9 41f 443 41c 128f 
3 9e 498 4a4 4d0 b53 
3 21 4b9 4d2 4ed bc3 
3 22c 513 22d 29a 34c 
3 36 483 4e3 545 5ca 
3 a8 49e 49b 66b ab0 
3 1af 42e 451 a86 ced 
3 18a 461 433 bef 10b1 
3 1a2 466 411 11a8 12ea 
3 1f3 40e 43f 141d 1420 
3 3e2 39a 322 319 7db 
3 1b2 44a 43a 917 f7a 
3 4e 4d4 48a 9bb 9c4 
3 1af 42f 451 ced fca 
3 18a 432 462 10f7 1337 
3 4ca 15 4d1 3c6 90a 
3 9a 4a4 49f 55b 95a 
3 a8 499 4a0 659 9f9 
3 432 189 463 10f9 1159 
3 47 4c5 4b1 6d1 9c3 
3 4cd 5b 48d 6e2 7c9 
3 198 438 459 b69 1120 
3 18a 463 432 10f7 10f9 
3 19f 462 41f 120d 1335 
3 15 4cc 4d1 486 90a 
3 18a 463 433 549 bef 
3 198 45a 438 b69 106e 
3 465 189 432 e19 1159 
3 a8 49e 4a0 5c3 659 
3 4b 4af 4c6 a22 cc8 
3 268 4ed 245 1ed 29f 
3 55 4d4 48a 9c4 a25 
3 61 4cd 48d 6e2 73a 
3 55 48b 4d4 736 a25 
3 1b2 416 460 a38 f15 
3 7b 4bd 493 b1d b46 
3 9e 4a4 4a3 4d0 b3b 
3 449 15a 473 de6 1002 
3 33a 40b 33b 370 aa1 
3 50 4c6 4af 767 cc9 
3 4b0 50 4c6 57a 767 
3 189 43d 463 fcb 103d 
3 1b1 42f 456 12b1 12b2 
3 24b 4fc 24a 1c2 274 
3 61 4cd 492 73a a96 
3 1bb 41b 45c deb 12e0 
3 9a 49b 4ad 75b b78 
3 43f 45b 19a f0b 1186 
3 9e 498 4ad b53 e87 
3 451 17f 460 e93 f85 
3 189 43d 465 103d 11dd 
3 61 4cf 492 a96 ba4 
3 2 4d8 4dc 3ca 87e 
3 1bc 454 430 1223 1256 
3 1b5 44b 44a e94 1176 
3 1d6 421 44f 12d1 130f 
3 432 1bc 454 72e 1223 
3 2a 4d2 4c8 91f dfd 
3 1e0 40e 454 123c 135b 
3 1b1 43a 456 12af 12b1 
3 4a4 9a 4ad 913 b78 
3 3 4df 4d8 3d5 afa 
3 6 4d9 4dd 3f6 979 
3 411 454 1e0 135b 1387 
3 55 4c1 4c2 a48 d6c 
3 16b 449 473 de6 f92 
3 33c 423 31a 33e b29 
3 4 4da 4df 38d 44f 
3 4be 60 4bf 691 a80 
3 9e 4a4 4ad 913 b53 
3 4d6 3e 4b3 803 9f1 
3 8 4de 4da 419 b90 
3 42f 1af 460 63d fca 
3 3b 4b5 4d7 97d e89 
3 271 4f2 24b 1e9 29b 
3 1b1 42f 460 63d 1196 
3 b 4dd 4db 8d2 d75 
3 1bb 465 41b deb fc0 
3 1e3 445 435 5ec 13c0 
3 34 4c9 4d3 5d9 beb 
3 4b7 7d 4b8 3a5 57c 
3 15a 464 473 fac 1002 
3 198 45a 459 638 b69 
3 14e 472 473 627 ec0 
3 1e0 45c 40e 123c 1364 
3 4e 4b1 4d4 9bb c2c 
3 50 4d5 4ae 648 e81 
3 50 4af 4d5 648 bfe 
3 7b 48e 4d0 86e b3e 
3 1b5 416 46f c22 1160 
3 55 4e5 48b 71e 7d3 
3 255 4f9 264 1f7 2a9 
3 1b1 43a 460 1196 129e 
3 1d9 45a 41f 41c 123f 
3 53 4d5 4af 5de bfe 
3 1b2 460 43a f7a 129e 
3 220 544 205 2ab 35d 
3 19a 45c 45b e9b 11f3 
3 7b 493 4d0 b3e b46 
3 18a 461 462 c90 108b 
3 20e 53f 224 2a1 353 
3 5b 48b 4e5 738 7d3 
3 16b 473 45f 7c2 f92 
3 36 4e3 4b5 545 a23 
3 1d7 432 454 72e e54 
3 18a 463 461 bef 108b 
3 5b 4e5 48d 738 7c9 
3 18a 463 462 108b 10f7 
3 267 507 23e 1f0 2a2 
3 40 4d7 4c5 61d c32 
3 4e4 3a 4b3 577 646 
3 3a 4b4 4e4 646 f17 
3 31a 3de 3df 846 87c 
3 189 465 463 103d 1159 
3 3c 4e4 4b3 577 683 
3 4c6 45 4d6 59a 690 
3 5b 4c2 4cd 6a3 ab2 
3 21e 53a 226 295 347 
3 234 52b 22e 2c0 372 
3 31a 3de 3e0 87c b25 
3 88 492 4cf 9ea ba4 
3 31a 3df 3e0 342 87c 
3 45a 1c3 443 f33 1266 
3 249 503 26d 1fd 2af 
3 1b2 460 44a a38 f7a 
3 32d 434 328 35a 944 
3 61 4cd 4c2 808 ab2 
3 55 4d4 4c1 736 de9 
3 24a 507 267 216 2c8 
3 61 4c2 4ce 808 d82 
3 33c 424 33b 81d 83c 
3 1dd 462 41e 1317 1338 
3 22e 53a 21e 2ad 35f 
3 32 4c8 4e3 5d4 cbd 
3 8e 4bc 4ba 8c0 fe0 
3 1af 460 451 fca 1166 
3 1dd 41f 462 1317 1335 
3 33b 425 33c 371 83c 
3 e7 4a1 498 55c 86d 
3 9c 4b8 4b6 464 8cb 
3 4ba 8e 4bd 7bd 8c0 
3 59 4bf 4d5 a55 bf9 
3 1bb 465 43d fc0 11dd 
3 e7 49a 4a1 3ef d43 
3 32f 434 32d 362 9c6 
3 8e 4bc 4bd 3a6 8c0 
3 9c 4b6 4b9 464 935 
3 1b3 451 460 e93 1166 
3 328 435 334 358 5b0 
3 df 49d 4a5 423 a18 
3 9c 4b9 4b8 464 c69 
3 1e3 435 457 5ec 11fc 
3 df 49d 4a6 a18 1243 
3 1eb 411 466 fa0 12ea 
3 61 4cd 4ce 78e 808 
3 61 4cf 4cd 78e a96 
3 21b 54e 216 28e 340 
3 61 4ce 4cf 78e ade 
3 1c3 443 464 1266 1268 
3 1c3 458 45a b8b f20 
3 1d9 443 45a 41c f33 
3 df 4a6 4a5 a18 db5 
3 c3 4ae 4b0 70c 75a 
3 b7 4b4 4b2 952 9f4 
3 c3 4ae 4b1 75a cdd 
3 b7 4b2 4b5 952 9fd 
3 1d7 465 432 e19 e54 
3 1dd 432 462 1337 1338 
3 32e 43c 32f 364 5be 
3 c3 4b1 4b0 75a 7a6 
3 b7 4b5 4b4 952 ba3 
3 1e3 457 445 5ec 93b 
3 6b 4cf 4ce a8f ade 
3 b1 4b8 4b7 57c bd7 
3 7b 4bd 4d0 b46 be3 
3 e7 4ad 498 86d c07 
3 a9 4bb 4ba 8c9 b77 
3 342 440 318 33d 547 
3 4d3 7d 4b7 5bf 8c6 
3 a9 4ba 4bc 8c9 c8d 
3 e7 4ad 49a 980 d43 
3 a9 4bc 4bb 8c9 c43 
3 216 54e 22c 269 31b 
3 1b5 46f 44b ef1 1160 
3 1e4 40f 476 5fc 66f 
3 55 4c1 4e5 71e a48 
3 ce 4b1 4b0 7a6 7bf 
3 55 4e5 4c2 69b a48 
3 1bb 45c 465 deb 12d9 
3 60 4e2 4be 80c eef 
3 e7 4a1 4ad 86d d43 
3 458 464 1c3 586 b8b 
3 1e4 478 40f 5fc 13c9 
3 1d7 45c 454 d5f 11c1 
3 1c3 45a 464 b8b 1266 
3 3e0 3f6 31a 33f 849 
3 4e5 5b 4c2 69b 6a3 
3 1eb 466 431 fa0 1158 
3 212 562 214 279 32b 
3 af 4bf 4be 669 691 
3 1e0 45c 454 11c1 123c 
3 274 512 255 203 2b5 
3 af 4be 4c0 669 aa2 
3 9f 4ba 4ca 93c fff 
3 af 4bf 4c0 606 669 
3 b6 4b0 4c4 731 7a3 
3 3f6 3e2 322 31a 7aa 
3 4c4 b6 4b2 64f 9b6 
3 1e3 46c 435 13c0 13c1 
3 b6 4b0 4c6 57a 731 
3 5b 4cd 4e5 6a3 7c9 
3 335 446 333 368 6b6 
3 4c3 af 4bf 469 606 
3 20c 576 1fd 2ba 36c 
3 af 4c0 4c3 606 de7 
3 1d7 454 465 d5f e54 
3 4ae c3 4c3 591 6f5 
3 bc 4af 4c6 cc8 cc9 
3 9f 4d0 4ba 93c e15 
3 b7 4c8 4b4 6f0 b58 
3 1e4 40f 485 66f 13c5 
3 4b8 b1 4ca 7f0 89b 
3 6f 4ce 4e0 81a ada 
3 1d7 465 45c d5f 12d9 
3 9f 4ca 4cb 4de b84 
3 4ce 6f 4e1 7e2 ada 
3 b1 4b7 4cc 50b bd7 
3 1e3 445 46c 13c0 13c3 
3 1e4 478 42c 13c9 13ca 
3 b1 4cc 4b8 89b bd7 
3 8e 4dc 4bc 3a6 893 
3 8e 4bd 4dc 3a6 adb 
3 26c 510 278 1ce 280 
3 8f 4bb 4dd 9f0 c44 
3 28f 4f4 28e 110 1c2 
3 214 561 22f 2b2 364 
3 325 455 336 350 757 
3 4d1 a9 4ba 8c3 b77 
3 b6 4c4 4c6 731 8b2 
3 ce 4b0 4c4 7a3 9e4 
3 a9 4d1 4bb 98e b77 
3 221 56c 20f 2a6 358 
3 ce 4c5 4b0 7bf 9e4 
3 1fd 575 222 2a3 355 
3 9f 4d0 4ca 4de 93c 
3 ce 4b1 4c5 7bf 9c3 
3 9f 4cb 4d0 4de bd2 
3 245 529 274 201 2b3 
3 6a 4e0 4e1 abe d63 
3 6a 4e0 4e2 829 abe 
3 6a 4e1 4e2 abe fa9 
3 3e2 3b3 39a 317 b17 
3 6f 4e1 4e0 ada d63 
3 336 453 337 36c a1c 
3 b1 4cc 4ca 4ee 89b 
3 b6 4b2 4d6 9b6 eeb 
3 3b4 399 3e4 875 b49 
3 20f 56b 231 2b8 36a 
3 8d 4d8 4d9 489 899 
3 8d 4da 4d8 3b2 899 
3 c3 4d4 4ae 6f5 cdd 
3 c0 4c9 4c7 bd3 f07 
3 8d 4da 4d9 899 df2 
3 4c5 ce 4c4 673 9e4 
3 c3 4b1 4d4 c2c cdd 
3 8d 4dc 4d8 489 87e 
3 8d 4d9 4dc 489 983 
3 a9 4dd 4bb c43 c44 
3 a9 4dd 4bc c3e c43 
3 1ff 57f 225 29c 34e 
3 26d 525 26c 1c9 27b 
3 8d 4d8 4df 3b2 afa 
3 fb 4b9 4b6 47f 935 
3 3e4 3b4 3a8 84a 875 
3 8d 4df 4da 3b2 44f 
3 b6 4c4 4d6 8b2 9b6 
3 b6 4c6 4d6 59a 8b2 
3 fe 4b9 4b8 c69 e24 
3 93 4db 4de 5f6 ec1 
3 113 4b2 4b3 647 ef5 
3 333 46a 325 34e 6cd 
3 c0 4c7 4d3 bd3 e0b 
3 c3 4c3 4d4 6f5 c56 
3 112 4b2 4b5 9fd c35 
3 299 4f7 2a8 145 1f7 
3 c0 4d3 4c9 bd3 beb 
3 231 580 1ff 2b6 368 
3 270 528 271 1e8 29a 
3 b7 4b4 4e3 6f0 ba3 
3 fd 4ba 4bd 7bd e14 
3 4b4 ef 4c7 ccc f55 
3 b7 4e3 4b5 a23 ba3 
3 264 543 249 1f9 2ab 
3 ef 4c8 4b4 b58 ccc 
3 252 53e 268 1ef 2a1 
3 aa 4e4 4c9 530 e66 
3 28d 500 2b1 14b 1fd 
3 262 539 26a 1e3 295 
3 278 52a 272 20e 2c0 
3 10a 4c3 4ae 4bf 591 
3 31a 423 3de 846 85a 
3 423 3df 31a 341 846 
3 fb 4b6 4c7 653 13d8 
3 334 46c 335 36a 13c2 
3 2b1 4f1 2b0 117 1c9 
3 218 58a 217 28b 33d 
3 2bc 4e9 2b6 15c 20e 
3 b7 4e3 4c8 6f0 cbd 
3 272 539 262 1fb 2ad 
3 ef 4c7 4c8 c83 ccc 
3 157 4ad 498 c07 e87 
3 fe 4ca 4b8 4eb 7f0 
3 1e4 476 478 5fc 689 
3 2ac 50b 289 13b 1ed 
3 40d 40b 327 356 7d0 
3 fe 4b8 4cb 4eb e24 
3 112 4c4 4b2 64f c3c 
3 fe 4cb 4b9 554 e24 
3 10b 4c0 4c1 754 d90 
3 10a 4c3 4bf 469 e79 
3 4c0 10b 4c2 80a d90 
3 10b 4c1 4c2 d6c d90 
3 10b 4c3 4c0 754 de7 
3 10b 4c1 4c3 754 79e 
3 25f 54d 25a 1dc 28e 
3 289 50a 2b8 14f 201 
3 fb 4b6 4d2 47f 653 
3 fd 4ba 4d0 e14 e15 
3 2b0 4f6 2bc 11c 1ce 
3 fb 4d2 4b9 47f bc3 
3 282 521 296 158 20a 
3 fd 4bd 4d0 be3 e14 
3 4d2 ef 4c7 c4b c83 
3 ef 4c8 4d2 c83 dfd 
3 217 589 235 288 33a 
3 fe 4cb 4ca 4eb b84 
3 418 419 315 329 592 
3 215 598 21b 28c 33e 
3 112 4c5 4c4 673 e8a 
3 315 41a 418 52a 592 
3 11f 4b4 4c7 f05 f55 
3 10a 4ae 4d5 4bf e81 
3 41a 419 315 592 99b 
3 25a 54d 270 1b7 269 
3 1e4 485 476 66f 13c4 
3 235 58f 212 284 336 
3 11f 4c9 4b4 f05 f16 
3 fb 4c7 4d2 653 c4b 
3 2ab 520 282 13e 1f0 
3 256 560 258 1c7 279 
3 113 4d6 4b2 647 eeb 
3 133 4be 4c0 aa2 d95 
3 113 4b3 4d6 647 803 
3 112 4b2 4d7 c35 c3c 
3 10a 4bf 4d5 bf9 e79 
3 10b 4c1 4d4 79e de9 
3 112 4d7 4b5 c35 e89 
3 10b 4d4 4c3 79e c56 
3 225 5a3 20c 29e 350 
3 10a 4d5 4c3 4bf e79 
3 133 4c0 4c2 80a e43 
3 11f 4c7 4c9 f05 f07 
3 28e 520 2ab 164 216 
3 250 574 241 208 2ba 
3 232 599 215 2bf 371 
3 222 5a8 20a 2a5 357 
3 427 418 317 339 536 
3 41b 32e 419 5a8 994 
3 203 5ad 221 2a8 35a 
3 317 428 418 536 578 
3 14d 4ba 4bc c8d fe0 
3 343 47e 342 376 b92 
3 2b5 51f 28f 137 1e9 
3 112 4c4 4d7 c3c e8a 
3 2b4 50e 2b5 136 1e8 
3 112 4d7 4c5 c32 e8a 
3 233 59e 218 2c4 376 
3 258 55f 273 200 2b2 
3 31c 4a9 31b 343 7da 
3 31b 497 341 330 951 
3 2b8 51d 299 151 203 
3 265 56a 253 1f4 2a6 
3 22f 5ad 203 2b0 362 
3 20a 5a8 232 2be 370 
3 241 573 266 1f1 2a3 
3 427 317 428 4cf 536 
3 40b 425 33b 36f 7f5 
3 426 33b 40b 7f5 a9f 
3 134 4c2 4ce d82 fb9 
3 2d3 4f8 2d2 4 110 
3 253 569 275 206 2b8 
3 11f 4e4 4b4 f16 f17 
3 243 57d 269 1ea 29c 
3 423 424 33c 84b 850 
3 425 423 33c 33b 850 
3 424 425 33b 81b 83c 
3 15c 4ca 4ba 448 fff 
3 424 425 33c 83c 850 
3 33b 424 426 771 81b 
3 425 33b 426 7f5 81b 
3 21d 5bc 21a 27e 330 
3 4e4 4c9 11f e66 f16 
3 2dd 4f5 2ec 8a 145 
3 133 4e1 4be a34 d95 
3 275 57e 243 204 2b6 
3 133 4be 4e2 a34 eef 
3 133 4e1 4c0 d95 e43 
3 133 4e1 4c2 e43 fba 
3 15c 4ba 4d1 448 8c3 
3 134 4c2 4e1 fb9 fba 
3 2a8 542 28d 147 1f9 
3 296 53d 2ac 13d 1ef 
3 419 43c 32e 31c 5a8 
3 440 427 318 327 581 
3 41b 43c 32e 5a8 5c7 
3 21a 5bb 233 2c3 375 
3 2a6 538 2ae 131 1e3 
3 134 4ce 4e1 7e2 fb9 
3 226 5c1 21d 291 343 
3 2f9 4fd 2d3 a3 137 
3 434 435 328 359 5f9 
3 25c 588 25b 1d9 28b 
3 1f1 49d 49c 10aa 11c4 
3 300 4e7 2fa 3a 15c 
3 15c 4ca 4d1 3c6 448 
3 1f1 49c 49e 10aa 1244 
3 2d1 502 2f5 57 14b 
3 1f1 49d 49e 101d 10aa 
3 2b6 538 2a6 149 1fb 
3 2c6 518 2da 21 158 
3 1f1 49c 4a2 6a9 11c4 
3 1f1 49d 4a2 11c4 1419 
3 341 4a8 343 375 416 
3 133 4e2 4e1 a34 fa9 
3 14b 4da 4d9 df2 df5 
3 2a3 54c 29e 12a 1dc 
3 14b 4d9 4db 54d df5 
3 1f1 4a6 49d 101d 1243 
3 43c 434 32f 363 5e1 
3 4a6 49e 1f1 95f 101d 
3 14b 4db 4da aa0 df5 
3 43d 32f 434 4bb 5e1 
3 14b 4dd 4d9 54d 979 
3 2f0 511 2cd c6 13b 
3 14b 4db 4dd 54d d75 
3 14b 4da 4de aa0 b90 
3 25b 587 279 1d6 288 
3 14b 4de 4db aa0 ec1 
3 259 596 25f 1da 28c 
3 2f8 4fa 2f9 46 136 
3 2f5 4fe 2f4 60 117 
3 32f 43c 43d 5e1 60d 
3 2ef 519 2c6 a9 13e 
3 452 40d 337 75d 7a1 
3 29e 54c 2b4 7f 1b7 
3 453 40d 337 322 75d 
3 279 58e 256 1d2 284 
3 31c 382 4a9 345 8cc 
3 29a 55e 29c 115 1c7 
3 2d2 519 2ef da 164 
3 2f4 504 300 31 11c 
3 2cd 51a 2fc cf 14f 
3 294 572 285 156 208 
3 269 5a2 250 1ec 29e 
3 276 597 259 20d 2bf 
3 266 5a7 24e 1f3 2a5 
3 247 5ac 265 1f6 2a8 
3 446 335 445 6a0 716 
3 1e6 4b7 4b6 ac5 c68 
3 1e6 4b8 4b6 8cb ac5 
3 29c 55d 2b7 14e 200 
3 277 59d 25c 212 2c4 
3 1e6 4b7 4b8 3a5 ac5 
3 2a9 568 297 142 1f4 
3 285 571 2aa 13f 1f1 
3 273 5ac 247 1fe 2b0 
3 24e 5a7 276 20c 2be 
3 297 567 2b9 154 206 
3 2fc 523 2dd be 151 
3 287 57b 2ad 138 1ea 
3 1e6 4c7 4b6 3ba 13d8 
3 452 337 453 75d 796 
3 261 5ba 25e 1cc 27e 
3 455 453 336 36b 641 
3 2b9 57c 287 152 204 
3 2ec 541 2d1 ca 147 
3 2da 53b 2f0 b6 13d 
3 435 46c 334 31e 13c1 
3 1e6 4b6 4d3 3ba c68 
3 1e6 4d3 4b7 5bf c68 
3 25e 5b9 277 211 2c3 
3 2ea 536 2f2 74 131 
3 2a0 586 29f 127 1d9 
3 26a 5c0 261 1df 291 
3 469 446 333 68a 6e4 
3 446 46a 333 323 6e4 
3 46a 455 325 34f 9a4 
3 2fa 536 2ea 5e 149 
3 46c 445 335 6a0 13c3 
3 46c 446 335 369 6a0 
3 1e6 4d3 4c7 3ba e0b 
3 1e5 4d9 4bc 488 5a1 
3 1e5 4bc 4dc 488 893 
3 2e7 54a 2e2 2a 12a 
3 471 440 342 522 52e 
3 29f 585 2bd 124 1d6 
3 29d 594 2a3 128 1da 
3 2e2 54a 2f8 4b 7f 
3 46a 333 469 6e4 a30 
3 2bd 58d 29a 120 1d2 
3 2de 55b 2e0 12 115 
3 1e5 4dc 4d9 488 983 
3 47e 440 342 33c 522 
3 3ed 3f5 44e 833 afe 
3 2d8 56f 2c9 49 156 
3 2ba 595 29d 15b 20d 
3 2ad 5a1 294 13a 1ec 
3 3ed 44e 3fb 833 b02 
3 2aa 5a6 292 141 1f3 
3 28b 5ab 2a9 144 1f6 
3 2e0 55a 2fb ce 14e 
3 2ed 565 2db 85 142 
3 2c9 56e 2ee c8 13f 
3 2bb 59c 2a0 160 212 
3 2b7 5ab 28b 14c 1fe 
3 292 5a6 2ba 15a 20c 
3 2db 564 2fd d2 154 
3 2cb 578 2f1 8f 138 
3 471 342 47e 522 593 
3 2a5 5b8 2a2 11a 1cc 
3 2fd 579 2cb bd 152 
3 468 3ee 3fc 838 841 
3 3fd 468 3ee 813 838 
3 3ee 3fd 46b 7f1 813 
3 2a2 5b7 2bb 15f 211 
3 2e4 583 2e3 70 127 
3 2ae 5bf 2a5 12d 1df 
3 3c2 3d3 4a0 44c 88a 
3 3c2 4a0 3db 44c 465 
3 343 491 47e 378 49b 
3 2e3 582 301 bb 124 
3 2e1 591 2e7 30 128 
3 206 501 4ea 2c7 379 
3 301 58b 2de 66 120 
3 4f3 4e8 228 27a 32c 
3 3b9 4bb 3c7 41b 9dd 
3 4c9 3b1 3bf 4d1 5ea 
3 2fe 592 2e1 d4 15b 
3 3b9 3d4 4bb 41b 8e3 
3 4a9 497 31b 32f 46c 
3 4a9 31c 496 4fc 727 
3 4d3 38f 3cf 582 99e 
3 3d0 38f 4d3 582 8e0 
3 4ff 501 207 273 325 
3 2f1 5a0 2d8 9e 13a 
3 2ee 5a5 2d6 18 141 
3 2cf 5a9 2ed a7 144 
3 2ff 59a 2e4 1d 160 
3 4ea 51b 1fa 26f 321 
3 2fb 5a9 2cf 2c 14c 
3 3b1 3d9 4c9 5ea 600 
3 2d6 5a5 2fe a 15a 
3 4c9 3cf 3bf 5d5 98a 
3 50d 506 201 272 324 
3 4a8 491 343 377 575 
3 505 4f3 229 26b 31d 
3 497 4a8 341 320 49d 
3 4c9 3bf 3d9 5d5 5ea 
3 468 3ee 46b 7a5 813 
3 4f2 4fc 24b 1c1 273 
3 507 4eb 23e 1bd 26f 
3 2e9 5b5 2e6 6 11a 
3 2e6 5b4 2ff d8 15f 
3 515 514 211 26d 31f 
3 3b1 3d8 4e4 616 9e0 
3 513 4ff 22d 299 34b 
3 3b1 3d9 4e4 600 616 
3 24a 4fc 507 215 2c7 
3 2f2 5bd 2e9 9d 12d 
3 506 515 230 2b4 366 
3 512 4f9 255 1bb 26d 
3 4e8 52b 234 27f 331 
3 4ed 529 245 1c0 272 
3 4f1 4f6 2b0 116 1c8 
3 4f6 4e9 2bc 11b 1cd 
3 544 505 205 2ae 360 
3 500 4f1 2b1 e2 1b9 
3 51b 53f 20e 2bb 36d 
3 3f0 3f8 4e0 847 b0c 
3 50b 50a 289 10e 1c0 
3 3fa 3f0 4e0 b0b b0c 
3 53f 50d 224 2a0 352 
3 528 4f2 271 1e7 299 
3 4eb 53e 252 209 2bb 
3 503 525 26d 1b9 26b 
3 514 544 220 2aa 35c 
3 51f 4f4 28f 10f 1c1 
3 28e 4f4 520 163 215 
3 535 534 226 292 344 
3 4fd 4f8 2d3 4e 10f 
3 525 510 26c 1c8 27a 
3 51d 4f7 299 109 1bb 
3 52b 53a 22e 2ac 35e 
3 53a 535 226 294 346 
3 53e 4ed 268 1ee 2a0 
3 549 513 22c 267 319 
3 543 503 249 1fc 2ae 
3 529 512 274 202 2b4 
3 510 52a 278 1cd 27f 
3 4f9 543 264 1f8 2aa 
3 520 521 282 10b 1bd 
3 4fa 4fd 2f9 c3 135 
3 504 4e7 300 1c 11b 
3 502 4fe 2f5 88 e2 
3 4fe 504 2f4 45 116 
3 2d2 4f8 519 d9 163 
3 50a 51d 2b8 150 202 
3 50e 51f 2b5 135 1e7 
3 533 532 26a 1e0 292 
3 52a 539 272 1fa 2ac 
3 4e9 538 2b6 148 1fa 
3 539 533 26a 1e2 294 
3 553 54e 21b 28d 33f 
3 519 518 2c6 72 10b 
3 542 500 28d 14a 1fc 
3 54e 549 22c 268 31a 
3 511 51a 2cd a5 10e 
3 523 4f5 2dd 3 109 
3 21b 558 553 290 342 
3 4f7 542 2a8 146 1f8 
3 548 528 270 1b5 267 
3 53d 50b 2ac 13c 1ee 
3 521 53d 296 157 209 
3 562 561 214 26a 31c 
3 4b9 441 488 47d 48c 
3 489 441 4b9 47d 8f3 
3 476 485 4a2 397 8b3 
3 531 530 2ae 12e 1e0 
3 3b1 4c9 4e4 530 600 
3 48c 476 4a2 397 3af 
3 4e7 536 2fa 5f 148 
3 538 531 2ae 130 1e2 
3 547 50e 2b4 89 1b5 
3 552 54d 25f 1db 28d 
3 54d 548 270 1b6 268 
3 56c 56b 20f 26c 31e 
3 541 502 2d1 26 14a 
3 4b1 46f 487 6cc 946 
3 4b1 48a 46f 6cc 6d3 
3 51a 523 2fc 92 150 
3 576 575 1fd 270 322 
3 25f 557 552 1de 290 
3 4cb 488 442 433 8ea 
3 4f5 541 2ec 54 146 
3 4cb 442 48e 433 446 
3 518 53b 2da bc 157 
4 228 31d 35b 4e8 32c 332 
3 4bd 477 481 3b3 3bb 
4 4f3 348 31d 228 32c 32d 
3 53b 511 2f0 b8 13c 
3 560 55f 258 1b8 26a 
3 52e 52d 2f2 90 12e 
3 545 4fa 2f8 13 89 
3 580 57f 1ff 271 323 
4 205 32b 347 505 360 361 
4 229 32c 348 4f3 31d 32d 
3 493 477 4bd 3b3 b1d 
4 4ea 385 338 1fa 321 354 
3 536 52e 2f2 5a 130 
3 56a 569 253 1ba 26c 
3 551 54c 2a3 129 1db 
3 58f 562 212 277 329 
3 54c 547 2b4 7 1b6 
3 574 573 241 1be 270 
3 56b 580 231 2b7 369 
4 4e8 35b 33f 234 331 332 
3 2a3 556 551 12c 1de 
3 598 558 21b 28f 341 
4 206 344 385 4ea 379 37a 
3 480 475 4d8 37d 896 
4 505 347 32c 229 31d 361 
3 482 4e3 45f 5c0 5d2 
3 45f 4e3 483 5c0 5ca 
3 47c 489 4d2 4f1 93a 
3 47c 490 4d2 46a 4f1 
3 58a 589 217 275 327 
3 55e 55d 29c 15 1b8 
3 475 495 4d8 37d 5af 
3 57e 57d 243 1bf 271 
4 385 345 223 4ea 354 37a 
4 207 324 397 501 325 326 
4 4ff 39e 324 207 325 34d 
3 5a3 576 20c 2b9 36b 
3 568 567 297 108 1ba 
3 54f 54a 2e7 86 129 
3 54a 2f8 545 7 4c 
3 58e 560 256 1c5 277 
4 1fa 338 36d 51b 321 36e 
3 572 571 285 10c 1be 
3 569 57e 275 205 2b7 
4 201 330 39d 506 324 365 
3 589 58f 235 287 339 
3 226 534 5c1 293 345 
3 2e7 554 54f 8c 12c 
3 59e 58a 218 28a 33c 
3 599 598 215 289 33b 
4 211 332 375 514 31f 35b 
3 596 557 25f 1dd 28f 
4 206 344 397 501 326 379 
4 220 329 375 514 35b 35c 
3 575 5a8 222 2a4 356 
3 5ad 56c 221 2a7 359 
4 50d 39c 330 201 324 351 
3 57f 5a3 225 29d 34f 
3 561 5ad 22f 2b1 363 
4 51b 36d 339 20e 36d 36e 
4 22d 323 39e 4ff 34b 34d 
3 55b 2e0 55a 15 2d 
3 588 587 25b 1c3 275 
3 57c 57b 287 10d 1bf 
4 39c 326 224 50d 351 352 
3 5a2 574 250 207 2b9 
3 565 564 2db 95 108 
4 230 331 39d 506 365 366 
4 22c 322 39a 513 319 34c 
4 513 39a 323 22d 34b 34c 
3 58d 55e 29a 113 1c5 
3 56f 56e 2c9 55 10c 
3 567 57c 2b9 153 205 
3 5a8 599 232 2bd 36f 
3 587 58e 279 1d5 287 
3 26a 532 5c0 1e1 293 
3 597 596 259 1d7 289 
3 59d 588 25c 1d8 28a 
3 594 556 2a3 12b 1dd 
4 515 3b6 332 211 31f 367 
3 573 5a7 266 1f2 2a4 
3 5ac 56a 265 1f5 2a7 
3 57d 5a2 269 1eb 29d 
3 55f 5ac 273 1ff 2b1 
4 226 31c 382 534 344 345 
4 205 32b 376 544 35d 360 
3 586 585 29f 111 1c3 
4 507 4ea 1fa 23e 26f 2a2 
4 36e 339 20e 53f 353 36d 
3 579 578 2cb 9f 10d 
3 233 5b2 59e 2c6 378 
4 53f 36e 326 224 352 353 
4 230 331 3b6 515 366 367 
4 4f2 4ff 207 24b 273 29b 
4 220 329 376 544 35c 35d 
3 5a1 572 294 155 207 
4 24a 206 4ea 507 2c7 2c8 
3 5bc 5bb 21a 26e 320 
4 4ed 50d 201 245 272 29f 
4 24a 206 501 4fc 274 2c7 
3 58b 55b 2de 5d 113 
4 24b 207 501 4fc 273 274 
3 564 579 2fd d1 153 
4 535 3aa 31c 226 344 346 
4 23e 1fa 51b 4eb 26f 2bc 
3 595 594 29d 125 1d7 
3 5a7 597 276 20b 2bd 
3 5c1 5bc 21d 27d 32f 
4 249 205 505 503 2ae 2af 
3 5bb 5b2 233 2c5 377 
3 585 58d 2bd 123 1d5 
3 2ae 530 5bf 12f 1e1 
3 591 554 2e7 22 12b 
3 59c 586 2a0 126 1d8 
4 53a 3ac 31c 226 346 347 
3 571 5a6 2aa 140 1f2 
3 5ab 568 2a9 143 1f5 
4 3ac 32a 21e 53a 347 35f 
3 57b 5a1 2ad 139 1eb 
3 55d 5ab 2b7 14d 1ff 
3 583 582 2e3 61 111 
4 52b 3ad 33e 22e 35e 372 
3 277 5b1 59d 214 2c6 
4 234 33f 3ad 52b 331 372 
4 4eb 51b 20e 252 2bb 2bc 
4 4ea 223 267 507 2a2 2c8 
3 5a0 56f 2d8 d3 155 
4 255 211 514 4f9 26d 2a9 
3 5ba 5b9 25e 1bc 26e 
4 22e 33e 3ac 53a 35e 35f 
4 271 22d 4ff 4f2 299 29b 
4 50d 224 268 4ed 29f 2a0 
3 592 591 2e1 36 125 
3 582 58b 301 71 123 
3 2f2 52d 5bd 9c 12f 
3 5b9 5b1 277 213 2c5 
3 59a 583 2e4 23 126 
3 5a6 595 2ba 159 20b 
3 5c0 5ba 261 1cb 27d 
4 26c 228 4e8 510 27a 280 
4 245 201 506 529 272 2b3 
4 512 515 211 255 26d 2b5 
4 503 505 229 26d 26b 2af 
3 5a9 565 2ed 73 143 
4 264 220 514 4f9 2a9 2aa 
3 56e 5a5 2ee c9 140 
3 55a 5a9 2fb 7a 14d 
3 578 5a0 2f1 c4 139 
4 510 4e8 234 278 27f 280 
3 2bb 5b0 59c 162 214 
4 553 3e0 31a 21b 33f 342 
4 3f6 319 216 54e 31b 340 
4 549 3e2 322 22c 319 31a 
4 28e 24a 4fc 4f4 1c2 215 
4 21b 31a 3df 558 341 342 
4 28f 24b 4fc 4f4 1c1 1c2 
4 21b 31a 3f6 54e 33f 340 
3 5b8 5b7 2a2 10a 1bc 
4 50b 4ed 245 289 1c0 1ed 
4 525 4f3 228 26c 27a 27b 
4 26d 229 4f3 525 26b 27b 
4 299 255 4f9 4f7 1bb 1f7 
3 5b7 5b0 2bb 161 213 
3 5a5 592 2fe c2 159 
3 5bf 5b8 2a5 119 1cb 
4 28d 249 503 500 1fc 1fd 
4 274 230 515 512 2b4 2b5 
4 54e 3f6 322 22c 31a 31b 
4 282 23e 4eb 521 1bd 20a 
3 2ff 5ae 59a 93 162 
4 2a8 264 4f9 4f7 1f7 1f8 
4 274 230 506 529 2b3 2b4 
4 270 22c 513 528 267 29a 
4 528 513 22d 271 299 29a 
3 5b5 5b4 2e6 2b 10a 
4 212 315 419 562 329 32b 
4 520 507 23e 282 1bd 1f0 
4 51f 4f2 24b 28f 1c1 1e9 
3 5b4 5ae 2ff 80 161 
4 521 4eb 252 296 209 20a 
4 4ed 268 2ac 50b 1ed 1ee 
3 5bd 5b5 2e9 b4 119 
4 249 205 544 543 2ab 2ae 
4 53f 20e 252 53e 2a1 2bb 
4 28e 24a 507 520 215 216 
4 562 419 32e 214 31c 32b 
4 52a 52b 22e 272 2ac 2c0 
4 500 503 26d 2b1 1b9 1fd 
4 289 245 529 50a 1c0 201 
4 26a 226 534 532 292 293 
4 1fd 337 40d 575 322 355 
4 278 234 52b 52a 27f 2c0 
4 533 535 226 26a 292 294 
4 53a 21e 262 539 295 2ad 
4 2b0 26c 510 4f6 1c8 1ce 
4 51d 512 255 299 1bb 203 
4 539 53a 226 26a 294 295 
4 214 32e 43c 561 31c 364 
4 222 327 40d 575 355 356 
4 2d2 28e 4f4 4f8 110 163 
4 2d3 28f 4f4 4f8 10f 110 
4 53e 53f 224 268 2a0 2a1 
4 4f6 510 278 2bc 1cd 1ce 
4 272 22e 53a 539 2ac 2ad 
4 264 220 544 543 2aa 2ab 
4 56c 435 334 20f 31e 358 
4 2b5 271 4f2 51f 1e7 1e9 
4 435 328 221 56c 358 359 
4 4f1 525 26c 2b0 1c8 1c9 
4 2dd 299 4f7 4f5 109 145 
4 2b1 26d 525 4f1 1b9 1c9 
4 507 267 2ab 520 1f0 216 
4 54e 216 25a 54d 269 28e 
4 561 43c 32f 22f 363 364 
4 58f 418 315 212 329 336 
4 2d1 28d 500 502 14a 14b 
4 25f 21b 54e 54d 28d 28e 
4 4e9 52a 272 2b6 1fa 20e 
4 217 318 427 589 327 33a 
4 4e7 4e9 2b6 2fa 148 15c 
4 2bc 278 52a 4e9 1cd 20e 
4 552 553 21b 25f 28d 290 
4 576 453 337 1fd 322 36c 
4 300 2bc 4e9 4e7 11b 15c 
4 548 549 22c 270 267 268 
4 2ec 2a8 4f7 4f5 145 146 
4 2b8 274 512 51d 202 203 
4 580 446 333 1ff 323 368 
4 25f 21b 558 557 28f 290 
4 20c 336 453 576 36b 36c 
4 2b4 270 528 50e 1b5 1e8 
4 418 317 235 58f 336 339 
4 511 50b 289 2cd 10e 13b 
4 58a 440 318 217 327 33d 
4 50e 528 271 2b5 1e7 1e8 
4 54d 54e 22c 270 268 269 
4 20f 334 46c 56b 31e 36a 
4 589 427 317 235 339 33a 
3 547 4ec 50e 35 1b3 
4 2b8 274 529 50a 201 202 
4 21b 31a 423 598 33e 341 
4 256 212 562 560 277 279 
4 258 214 561 55f 26a 2b2 
4 560 562 214 258 26a 279 
4 4fe 4f1 2b0 2f4 116 117 
4 2f5 2b1 4f1 4fe e2 117 
4 2cd 289 50a 51a 10e 14f 
4 1ff 333 46a 57f 323 34e 
4 241 1fd 575 573 270 2a3 
4 4fd 51f 28f 2d3 10f 137 
4 28d 249 543 542 1f9 1fc 
4 574 576 1fd 241 270 2ba 
4 20a 33a 40b 5a8 357 370 
4 519 520 282 2c6 10b 13e 
4 53e 252 296 53d 1ef 209 
4 253 20f 56b 569 26c 2b8 
4 2c6 282 521 518 10b 158 
4 2f4 2b0 4f6 504 116 11c 
4 56a 56c 20f 253 26c 2a6 
4 215 33c 423 598 33b 33e 
4 222 327 40b 5a8 356 357 
4 599 425 33c 215 33b 371 
4 56b 46c 335 231 369 36a 
4 502 500 2b1 2f5 e2 14b 
3 545 527 4fa 20 35 
4 2ae 26a 532 530 1e0 1e1 
4 446 335 231 580 368 369 
3 549 509 513 265 317 
4 218 342 440 58a 33c 33d 
4 531 533 26a 2ae 1e0 1e2 
4 539 262 2a6 538 1e3 1fb 
4 225 325 46a 57f 34e 34f 
4 2d2 28e 520 519 163 164 
4 504 4f6 2bc 300 11b 11c 
4 250 20c 576 574 2b9 2ba 
4 243 1ff 57f 57d 271 29c 
4 434 32d 203 5ad 35a 362 
4 57e 580 1ff 243 271 2b6 
4 2f8 2b4 50e 4fa 89 136 
4 538 539 26a 2ae 1e2 1e3 
4 55f 561 22f 273 2b1 2b2 
4 4fa 50e 2b5 2f9 135 136 
4 232 33b 425 599 36f 371 
4 56c 221 265 56a 2a6 2a7 
4 5a8 40b 33b 232 36f 370 
4 50b 2ac 2f0 511 13b 13c 
4 518 521 296 2da 157 158 
4 53d 53e 268 2ac 1ee 1ef 
4 2b6 272 539 538 1fa 1fb 
4 2a8 264 543 542 1f8 1f9 
4 5ad 434 328 221 359 35a 
4 523 51d 299 2dd 109 151 
3 548 522 528 1b3 265 
4 20c 336 455 5a3 350 36b 
4 54d 25a 29e 54c 1b7 1dc 
4 266 222 575 573 2a3 2a4 
4 569 56b 231 275 2b7 2b8 
4 225 325 455 5a3 34f 350 
4 2a3 25f 54d 54c 1db 1dc 
4 2f9 2b5 51f 4fd 135 137 
4 434 32f 22f 5ad 362 363 
4 2fc 2b8 50a 51a 14f 150 
4 520 2ab 2ef 519 13e 164 
4 551 552 25f 2a3 1db 1de 
4 547 548 270 2b4 1b5 1b6 
4 2a3 25f 557 556 1dd 1de 
4 269 225 57f 57d 29c 29d 
4 54c 54d 270 2b4 1b6 1b7 
4 25b 217 589 587 275 288 
4 29a 256 560 55e 1c5 1c7 
4 588 58a 217 25b 275 28b 
4 29c 258 55f 55d 1b8 200 
4 25c 218 58a 588 28a 28b 
4 55e 560 258 29c 1b8 1c7 
4 58e 58f 212 256 277 284 
4 59e 47e 342 218 33c 376 
4 2fc 2b8 51d 523 150 151 
4 285 241 573 571 1be 1f1 
4 572 574 241 285 1be 208 
4 2d1 28d 542 541 147 14a 
4 297 253 569 567 1ba 206 
4 580 231 275 57e 2b6 2b7 
4 53d 296 2da 53b 13d 157 
4 568 56a 253 297 1ba 1f4 
4 2f2 2ae 530 52d 12e 12f 
4 52e 531 2ae 2f2 12e 130 
4 47e 343 233 59e 376 378 
4 259 215 598 596 289 28c 
4 538 2a6 2ea 536 131 149 
4 597 599 215 259 289 2bf 
4 294 250 574 572 207 208 
4 287 243 57d 57b 1bf 1ea 
4 25f 21b 598 596 28c 28f 
4 57c 57e 243 287 1bf 204 
4 250 20c 5a3 5a2 29e 2b9 
4 55d 55f 273 2b7 1ff 200 
4 536 538 2ae 2f2 130 131 
4 587 589 235 279 287 288 
4 21d 31b 497 5bc 32f 330 
4 56a 265 2a9 568 1f4 1f5 
4 59d 59e 218 25c 28a 2c4 
4 24e 20a 5a8 5a7 2a5 2be 
4 5ad 203 247 5ac 2a8 2b0 
4 53b 53d 2ac 2f0 13c 13d 
4 2fa 2b6 538 536 148 149 
4 2ec 2a8 542 541 146 147 
4 58f 235 279 58e 284 287 
4 54c 29e 2e2 54a 7f 12a 
4 5c1 4a9 31b 21d 32f 343 
4 2aa 266 573 571 1f1 1f2 
4 567 569 275 2b9 205 206 
4 5bc 497 341 21a 320 330 
4 233 343 491 5b2 377 378 
4 2e7 2a3 54c 54a 129 12a 
4 4a9 31c 226 5c1 343 345 
4 276 232 599 597 2bd 2bf 
4 269 225 5a3 5a2 29d 29e 
4 21a 341 4a8 5bb 320 375 
4 54f 551 2a3 2e7 129 12c 
4 2f8 2b4 547 545 7 89 
4 266 222 5a8 5a7 2a4 2a5 
4 59e 233 277 59d 2c4 2c6 
4 2e7 2a3 556 554 12b 12c 
4 2ad 269 57d 57b 1ea 1eb 
4 5ac 5ad 221 265 2a7 2a8 
4 29f 25b 587 585 1c3 1d6 
4 54a 54c 2b4 2f8 7 7f 
4 2de 29a 55e 55b 113 115 
4 2e0 29c 55d 55a 15 14e 
4 586 588 25b 29f 1c3 1d9 
4 2a0 25c 588 586 1d8 1d9 
4 55b 55e 29c 2e0 15 115 
4 233 343 4a8 5bb 375 377 
4 58d 58e 256 29a 1c5 1d2 
4 2c9 285 571 56e 10c 13f 
4 5a7 5a8 232 276 2bd 2be 
4 56f 572 285 2c9 10c 156 
4 2db 297 567 564 108 154 
4 57e 275 2b9 57c 204 205 
4 565 568 297 2db 108 142 
4 25e 21a 5bb 5b9 26e 2c3 
4 5ad 22f 273 5ac 2b0 2b1 
4 5ba 5bc 21a 25e 26e 27e 
4 261 21d 5bc 5ba 27d 27e 
4 29d 259 596 594 1d7 1da 
4 595 597 259 29d 1d7 20d 
4 2d8 294 572 56f 155 156 
4 277 233 5b2 5b1 2c5 2c6 
4 2cb 287 57b 578 10d 138 
4 5c0 5c1 21d 261 27d 291 
4 2a3 25f 596 594 1da 1dd 
4 579 57c 287 2cb 10d 152 
4 55a 55d 2b7 2fb 14d 14e 
4 585 587 279 2bd 1d5 1d6 
4 294 250 5a2 5a1 1ec 207 
4 568 2a9 2ed 565 142 143 
4 59c 59d 25c 2a0 1d8 212 
4 5c1 226 26a 5c0 291 293 
4 292 24e 5a7 5a6 1f3 20c 
4 5ac 247 28b 5ab 1f6 1fe 
4 277 233 5bb 5b9 2c3 2c5 
4 58e 279 2bd 58d 1d2 1d5 
4 2ee 2aa 571 56e 13f 140 
4 564 567 2b9 2fd 153 154 
4 2ba 276 597 595 20b 20d 
4 2ad 269 5a2 5a1 1eb 1ec 
4 2aa 266 5a7 5a6 1f2 1f3 
4 59d 277 2bb 59c 212 214 
4 2f1 2ad 57b 578 138 139 
4 2e3 29f 585 582 111 124 
4 583 586 29f 2e3 111 127 
4 5ab 5ac 265 2a9 1f5 1f6 
4 2e4 2a0 586 583 126 127 
4 58b 58d 29a 2de 113 120 
4 5a6 5a7 276 2ba 20b 20c 
4 57c 2b9 2fd 579 152 153 
4 2a2 25e 5b9 5b7 1bc 211 
4 5b8 5ba 25e 2a2 1bc 1cc 
4 5ac 273 2b7 5ab 1fe 1ff 
4 2a5 261 5ba 5b8 1cb 1cc 
4 2e1 29d 594 591 125 128 
4 592 595 29d 2e1 125 15b 
4 2e7 2a3 594 591 128 12b 
4 2bb 277 5b1 5b0 213 214 
4 5bf 5c0 261 2a5 1cb 1df 
4 582 585 2bd 301 123 124 
4 2d8 294 5a1 5a0 13a 155 
4 59a 59c 2a0 2e4 126 160 
4 5c0 26a 2ae 5bf 1df 1e1 
4 2d6 292 5a6 5a5 141 15a 
4 5ab 28b 2cf 5a9 144 14c 
4 2bb 277 5b9 5b7 211 213 
4 58d 2bd 301 58b 120 123 
4 2fe 2ba 595 592 159 15b 
4 2f1 2ad 5a1 5a0 139 13a 
4 2ee 2aa 5a6 5a5 140 141 
4 59c 2bb 2ff 59a 160 162 
4 5a9 5ab 2a9 2ed 143 144 
4 5a5 5a6 2ba 2fe 159 15a 
4 2e6 2a2 5b7 5b4 10a 15f 
4 5b5 5b8 2a2 2e6 10a 11a 
4 5ab 2b7 2fb 5a9 14c 14d 
4 2e9 2a5 5b8 5b5 119 11a 
4 2ff 2bb 5b0 5ae 161 162 
4 5bd 5bf 2a5 2e9 119 12d 
4 2c7 2c6 5c2 5c3 52 bf 
4 5c2 2c6 2c8 5c4 3e bf 
4 5c3 2c7 2c8 5c4 bf c7 
4 5bf 2ae 2f2 5bd 12d 12f 
4 2ff 2bb 5b7 5b4 15f 161 
4 5c5 2c9 2c7 5c3 6f c7 
4 2c8 2c9 5c5 5c4 96 c7 
4 5c6 2ca 2cb 5c7 62 7b 
4 2cc 2ca 5c6 5c8 62 f8 
4 5c7 2cb 2cc 5c8 62 69 
4 2ca 2cd 5c9 5c6 77 f8 
4 5c9 2cd 2cc 5c8 8e f8 
4 5ca 2ce 2cf 5cb b 28 
4 2d0 2ce 5ca 5cc b d 
4 5cb 2cf 2d0 5cc b 8d 
4 5cd 2d1 2ce 5ca d 107 
4 2d0 2d1 5cd 5cc d 59 
4 5d3 2d7 2c7 5c3 3b 4a 
4 5d4 2d8 2c8 5c4 96 ac 
4 5c2 2c6 2da 5d6 21 3e 
4 5d4 2d8 2c9 5c5 49 96 
4 2c8 2d9 5d5 5c4 5b ac 
4 5cf 2d3 2d2 5ce 4 6a 
4 2c8 2da 5d6 5c4 3e 5b 
4 2ca 2d9 5d5 5c6 79 7e 
4 2d4 2d2 5ce 5d0 6a 94 
4 2d4 2d3 5cf 5d0 2e 6a 
4 5d1 2d5 2d4 5d0 8b 9b 
4 5d7 2db 2cc 5c8 75 cc 
4 2d2 2d7 5d3 5ce 76 94 
4 5d2 2d6 2d4 5d0 9b d0 
4 2d6 2d5 5d1 5d2 6c 9b 
4 2cc 2dc 5d8 5c8 b3 cc 
4 2d4 2d7 5d3 5d0 94 d0 
4 549 3e2 39a 513 317 319 
4 2cc 2dd 5d9 5c8 1a b3 
4 5d8 2dc 2ce 5ca 2 50 
4 5d3 2d7 2d6 5d2 68 d0 
4 5d5 2d9 2d8 5d4 81 ac 
4 2da 2d9 5d5 5d6 56 5b 
4 5d8 2dc 2db 5d7 27 cc 
4 5dd 2e1 2d5 5d1 f 19 
4 5d8 2dc 2dd 5d9 b3 106 
4 2e2 2d5 5d1 5de c f 
4 5ea 2ee 2c7 5c3 4a 6f 
4 5db 2df 2de 5da 42 82 
4 5c2 2c6 2ef 5eb 52 a9 
4 2c7 2ef 5eb 5c3 3b 52 
4 5da 2de 2e0 5dc 12 82 
4 5ea 2ee 2c9 5c5 6f c8 
4 2e0 2df 5db 5dc 24 82 
4 2ce 2ec 5e8 5ca 2 107 
4 2ce 2ed 5e9 5ca 28 50 
4 5ec 2f0 2ca 5c6 77 7e 
4 5e9 2ed 2cf 5cb 28 a7 
4 5e8 2ec 2d1 5cd ca 107 
4 5ed 2f1 2ca 5c6 79 7b 
4 2e2 2e1 5dd 5de f a6 
4 5ed 2f1 2cb 5c7 7b 8f 
4 5c9 2cd 2f0 5ec 77 c6 
4 5eb 2ef 2d2 5ce 76 da 
4 5e0 2e4 2e3 5df 70 af 
4 5df 2e3 2e5 5e1 48 af 
4 5ea 2ee 2d6 5d2 18 68 
4 5dd 2e1 2e7 5e3 30 a6 
4 5e0 2e4 2e5 5e1 af d5 
4 5d3 2d7 2ee 5ea 4a 68 
4 5e3 2e7 2e2 5de 2a a6 
4 2e6 2e4 5e0 5e2 2f d5 
4 5eb 2ef 2d7 5d3 3b 76 
4 5e8 2ec 2dc 5d8 2 106 
4 5e2 2e6 2e5 5e1 d5 fe 
4 2db 2ed 5e9 5d7 27 85 
4 5d9 2dd 2ec 5e8 8a 106 
4 5e9 2ed 2dc 5d8 27 50 
4 2d0 2f5 5f1 5cc 59 78 
4 5cd 2d1 2f5 5f1 57 59 
4 5d5 2d9 2f0 5ec 56 7e 
4 2d0 2f6 5f2 5cc 78 98 
4 2e5 2e8 5e4 5e1 84 fe 
4 5da 2de 2c3 5fe 42 b9 
4 2d8 2f1 5ed 5d4 81 9e 
4 5ec 2f0 2da 5d6 56 b6 
4 5e4 2e8 2e6 5e2 87 fe 
4 2c3 2df 5db 5fe 42 a4 
4 5d5 2d9 2f1 5ed 79 81 
4 5e5 2e9 2e6 5e2 6 87 
4 5e4 2e8 2e9 5e5 e 87 
4 5f3 2f7 2d3 5cf 16 2e 
4 2c5 2c4 5fc 5fd 41 6b 
4 5e7 2eb 2e5 5e1 84 b1 
4 5f8 2fc 2cc 5c8 1a 8e 
4 5df 2e3 2c5 5fd 17 48 
4 5f3 2f7 2d4 5d0 2e 8b 
4 5fd 2c5 2c3 5fe 65 b0 
4 5c7 2cb 2fd 5f9 69 bd 
4 2ea 2e8 5e4 5e6 e f7 
4 2c4 2c2 600 5fc 11 aa 
4 5e1 2e5 2c4 5fc 6b b1 
4 5f8 2fc 2cd 5c9 8e cf 
4 5d1 2d5 2f7 5f3 c 8b 
4 5f7 2fb 2cf 5cb 2c 8d 
4 5f9 2fd 2cc 5c8 69 75 
4 2c3 2c2 600 5fe ad b5 
4 5e5 2e9 2ea 5e6 e 64 
4 2d3 2f9 5f5 5cf 16 a3 
4 5e1 2e5 2c5 5fd 48 6b 
4 5e4 2e8 2eb 5e7 84 f7 
4 5f7 2fb 2d0 5cc 8d 98 
4 602 2c0 2c3 5fe b0 b5 
4 600 2c2 2c0 602 8 b5 
4 2be 2c5 5fd 603 37 53 
4 2c0 2be 603 602 43 53 
4 602 2c0 2c5 5fd 53 b0 
4 604 2bf 2c4 5fc 11 41 
4 604 2bf 2be 603 37 43 
4 600 2c2 2bf 604 11 105 
4 5fd 2c5 2bf 604 37 41 
4 604 2bf 2c0 602 43 63 
4 5e7 2eb 2ea 5e6 5c f7 
4 2df 2f3 5ef 5db 44 a4 
4 605 2c1 2c2 600 8 105 
4 2c0 2c1 605 602 8 63 
4 2c4 2eb 5e7 5fc 4d b1 
4 604 2bf 2c1 605 63 105 
4 5db 2df 2f6 5f2 24 44 
4 5f2 2f6 2e0 5dc 24 99 
4 5fa 2fe 2d5 5d1 19 6c 
4 5d2 2d6 2fe 5fa a 6c 
4 5e5 2e9 2f2 5ee 64 9d 
4 5f3 2f7 2e2 5de c 38 
4 5ee 2f2 2ea 5e6 64 74 
4 5f4 2f8 2e2 5de 38 4b 
4 5f9 2fd 2db 5d7 75 d2 
4 2c3 2f3 5ef 5fe a4 ad 
4 5d9 2dd 2fc 5f8 1a be 
4 600 2c2 2f3 5ef ad c1 
4 5f7 2fb 2e0 5dc 99 ce 
4 5f0 2f4 2c2 600 b7 c1 
4 5f6 2fa 2c4 5fc 4d d7 
4 5dd 2e1 2fe 5fa 19 d4 
4 5ef 2f3 2f4 5f0 3d c1 
4 2ea 2fa 5f6 5e6 5c 5e 
4 5e7 2eb 2fa 5f6 4d 5c 
4 5fb 2ff 2e4 5e0 1d 2f 
4 5ef 2f3 2f5 5f1 34 3d 
4 5f0 2f4 2f5 5f1 3d 60 
4 601 301 2de 5da 66 b9 
4 5f2 2f6 2f3 5ef 34 44 
4 5fb 2ff 2e6 5e2 2f d8 
4 5fc 2c4 300 5ff aa d7 
4 2f5 2f6 5f2 5f1 34 78 
4 5ff 300 2c2 600 aa b7 
4 2c3 301 601 5fe 65 b9 
4 601 301 2e3 5df 17 bb 
4 2c5 301 601 5fd 17 65 
4 2f8 2f7 5f3 5f4 1e 38 
4 5f5 2f9 2f7 5f3 16 1e 
4 5f5 2f9 2f8 5f4 1e 46 
4 5f7 2fb 2f6 5f2 98 99 
4 5f0 2f4 300 5ff 31 b7 
4 5ff 300 2fa 5f6 3a d7 
4 5cd 2d1 502 4ee 26 57 
4 4f0 4fd 2d3 5cf 4e a3 
4 4fb 519 2c6 5c2 72 a9 
4 518 2c6 5c2 516 21 72 
4 50f 511 2cd 5c9 a5 c6 
4 5ce 2d2 519 4fb d9 da 
4 5ce 2d2 4f8 51e 4 d9 
4 4f8 2d3 5cf 51e 4 4e 
4 5c9 2cd 51a 51c a5 cf 
4 5d9 2dd 4f5 524 3 8a 
4 5f6 2fa 4e7 4e6 3a 5f 
4 5d6 2da 518 516 21 bc 
4 508 523 2dd 5d9 3 be 
4 504 2f4 5f0 4ef 31 45 
4 5f1 2f5 502 4ee 57 88 
4 5ff 300 4e7 4e6 1c 3a 
4 4fd 2f9 5f5 4f0 a3 c3 
4 524 4f5 2ec 5e8 54 8a 
4 519 2ef 5eb 4fb a9 da 
4 5ec 2f0 511 50f b8 c6 
4 540 541 2d1 5cd 26 ca 
4 5f4 2f8 4fa 517 13 46 
4 4ef 504 300 5ff 1c 31 
4 5f5 2f9 4fa 517 46 c3 
4 526 4fe 2f4 5f0 45 60 
4 4fe 2f5 5f1 526 60 88 
4 53b 2da 5d6 53c b6 bc 
4 5f8 2fc 523 508 92 be 
4 51c 51a 2fc 5f8 92 cf 
4 5e6 2ea 536 537 5e 74 
4 5ee 2f2 52d 52c 90 9c 
4 5ee 2f2 52e 52f 5a 90 
4 5c5 2c9 56e 56d 55 c8 
4 5c5 2c9 56f 570 49 55 
4 5de 2e2 54a 54b 2a 4b 
4 537 536 2f2 5ee 5a 74 
4 5e8 2ec 541 540 54 ca 
4 5ec 2f0 53b 53c b6 b8 
4 54a 2e7 5e3 54b 2a 86 
4 578 2cb 5c7 577 8f 9f 
4 55b 2de 5da 55c 12 5d 
4 5dc 2e0 55a 559 2d ce 
4 550 54f 2e7 5e3 86 8c 
4 57a 579 2cb 5c7 9f bd 
4 5dc 2e0 55b 55c 12 2d 
4 5d7 2db 564 563 95 d2 
4 536 2fa 5f6 537 5e 5f 
4 5d7 2db 565 566 85 95 
4 5e3 2e7 554 555 22 8c 
4 56f 2d8 5d4 570 49 d3 
4 546 545 2f8 5f4 13 4c 
4 5f4 2f8 54a 54b 4b 4c 
4 5e9 2ed 565 566 73 85 
4 559 55a 2fb 5f7 7a ce 
4 5ea 2ee 56e 56d c8 c9 
4 5df 2e3 582 581 61 bb 
4 584 583 2e3 5df 61 70 
4 58c 58b 2de 5da 5d 66 
4 5e0 2e4 583 584 23 70 
4 563 564 2fd 5f9 d1 d2 
4 5cb 2cf 5a9 5aa 2c a7 
4 5ed 2f1 578 577 8f c4 
4 591 2e1 5dd 590 30 36 
4 5d4 2d8 5a0 59f 9e d3 
4 593 592 2e1 5dd 36 d4 
4 5a5 2d6 5d2 5a4 a 18 
4 590 591 2e7 5e3 22 30 
4 5e0 2e4 59a 59b 1d 23 
4 545 547 50e 4fa 35 89 
4 4fa 545 546 517 13 20 
4 579 2fd 5f9 57a bd d1 
4 581 582 301 601 71 bb 
4 5a0 2f1 5ed 59f 9e c4 
4 5a5 2ee 5ea 5a4 18 c9 
4 547 548 528 50e 1b3 1b5 
4 5e2 2e6 5b4 5b3 2b d8 
4 5aa 5a9 2ed 5e9 73 a7 
4 5e2 2e6 5b5 5b6 6 2b 
4 548 549 513 528 265 267 
4 5fa 2fe 592 593 c2 d4 
4 58b 301 601 58c 66 71 
4 5b5 2e9 5e5 5b6 6 b4 
4 59a 2ff 5fb 59b 1d 93 
4 5e5 2e9 5bd 5be 9d b4 
4 5fa 2fe 5a5 5a4 a c2 
4 5a9 2fb 5f7 5aa 2c 7a 
4 5ee 2f2 5bd 5be 9c 9d 
4 5fb 2ff 5ae 5af 80 93 
4 5b3 5b4 2ff 5fb 80 d8 

))
(13 (5 27b2 27fe a 0)(
3 383 382 496 89f 0 
3 4a1 3a7 383 930 0 
3 3a7 49a 3da 8c7 0 
3 4aa 3c6 3c5 8bd 0 
3 3d3 4a7 3c5 478 0 
3 499 3db 3da 49a 0 
3 3d3 3db 4a0 44c 0 
3 496 4a1 383 957 0 
3 382 4a9 496 53c 0 
3 414 4a3 412 8c8 0 
3 4a1 49a 3a7 3f2 0 
3 3da 49a 499 466 0 
3 4a0 3db 499 46b 0 
3 3c5 4a7 4a5 8cd 0 
3 4aa 3c5 4a5 3f3 0 
3 4a0 4a7 3d3 499 0 
3 467 4a4 414 407 0 
3 412 4a3 47f 4c4 0 
3 414 4a4 4a3 475 0 
3 484 49f 467 8a2 0 
3 485 49c 484 3c4 0 
3 467 49f 4a4 436 0 
3 48c 4a2 485 397 0 
3 497 498 496 507 0 
3 484 49c 49f 8a6 0 
3 4a8 491 47f 50c 0 
3 4a2 49c 485 8b4 0 
3 499 49a 49b 46f 0 
3 496 498 4a1 4e2 0 
3 49b 49e 499 66b 0 
3 47f 4a3 4a8 4c5 0 
3 4a3 498 497 563 0 
3 49d 49e 49c 10aa 0 
3 499 49e 4a0 659 0 
3 49f 49e 49b 8a3 0 
3 4ac 48c 494 88e 0 
3 49c 49e 49f b5b 0 
3 4a2 49d 49c 11c4 0 
3 496 4a9 497 960 0 
3 4a4 49f 49b 95a 0 
3 4a4 498 4a3 4d0 0 
3 4a2 48c 4ac 3a4 0 
3 49d 4a6 49e 101d 0 
3 49e 4a6 4a0 3fe 0 
3 4a8 4a3 497 4cb 0 
3 4a5 4a6 49d a18 0 
3 49b 49a 4ad 3da 0 
3 4a1 498 4ad 86d 0 
3 4a6 4a7 4a0 477 0 
3 4ad 49a 4a1 d43 0 
3 4ad 498 4a4 b53 0 
3 4ac 49d 4a2 883 0 
3 49d 4ab 4a5 8d3 0 
3 4a5 4a7 4a6 3be 0 
3 4ad 4a4 49b b78 0 
3 4ac 4ab 49d 38e 0 
3 4a5 4ab 4aa 386 0 
4 5c1 4a9 382 534 345 0 
4 491 4a8 5bb 5b2 377 0 
4 4a8 497 5bc 5bb 320 0 
4 497 4a9 5c1 5bc 32f 0 
4 5be 5bd 52d 52c 9c 0 
4 5bd 5bf 530 52d 12f 0 
4 5bf 5c0 532 530 1e1 0 
4 5c0 5c1 534 532 293 0 
4 5ae 5b4 5b3 5af 80 0 
4 5b0 5b7 5b4 5ae 161 0 
4 5b4 5b5 5b6 5b3 2b 0 
4 5b1 5b9 5b7 5b0 213 0 
4 5b7 5b8 5b5 5b4 10a 0 
4 5b2 5bb 5b9 5b1 2c5 0 
4 5b9 5ba 5b8 5b7 1bc 0 
4 5b5 5bd 5be 5b6 b4 0 
4 5bb 5bc 5ba 5b9 26e 0 
4 5b8 5bf 5bd 5b5 119 0 
4 5ba 5c0 5bf 5b8 1cb 0 
4 5bc 5c1 5c0 5ba 27d 0 

))
(13 (6 27ff 284c 5 0)(
3 399 3a8 3e4 875 0 
3 3b3 399 3e1 b31 0 
3 3e6 3a8 3a9 87b 0 
3 3e1 399 3e4 af0 0 
3 3a9 3c9 3e8 bb1 0 
3 3e1 3e2 3b3 873 0 
3 3e6 3e4 3a8 bfb 0 
3 3e8 3e6 3a9 b24 0 
3 3e9 3c9 3ca a5e 0 
3 3e0 3de 3df 87c 0 
3 3ca 3d1 3f1 a95 0 
3 3e8 3c9 3e9 ae0 0 
3 3e3 3e2 3e1 b4c 0 
3 3e1 3e4 3e3 b4b 0 
3 3f1 3e9 3ca 82a 0 
3 3e6 3e7 3e5 e7d 0 
3 3e7 3e6 3e8 6ec 0 
3 3dd 3f8 3d1 5e6 0 
3 3f1 3d1 3f0 b2d 0 
3 3ea 3e7 3e8 c9f 0 
3 3e0 3f3 3de b27 0 
3 3e8 3e9 3ea 76a 0 
3 3e3 3e4 3f2 b45 0 
3 3ea 3ed 3e7 10a2 0 
3 3eb 3ec 3ea bc6 0 
3 3e4 3e6 3f2 f2d 0 
3 3f2 3e6 3e5 94d 0 
3 3ec 3ed 3ea a60 0 
3 3d1 3f8 3f0 714 0 
3 3ea 3e9 3ef 795 0 
3 3f6 3e2 3e3 ab7 0 
3 3ea 3ef 3eb 786 0 
3 3eb 3ee 3ec d7a 0 
3 3e5 3e7 3f4 9aa 0 
3 3ef 3e9 3f1 827 0 
3 3ef 3f0 3eb af6 0 
3 3e7 3ed 3f4 d01 0 
3 3e5 3f3 3f2 d8b 0 
3 3f3 3f7 3de 851 0 
3 3f6 3f3 3e0 aa4 0 
3 3e5 3f4 3f3 a02 0 
3 3f1 3f0 3ef 777 0 
3 3f6 3e3 3f2 b40 0 
3 3f9 3ee 3eb adf 0 
3 3f4 3ed 3f5 afd 0 
3 3eb 3f0 3fa 774 0 
3 3fb 3ed 3ec ad7 0 
3 3f2 3f3 3f6 7c4 0 
3 3ec 3ee 3fc aa5 0 
3 3f3 3f4 3f7 817 0 
3 3f7 3f4 3f5 a87 0 
3 3ed 3fb 3f5 833 0 
3 3eb 3fa 3f9 adc 0 
3 3fa 3f0 3f8 b0c 0 
3 3ec 3fc 3fb b00 0 
3 3f9 3fd 3ee 7bb 0 
3 3fd 3fc 3ee 838 0 
3 3fe 3fd 3f9 bb3 0 
4 3b3 3e2 549 509 317 0 
4 3e2 3f6 54e 549 31a 0 
4 553 3e0 3df 558 342 0 
4 3f6 3e0 553 54e 33f 0 
4 522 548 547 4ec 1b3 0 
4 4ec 547 545 527 35 0 
4 527 545 546 50c 20 0 
4 509 549 548 522 265 0 
4 545 54a 54b 546 4c 0 
4 547 54c 54a 545 7 0 
4 548 54d 54c 547 1b6 0 
4 549 54e 54d 548 268 0 
4 54a 54f 550 54b 86 0 
4 54c 551 54f 54a 129 0 
4 54d 552 551 54c 1db 0 
4 54e 553 552 54d 28d 0 
4 550 54f 554 555 8c 0 
4 54f 551 556 554 12c 0 
4 551 552 557 556 1de 0 
4 552 553 558 557 290 0 

))
(13 (7 284d 2c51 3 0)(
3 348 346 347 42c 0 
3 349 34a 34b 492 0 
3 351 346 348 5eb 0 
3 34d 34e 34c fc2 0 
3 34f 34d 34c 78c 0 
3 350 346 351 4e5 0 
3 34c 355 34f d47 0 
3 347 346 35d 5bb 0 
3 353 354 352 ad6 0 
3 35b 351 348 4f2 0 
3 34b 356 357 635 0 
3 362 34a 349 f1a 0 
3 34a 363 34b 493 0 
3 351 361 350 502 0 
3 351 35b 35c 96a 0 
3 35a 358 359 3eb 0 
3 363 356 34b 799 0 
3 369 34d 34f 632 0 
3 35c 361 351 54c 0 
3 354 365 352 a0c 0 
3 35e 35f 360 5bd 0 
3 364 356 363 4e0 0 
3 357 356 36b 8af 0 
3 365 366 352 c7f 0 
3 34f 36a 369 6a4 0 
3 358 36f 359 c4e 0 
3 35d 376 347 5ae 0 
3 36b 36a 357 9db 0 
3 34f 355 37a 6bf 0 
3 367 366 365 9d2 0 
3 367 365 368 747 0 
3 349 379 362 5aa 0 
3 350 361 378 4c0 0 
3 360 373 35c 426 0 
3 373 361 35c 49f 0 
3 360 35f 374 e36 0 
3 34b 38a 349 e65 0 
3 37f 34a 362 92f 0 
3 359 36f 371 c10 0 
3 37f 363 34a 3f5 0 
3 372 36f 358 10c7 0 
3 37a 36a 34f c53 0 
3 350 38c 346 13f6 0 
3 35d 362 379 c63 0 
3 37a 357 36a 4ad 0 
3 36d 36e 36c 77c 0 
3 370 361 373 514 0 
3 350 378 377 e35 0 
3 346 38c 35d 604 0 
3 374 373 360 b15 0 
3 35d 375 376 9ae 0 
3 381 35f 35e 959 0 
3 364 363 37c 9a9 0 
3 371 36f 370 be0 0 
3 378 361 370 be2 0 
3 35d 379 375 665 0 
3 37a 355 37b 8f5 0 
3 373 371 370 9b4 0 
3 357 394 34b da7 0 
3 374 371 373 9ac 0 
3 35d 38d 362 f3f 0 
3 37c 37d 364 e03 0 
3 363 37f 37c 62e 0 
3 370 36f 380 cc3 0 
3 377 38c 350 110f 0 
3 36c 384 36d 74a 0 
3 380 36f 372 e06 0 
3 383 35f 381 51f 0 
3 380 378 370 580 0 
3 3a4 354 353 b47 0 
3 37e 37d 37c 679 0 
3 380 37e 378 4a1 0 
3 357 37a 394 62c 0 
3 37b 355 395 a4b 0 
3 34c 34e 3b0 c1b 0 
3 36d 384 385 769 0 
3 362 38d 37f 999 0 
3 394 38a 34b f36 0 
3 34c 3af 355 11d2 0 
3 358 39b 372 735 0 
3 38c 38d 35d 3c1 0 
3 383 381 382 916 0 
3 35c 35b 3ad 57b 0 
3 3ae 368 34e d56 0 
3 377 378 392 459 0 
3 372 391 380 611 0 
3 3ac 35e 360 5d6 0 
3 393 384 36c 6f7 0 
3 34e 368 3b0 d6d 0 
3 360 35c 3ad 13b3 0 
3 378 37e 392 438 0 
3 377 38d 38c 40b 0 
3 394 37a 37b 66e 0 
3 391 37d 37e ce9 0 
3 388 386 387 d93 0 
3 3b2 356 364 b60 0 
3 392 37e 37c b97 0 
3 392 37c 37f 463 0 
3 374 35f 3a6 e0a 0 
3 388 354 3a2 949 0 
3 380 391 37e e11 0 
3 359 371 3ab 10b7 0 
3 35a 3b9 358 38c 0 
3 390 391 372 e05 0 
3 36b 356 3b2 587 0 
3 392 38d 377 4db 0 
3 38f 37d 38e 3d8 0 
3 389 38a 38b bad 0 
3 367 368 3ae 7a2 0 
3 38e 37d 391 3fa 0 
3 394 37b 38b 594 0 
3 3bb 365 354 d53 0 
3 37f 38d 392 506 0 
3 3a7 35f 383 8ff 0 
3 3cb 34e 34d 708 0 
3 359 3c0 35a 430 0 
3 35e 3aa 381 568 0 
3 384 396 385 784 0 
3 352 3c9 353 85d 0 
3 372 39b 390 903 0 
3 3ab 371 374 c64 0 
3 3bd 379 349 661 0 
3 38a 394 38b cd2 0 
3 3a2 354 3a4 7c3 0 
3 390 38e 391 555 0 
3 3a4 353 3a5 83a 0 
3 3a1 393 36c b14 0 
3 368 365 3bb 7ba 0 
3 36e 3b5 36c a28 0 
3 395 387 393 1143 0 
3 367 3bc 366 c65 0 
3 38b 37b 3a1 9ec 0 
3 355 3af 395 b44 0 
3 385 396 397 aa9 0 
3 3a9 3a5 353 b3c 0 
3 352 366 3ca a99 0 
3 387 386 3a0 d08 0 
3 349 38a 3bd 1147 0 
3 369 3cc 34d c7d 0 
3 3a2 386 388 779 0 
3 388 3bb 354 b99 0 
3 3a1 37b 395 c6f 0 
3 3a6 35f 3a7 49e 0 
3 382 381 3aa 509 0 
3 393 3a0 384 b6f 0 
3 369 36a 3c3 65c 0 
3 396 386 39f 790 0 
3 3a0 396 384 91e 0 
3 379 3b6 375 a20 0 
3 393 387 3a0 e63 0 
3 3c3 36a 36b ba6 0 
3 3b0 3af 34c 1041 0 
3 3a0 386 396 c92 0 
3 364 37d 3be d57 0 
3 389 39c 39d 6c0 0 
3 3ac 3aa 35e 535 0 
3 3b9 39b 358 3ff 0 
3 398 399 39a 81c 0 
3 360 3ad 3ac 108a 0 
3 39f 386 3a2 a71 0 
3 393 3a1 395 f29 0 
3 396 39f 397 b42 0 
3 387 3af 388 b8a 0 
3 39a 39e 398 842 0 
3 397 39f 39e d5e 0 
3 39c 3b5 36e 699 0 
3 39e 39f 398 aa3 0 
3 3a1 36c 3b5 686 0 
3 395 3af 387 70b 0 
3 398 39f 3a3 a7d 0 
3 38b 3b5 389 753 0 
3 3b2 3b1 36b 3bd 0 
3 3ab 3c0 359 923 0 
3 3a3 39f 3a2 aca 0 
3 3be 37d 38f 3ac 0 
3 374 3a6 3b7 bdb 0 
3 3bd 38a 389 6f4 0 
3 3a2 3a4 3a3 a52 0 
3 3b7 3ab 374 10af 0 
3 353 3c9 3a9 ac4 0 
3 3b0 368 3bb d0d 0 
3 389 3b5 39c 6a5 0 
3 3a3 3a4 3a5 ae3 0 
3 364 3be 3b2 5f0 0 
3 3a1 3b5 38b d52 0 
3 388 3af 3b0 764 0 
3 39a 399 3b3 b2f 0 
3 398 3b4 399 b30 0 
3 3c1 35a 3c0 3f9 0 
3 3a9 3a8 3a5 b22 0 
3 3bd 389 39d 6f6 0 
3 3c7 3b9 35a 3b6 0 
3 36b 3b1 3c3 67f 0 
3 3a3 3b4 398 aee 0 
3 34e 3d6 3ae a37 0 
3 3b4 3a8 399 875 0 
3 3bd 3b6 379 9ca 0 
3 3c8 35a 3c1 39f 0 
3 3b0 3bb 388 6c9 0 
3 3ca 3c9 352 7b0 0 
3 34d 3cc 3cb 725 0 
3 3a5 3b4 3a3 768 0 
3 3c8 3c7 35a 429 0 
3 3a8 3b4 3a5 b33 0 
3 390 3cd 38e 55f 0 
3 38e 3d0 38f 8d8 0 
3 3ae 3d7 367 7cd 0 
3 3bc 3d1 366 a68 0 
3 3cb 3d6 34e a33 0 
3 390 39b 3ce 90c 0 
3 3bf 3be 38f 9bf 0 
3 3b6 3bd 39d 687 0 
3 3c3 3d2 369 607 0 
3 367 3d7 3bc 7df 0 
3 3a6 3ba 3b7 90d 0 
3 3b8 3ab 3b7 ac2 0 
3 366 3d1 3ca ae6 0 
3 3d2 3cc 369 64b 0 
3 3bf 3b1 3b2 8f9 0 
3 3b8 3c0 3ab abb 0 
3 3bf 38f 3cf 9b7 0 
3 3b2 3be 3bf 5d0 0 
3 3b7 3c2 3b8 4ce 0 
3 3ba 3c2 3b7 4a4 0 
3 3ce 3cd 390 8ed 0 
3 3c1 3c0 3b8 460 0 
3 3cd 3d0 38e 517 0 
3 3d4 39b 3b9 3fd 0 
3 3d0 3cf 38f 582 0 
3 3da 3a6 3a7 4be 0 
3 3c5 3c4 3c1 884 0 
3 3ce 39b 3d4 8b8 0 
3 3da 3ba 3a6 914 0 
3 3c6 3c4 3c5 387 0 
3 3c4 3c8 3c1 5e3 0 
3 3c1 3b8 3d3 4c2 0 
3 3b8 3c2 3d3 474 0 
3 3b1 3bf 3d9 5ea 0 
3 3c3 3b1 3d8 9e1 0 
3 3b9 3c7 3d4 41b 0 
3 3d3 3c5 3c1 449 0 
3 3d6 3d5 3ae 737 0 
3 3d5 3d7 3ae aa7 0 
3 3db 3c2 3ba 481 0 
3 3b1 3d9 3d8 616 0 
3 3cf 3d9 3bf 5d5 0 
3 3d8 3d2 3c3 61e 0 
3 3d1 3bc 3dd 5ff 0 
3 3db 3ba 3da 437 0 
3 3c2 3db 3d3 44c 0 
3 3d7 3dc 3bc 7b8 0 
3 3bc 3dc 3dd 7eb 0 
3 3dd 3dc 3f8 7dc 0 
3 400 401 3ff 484 0 
3 423 3df 3de 846 0 
3 3fb 3fc 407 b01 0 
3 403 404 402 740 0 
3 3ff 409 400 a70 0 
3 405 406 407 1011 0 
3 3ff 40a 409 881 0 
3 406 408 407 da3 0 
3 409 40e 400 a83 0 
3 400 40e 411 12e1 0 
3 40c 40d 40b 7b5 0 
3 410 40a 40f 480 0 
3 41c 408 406 800 0 
3 413 414 412 43f 0 
3 406 417 41c a56 0 
3 416 417 415 102d 0 
3 3ff 401 42d b5f 0 
3 42c 40a 3ff 3b0 0 
3 406 405 42b dd5 0 
3 426 40c 40b 7ed 0 
3 41a 418 419 592 0 
3 42f 404 403 d3a 0 
3 422 408 41c 1155 0 
3 419 41b 41a 993 0 
3 421 408 422 12be 0 
3 40f 40a 42c 6e8 0 
3 42b 417 406 4da 0 
3 429 414 413 43c 0 
3 41e 41f 41d d21 0 
3 41d 420 41e f30 0 
3 425 426 40b 7f5 0 
3 418 41a 428 58c 0 
3 415 417 42b 5d3 0 
3 44e 3f5 3fb 833 0 
3 42a 410 429 8ef 0 
3 418 428 427 536 0 
3 403 42e 42f 78a 0 
3 426 421 422 137d 0 
3 429 413 42a 8b9 0 
3 424 425 423 850 0 
3 424 421 426 d7e 0 
3 424 426 425 81b 0 
3 43f 40e 409 141d 0 
3 41c 42e 422 5ed 0 
3 41e 420 430 69f 0 
3 44e 3fb 407 b03 0 
3 402 404 44d a5d 0 
3 430 431 411 670 0 
3 402 452 403 63f 0 
3 407 408 44e 6c6 0 
3 41b 419 43c 5a8 0 
3 41e 430 432 1182 0 
3 431 430 420 12e9 0 
3 403 444 42e 837 0 
3 426 444 40c fc7 0 
3 40c 452 40d 68c 0 
3 41d 41f 443 128f 0 
3 3de 3f7 479 86a 0 
3 44f 408 421 130f 0 
3 411 40e 454 135b 0 
3 3fd 468 3fc 838 0 
3 427 428 43e 5f4 0 
3 409 40a 45d 9a0 0 
3 466 401 400 e1f 0 
3 451 417 416 c14 0 
3 422 444 426 fc8 0 
3 434 435 433 628 0 
3 46b 3fd 3fe 7f3 0 
3 43d 41b 43c 94e 0 
3 407 3fc 468 a74 0 
3 45d 40a 410 ddd 0 
3 41c 417 451 543 0 
3 44d 404 437 76c 0 
3 42e 444 422 1193 0 
3 468 405 407 a4a 0 
3 438 436 437 61b 0 
3 411 466 400 11a8 0 
3 404 42f 456 bfd 0 
3 3f7 3f5 47a 787 0 
3 43d 434 433 905 0 
3 423 3de 470 b39 0 
3 428 43f 43e 8f8 0 
3 440 427 43e 540 0 
3 437 404 456 d2c 0 
3 43a 43b 439 c77 0 
3 454 430 411 1256 0 
3 43c 434 43d 5e1 0 
3 452 444 403 bbd 0 
3 451 42e 41c 992 0 
3 41a 41b 45c 569 0 
3 443 448 41d cdf 0 
3 42a 45d 410 3a0 0 
3 40c 444 452 7a7 0 
3 44e 408 44f 820 0 
3 431 441 442 45f 0 
3 44a 416 44b 1176 0 
3 428 41a 45b 636 0 
3 455 402 44d 742 0 
3 453 452 402 76e 0 
3 4af 3d6 3cb 726 0 
3 453 402 455 72a 0 
3 42e 451 42f ced 0 
3 462 41f 41e 1317 0 
3 45d 43f 409 e7a 0 
3 45b 40e 43f 1186 0 
3 452 453 40d 75d 0 
3 3ff 46d 42c b5a 0 
3 3ff 42d 46d 432 0 
3 429 410 467 3ee 0 
3 437 436 44d 6e1 0 
3 46f 416 415 664 0 
3 43a 44a 43b 9fb 0 
3 454 432 430 1223 0 
3 4b7 3d0 3cd 39e 0 
3 467 414 429 8f0 0 
3 450 436 438 66a 0 
3 411 431 466 fa0 0 
3 4b3 3d2 3d8 675 0 
3 3c7 4bb 3d4 41b 0 
3 462 41e 432 1338 0 
3 42f 43a 456 12b1 0 
3 41f 45a 443 41c 0 
3 435 457 433 1402 0 
3 445 446 447 73b 0 
3 45c 454 40e 123c 0 
3 42d 401 477 3fc 0 
3 45b 43f 428 45b 0 
3 447 436 450 634 0 
3 443 449 448 dd0 0 
3 43b 44a 44c ed5 0 
3 43a 439 456 693 0 
3 437 458 438 6d8 0 
3 413 471 42a 9c0 0 
3 460 416 44a a38 0 
3 45c 40e 45b e9b 0 
3 43e 45d 42a 921 0 
3 41b 43d 465 fc0 0 
3 47f 413 412 40e 0 
3 3cb 3cc 4c6 a24 0 
3 470 421 424 7a8 0 
3 484 410 40f 3cf 0 
3 470 424 423 b37 0 
3 451 416 460 f85 0 
3 435 445 457 5ec 0 
3 4be 3d7 3d5 7ec 0 
3 4bf 3d5 3d6 6f9 0 
3 42f 460 43a 1196 0 
3 42c 478 40f 13c9 0 
3 459 45a 41f 638 0 
3 447 450 445 9a8 0 
3 45b 41a 45c 995 0 
3 44c 44a 44b ed4 0 
3 4cc 3cd 3ce 910 0 
3 433 463 43d 601 0 
3 43e 43f 45d 3c8 0 
3 47a 3f5 44e 805 0 
3 47d 420 41d cea 0 
3 4c9 3d9 3cf 5d5 0 
3 450 438 459 6f2 0 
3 459 41f 461 e83 0 
3 3fd 46b 468 813 0 
3 456 458 437 ca6 0 
3 456 439 458 6ca 0 
3 466 431 442 940 0 
3 44b 416 46f 1160 0 
3 470 3de 479 866 0 
3 42f 451 460 fca 0 
3 41b 465 45c deb 0 
3 4db 3c8 3c4 92a 0 
3 445 450 457 a00 0 
3 46b 405 468 a49 0 
3 3d4 4d1 3ce 48b 0 
3 438 458 45a 656 0 
3 461 41f 462 71b 0 
3 460 44a 43a f7a 0 
3 3d0 4d3 3cf 582 0 
3 438 45a 459 b69 0 
3 4de 3c4 3c6 8bf 0 
3 431 420 47b 3b9 0 
3 4dd 3c7 3c8 411 0 
3 42a 471 43e 4fd 0 
3 4d6 3cc 3d2 68f 0 
3 42b 405 48d 7ce 0 
3 457 461 433 62b 0 
3 474 401 466 5bc 0 
3 469 436 447 a29 0 
3 448 449 45f cf1 0 
3 44f 421 470 825 0 
3 454 465 432 e54 0 
3 435 46c 445 13c0 0 
3 464 449 443 fae 0 
3 44d 436 469 643 0 
3 42b 48b 415 722 0 
3 457 450 459 9ff 0 
3 458 439 464 e31 0 
3 433 461 463 bef 0 
3 43b 473 439 c26 0 
3 432 463 462 10f7 0 
3 447 446 469 9f5 0 
3 47d 41d 448 dd1 0 
3 465 463 432 1159 0 
3 43e 471 440 533 0 
3 446 445 46c 6a0 0 
3 477 401 474 b1f 0 
3 45f 45e 448 98c 0 
3 479 3f7 47a a19 0 
3 443 45a 464 1266 0 
3 431 47b 441 cab 0 
3 43d 463 465 103d 0 
3 44c 472 43b 9b5 0 
3 459 461 457 a41 0 
3 40f 478 476 5fc 0 
3 46d 42d 46e 3d2 0 
3 44d 46a 455 743 0 
3 3d7 4e2 3dc 848 0 
3 3d9 4e4 3d8 616 0 
3 45a 458 464 b8b 0 
3 45c 465 454 d5f 0 
3 467 410 484 898 0 
3 47e 471 413 589 0 
3 46a 469 446 6e4 0 
3 464 439 473 d4d 0 
3 46d 478 42c 3d3 0 
3 463 461 462 108b 0 
3 469 46a 44d a2f 0 
3 46b 48d 405 a90 0 
3 3fe 492 46b 70d 0 
3 45f 449 473 f92 0 
3 47e 413 47f 4d4 0 
3 476 485 40f 66f 0 
3 442 474 466 41a 0 
3 44f 47a 44e 7e7 0 
3 3f9 3fa 4cf a8e 0 
3 442 441 488 439 0 
3 43b 472 473 ec0 0 
3 473 449 464 1002 0 
3 3f8 3dc 4e0 ad3 0 
3 3f9 4cf 3fe 7d9 0 
3 420 47d 47b ce7 0 
3 415 48a 46f 694 0 
3 40f 485 484 3b7 0 
3 46e 42d 481 3e0 0 
3 448 45e 47d 5a9 0 
3 44b 486 44c 5e5 0 
3 42d 477 481 394 0 
3 471 47e 440 522 0 
3 470 479 44f 785 0 
3 3fa 3f8 4e0 b0c 0 
3 47c 441 47b 8e4 0 
3 415 48b 48a a45 0 
3 473 472 45f 95c 0 
3 479 47a 44f a69 0 
3 45f 482 45e 403 0 
3 44b 46f 487 663 0 
3 46e 478 46d 67b 0 
3 475 476 46e 88b 0 
3 47c 489 441 937 0 
3 42b 48d 48b 70a 0 
3 47b 45e 47c 538 0 
3 442 48e 474 3e7 0 
3 47d 45e 47b 528 0 
3 476 478 46e 882 0 
3 45f 472 483 5cb 0 
3 489 488 441 47d 0 
3 48f 472 44c 9a5 0 
3 487 486 44b a2a 0 
3 46e 480 475 895 0 
3 442 488 48e 433 0 
3 482 45f 483 5c0 0 
3 481 480 46e 395 0 
3 44c 486 48f 99c 0 
3 45e 490 47c 950 0 
3 45e 482 490 551 0 
3 475 48c 476 89c 0 
3 3cb 4c6 4af a22 0 
3 46f 48a 487 6cc 0 
3 474 493 477 878 0 
3 4be 3d5 4bf a80 0 
3 48c 485 476 397 0 
3 483 472 48f 927 0 
3 4cc 4b7 3cd 55e 0 
3 46b 492 48d 77f 0 
3 493 481 477 3b3 0 
3 480 495 475 37d 0 
3 47f 491 47e 4d5 0 
3 490 489 47c 4f1 0 
3 48e 493 474 b21 0 
3 494 48c 475 3ae 0 
3 4de 3c6 4aa 380 0 
3 4d3 3d0 4b7 8c6 0 
3 3fe 4cf 492 9ea 0 
3 4d5 3d6 4af 5de 0 
3 4bb 4d1 3d4 8d6 0 
3 4d6 3d2 4b3 9f1 0 
3 475 495 494 89d 0 
3 3ce 4d1 4cc 486 0 
3 4dd 4bb 3c7 9f0 0 
3 4d3 4c9 3cf 5d9 0 
3 4c6 3cc 4d6 690 0 
3 4bf 3d6 4d5 a55 0 
3 3d8 4e4 4b3 683 0 
3 4e2 3d7 4be 80c 0 
3 4db 3c4 4de 5f6 0 
3 3c8 4db 4dd 8d2 0 
3 4cf 3fa 4ce a8f 0 
3 4c9 4e4 3d9 600 0 
3 4b1 487 48a 6cc 0 
3 48f 4b5 483 9d7 0 
3 4e0 3dc 4e2 829 0 
3 489 4b9 488 47d 0 
3 4ce 3fa 4e0 81a 0 
3 493 4bd 481 3b3 0 
3 4c5 486 487 6ba 0 
3 490 482 4c8 4ff 0 
3 4cb 48e 488 433 0 
3 4dc 480 481 3bc 0 
3 48d 492 4cd 73a 0 
3 490 4d2 489 4f1 0 
3 4b0 4ae 4af 615 0 
3 48a 48b 4d4 a25 0 
3 4b1 4ae 4b0 75a 0 
3 4d0 493 48e b3e 0 
3 487 4b1 4c5 6d1 0 
3 48f 486 4d7 9f3 0 
3 480 4d8 495 37d 0 
3 482 483 4e3 5c0 0 
3 4b3 4b4 4b2 943 0 
3 4b4 4b5 4b2 952 0 
3 4b9 4cb 488 8da 0 
3 4b6 4b7 4b8 ac5 0 
3 4b6 4b8 4b9 464 0 
3 48b 48d 4e5 738 0 
3 4d4 4b1 48a 9bb 0 
3 4b9 489 4d2 4ed 0 
3 495 4df 494 396 0 
3 4af 4c6 4b0 767 0 
3 4c5 4b1 4b0 7bf 0 
3 4bc 4ba 4bb 8c9 0 
3 4bd 4ba 4bc 8c0 0 
3 4bd 493 4d0 b46 0 
3 4d7 4b5 48f 97d 0 
3 48b 4c1 4d4 736 0 
3 481 4bd 4dc 3b8 0 
3 48e 4cb 4d0 3c9 0 
3 4d7 486 4c5 61d 0 
3 4d2 490 4c8 91f 0 
3 4c0 4be 4bf 669 0 
3 492 4cf 4cd a96 0 
3 494 4df 4ac 37e 0 
3 483 4b5 4e3 545 0 
3 4c5 4b0 4c4 9e4 0 
3 4b0 4c6 4c4 731 0 
3 4bf 4c3 4c0 606 0 
3 4c0 4c1 4c2 d90 0 
3 4af 4ae 4d5 648 0 
3 4c0 4c3 4c1 754 0 
3 4b7 4cc 4b8 bd7 0 
3 4d4 4ae 4b1 cdd 0 
3 4b9 4b8 4cb e24 0 
3 4b4 4c7 4c8 ccc 0 
3 4c7 4b4 4c9 f05 0 
3 4d8 480 4dc 3ca 0 
3 4c8 482 4e3 5d4 0 
3 4aa 4ab 4de 37c 0 
3 4b2 4d6 4b3 647 0 
3 4d2 4b6 4b9 47f 0 
3 4d3 4b7 4b6 c68 0 
3 4df 4ab 4ac 38f 0 
3 4b2 4b5 4d7 c35 0 
3 4e5 4c1 48b 71e 0 
3 4ba 4d1 4bb b77 0 
3 4d0 4ba 4bd e14 0 
3 4cb 4b8 4ca 4eb 0 
3 4d4 4c3 4ae 6f5 0 
3 4ca 4b8 4cc 89b 0 
3 4ae 4c3 4d5 4bf 0 
3 4d2 4c7 4b6 653 0 
3 4c4 4d6 4b2 9b6 0 
3 4b6 4c7 4d3 3ba 0 
3 4e5 48d 4cd 7c9 0 
3 4ca 4ba 4d0 93c 0 
3 4d7 4c4 4b2 c3c 0 
3 4ca 4d1 4ba 448 0 
3 4d8 4df 495 3d5 0 
3 4cd 4ce 4c2 808 0 
3 4c1 4c3 4d4 79e 0 
3 4d5 4c3 4bf e79 0 
3 4b3 4e4 4b4 646 0 
3 4e3 4b5 4b4 ba3 0 
3 4bd 4bc 4dc 3a6 0 
3 4bb 4dd 4bc c43 0 
3 4c8 4c7 4d2 c83 0 
3 4d0 4cb 4ca 4de 0 
3 4c4 4c6 4d6 8b2 0 
3 4c7 4c9 4d3 bd3 0 
3 4d7 4c5 4c4 e8a 0 
3 4cc 4d1 4ca 90a 0 
3 4cd 4cf 4ce 78e 0 
3 4c0 4e1 4be d95 0 
3 4de 4ab 4da 419 0 
3 4e3 4b4 4c8 6f0 0 
3 4da 4ab 4df 38d 0 
3 4c2 4e1 4c0 e43 0 
3 4b4 4e4 4c9 f16 0 
3 4dc 4bc 4d9 488 0 
3 4c2 4c1 4e5 a48 0 
3 4d9 4bc 4dd 3f6 0 
3 4ce 4e1 4c2 fb9 0 
3 4e5 4cd 4c2 6a3 0 
3 4be 4e1 4e2 a34 0 
3 4d9 4da 4d8 899 0 
3 4dc 4d9 4d8 489 0 
3 4d9 4db 4da df5 0 
3 4dd 4db 4d9 54d 0 
3 4da 4df 4d8 3b2 0 
3 4e0 4e1 4ce ada 0 
3 4da 4db 4de aa0 0 
3 4e2 4e1 4e0 abe 0 
3 546 517 50c 20 0 
4 35b 348 4f3 4e8 32c 0 
4 348 347 505 4f3 31d 0 
3 4fb 5c2 516 72 0 
3 4f0 5cf 51e 4e 0 
3 5ce 4fb 51e d9 0 
3 50f 5c9 51c a5 0 
3 540 5cd 4ee 26 0 
3 4ef 5ff 4e6 1c 0 
3 508 5d9 524 3 0 
3 517 5f5 4f0 c3 0 
3 526 5f0 4ef 45 0 
3 4ee 5f1 526 88 0 
3 516 5d6 53c bc 0 
4 4ea 385 397 501 379 0 
3 4e6 5f6 537 5f 0 
4 36d 385 4ea 51b 321 0 
3 51c 5f8 508 92 0 
3 53c 5ec 50f b8 0 
3 524 5e8 540 54 0 
4 397 39e 4ff 501 325 0 
3 52f 5ee 52c 90 0 
3 537 5ee 52f 5a 0 
3 546 5f4 517 13 0 
4 3ad 35b 4e8 52b 331 0 
4 347 376 544 505 360 0 
4 39d 39c 50d 506 324 0 
4 39e 39a 513 4ff 34b 0 
3 550 5e3 54b 86 0 
3 570 5c5 56d 55 0 
4 375 3b6 515 514 31f 0 
3 5e3 550 555 8c 0 
3 55c 5dc 559 2d 0 
4 36e 36d 51b 53f 36d 0 
3 566 5d7 563 95 0 
3 54b 5f4 546 4c 0 
4 513 39a 3b3 509 317 0 
3 57a 5c7 577 9f 0 
4 3b6 39d 506 515 366 0 
3 5c2 5d6 516 21 0 
4 376 375 514 544 35c 0 
3 5cf 5ce 51e 4 0 
3 5eb 5c2 4fb a9 0 
4 39c 36e 53f 50d 352 0 
3 58c 5da 55c 5d 0 
3 5cd 5f1 4ee 57 0 
3 5ce 5eb 4fb da 0 
3 5f5 5cf 4f0 a3 0 
3 590 5e3 555 22 0 
3 5ec 5c9 50f c6 0 
3 59f 5d4 570 d3 0 
3 584 5df 581 61 0 
3 5ee 5be 52c 9c 0 
4 382 3aa 535 534 344 0 
3 5d9 5e8 524 8a 0 
3 563 5f9 57a d1 0 
3 5f8 5d9 508 be 0 
3 5c9 5f8 51c cf 0 
3 5ff 5f6 4e6 3a 0 
3 5f0 5ff 4ef 31 0 
3 593 5dd 590 36 0 
3 5d4 5c5 570 49 0 
3 5e8 5cd 540 ca 0 
3 59b 5e0 584 23 0 
3 5aa 5e9 566 73 0 
3 56d 5ea 5a4 c9 0 
3 5d6 5ec 53c b6 0 
3 5da 5dc 55c 12 0 
3 5e3 5de 54b 2a 0 
3 577 5ed 59f c4 0 
3 559 5f7 5aa 7a 0 
3 5f4 5f5 517 46 0 
3 5f1 5f0 526 60 0 
4 3ac 3ad 52b 53a 35e 0 
3 5e6 5ee 537 74 0 
4 3aa 3ac 53a 535 346 0 
3 5c5 5ea 56d c8 0 
3 5f6 5e6 537 5e 0 
3 5c2 5c3 5c4 bf 0 
3 581 601 58c 71 0 
3 5e9 5d7 566 85 0 
3 5de 5f4 54b 4b 0 
3 5c3 5c5 5c4 c7 0 
3 5c7 5ed 577 8f 0 
3 5c6 5c7 5c8 62 0 
3 5c9 5c6 5c8 f8 0 
3 5e0 5df 584 70 0 
3 5dc 5f7 559 ce 0 
3 5a4 5fa 593 c2 0 
3 5d7 5f9 563 d2 0 
3 5ca 5cb 5cc b 0 
3 5b6 5e2 5b3 2b 0 
3 5cd 5ca 5cc d 0 
3 5c5 5d4 5c4 96 0 
3 5d6 5c2 5c4 3e 0 
3 5dd 5e3 590 30 0 
3 5f9 5c7 57a bd 0 
3 5ce 5cf 5d0 6a 0 
3 5be 5e5 5b6 b4 0 
3 5fb 59b 5af 93 0 
3 5d4 5d5 5c4 ac 0 
3 5d3 5ce 5d0 94 0 
3 5d5 5d6 5c4 5b 0 
3 5d1 5d2 5d0 9b 0 
3 5cb 5e9 5aa a7 0 
3 5d2 5d3 5d0 d0 0 
3 5ea 5d2 5a4 18 0 
3 5ed 5d4 59f 9e 0 
3 5d7 5d8 5c8 cc 0 
3 5d8 5d9 5c8 b3 0 
3 5b3 5fb 5af 80 0 
3 5c2 5eb 5c3 52 0 
3 5ea 5c5 5c3 6f 0 
3 5e5 5e2 5b6 6 0 
3 5df 601 581 bb 0 
3 5f7 5cb 5aa 2c 0 
3 5fa 5dd 593 d4 0 
3 5e9 5cb 5ca 28 0 
3 5c9 5ec 5c6 77 0 
3 5ed 5c7 5c6 7b 0 
3 5cd 5e8 5ca 107 0 
3 601 5da 58c 66 0 
3 5d2 5fa 5a4 a 0 
3 5dd 5d1 5de f 0 
3 5d3 5ea 5c3 4a 0 
3 5eb 5d3 5c3 3b 0 
3 5da 5db 5dc 82 0 
3 5fb 5e0 59b 1d 0 
3 5e8 5d8 5ca 2 0 
3 5ec 5d5 5c6 7e 0 
3 5d8 5e9 5ca 50 0 
3 5d5 5ed 5c6 79 0 
3 5d3 5eb 5ce 76 0 
3 5ea 5d3 5d2 68 0 
3 5f1 5cd 5cc 59 0 
3 5ee 5e5 5be 9d 0 
3 5e9 5d8 5d7 27 0 
3 5c7 5f9 5c8 69 0 
3 5f8 5c9 5c8 8e 0 
3 5e3 5dd 5de a6 0 
3 5df 5e0 5e1 af 0 
3 5d8 5e8 5d9 106 0 
3 5d5 5ec 5d6 56 0 
3 5ed 5d5 5d4 81 0 
3 5cf 5f3 5d0 2e 0 
3 5cb 5f7 5cc 8d 0 
3 5e0 5e2 5e1 d5 0 
3 5f3 5d1 5d0 8b 0 
3 5e2 5fb 5b3 d8 0 
3 5e2 5e4 5e1 fe 0 
3 5e5 5e4 5e2 87 0 
3 5d9 5f8 5c8 1a 0 
3 5f9 5d7 5c8 75 0 
3 5e4 5e7 5e1 84 0 
3 5d1 5f3 5de c 0 
3 5e4 5e5 5e6 e 0 
3 5d1 5fa 5d2 6c 0 
3 5e7 5e4 5e6 f7 0 
3 5db 5f2 5dc 24 0 
3 5f2 5f1 5cc 78 0 
3 5dd 5fa 5d1 19 0 
3 5e5 5ee 5e6 64 0 
3 5f5 5f3 5cf 16 0 
3 5f7 5f2 5cc 98 0 
3 5ef 5f2 5db 44 0 
3 5db 5da 5fe 42 0 
3 5e0 5fb 5e2 2f 0 
3 5f3 5f4 5de 38 0 
3 5f6 5e7 5e6 5c 0 
3 5df 5e1 5fd 48 0 
3 5f2 5f7 5dc 99 0 
3 5e1 5e7 5fc b1 0 
3 5ef 5f0 5f1 3d 0 
3 5f2 5ef 5f1 34 0 
3 5ef 5db 5fe a4 0 
3 5f3 5f5 5f4 1e 0 
3 5e7 5f6 5fc 4d 0 
3 5e1 5fc 5fd 6b 0 
3 5da 601 5fe b9 0 
3 601 5df 5fd 17 0 
3 5f0 5ef 600 c1 0 
3 600 5ef 5fe ad 0 
3 5ff 5f0 600 b7 0 
3 5f6 5ff 5fc d7 0 
3 5fc 5ff 600 aa 0 
3 601 5fd 5fe 65 0 
3 5fd 602 5fe b0 0 
3 5fc 604 5fd 41 0 
3 602 600 5fe b5 0 
3 600 604 5fc 11 0 
3 603 602 5fd 53 0 
3 5fd 604 603 37 0 
3 605 600 602 8 0 
3 603 604 602 43 0 
3 605 604 600 105 0 
3 604 605 602 63 0 
4 43c 419 562 561 31c 0 
4 3df 423 598 558 341 0 
4 419 418 58f 562 329 0 
4 40d 453 576 575 322 0 
4 4e7 504 4ef 4e6 1c 0 
4 4e9 4f6 504 4e7 11b 0 
4 40b 40d 575 5a8 356 0 
4 46c 435 56c 56b 31e 0 
4 418 427 589 58f 339 0 
4 4f6 4f1 4fe 504 116 0 
4 501 4ff 4f2 4fc 273 0 
4 4f1 500 502 4fe e2 0 
4 507 4ea 501 4fc 2c7 0 
4 427 440 58a 589 327 0 
4 51b 4ea 507 4eb 26f 0 
4 423 425 599 598 33b 0 
4 4fd 4fa 517 4f0 c3 0 
4 425 40b 5a8 599 36f 0 
4 446 46c 56b 580 369 0 
4 4fc 4f2 51f 4f4 1c1 0 
4 4f8 4fd 4f0 51e 4e 0 
4 4f4 51f 4fd 4f8 10f 0 
4 434 43c 561 5ad 363 0 
4 46a 446 580 57f 323 0 
4 435 434 5ad 56c 359 0 
4 4e8 4f3 525 510 27a 0 
4 520 507 4fc 4f4 215 0 
4 4fe 502 4ee 526 88 0 
4 4f9 512 51d 4f7 1bb 0 
4 504 4fe 526 4ef 45 0 
4 525 503 500 4f1 1b9 0 
4 510 525 4f1 4f6 1c8 0 
4 4fa 50e 4ec 527 35 0 
4 51f 50e 4fa 4fd 135 0 
4 52a 510 4f6 4e9 1cd 0 
4 519 520 4f4 4f8 163 0 
4 4f3 505 503 525 26b 0 
4 4fb 519 4f8 51e d9 0 
4 514 515 512 4f9 26d 0 
4 4f7 51d 523 4f5 109 0 
4 506 50d 4ed 529 272 0 
4 4eb 507 520 521 1bd 0 
4 529 4ed 50b 50a 1c0 0 
4 4ff 513 528 4f2 299 0 
4 50a 50b 511 51a 10e 0 
4 518 519 4fb 516 72 0 
4 453 455 5a3 576 36b 0 
4 4f5 523 508 524 3 0 
4 517 4fa 527 50c 20 0 
4 50e 528 522 4ec 1b3 0 
4 4f2 528 50e 51f 1e7 0 
4 536 4e7 4e6 537 5f 0 
4 51a 511 50f 51c a5 0 
4 538 4e9 4e7 536 148 0 
4 52b 4e8 510 52a 27f 0 
4 515 506 529 512 2b4 0 
4 523 51a 51c 508 92 0 
4 440 47e 59e 58a 33c 0 
4 455 46a 57f 5a3 34f 0 
4 51d 50a 51a 523 150 0 
4 512 529 50a 51d 202 0 
4 528 513 509 522 265 0 
4 521 520 519 518 10b 0 
4 542 4f7 4f5 541 146 0 
4 4ed 53e 53d 50b 1ee 0 
4 502 541 540 4ee 26 0 
4 50d 53f 53e 4ed 2a0 0 
4 543 4f9 4f7 542 1f8 0 
4 539 52a 4e9 538 1fa 0 
4 53f 51b 4eb 53e 2bb 0 
4 53e 4eb 521 53d 209 0 
4 500 542 541 502 14a 0 
4 503 543 542 500 1fc 0 
4 50b 53d 53b 511 13c 0 
4 511 53b 53c 50f b8 0 
4 505 544 543 503 2ae 0 
4 544 514 4f9 543 2aa 0 
4 541 4f5 524 540 54 0 
4 53b 518 516 53c bc 0 
4 52d 52e 52f 52c 90 0 
4 530 531 52e 52d 12e 0 
4 53d 521 518 53b 157 0 
4 532 533 531 530 1e0 0 
4 52e 536 537 52f 5a 0 
4 53a 52b 52a 539 2ac 0 
4 534 535 533 532 292 0 
4 531 538 536 52e 130 0 
4 533 539 538 531 1e2 0 
4 59e 47e 491 5b2 378 0 
4 535 53a 539 533 294 0 
4 55a 55b 55c 559 2d 0 
4 55d 55e 55b 55a 15 0 
4 55f 560 55e 55d 1b8 0 
4 561 562 560 55f 26a 0 
4 564 565 566 563 95 0 
4 567 568 565 564 108 0 
4 569 56a 568 567 1ba 0 
4 56b 56c 56a 569 26c 0 
4 56e 56f 570 56d 55 0 
4 571 572 56f 56e 10c 0 
4 579 564 563 57a d1 0 
4 57c 567 564 579 153 0 
4 573 574 572 571 1be 0 
4 57e 569 567 57c 205 0 
4 575 576 574 573 270 0 
4 580 56b 569 57e 2b7 0 
4 55b 58b 58c 55c 5d 0 
4 554 591 590 555 22 0 
4 578 579 57a 577 9f 0 
4 55e 58d 58b 55b 113 0 
4 556 594 591 554 12b 0 
4 57b 57c 579 578 10d 0 
4 560 58e 58d 55e 1c5 0 
4 557 596 594 556 1dd 0 
4 562 58f 58e 560 277 0 
4 57d 57e 57c 57b 1bf 0 
4 558 598 596 557 28f 0 
4 57f 580 57e 57d 271 0 
4 582 583 584 581 61 0 
4 585 586 583 582 111 0 
4 587 588 586 585 1c3 0 
4 58b 582 581 58c 71 0 
4 58d 585 582 58b 123 0 
4 589 58a 588 587 275 0 
4 5a9 55a 559 5aa 7a 0 
4 58e 587 585 58d 1d5 0 
4 5ab 55d 55a 5a9 14d 0 
4 58f 589 587 58e 287 0 
4 56f 5a0 59f 570 d3 0 
4 5ac 55f 55d 5ab 1ff 0 
4 572 5a1 5a0 56f 155 0 
4 5ad 561 55f 5ac 2b1 0 
4 565 5a9 5aa 566 73 0 
4 5a5 56e 56d 5a4 c9 0 
4 574 5a2 5a1 572 207 0 
4 568 5ab 5a9 565 143 0 
4 5a0 578 577 59f c4 0 
4 5a6 571 56e 5a5 140 0 
4 576 5a3 5a2 574 2b9 0 
4 5a1 57b 578 5a0 139 0 
4 56a 5ac 5ab 568 1f5 0 
4 583 59a 59b 584 23 0 
4 5a7 573 571 5a6 1f2 0 
4 591 592 593 590 36 0 
4 586 59c 59a 583 126 0 
4 56c 5ad 5ac 56a 2a7 0 
4 5a2 57d 57b 5a1 1eb 0 
4 5a8 575 573 5a7 2a4 0 
4 594 595 592 591 125 0 
4 588 59d 59c 586 1d8 0 
4 5a3 57f 57d 5a2 29d 0 
4 58a 59e 59d 588 28a 0 
4 596 597 595 594 1d7 0 
4 598 599 597 596 289 0 
4 592 5a5 5a4 593 c2 0 
4 595 5a6 5a5 592 159 0 
4 597 5a7 5a6 595 20b 0 
4 599 5a8 5a7 597 2bd 0 
4 59b 59a 5ae 5af 93 0 
4 59a 59c 5b0 5ae 162 0 
4 59c 59d 5b1 5b0 214 0 
4 59d 59e 5b2 5b1 2c6 0 

))
(12 (2 1 1422 1 0)(
6 6 6 6 6 6 6 6 6 6 6 6 6 6 6 6 6 6 6 6 6 6 6 6 6 6 6 6 6 6 6 6 6 6 6 6 6 6 6 6 6 6 6 6 6 6 6 6 6 6 6 6 6 6 6 6 6 6 6 6 6 6 6 6 6 6 6 6 6 6 6 6 6 6 6 6 6 6 6 6 6 6 6 6 6 6 6 6 6 6 6 6 6 6 6 6 6 6 6 6 6 6 6 6 6 6 6 6 6 6 6 6 6 6 6 6 6 6 6 6 6 6 6 6 6 6 6 6 6 6 6 6 6 6 6 6 6 6 6 6 6 6 6 6 6 6 6 6 6 6 6 6 6 6 6 6 6 6 6 6 6 6 6 6 6 6 6 6 6 6 6 6 6 6 6 6 6 6 6 6 6 6 6 6 6 6 6 6 6 6 6 6 6 6 6 6 6 6 6 6 6 6 6 6 6 6 6 6 6 6 6 6 6 6 6 6 6 6 6 6 6 6 6 6 6 6 6 6 6 6 6 6 6 6 6 6 6 6 6 6 6 6 6 6 6 6 6 6 6 6 6 6 6 6 6 6 6 6 6 6 6 6 6 6 6 6 6 6 6 6 6 6 6 6 6 6 6 6 6 6 6 6 6 6 6 6 6 6 6 6 6 6 6 6 6 6 6 6 6 6 6 6 6 6 6 6 6 6 6 6 6 6 6 6 6 6 6 6 6 6 6 6 6 6 6 6 6 6 6 6 6 6 6 6 6 6 6 6 6 6 6 6 6 6 6 6 6 6 6 6 6 6 6 6 6 6 6 6 6 6 6 6 6 6 6 6 6 6 6 6 6 6 6 6 6 6 6 6 6 6 6 6 6 6 6 6 6 6 6 6 6 6 6 6 6 6 6 6 6 6 6 6 6 6 6 6 6 6 6 6 6 6 6 6 6 6 6 6 6 6 6 6 6 6 6 6 6 6 6 6 6 6 6 6 6 6 6 6 6 6 6 6 6 6 6 6 6 6 6 6 6 6 6 6 6 6 6 6 6 6 6 6 6 6 6 6 6 6 6 6 6 6 6 6 6 6 6 6 6 6 6 6 6 6 6 6 6 6 6 6 6 6 6 6 6 6 6 6 6 6 6 6 6 6 6 6 6 6 6 6 6 6 6 6 6 6 6 6 6 6 6 6 6 6 6 6 6 6 6 6 6 6 6 6 6 6 6 6 6 6 6 6 6 6 6 6 6 6 6 6 6 6 6 6 6 6 6 6 6 6 6 6 6 6 6 6 6 6 6 6 6 6 6 6 6 6 6 6 6 6 6 6 6 6 6 6 6 6 6 6 6 6 6 6 6 6 6 6 6 6 6 6 6 6 6 6 6 6 6 6 6 6 6 6 6 6 6 6 6 6 6 6 6 6 6 6 6 6 6 6 6 6 6 6 6 6 6 6 6 6 6 6 6 6 6 6 6 6 6 6 6 6 6 6 6 6 6 6 6 6 6 6 6 6 6 6 6 6 6 6 6 6 6 6 6 6 6 6 6 6 6 6 6 6 6 6 6 6 6 6 6 6 6 6 6 6 6 6 6 6 6 6 6 6 6 6 6 6 6 6 6 6 6 6 6 6 6 6 6 6 6 6 6 6 6 6 6 6 6 6 6 6 6 6 6 6 6 6 6 6 6 6 6 6 6 6 6 6 6 6 6 6 6 6 6 6 6 6 6 6 6 6 6 6 6 6 6 6 6 6 6 6 6 6 6 6 6 6 6 6 6 6 6 6 6 6 6 6 6 6 6 6 6 6 6 6 6 6 6 6 6 6 6 6 6 6 6 6 6 6 6 6 6 6 6 6 6 6 6 6 6 6 6 6 6 6 6 6 6 6 6 6 6 6 6 6 6 6 6 6 6 6 6 6 6 6 6 6 6 6 6 6 6 6 6 6 6 6 6 6 6 6 6 6 6 6 6 6 6 6 6 6 6 6 6 6 6 6 6 6 6 6 6 6 6 6 6 6 6 6 2 2 2 2 2 2 2 2 2 2 2 2 2 2 2 2 2 2 2 2 2 2 2 2 2 2 2 2 2 2 2 2 2 2 2 2 2 2 2 2 2 2 2 2 2 2 2 2 2 2 2 2 2 2 2 2 2 2 2 2 2 2 2 2 2 2 2 2 2 2 2 2 2 2 2 2 2 2 2 2 2 2 2 2 2 2 2 2 2 2 2 2 2 2 2 2 2 2 2 2 2 2 2 2 2 2 2 2 2 2 2 2 2 2 2 2 2 2 2 2 2 2 2 2 2 2 2 2 2 2 2 2 2 2 2 2 2 2 2 2 2 2 2 2 2 2 2 2 2 2 2 2 2 2 2 2 2 2 2 2 2 2 2 2 2 2 2 2 2 2 2 2 2 2 2 2 2 2 2 2 2 2 2 2 2 2 2 2 2 2 2 2 2 2 2 2 2 2 2 2 2 2 2 2 2 2 2 2 2 2 2 2 2 2 2 2 2 2 2 2 2 2 2 2 2 2 2 2 2 2 2 2 2 2 2 2 2 2 2 2 2 2 2 2 2 2 2 2 2 2 2 2 2 2 2 2 2 2 2 2 2 2 2 2 2 2 2 2 2 2 2 2 2 2 2 2 2 2 2 2 2 2 2 2 2 2 2 2 2 2 2 2 2 2 2 2 2 2 2 2 2 2 2 2 2 2 2 2 2 2 2 2 2 2 2 2 2 2 2 2 2 2 2 2 2 2 2 2 2 2 2 2 2 2 2 2 2 2 2 2 2 2 2 2 2 2 2 2 2 2 2 2 2 2 2 2 2 2 2 2 2 2 2 2 2 2 2 2 2 2 2 2 2 2 2 2 2 2 2 2 2 2 2 2 2 2 2 2 2 2 2 2 2 2 2 2 2 2 2 2 2 2 2 2 2 2 2 2 2 2 2 2 2 2 2 2 2 2 2 2 2 2 2 2 2 2 2 2 2 2 2 2 2 2 2 2 2 2 2 2 2 2 2 2 2 2 2 2 2 2 2 2 2 2 2 2 2 2 2 2 2 2 2 2 2 2 2 2 2 2 2 2 2 2 2 2 2 2 2 2 2 2 2 2 2 2 2 2 2 2 2 2 2 2 2 2 2 2 2 2 2 2 2 2 2 2 2 2 2 2 2 2 2 2 2 2 2 2 2 2 2 2 2 2 2 2 2 2 2 2 2 2 2 2 2 2 2 2 2 2 2 2 2 2 2 2 2 2 2 2 2 2 2 2 2 2 2 2 2 2 2 2 2 2 2 2 2 2 2 2 2 2 2 2 2 2 2 2 2 2 2 2 2 2 2 2 2 2 2 2 2 2 2 2 2 2 2 2 2 2 2 2 2 2 2 2 2 2 2 2 2 2 2 2 2 2 2 2 2 2 2 2 2 2 2 2 2 2 2 2 2 2 2 2 2 2 2 2 2 2 2 2 2 2 2 2 2 2 2 2 2 2 2 2 2 2 2 2 2 2 2 2 2 2 2 2 2 2 2 2 2 2 2 2 2 2 2 2 2 2 2 2 2 2 2 2 2 2 2 2 2 2 2 2 2 2 2 2 2 2 2 2 2 2 2 2 2 2 2 2 2 2 2 2 2 2 2 2 2 2 2 2 2 2 2 2 2 2 2 2 2 2 2 2 2 2 2 2 2 2 2 2 2 2 2 2 2 2 2 2 2 2 2 2 2 2 2 2 2 2 2 2 2 2 2 2 2 2 2 2 2 2 2 2 2 2 2 2 2 2 2 2 2 2 2 2 2 2 2 2 2 2 2 2 2 2 2 2 2 2 2 2 2 2 2 2 2 2 2 2 2 2 2 2 2 2 2 2 2 2 2 2 2 2 2 2 2 2 2 2 2 2 2 2 2 2 2 2 2 2 2 2 2 2 2 2 2 2 2 2 2 2 2 2 2 2 2 2 2 2 2 2 2 2 2 2 2 2 2 2 2 2 2 2 2 2 2 2 2 2 2 2 2 2 2 2 2 2 2 2 2 2 2 2 2 2 2 2 2 2 2 2 2 2 2 2 2 2 2 2 2 2 2 2 2 2 2 2 2 2 2 2 2 2 2 2 2 2 2 2 2 2 2 2 2 2 2 2 2 2 2 2 2 2 2 2 2 2 2 2 2 2 2 2 2 2 2 2 2 2 2 2 2 2 2 2 2 2 2 2 2 2 2 2 2 2 2 2 2 2 2 2 2 2 2 2 2 2 2 2 2 2 2 2 2 2 2 2 2 2 2 2 2 2 2 2 2 2 2 2 2 2 2 2 2 2 2 2 2 2 2 2 2 2 2 2 2 2 2 2 2 2 2 2 2 2 2 2 2 2 2 2 2 2 2 2 2 2 2 2 2 2 2 2 2 2 2 2 2 2 2 2 2 2 2 2 2 2 2 2 2 2 2 2 2 2 2 2 2 2 2 2 2 2 2 2 2 2 2 2 2 2 2 2 2 2 2 2 2 2 2 2 2 2 2 2 2 2 2 2 2 2 2 2 2 2 2 2 2 2 2 2 2 2 2 2 2 2 2 2 2 2 2 2 2 2 2 2 2 2 2 2 2 2 2 2 2 2 2 2 2 2 2 2 2 2 2 2 2 2 2 2 2 2 2 2 2 2 2 2 2 2 2 2 2 2 2 2 2 2 2 2 2 2 2 2 2 2 2 2 2 2 2 2 2 2 2 2 2 2 2 2 2 2 2 2 2 2 2 2 2 2 2 2 2 2 2 2 2 2 2 2 2 2 2 2 2 2 2 2 2 2 2 2 2 2 2 2 2 2 2 2 2 2 2 2 2 2 2 2 2 2 2 2 2 2 2 2 2 2 2 2 2 2 2 2 2 2 2 2 2 2 2 2 2 2 2 2 2 2 2 2 2 2 2 2 2 2 2 2 2 2 2 2 2 2 2 2 2 2 2 2 2 2 2 2 2 2 2 2 2 2 2 2 2 2 2 2 2 2 2 2 2 2 2 2 2 2 2 2 2 2 2 2 2 2 2 2 2 2 2 2 2 2 2 2 2 2 2 2 2 2 2 2 2 2 2 2 2 2 2 2 2 2 2 2 2 2 2 2 2 2 2 2 2 2 2 2 2 2 2 2 2 2 2 2 2 2 2 2 2 2 2 2 2 2 2 2 2 2 2 2 2 2 2 2 2 2 2 2 2 2 2 2 2 2 2 2 2 2 2 2 2 2 2 2 2 2 2 2 2 2 2 2 2 2 2 2 2 2 2 2 2 2 2 2 2 2 2 2 2 2 2 2 2 2 2 2 2 2 2 2 2 2 2 2 2 2 2 2 2 2 2 2 2 2 2 2 2 2 2 2 2 2 2 2 2 2 2 2 2 2 2 2 2 2 2 2 2 2 2 2 2 2 2 2 2 2 2 2 2 2 2 2 2 2 2 2 2 2 2 2 2 2 2 2 2 2 2 2 2 2 2 2 2 2 2 2 2 2 2 2 2 2 2 2 2 2 2 2 2 2 2 2 2 2 2 2 2 2 2 2 2 2 2 2 2 2 2 2 2 2 2 2 2 2 2 2 2 2 2 2 2 2 2 2 2 2 2 2 2 2 2 2 2 2 2 2 2 2 2 2 2 2 2 2 2 2 2 2 2 2 2 2 2 2 2 2 2 2 2 2 2 2 2 2 2 2 2 2 2 2 2 2 2 2 2 2 2 2 2 2 2 2 2 2 2 2 2 2 2 2 2 2 2 2 2 2 2 2 2 2 2 2 2 2 2 2 2 2 2 2 2 2 2 2 2 2 2 2 2 2 2 2 2 2 2 2 2 2 2 2 2 2 2 2 2 2 2 2 2 2 2 2 2 2 2 2 2 2 2 2 2 2 2 2 2 2 2 2 2 2 2 2 2 2 2 2 2 2 2 2 2 2 2 2 2 2 2 2 2 2 2 2 2 2 2 2 2 2 2 2 2 2 2 2 2 2 2 2 2 2 2 2 2 2 2 2 2 2 2 2 2 2 2 2 2 2 2 2 2 2 2 2 2 2 2 2 2 2 2 2 2 2 2 2 2 2 2 2 2 2 2 2 2 2 2 2 2 2 2 2 2 2 2 2 2 2 2 2 2 2 2 2 2 2 2 2 2 2 2 2 2 2 2 2 2 2 2 2 2 2 2 2 2 2 2 2 2 2 2 2 2 2 2 2 2 2 2 2 2 2 2 2 2 2 2 2 2 2 2 2 2 2 2 2 2 2 2 2 2 2 2 2 2 2 2 2 2 2 2 2 2 2 2 2 2 2 2 2 2 2 2 2 2 2 2 2 2 2 2 2 2 2 2 2 2 2 2 2 2 2 2 2 2 2 2 2 2 2 2 2 2 2 2 2 2 2 2 2 2 2 2 2 2 2 2 2 2 2 2 2 2 2 2 2 2 2 2 2 2 2 2 2 2 2 2 2 2 2 2 2 2 2 2 2 2 2 2 2 2 2 2 2 2 2 2 2 2 2 2 2 2 2 2 2 2 2 2 2 2 2 2 2 2 2 2 2 2 2 2 2 2 2 2 2 2 2 2 2 2 2 2 2 2 2 2 2 2 2 2 2 2 2 2 2 2 2 2 2 2 2 2 2 2 2 2 2 2 2 2 2 2 2 2 2 2 2 2 2 2 2 2 2 2 2 2 2 2 2 2 2 2 2 2 2 2 2 2 2 2 2 2 2 2 2 2 2 2 2 2 2 2 2 2 2 2 2 2 2 2 2 2 2 2 2 2 2 2 2 2 2 2 2 2 2 2 2 2 2 2 2 2 2 2 2 2 2 2 2 2 2 2 2 2 2 2 2 2 2 2 2 2 2 2 2 2 2 2 2 2 2 2 2 2 2 2 2 2 2 2 2 2 2 2 2 2 2 2 2 2 2 2 2 2 2 2 2 2 2 2 2 2 2 2 2 2 2 2 2 2 2 2 2 2 2 2 2 2 2 2 2 2 2 2 2 2 2 2 2 2 2 2 2 2 2 2 2 2 2 2 2 2 2 2 2 2 2 2 2 2 2 2 2 2 2 2 2 2 2 2 2 2 2 2 2 2 2 2 2 2 2 2 2 2 2 2 2 2 2 2 2 2 2 2 2 2 2 2 2 2 2 2 2 2 2 2 2 2 2 2 2 2 2 2 2 2 2 2 2 2 2 2 2 2 2 2 2 2 2 2 2 2 2 2 2 2 2 2 2 2 2 2 2 2 2 2 2 2 2 2 2 2 2 2 2 2 2 2 2 2 2 2 2 2 2 2 2 2 2 2 2 2 2 2 2 2 2 2 2 2 2 2 2 2 2 2 2 2 2 2 2 2 2 2 2 2 2 2 2 2 2 2 2 2 2 2 2 2 2 2 2 2 2 2 2 2 2 2 2 2 2 2 2 2 2 2 2 2 2 2 2 2 2 2 2 2 2 2 2 2 2 2 2 2 2 2 2 2 2 2 2 2 2 2 2 2 2 2 2 2 2 2 2 2 2 2 2 2 2 2 2 2 2 2 2 2 2 2 2 2 2 2 2 2 2 2 2 2 2 2 2 2 2 2 2 2 2 2 2 2 2 2 2 2 2 2 2 2 2 2 2 2 2 2 2 2 2 2 2 2 2 2 2 2 2 2 2 2 2 2 2 2 2 2 2 2 2 2 2 2 2 2 2 2 2 2 2 2 2 2 2 2 2 2 2 2 2 2 2 2 2 2 2 2 2 2 2 2 2 2 2 2 2 2 2 2 2 2 2 2 2 2 2 2 2 2 2 2 2 2 2 2 2 2 2 2 2 2 2 2 2 2 2 2 2 2 2 2 2 2 2 2 2 2 2 2 2 2 2 2 2 2 2 2 2 2 2 2 2 2 2 2 2 2 2 2 2 2 2 2 2 2 2 2 2 2 2 2 2 2 2 2 2 2 2 2 2 2 2 2 2 2 2 2 2 2 2 2 2 2 2 2 2 2 2 2 2 2 2 2 2 2 2 2 2 2 2 2 2 2 2 2 2 2 2 2 2 2 2 2 2 2 2 2 2 2 2 2 2 2 2 2 2 2 2 2 2 2 2 2 2 2 2 2 2 2 2 2 2 2 2 2 2 2 2 2 2 2 2 2 2 2 2 2 2 2 2 2 2 2 2 2 2 2 2 2 2 2 2 2 2 2 2 2 2 2 2 2 2 2 2 2 2 2 2 2 2 2 2 2 2 2 2 2 2 2 2 2 2 2 2 2 2 2 2 2 2 2 2 2 2 2 2 2 2 2 2 2 2 2 2 2 2 2 2 2 2 2 2 2 2 2 2 2 2 2 2 2 2 2 2 2 2 2 2 2 2 2 2 2 2 2 2 2 2 2 2 2 2 2 2 2 2 2 2 2 2 2 2 2 2 2 2 2 2 2 2 2 2 2 2 2 2 2 2 2 2 2 2 2 2 2 2 2 2 2 2 2 2 2 2 2 2 2 2 2 2 2 2 2 2 2 2 2 2 2 2 2 2 2 2 2 2 2 2 2 2 2 2 2 2 2 2 2 2 2 2 2 2 2 2 2 2 2 2 2 2 2 2 2 2 2 2 2 2 2 2 2 2 2 2 2 2 2 2 2 2 2 2 2 2 2 2 2 2 2 2 2 2 2 2 2 2 2 2 2 2 2 2 2 2 2 2 2 2 2 2 2 2 2 2 2 2 2 2 2 2 2 2 2 2 2 2 2 2 2 2 2 2 2 2 2 2 2 2 2 2 2 2 2 2 2 2 2 2 2 2 2 2 2 2 2 2 2 2 2 2 2 2 2 2 2 2 2 2 2 2 2 2 2 2 2 2 2 2 2 2 2 2 2 2 2 2 2 2 2 2 2 2 2 2 2 2 2 2 2 2 2 2 2 2 2 2 2 2 2 2 2 2 2 2 2 2 2 2 2 2 2 2 2 2 2 2 2 2 2 2 2 2 2 2 2 2 2 2 2 2 2 2 2 2 2 2 2 2 2 2 2 2 2 2 2 2 2 2 2 2 2 2 2 2 2 2 2 2 2 2 2 2 2 2 2 2 2 2 2 2 2 2 2 2 2 2 2 2 2 2 2 2 2 2 2 2 2 2 2 2 2 2 2 2 2 2 2 2 2 2 2 2 2 2 2 2 2 2 2 2 2 2 2 2 2 2 2 2 2 2 2 2 2 2 2 2 2 2 2 2 2 2 2 2 2 2 2 2 2 2 2 2 2 2 2 2 2 2 2 2 2 2 2 2 2 2 2 2 2 2 2 2 2 2 2 2 2 2 2 2 2 2 2 2 2 2 2 2 2 2 2 2 2 2 2 2 2 2 2 2 2 2 2 2 2 2 2 2 2 2 2 2 2 2 2 2 2 2 2 2 2 2 2 2 2 2 2 2 2 2 2 2 2 2 2 2 2 2 2 2 2 2 2 2 2 2 2 2 2 2 2 2 2 2 2 2 2 2 2 2 2 2 2 2 2 2 2 2 2 2 2 2 2 2 2 2 2 2 2 2 2 2 2 2 2 2 2 2 2 2 2 2 2 2 2 2 2 2 2 2 2 2 2 2 2 2 2 2 2 2 2 2 2 2 2 2 2 2 2 2 2 2 2 2 2 2 2 2 2 2 2 2 2 2 2 2 2 2 2 2 2 2 2 2 2 2 2 2 2 2 2 2 2 2 2 2 2 2 2 2 2 2 2 2 2 2 2 2 2 2 2 2 2 2 2 2 2 2 2 2 2 2 2 2 2 2 2 2 2 2 2 2 2 2 2 2 2 2 2 2 2 2 2 2 2 2 2 2 2 2 2 2 2 2 2 2 2 2 2 2 2 2 2 2 2 2 2 2 2 2 2 2 2 2 2 2 2 2 2 2 2 2 2 2 2 2 2 2 2 2 2 2 2 2 2 2 2 2 2 2 2 2 2 2 2 2 2 2 2 2 2 2 2 2 2 2 2 2 2 2 2 2 2 2 2 2 2 2 2 2 2 2 2 2 2 2 2 2 2 2 2 2 2 2 2 2 2 2 2 2 2 2 2 2 2 2 2 2 2 2 2 2 2 2 2 2 2 2 2 2 2 2 2 2 2 2 2 2 2 2 2 2 2 2 2 2 2 2 2 2 2 2 2 2 2 2 2 2 2 2 2 2 2 2 2 2 2 2 2 2 2 2 2 2 2 2 2 2 2 2 2 2 2 2 2 2 2 2 2 2 2 2 2 2 2 2 2 2 2 2 2 2 2 2 2 2 2 2 2 2 2 2 2 2 2 2 2 2 2 2 2 2 2 2 2 2 2 2 2 2 2 2 2 2 2 2 2 2 2 2 2 2 2 2 2 2 2 2 2 2 2 2 2 2 2 2 2 2 2 2 2 2 2 2 2 2 2 2 2 2 2 2 2 2 2 2 2 2 2 2 2 2 2 2 2 2 2 2 2 2 2 2 2 2 2 2 2 2 2 2 2 2 2 2 2 2 2 2 2 2 2 2 2 2 2 2 2 2 2 2 2 2 2 2 2 2 2 2 2 2 2 2 2 2 2 2 2 2 2 2 2 2 2 2 2 2 2 2 2 2 2 2 2 2 2 2 2 2 2 2 2 2 2 2 2 2 2 2 2 2 2 2 2 2 2 2 2 2 2 2 2 2 2 2 2 2 2 2 2 2 2 2 2 2 2 2 2 2 2 2 2 2 2 2 2 2 2 2 2 2 2 2 2 2 2 2 2 2 2 2 2 2 2 2 2 2 2 2 2 2 2 2 2 2 2 2 2 2 2 2 2 2 2 2 2 2 2 2 2 2 2 2 2 2 2 2 2 2 2 2 2 2 2 2 2 2 2 2 2 2 2 2 2 2 2 2 2 2 2 2 2 2 2 2 2 2 2 2 2 2 2 2 2 2 2 2 2 2 2 2 2 2 2 2 2 2 2 2 2 2 2 2 2 2 2 2 2 2 2 2 2 2 2 2 2 2 2 2 2 2 2 2 2 2 2 2 2 2 2 2 2 2 2 2 2 2 2 2 2 2 2 2 2 2 2 2 2 2 2 2 2 2 2 2 2 2 2 2 2 2 2 2 2 2 2 2 2 2 2 2 2 2 2 2 2 2 2 2 2 2 2 2 2 2 2 2 2 2 2 2 2 2 2 2 2 2 2 2 2 2 2 2 2 2 2 2 2 2 2 2 2 2 2 2 2 2 2 2 2 2 2 2 2 2 2 2 2 2 2 2 2 2 2 2 2 2 2 2 2 2 2 2 2 2 2 2 2 2 2 2 2 2 2 2 2 2 2 2 2 2 2 2 2 2 2 2 2 2 2 2 2 2 2 2 2 2 2 2 2 2 2 2 2 2 2 2 2 2 2 2 2 2 2 2 2 2 2 2 2 2 2 2 2 2 2 2 2 2 2 2 2 2 2 2 2 2 2 2 2 2 2 2 2 2 2 2 2 2 2 2 2 2 2 2 2 2 2 2 2 2 2 2 2 2 2 2 2 2 2 2 2 2 2 2 2 2 2 2 2 2 2 2 2 2 2 2 2 2 2 2 2 2 2 2 2 2 2 2 2 2 2 2 2 2 2 2 2 2 2 2 2 2 2 2 2 2 2 2 2 2 2 2 2 2 2 2 
))
(45 (1 interior interior-geometry_3d)())
(45 (2 fluid geometry_3d)())
(45 (5 velocity-inlet inlet)())
(45 (6 pressure-outlet outlet)())
(45 (7 wall outerwall)())
