(0 grid written by ANSYS Meshing
   nodes:       (10 (id start end type) (x y z ...))
              faces:       (13 (id start end type elemType)
                (v-0 v-1 .. v-n right-cell left-cell ...))
   cells:       (12 (id start end type elemtype))
   parent-face: (59 (start end parent child) (nchilds child0 child1 ...))
)
(2 3)
(10 (0 1 44d 0))
(13 (0 1 27ff 0))
(12 (0 1 12f9 0))
(10 (3 1 23e 1 3)(
-0.1341060306706837 1.007538243203727 0.9868982786058629
0.2058913091203585 1.135119627563157 0.9935816289263906
0.2010429716894785 -1.209445605474566 0.4193805922258148
0.1845777710731505 0.1225639225617869 0.9384796820299035
-0.1894499135334495 -0.2515828405903605 0.9747025740737207
-0.1862525346443042 -0.5661666218790016 0.4939939549199449
-0.2076908639334181 -1.205858308644735 0.7011945857993691
0.189365123432052 0.02426629515190998 0.1201912251388548
0.2188834192209352 -1.218883419220935 0.8937500000000003
-0.1021378516454776 -0.8494616558311501 0.9821724393933934
0.1916325931364092 0.6929865549974655 0.5984735936350025
-0.009603336893515753 -1.126447256497059 0.1178167865957121
0.2189995801371448 -1.219158383776471 0.618548182519551
0.05000000000000007 -1.20570987616645 0.982147771070178
0.05098825364834386 0.5923736985522777 0.1240215390181744
-0.1845800386687903 0.8512390442609536 0.1667932965588929
-0.1849288805309914 0.3568167629613085 0.3747355257417255
0.1900915554050392 0.7299259399239476 0.1022658436112744
-0.1821724393933929 -0.9006471607806577 0.1979377718132735
-0.05561717005909284 -0.2875155375158736 0.1128249114223315
-0.1908341749819379 -1.065534615456529 0.889313918554725
-0.1821724393933929 -0.7853446369089253 0.6921035902931938
0.1821018107660848 -0.9031723966974614 0.2982361657637782
0.1913540613939889 -1.001177888079902 0.9664971902621253
0.191529741441752 0.2700721998169915 0.1163709152666546
-0.1937249734165018 -1.159190731345897 0.2359054276975864
0.1936473275786333 0.5492599511676998 0.1051299831092581
0.2182157718191568 1.192409878662522 0.2720316722778865
0.2072537105125727 0.9497077579943252 1.018482096146571
0.08334994257737605 1.197837304263297 0.7948322418582358
-0.1932500301235054 -0.05717835753074377 0.1705581793937322
-0.1963018820252265 -0.5605126714698441 0.9749634196026593
0.1853904538506367 -0.7258534028485387 0.8799648673457907
-0.2023036093591263 -1.213530205610805 0.3946662644319701
-0.2112834025686289 0.8039085519290007 1.008279035836651
-0.1860783175267543 1.038378117210321 0.1995642545957556
0.1941279519612384 0.5269008164281176 0.9812899158714743
0.08857440089462688 -0.2426162380711346 0.9835632838034032
-0.2105376801641516 1.189842340185427 0.4323088389434991
-0.1893850774468439 0.2541194487915125 0.8952066653837425
0.2026431983406279 -1.195193703057821 0.2608299507404352
-0.2166430550915718 -1.227777777777778 1.016643055091572
-0.1810255860113231 -0.2458767244793731 0.1111597940098473
0.1838783630660364 0.6844923176523762 0.984064877699395
-0.08264112264198997 -0.8873308896153363 0.1107213910209172
-0.2147331788428897 -0.5748478557774372 0.111510655039042
-0.1719589234549432 -1.010003434801178 0.0848547223381808
-0.1945617678777082 0.1365575194732183 0.1358035246507605
-0.06835472736537769 0.6237383679343189 0.9885099775752177
-0.1950383223916684 0.557159402559591 0.9783603754155427
0.1985271164689195 0.4068114597264131 0.1283317025052447
-0.2095967790452067 0.9479497385759993 0.09472661864278714
-0.2152442520330477 -0.4084754403382621 0.9919072761091141
-0.2173410013719016 1.184518902873319 0.8428848358206859
-0.1857152240192053 -0.4302987780717227 0.102803470051397
-0.05853435050029282 -0.01098269659779444 0.9865623185376756
0.1901732003738402 1.188558275166979 0.1148156726814784
0.2066414955811362 -0.5229007661666963 0.09066556062531826
-0.1823512722779546 -0.9101035037815491 0.993145161999509
0.2004086480297825 -0.9169915145494834 0.08718238750177236
-0.1851019938093609 0.07227085115266187 0.4717525092686333
-0.1966481218582048 -1.083647450801665 0.9986471827866591
-0.06575000858769722 -1.216963352826227 0.08823831556119983
-0.1885350270768525 -0.3120166099598797 0.6157823968288074
0.1821724393933931 -0.2718364362363458 0.09930555555555561
0.2058875595728946 -0.5623201780327616 0.9756261136741113
0.1453805258504365 1.029855603565698 0.1054496555095048
0.09472280381374315 1.184003080514832 0.5476863448970998
-0.181072436384889 1.111230893871572 0.6380850637692771
0.2054282195883612 -0.6942359791577926 0.1197475860011408
-0.2124360159145593 -1.21193142062189 0.09800617267814314
-0.1862622854187488 -1.21241195417059 0.5204065801796505
0.1866755711967652 -1.071669189247004 0.7762429011936356
0.200420243982736 -1.153419882673144 0.9916405549939755
-0.09288891704094127 -1.194048650123116 1.005625686384966
-0.1956596672033571 -0.7097269420644637 0.9829529365646482
0.1615208511636981 -0.5926046652208622 0.3520448277055883
0.2328599150935367 -0.08599931688833369 0.06804240677841836
-0.2129644333187842 -0.8102264637805728 0.1007544655040529
-0.1946628067109529 0.3674774278725825 0.0886971578249369
-0.1865109179816868 0.6149176897888684 0.1806121719972578
-0.2020459938187534 0.4050340685384335 0.971302860853907
-0.2166833328843993 -0.07222222222222228 1.0166833328844
-0.2129330224982459 1.218581482129374 0.08706695552581926
0.04488070878680512 1.188285864454143 0.1213369593131679
-0.2218767324294866 1.217099260384249 0.3379814290902918
0.1906972179122091 1.225394979113201 0.3810600242311942
0.2166833328843993 0.3611111111111118 1.0166833328844
0.1873371532360719 0.8979592364051714 0.1102133699530354
-0.2012068983476177 1.183568217972411 0.5570151119546378
0.1821724393933929 1.209562449024722 0.6685574308709722
0.2194966870356068 -1.219113708672959 0.1048461853937283
0.207493090596408 -1.081439823145492 0.1248763198650758
0.1034469646843945 -0.8720488126793099 0.09981821581850099
-0.1826455733758291 -0.664923120072905 0.2461353543364393
-0.04679306944386497 -0.5725152482632963 0.116430428937338
0.2053875111065266 -0.3968650952103678 0.9808762615656849
0.1997681047121453 -0.1227324646220032 0.9821724393933934
-0.2004456108316632 0.7129420147231142 0.1125098280225765
-0.1943124300089982 0.1280931390445092 0.9811623244024998
-0.1821724393933931 0.3490740661621095 0.6416666666666669
-0.2208571755135439 0.7954860861740749 0.07253156194239042
0.04821814798941149 1.176276448898177 0.9825345130493666
-0.224948546566527 1.211585649849308 1.017983531598567
0.1913494710767626 1.222191770291289 0.8844946601358941
0.2051361004654874 0.0113722790610204 0.9787824982302668
-0.1538718910944691 0.9291244617237866 0.7960567258363773
0.2239419561946524 0.147321625412741 0.08935006195864202
0.1322682437648501 0.6895007315470044 0.3941114600252595
0.001756685760158775 -0.964064211586617 0.4982438194432537
0.1507977704440986 -0.8607529908285156 0.9673756095572178
-0.2107992062899496 0.9185568940280654 1.01201377144102
-0.1595215562078933 -1.192751590419824 0.8857836418610201
-0.06267034745496756 -1.019351412750716 0.1527676452193689
0.1259648511300727 -0.6357173608915708 0.1035451307381922
-0.1489353964327088 0.2597093507473335 0.3344563677890282
-0.0805470879276458 -0.2029922732219495 0.3844169655176958
-0.09432544323825083 -0.08828919300677314 0.726258849972397
-0.14243558710989 -0.7996578395487403 0.9119255538142137
-0.148911396884101 -0.673352199713905 0.1200047424469736
-0.04399133232477936 0.4322232236555746 0.9436931421444396
-0.09506633868175877 1.205102198201322 0.09302104427567394
-0.03624575516668958 1.057913526167385 0.2416603669460202
-0.1609032107448778 1.183320209816909 0.2250959745016103
-0.1252637350533811 0.7139510175015752 0.2153409806610615
-0.1869699270033426 0.25102672004961 1.01779434712961
-0.05239359377561142 1.139687087564179 0.8575990184659118
-0.09144045991248108 0.7887389695438032 0.3187253027843058
-0.1745266772589027 0.5075051718898232 0.7067266433109335
-0.1030791968726371 0.222491571295987 0.7297398028278171
-0.05164561199112107 -0.0830021477294129 0.4541824988715895
0.2005802151812441 -0.7651340937982067 0.9959028438768426
0.1533496515397001 -0.7022575557638027 0.4892893794964871
-0.1940779471980496 -1.039578778461496 0.1921408121818216
0.04913136263721488 -0.05726015249420179 0.847324383929834
0.2013280698170485 0.8099279304749208 1.003322665593496
0.07837032257907925 1.154280086314225 0.3216052277948207
-0.2245047214590664 1.082426923134057 0.5181361906064612
0.1849557472966453 -0.75839909227966 0.3247769563231629
0.1647924667662388 0.7020782505725696 0.764865847702374
0.201024669156068 0.611380906684952 0.4688932869780194
-0.00492651092300407 0.1626082256515189 0.2840270664191215
-0.1646794242366291 -0.5206880803745819 0.1934421522495571
-0.174598087633901 1.210431557767581 0.7184336399241212
-0.2131765664109697 -0.7356920259673995 0.8185806782642168
0.2163685142362399 -0.8909049089865136 0.8726164468705018
-0.03433466288864526 1.189321307639271 0.2055102181660187
0.05019403425031378 -0.99938825035837 0.1088350545735551
-0.1087158517529276 1.169731137729155 0.9935553445466164
-0.09715085807644631 -1.088741697395577 0.5065698624979924
0.01271129752198056 -1.068451376318873 0.82740814138688
-0.02686652723000378 0.3685035012125934 0.3432603187928364
0.1486475434014068 -0.4706632759315161 0.4680455080117236
-0.1700629839742686 0.6869240401299355 0.7518262422869346
-0.1300752497549259 0.3837872488643232 0.7877580000063285
0.07117614921995351 0.2697560691813918 0.9488288602618752
0.1994636566777086 -0.3453144365587644 0.8458884055673264
-0.07288580664176247 0.6783603823496208 0.09626586783818755
-0.09357087747708918 1.212364991702071 0.6220055599269115
0.1856297767346406 -1.046415685354606 0.277754886407317
0.1428349542135156 -0.9084713148191398 0.4837713338327063
0.006295677394465725 1.064318351233911 0.1183053680303363
-0.1857484645323501 -0.7824311652304526 0.2278859584892181
0.205164171068333 1.166459300076587 0.7622881604438168
0.08794771131033598 1.034244546339354 0.9566635105298538
-0.1960882423137937 1.117133123477709 0.3167605499132728
-0.204513131144915 0.6848988141848436 1.002302004323882
-0.01814466232273814 0.08510659523691098 0.5085171902395044
-0.06347170694508325 -0.7289794432268043 1.000695530995575
-0.1675274566677479 0.1537942641165934 0.616368886885699
0.04941955303002985 -0.8986111043294268 0.1945727904017046
-0.1000221770969471 0.02058457312959635 0.07951366919163778
-0.1865033071876654 -0.9254396261827273 0.7907087544239594
-0.01199916586882038 0.7074480982761314 0.4330363672000517
-0.1703215710707651 -0.1813178942871808 0.8574105710695991
-0.169937455622077 1.122543002916764 0.1016646453591103
0.0476048278377891 -0.2135779526723086 0.249457865066458
0.07940769881355414 -0.01590713317647545 0.9741013413138911
0.1965321442287984 -0.3949044790947269 0.1045603294619003
0.1438659486645384 0.999086759303366 0.3391231799409391
-0.2107297485059267 0.2539379951129163 0.110080807493816
0.03008768883077598 -0.1381518311741072 0.9801558419169457
0.1253559025358443 -0.1521985514045545 0.4979887450236695
-0.1773394716926325 1.074917415619527 0.8111438254789028
0.1073096403117843 -1.1655308806618 0.1106295193120583
0.173179796041015 0.6435565027460854 0.2466685986669971
-0.1556535817514732 0.5382729393499686 0.09366287775722333
-0.2047126479725302 -0.5037021374716592 0.8579366929720385
0.1040970358404324 -1.208134497127512 0.8383345946484025
-0.08772431701961086 -1.020087965351446 0.9986645114049566
-0.1969733174427576 0.2219897142763928 0.447232588361354
-0.177236131653821 0.03734080539947206 0.8939364702028443
-0.08316280374698848 0.3283488443754004 0.981523812341346
0.08617273981189819 -1.015486462878922 0.6398615344295241
-0.1870910778966321 -0.141857944775237 0.615004628250053
0.1087383298128008 -0.6610144010668589 0.2212773381935745
-0.129953543530431 -0.2162541181228349 0.2500758045181741
-0.1400317934699372 -0.2416953528815929 0.496945252923725
0.1905981423415219 1.093024508151818 0.6127841179657179
0.07112428730680352 0.5738036102828697 0.9803252436351287
0.01529958841350102 -0.8578790017661651 0.9707673286312527
0.09377443634776568 -0.6992289170422724 0.9963495171818354
-0.05800505372207421 -0.2465252451684974 0.9696389148538809
-0.1912142311936716 -0.08693853265800172 0.3666855143609331
-0.09949448431713558 0.9385512670058648 0.1937252984033432
0.02034167117018556 -1.209485051542147 0.2014098478643587
0.2334446841005488 0.7428482200338753 0.2072150192457863
0.1959694027212261 -0.8043159150214788 0.1889854352323923
-0.1805630893838155 -0.6261569860337635 0.3698448068541962
0.1092657419772255 0.4072394825374703 0.1039722250313114
-0.06150205747252037 1.150654567280003 0.7255201629295276
-0.1768497257158742 1.022827745578744 0.7113539242495732
0.0871768922243934 0.3969824795539593 0.9970968578331338
-0.1726259258974707 0.856238048159753 0.9085175150862438
0.08505518918254541 -0.5118664937365104 0.09969930693085007
-0.1737777331582904 0.1925434599571933 0.2402162059799516
-0.2308836834676125 -0.5477296830266848 0.6275209117854892
-0.2245849722716309 -0.8908254334329428 0.6619290380522368
-0.1855726506003086 0.5277975624611027 0.8463315388151794
-0.2091299767340565 0.7224973872666972 0.2852746723393517
-0.2007239969137953 0.2742027591623611 0.7854872354294983
-0.09499568920040351 -1.220341495173304 0.7295340316984658
0.2038866943455886 1.19506382478887 0.5065515149409928
-0.181940840330755 -0.6731530407102932 0.59926798879212
0.1490101138862457 -0.6743098367904354 0.6938091154528223
-0.03519520010432671 -0.4287938747151245 0.1266820136171058
-0.1968367154709414 0.3572902696029081 0.225044424622629
-0.1047640913319121 -1.225910675178212 0.1976854281911072
-0.1949200244995041 0.3393302799355639 0.516190234628179
-0.215572859422629 0.1409537652787069 0.7647187867801194
-0.1821724393933929 -0.4427579318405691 0.5619703856702473
-0.2165712004574771 0.1434913294320204 0.3369781446146325
0.07136049027116563 -0.9311198027235377 1.030605963427007
0.2420165290270986 -1.120061637417678 0.4687999911575006
0.2183189013771095 0.9679400094560175 0.2021517080130131
0.2313460520228942 -0.5623266143521806 0.4522638627937738
-0.1370936911402288 -1.127143891630708 0.1284172590502909
-0.09825126548318086 -0.929975448645748 0.3507089697393431
0.1928126622254336 -0.03916852251551738 0.8633315570100882
0.03528757519514469 0.1622027353610276 0.8392967853612128
0.06874905466264795 1.167871858568158 0.4372466325245087
-0.2121411202629772 0.8264175699690476 0.3854034511556663
0.2106872770628781 -0.8907710002150045 0.3969222879050905
0.2131740004281205 -0.7992543831076077 0.4795410439652467
-0.007567315168749229 0.8990402731886928 0.7439587038826909
0.2263251507124991 0.752772626023533 0.6797881003548379
0.1885197909235522 0.6221602805233283 0.8834280103534804
0.1902408735826988 0.7685019520413621 0.8925779870418031
-0.02475499107861162 0.495784493369383 0.6904555443531385
0.07280359496518142 -0.02971098638408354 0.2439686761042846
0.1011886059141433 0.1424439553693297 0.1696121382372487
-0.0193397258608554 0.1938680132636854 0.1256785820958329
-0.2112487718809282 -0.6468797487429508 0.891669185999834
-0.2053001964484232 1.123772666870774 0.9513142962387845
-0.2077685485359811 -1.100076162129058 0.46834824501835
-0.1646753164299261 -1.139854367009797 0.6245514927573909
-0.03290821365449316 -1.194567133451261 0.4813850531000061
-0.1027485069937623 -1.117515583252689 0.7720417685723776
-0.05407717211209409 -1.116494801605006 0.9220678070699316
0.08659253810162151 -1.113475475872213 0.9173469107863518
0.07329624037953578 0.4008777104707898 0.2398835883899829
0.09693656157956651 0.506348051637226 0.3897979317374516
-0.1677891056784971 0.4673413878755477 0.3491369306011921
0.2143968074122612 -0.4264468202174965 0.3862850238714082
0.1742156136034402 0.2721246977708131 0.8838552789956632
0.07701334151872433 0.1008005736133846 0.9940569089322394
-0.07368768408133858 0.165124386299714 0.9680716723091611
0.1814804314794061 -0.4195545256461081 0.6207506935387053
0.1771024864466954 -0.1472789348392716 0.7581141190160388
-0.1011538619839273 0.8448337504861536 0.09293033061388699
0.06542107279969889 0.7270843950017143 0.1033610446131865
-0.0734120516107208 1.133216894134288 0.5318561145352516
0.1761337171696228 -1.115697275686015 0.3809469855210437
0.0974401927878919 -1.084718794631421 0.1890847686243389
0.08903886364702088 -1.004144734225766 0.3856975715178152
0.1210842485093933 1.095005236953045 0.2175029162451075
-0.1132313495098387 -0.7897951396973232 0.1544520697260097
-0.01108880396572957 1.0739377949174 0.9596980203297847
0.1907786804407017 0.9360621836949419 0.8948296835278116
0.1286731579116301 1.092517239552331 0.8499162116186864
-0.09648494318444237 1.196885410633097 0.3709703832586637
-0.2345220216076041 0.739859947530964 0.8449539740187341
-0.1059347846327693 0.1059565939049101 0.357035969337162
0.1476523528928657 0.246379154801179 0.3391579509595427
-0.06099383882156866 -0.01183936161922271 0.6022931059011666
-0.2063464811136792 0.03174707340279279 0.108082108231075
0.05387349750959927 -0.007039806726100608 0.09897894294077597
-0.1003185661896017 0.5927392115028108 0.5688141156050219
0.09502288274531179 0.7049740143938985 0.516992164012664
-0.1992931742184483 -0.05636943807664997 0.7680102001579149
-0.1351078873559785 1.015814489032003 0.09508981229548562
0.1736987294738596 -0.2144822847715935 0.1893817955263396
0.05628596200438285 -0.16381513670883 0.1033545797176214
0.02679841743655418 -0.3508545038669297 0.426572818215378
0.08336253125133487 -0.3369747307795087 0.1150214443182242
0.1869333596157513 0.8035459644599602 0.3259158891487711
0.05585800508121581 0.8479134212405373 0.3962890894391358
0.188042103359149 1.123767176242022 0.3775278390129934
-0.09924077035547833 -0.09851388953449187 0.9119561673021306
0.06961948901448994 -0.1728385178561162 0.3800050841713898
0.130750548137914 0.03783061388161063 0.5461336652282841
0.03590947137675554 0.6960110638441158 0.2822750221683984
-0.01337665706370259 0.5076233732509298 0.261947441316086
-0.200971595496168 -0.426513071854315 0.7263407720556374
-0.003206113024242698 -0.4238770535372215 0.8556614598436426
0.2121589614659853 -1.209953566736358 0.745763711079771
-0.1409601973393172 -0.9770541001409615 0.892682856850661
-0.01785409458159404 0.2967413080504001 0.8352688702765645
0.1546646911084106 -1.119321552641922 0.6293057672147622
0.1006365863390844 -0.9713798248170169 0.8625048079093366
0.2018490431391649 -0.9672791511522213 0.7116477254337461
-0.0677289521731804 -0.8864266668599237 0.6367211979387544
-0.1801053455645769 -0.2276084621930317 0.7365186891068982
-0.04752312567234058 -0.6817034022482841 0.2271382281272832
0.186413960811362 -0.5533130563607003 0.2059318957691851
-0.2079624618333231 -0.2115414489078469 0.4041990651738239
-0.154041350408172 -0.3720866609591549 0.2199668946613743
0.01790252425251956 -0.1362942558986825 0.6184982142244246
0.1748048247530966 1.047456992073164 0.4811567646360995
0.03315930167698178 -0.7196415006776222 0.8983436681609873
-0.2044619902864268 -0.08819221404797134 0.4928697673967883
-0.19195634817601 0.9106675106634755 0.2583867859962447
0.03290247611051432 0.9215448728868011 0.1302111681985976
0.1091545630854705 -0.822240382994899 0.2445293479717613
0.1202549833367233 -0.7525483115803621 0.1418227434351893
-0.0202064567385541 -0.5114486202215052 0.4947478364770119
0.06679113593341009 1.132413516539666 0.6643020226704336
-0.214502144194131 0.958591031284349 0.5958780009852739
0.2073526381642461 0.4102077137497931 0.9049984043000421
-0.06961769623909028 0.885530569409236 1.010219738368157
-0.06988610721391986 0.0752406844467219 0.1812093193422498
-0.1592157558725281 0.7025231157631124 0.4755551917577025
-0.1814993993987176 -0.6094250150992826 0.7480650683144117
0.1784780785129005 -0.8075037467458538 0.7547475618451104
0.2157031409076927 -0.6329267200217055 0.5995145417506026
-0.1962098168757998 0.465039074528845 0.1636711904910114
-0.02302962104257762 0.2236981972817697 0.4230815141946737
-0.2173874902228369 -0.3350386182814187 0.4570570838259955
-0.1940126260116426 0.04459973611404951 0.3549213002659824
0.1216761588321476 -0.5804500491102627 0.4969623107699634
-0.1404766008566327 -1.040898399501086 0.2899123099549967
-0.1913785776163962 -0.8421073625280626 0.3821106517047355
0.05690561612546658 -0.8199200487887022 0.4967738478798503
0.1004772597495034 0.04679584478254176 0.8651147698093291
-0.05047547510294024 0.01276470244469452 0.8595838995366832
-0.2100511999179219 0.9589656014328233 0.4585607271701427
0.1836680353644451 -0.755489368461179 0.6055539457204711
0.08921347120555112 0.7977554174764255 0.6715771287746055
-0.08916515383984079 0.8088545692021074 0.780307495945933
-0.02651533015863865 1.022721998466383 0.8124349116852897
0.08639665788884333 0.9756041568680668 0.6753562621046444
0.05688556364037823 0.7591825453076646 0.9808200971310914
0.07076234986920807 0.6142930600683922 0.6470351466919114
-0.09689951714690985 0.6040716369646788 0.7175254961953031
-0.02422994158788322 0.47055661105134 0.8222832077061447
0.1904466698713316 0.006265151344815059 0.272340062189934
-0.05746728420833652 -0.04707451314652104 0.3046732862581345
0.2054636079453514 0.1650224147267216 0.2136659601674969
-0.07629738873293661 0.2770089144737654 0.07631407826237971
-0.09523587666184936 0.2860725989308943 0.185770105678516
0.06800725774096041 0.2821994332541445 0.079649985766579
-0.2001480942479293 -1.036393704295288 0.5711781601755518
-0.05893893501218078 -1.188847051470529 0.6135579967212155
-0.02395903680475429 -1.200741111763571 0.3476359846206618
0.07747416657242012 -1.210245512772512 0.4408835498913662
0.04322829578497785 -1.105158239417046 0.5603111000732289
-0.1923909944498672 -1.063572534604389 0.765179370532971
-0.0193457005825287 -1.185746304544437 0.8134772464166369
0.03214460617182675 -0.998825671286644 0.9312297594043683
0.1368214865219933 0.5054417861587769 0.2211453546759097
0.07798239084104101 0.2904419305840745 0.1969599188314061
0.1983356781798675 0.5068983968624799 0.4736644926982933
-0.1039173227172471 0.4195709806921105 0.5998510016989946
0.1979235971990147 0.4036758598257373 0.3272338165919114
-0.1717506979164252 0.5446917962559693 0.2739448838026622
-0.2223773339288012 0.5147887859196877 0.4811386533114953
0.2115320862038968 -0.4031142641412365 0.2512396839877868
0.1723673571631579 0.2163771314959805 1.008835228476263
0.1716635104501846 0.2461394688943373 0.7520444595600989
0.198299709972804 -0.2587540655856458 0.5339588297632571
0.1638586017234308 -0.5388202964305624 0.650642586857611
0.1749471969651972 -0.3053273137239111 0.7012144721532881
0.1007878262263554 -0.1427397252321572 0.8800595855172763
0.03763342015159239 1.03451084855113 0.4172586150757404
0.09547590112353288 -1.170167656547863 0.2820908689939993
0.008937125223075073 -1.025062390512351 0.2775185760278587
0.1945194318235105 -1.016517486066256 0.4483542807075166
0.09878321411773412 1.193661484379381 0.2252728901217686
0.2159163609093911 1.084035575458453 0.1566766771674723
-0.08727857222628406 -0.8606517176627887 0.2651423858758741
-0.168394778270975 0.6540777107432318 0.9010094285511328
0.04340920677347878 0.04073785823389423 0.3802054131947796
-0.1924391808478831 0.009179154068994546 0.6495595322584533
-0.2085122838909292 0.6181455764653171 0.6140202323172219
-0.08727681392967761 0.5841313728227424 0.3823372614043624
0.1925433183811431 0.7446775189006537 0.469428413031948
0.1732836679533862 -0.107735664313786 0.1525106672921115
-0.0622741837496272 -0.104048012913857 0.1380196632656942
-0.07811163668730126 -0.3860961204413106 0.4936210760717554
0.2116592342418034 0.8612727583142091 0.2176987726832532
-0.01866094510706214 0.9198248368829055 0.2941746534204802
0.1872171334044114 0.8993477706317446 0.4350074021401091
-0.206028573556647 -0.05862154338461095 0.8812036191608656
0.1523552841132802 -0.3106410294810477 0.3783578175605851
0.2064269625941731 -0.06978080151483969 0.4630354803962142
0.1931883403708908 -0.1498046695496795 0.3223130840190872
0.2052685150609383 0.20796929151559 0.4470776330779157
0.1348685950736946 -0.05069554022256165 0.6403480447117637
0.003408954910619101 0.0755449709794925 0.7066099154786435
-0.03013518956120933 0.7708187007936969 0.1799036919971197
-0.06777320756921205 0.5920223150705261 0.2110013822017731
0.002199302892375467 0.4359122341431095 0.123800702320963
-0.1940030063659919 -0.346807862984215 0.8536889437479269
0.100724659442769 -0.4839650066122674 0.9151579069159513
-0.1114491924271659 -0.4150590392128544 0.9268442086888699
0.01133284685715908 -0.3977653065110243 0.9857323532289726
0.1718403559803502 -1.161223037585222 0.5208394120629958
-0.03967935050791932 -0.9525965159259338 0.8217030913981501
0.1897220443999943 -1.020049786462326 0.5715590237287337
-0.0003590870193341873 -1.073839748217728 0.7133107650948967
-0.1973524240249893 -0.9064826208595969 0.5386027316691178
-0.0286983469239856 -0.6797194395527462 0.6704705062181133
-0.09123022565098614 -0.3628101203032584 0.7342021447115838
0.008166522602827332 -0.7832499159779727 0.2134540734434283
0.05939155419543696 -0.7049223502023374 0.3632067924406753
0.2112830852467674 -0.4958655208496771 0.3230828108249837
-0.171648707249693 -0.306153447191615 0.332090208882808
-0.1798766794713617 -0.4986894589427617 0.3052585910762594
0.0009933894373595098 -0.3600127959000016 0.2683062520926945
0.03394519878544477 -0.247981344121193 0.5174443381381605
-0.08439383117195957 -0.220788796133405 0.609827378390092
0.09770768003905814 0.9574113501265161 0.2369186512429755
0.1240884270661575 -0.8563348404926268 0.3810976076216535
-0.1430058387244153 1.029279518823263 0.5257095933885062
-0.0357738007862672 0.9068145633593721 0.8992645760857685
-0.1228071254916917 0.8289813303358828 0.5144111949913195
-0.09888163558407173 -0.6179298199173544 0.8730059025648929
-0.1120689520969999 -0.5336019715872963 0.6289426845828356
0.08632329941120118 -0.719413149738987 0.7890052588595515
-0.09440260616418965 0.4200013506896995 0.2301368431196658
-0.07336125967546414 0.216089664671037 0.573956850754673
0.1173896632762737 0.3600322790542125 0.3757685956489946
-0.1972877872272553 0.08940534533886259 0.2480555130499542
-0.06887261853508536 -1.12556216408108 0.2534210320244974
-0.1856481125589902 -0.9777719553333831 0.4269296948095057
-0.1951832174294041 -0.7405808343679878 0.3651434458123901
-0.06972419711002065 -0.8445753836387787 0.4466716928758582
0.1331649649953316 -0.8914031651245384 0.5994179132536946
0.07287298394049105 0.8117940435479493 0.834895259400689
-0.1591250039884926 0.8757843937311269 0.6832430697952973
0.1974050847011823 1.006088641494075 0.7336261045271102
0.1896035265469277 0.9173229326796938 0.6097096274351351
0.08851757135279366 0.8975762719532319 0.9754364764015286
0.1896363287594483 0.5692888087800897 0.580609723732524
0.1893543620786953 0.5889026509186601 0.722607549249568
0.03720444424300041 0.5559307018796286 0.5140789751662352
-0.01626733159905398 0.7051541970661243 0.6023703553795718
0.07817662449431374 0.6318548679344437 0.8664924346880275
0.09921479914198904 0.4391463639553969 0.8732619962666842
0.1112559626183943 0.1380653225326234 0.4404558101767369
0.1606645156545415 0.1133059224285454 0.3122146462392466
-0.1951570107318642 -0.981023903228427 0.6807033635712372
-0.1150380597826011 -1.135495433844677 0.3910681701900476
0.02693341653677112 -1.098536828448062 0.4297980018170856
0.07751194286634505 -1.21036063047768 0.5867416771770523
0.2126702777225941 0.5367171138588744 0.327535167453581
0.1981884013084367 0.311490680250145 0.2389621380305956
-0.06276935786869177 0.3176974235529337 0.5054335407176254
-0.1258150328013646 0.4478821517465838 0.4747634209193051
0.1315197956643731 -0.4474905129357059 0.1797089398501115
0.1557938940678921 -0.3182296735940354 0.2244567966999333
0.2114946040701401 0.1534024892630852 0.5336531780979183
0.1837391720996059 0.1204833553776455 0.7871767740120702
0.2228667230926751 0.3414900827822148 0.7960705608706432
0.07729743340182925 0.3713544219292495 0.7386525805921094
0.1785614141449616 -0.3659707441396026 0.4972050120826527
0.2124670836073144 -0.1193979671097501 0.5601106005324068
0.193114177798957 -0.6295093388550815 0.7794803641559404
0.1816902113133818 -0.4619589510547218 0.7607895408773598
0.07389190854254674 -0.4601767805297592 0.5683535237691154
-0.01963104255338198 -0.1591510627057664 0.83633848678303
0.06072003975617674 -0.2704890718463092 0.8585464769076462
-0.07396510700015413 1.08109928781617 0.37247130241676
0.06776146268256564 1.045314007560356 0.5563452512607776
0.02865373880974583 -0.8740810783747652 0.3282545300969957
-0.07578017127094203 0.5711852729914346 0.8507373353964582
-0.1008101412349441 0.7683911251299272 0.9779087391174849
-0.106788145753314 0.9394875982822402 0.3958158708432639
0.07754167292009947 0.8313131875518985 0.5341297042895008
0.1298168271926891 -0.064120882495149 0.378079557625876
0.2132043930175458 -0.1834681232604394 0.4383329993816756
0.13099484681555 -0.006821541333224808 0.7544742152737752
0.09810559377738184 0.8082499487694036 0.2029386231354729
-0.1054612855614599 0.4018730296254766 0.09920889030030378
0.147337344971722 -0.6013059774314161 0.8819284284130267
-0.0702457659089593 -0.763105830609083 0.7993455921870255
0.07628923642605592 -1.163537537610281 0.7082290032791774
-0.1904209935125146 -0.795028882987553 0.5475539799782541
0.07582524788329051 -0.4164742125222712 0.7432744952029098
-0.08474163333127399 -0.4931278228420825 0.7767873982969865
-0.02697599689318394 -0.591709788517592 0.3730302062517913
0.02369598281235583 -0.6733130702624446 0.5100842094048621
-0.1028904027637763 -0.5988309539723333 0.2594535243294057
-0.1186711680777141 -0.451769282519197 0.3915114220716991
0.1062324304388787 -0.4365994449790117 0.2847994145037708
0.1492616003831015 -0.2136592020333081 0.601292668027522
-0.07337593238825108 0.9886477078765394 0.663007197740758
-0.03876390770289278 -0.5770198909397627 0.9780536524893033
0.09662126674086953 -0.8450047805338704 0.8367977010211367
0.06178738444680627 0.2252244221839839 0.6835871358001681
0.1880238929243645 0.3610028826091981 0.4487141658501863
-0.07844913936019828 -0.728590239913969 0.3683638113389328
-0.1813756651082337 -0.7137776622128623 0.4658775680542565
0.06868193457047642 -0.7718361786497145 0.6341055029181007
0.1900526271512905 0.8598549993859711 0.7728662356005419
-0.1784667829525292 0.7449797375472768 0.6356546414113221
0.1956984711408175 0.8258190933179967 0.552530236958902
0.1914761660324989 0.4887041583619466 0.804552788795355
0.0157513635713691 0.673347085434678 0.7478528174004345
0.1923642313979742 0.05522870430097625 0.4256065842592279
0.0238497077572489 0.4062894166510259 0.4812942905890724
0.2352058920463913 0.2294881588570659 0.6590554309634165
0.2118155906782525 0.1262715497477689 0.6614697757518846
0.1165148640360709 0.4662934324135424 0.6511579492790054
0.03184480347217274 -0.5557652140385096 0.6344985529811721
-0.02113732659911584 -0.4052920411973249 0.6366968074865692
-0.05415594414631849 -0.1907113501844526 0.7328844827989419
0.1159709070201776 -0.3472718480410657 0.9208606741586194
-0.07370373317360826 -0.2916828088221226 0.850807603211294
-0.03948718754235069 0.9394693813067306 0.5468232196005586
0.04972005485502783 -0.5988667281091616 0.819486082571513
-0.08578025235836721 -0.7402674586347486 0.5383368672188319
-0.08510595965597174 -0.6328292077325735 0.511308887200399
-0.0003180971916960171 -0.5137057325223299 0.2505187488371716
0.06721131831150569 -0.4715097553723409 0.3782351951977253
0.1115767544628241 -0.3369179912815337 0.5848230958983188
0.07609478872186255 -0.5728226568088293 0.9883339051056724
0.08498865076806973 -0.9323726735247847 0.7451163340441586
-0.01744343801848739 0.3334022269501318 0.6473918206164458
0.08984271595062783 0.2016117623724763 0.5602613925518529
0.0673409809200293 0.5231800704425461 0.7626791119169649
-0.06476441769053234 0.7227658828301284 0.8607533808298691
0.221950361842264 0.2950299278175745 0.5609698643939569
0.1716486181223669 0.4251807162831009 0.5483003710875494
0.2124874881020336 0.3740408258059007 0.6764872589085239
0.06147327115018844 -0.1689951425118621 0.7454993009074904
0.01979648759434661 -0.2865616764292686 0.7259117512143768
0.1082366855863498 0.2859520018084001 0.4762393685226987
0.10992908473663 0.3210529813747691 0.6115036176119671
0.02572451863838482 1.225253633045204 0.8572590170917057
0.1991883664925083 -0.209272846925498 0.9414506122404767
-0.201234542743211 0.9805395417813332 0.9041558114537523
0.01771645433080584 -1.221312587239728 0.8920951450327322
-0.1298006046479162 0.1646149297223107 0.8570706692743595
0.001558422768715398 0.9877874973009322 1.023676820957141
-0.2331692668235086 -0.9369328427587963 0.9221298511670896
0.04450557023428415 -0.01417963815913545 0.4903913511633435
-0.1337887894702727 0.07800811569897068 0.7979676392167517
0.08760366084190641 0.9578602315932103 0.8368769465248352
0.1239038312939514 -0.6481021501874527 0.5933980925078582
-0.0858642054345163 -1.048193574492643 0.6424623148145854
-0.1634832767011354 1.00635544933035 0.3158322595032226
-0.1907963278684876 1.063501661715374 0.3916394269385608
0.01201074928832281 -0.06696139216654531 0.7314411416892802
-0.07255367600137864 0.7942489342542134 0.6492427492665236
0.08933210297168478 0.9386951847162367 0.4945237536128594
0.01113037749879656 -0.8339153143402139 0.7682072385484866
0.01499896891494531 -0.8773784223251437 0.07084547010936874
-0.2130305994555605 0.4671490093738468 0.5930767116580458
0.1124999999999998 -0.7305555572509765 0.05
0.1276110091109188 -0.9472530635529677 0.2088012703700817
-0.2414832648970617 0.1199403350433701 0.885806053660791
-0.08987835029706018 -0.1340412300992914 1.026207363417069
0.2319921011517177 -0.9280102976496342 0.4957937529157158
))
(10 (4 23f 44d 1 3)(
0.3 -0.6747846091184665 0.4185588210978836
0.3000000000000001 -0.7041667022705076 0.5843750000000001
0.3 -0.5213541954585482 0.5395647321428572
0.3 -0.6428966354744026 0.2617957672081841
0.3000000000000001 -0.8124999847412108 0.309375
0.2999999999999999 0.7484723428329294 0.2903365806775092
0.2999999999999999 0.7854166641235355 0.4296875000000001
0.2999999999999999 0.9145498156554531 0.2954461526939738
0.2999999999999999 0.5796987306129227 0.8073361838586968
0.2999999999999999 0.5091713324541269 0.9517939993981545
0.2999999999999999 0.6908385117857203 0.9388444791968962
0.2999999999999999 0.4192901221381296 0.8097222222222225
0.3000000000000001 -0.9749999898274735 0.34375
0.3000000000000001 -1.068977740080948 0.2032256423883639
0.3000000000000002 -1.148415045027046 0.3556819793301841
0.3000000000000001 -1.028890237906745 0.511010989897218
0.2999999999999998 1.151981141517962 0.7299580128532118
0.2999999999999998 1.176706205556206 0.5882142797597046
0.2999999999999999 1.006229599707554 0.6209530740228076
0.2999999999999999 0.4734567938910593 0.6722222222222224
0.3 0.0062334607101036 0.7437237835138063
0.3 0.1604457239020687 0.7062118964343973
0.3 0.05292128364234827 0.5663315637847056
0.3000000000000001 -0.7944444529215495 0.865104166666667
0.3000000000000001 -0.9155134702718472 0.7858706758718916
0.3000000000000001 -0.9749999898274739 0.9395833333333335
0.3000000000000001 -0.8576388931274412 0.4640625
0.3000000000000001 -0.8817129762437605 0.6235243055555557
0.3000000000000001 -0.7673610763549803 0.1546875
0.3 -0.1072128617487406 0.6402806543392685
0.3 -0.1439014601993058 0.7799301187802343
0.2999999999999999 0.9997248873281733 0.791932250330688
0.2999999999999998 1.146026235368517 0.8698784722222224
0.2999999999999999 0.9990740763346357 0.9395833333333335
0.2999999999999999 0.8425925954182947 0.8479166666666669
0.2999999999999999 0.3540895190768774 0.9548611111111114
0.2999999999999999 0.252777770996094 0.8250000000000003
0.3 0.1038332828112662 0.8516932083947656
0.2999999999999999 0.9445955716883859 0.4621456699258468
0.2999999999999999 1.052714898344643 0.3598405600439397
0.3000000000000001 -0.749305569966634 0.7333333333333335
0.3 -0.6306881709116567 0.84150437219671
0.3000000000000001 -0.9208333079020179 0.171875
0.3 -0.5180941615634492 0.3676215277777778
0.3 -0.4782742062778625 0.1973546710401099
0.3 -0.3835221899014603 0.3176797715622406
0.2999999999999999 0.4152777862548832 0.4125000000000001
0.2999999999999999 0.5597222290039066 0.4125000000000001
0.2999999999999999 0.4694444580078129 0.2750000000000001
0.2999999999999999 0.3069444427490237 0.6875000000000002
0.2999999999999999 0.3611111145019535 0.5500000000000002
0.3 -0.1625000152587888 0.4125
0.3 -0.01805555725097634 0.4125000000000001
0.3 -0.1083333435058591 0.275
0.3 -0.2558265289502726 0.6732643683158041
0.3 -0.3012801567947465 0.8250000000000002
0.3 -0.4152778167724607 0.6875000000000001
0.3 -0.2166666870117185 0.5500000000000002
0.3 -0.5789062713290016 0.6991288442460318
0.3 -0.04963287848686173 0.1435322971781305
0.3 -0.1986111297607417 0.1375
0.2999999999999999 0.526620379130046 0.1432291666666667
0.2999999999999999 0.3791666870117191 0.1375000000000001
0.3 -0.2969136081271699 0.4277777777777778
0.2999999999999999 0.2808642035590281 0.4277777777777779
0.2999999999999999 0.8200231463114424 0.1518229166666668
0.2999999999999999 0.6740740712483728 0.1489583333333334
0.2999999999999999 0.9610850408847206 0.132615930577407
0.3 -0.3791666870117185 0.9625000000000002
0.3 -0.2327750956786272 0.977777777777778
0.3 -0.523611129760742 0.9625000000000002
0.3 -0.4694444580078123 0.8250000000000003
0.2999999999999999 0.6168981501261398 0.2807291666666668
0.2999999999999999 0.2216821017795141 0.557638888888889
0.3 -0.3560957124498152 0.5576388888888889
0.3 -0.6720594676929641 0.9675382717595954
0.2999999999999999 0.8139423710111496 0.5938056227349112
0.2999999999999999 0.6620823355686019 0.5084753963273686
0.3 0.1364197608100046 0.4277777777777779
0.2999999999999999 0.1926125034688855 0.292490630511464
0.2999999999999999 0.516589511447483 0.5423611111111112
0.3 -0.2427469363742402 0.2902777777777779
0.2999999999999999 0.3350308753119577 0.290277777777778
0.3 0.0425741199356612 0.2836796369782482
0.3 0.1024342345787738 0.1507771164021165
0.3 -0.3280092900594073 0.1604166666666667
0.2999999999999999 0.2404296056174451 0.1451742541152264
0.3000000000000001 -1.033135525800825 0.6973242830610639
0.3000000000000001 -1.124590838378131 0.6154475765109377
0.2999999999999999 0.8546296259562177 0.9739583333333335
0.3 -0.6063657747904456 0.1231770833333334
0.2999999999999999 0.6252612406584861 0.6536258357209406
0.2999999999999999 0.7225497498951015 0.7789577905543641
0.3 0.04921478098160992 0.9858360823843775
0.3 -0.04220770219066003 0.8790406597515658
0.3 -0.4226035589364524 0.4490158283019283
0.2999999999999999 1.076654483206655 0.1027497462180761
0.2999999999999999 1.071067260513399 0.2310512974284772
0.3 -0.1043302788824271 0.5208860098195224
0.3000000000000002 -1.197749400400302 0.2174846493437096
0.2999999999999998 1.195394181709155 0.1412535132163084
0.3000000000000002 -1.18528406575879 0.5115849979231656
0.3000000000000002 -1.171354216893514 0.1160156249999999
0.3000000000000001 -1.139784210390008 0.7916275391845794
0.3000000000000001 -0.808899144581568 0.9901442021942637
0.2999999999999999 0.6745183443310226 0.384345728734309
0.2999999999999998 1.094720081287981 0.4731411100594485
0.2999999999999998 1.207306410823737 0.4677334816227603
0.3000000000000002 -1.225162254949393 0.6198538083751234
0.2999999999999999 0.8817322920829511 0.7225750334013246
0.2999999999999998 1.152546297709147 0.9911458333333336
0.2999999999999998 1.176660148906291 0.3352455972200569
0.3 -0.1619767781951682 0.90072878508756
0.3 -0.08942031720245859 0.995509597029559
0.3000000000000001 -1.04208783155018 0.8397768813352635
0.3000000000000001 -1.133630949111212 0.9453125000000001
0.3000000000000002 -1.217606946647905 0.7169949029458239
0.2999999999999999 0.1965356624683811 0.9703468282844457
0.3000000000000001 -1.155555555555555 1.1
0.3000000000000001 -1.3 0.9625000000000002
0.3000000000000001 -1.3 1.1
0.3000000000000001 -1.3 0.275
0.3000000000000001 -1.3 0.4125000000000001
0.3 -0.8666666666666666 1.1
0.3 -1.011111111111111 1.1
0.2999999999999998 1.3 0.6875000000000001
0.2999999999999998 1.3 0.8250000000000003
0.2999999999999999 0.7222222222222231 0
0.2999999999999999 0.5777777777777785 0
0.2999999999999999 0.5777777777777785 1.1
0.2999999999999999 0.433333333333334 1.1
0.2999999999999998 1.3 0.5500000000000002
0.3 -0.433333333333333 1.1
0.3 -0.5777777777777775 1.1
0.2999999999999999 0.433333333333334 0
0.2999999999999999 0.2888888888888896 0
0.3 -0.1444444444444439 0
0.3 -0.2888888888888885 0
0.3 -0.1444444444444439 1.1
0.3 -0.2888888888888885 1.1
0.2999999999999999 1.011111111111112 0
0.2999999999999999 0.8666666666666677 0
0.3 -0.7222222222222221 0
0.3 -0.8666666666666666 0
0.2999999999999998 1.3 0.9625000000000002
0.2999999999999999 0.2888888888888896 1.1
0.3 -1.011111111111111 0
0.2999999999999999 4.547473508864641e-16 0
0.3000000000000001 -1.3 0.8250000000000003
0.3 -0.7222222222222221 1.1
0.3 -0.433333333333333 0
0.2999999999999999 0.144444444444445 0
0.2999999999999999 0.8666666666666677 1.1
0.2999999999999999 0.7222222222222231 1.1
0.2999999999999999 1.011111111111112 1.1
0.3 -0.5777777777777775 0
0.2999999999999999 0.144444444444445 1.1
0.2999999999999999 4.547473508864641e-16 1.1
0.2999999999999998 1.155555555555557 0
0.3000000000000001 -1.3 0.1375
0.2999999999999998 1.3 0.1375
0.2999999999999998 1.3 0.275
0.2999999999999998 1.3 0
0.2999999999999998 1.3 0.4125000000000001
0.3000000000000001 -1.3 0.5500000000000002
0.3000000000000001 -1.3 0
0.3000000000000001 -1.155555555555555 0
0.3000000000000001 -1.3 0.6875000000000001
0.2999999999999998 1.155555555555557 1.1
0.2999999999999998 1.3 1.1
-0.1536206950428528 1.3 0.6397953358639135
-0.1500000000000002 1.3 0.4812500000000002
-0.006032735635067525 1.3 0.5674787469203584
0.1336873851059896 1.3 0.4625403833735399
0.1486547233908811 1.3 0.6329988066512836
0.1665458181334913 1.3 0.3217196180148444
0.01849915146678103 1.3 0.3304262063840447
-0.1384187348150704 1.3 0.3245837274844062
-0.04993029517227305 1.3 0.1713473860067976
0.1642736908743651 1.3 0.7742237096138033
-1.70530256582424e-16 1.3 0.7562500000000002
-0.04982181907154353 1.3 0.9316994955276393
-0.1656914346220487 1.3 0.7962932682631222
-0.1928311408248129 1.3 0.9241750622863043
-0.1876420952875205 1.3 0.1772802901350824
0.07398751379318412 1.3 0.8594424343936021
0.1069139090360749 1.3 0.9683551252261906
0.188766643364758 1.3 0.877590942288345
0.1106571563032255 1.3 0.1316762045719952
0.0867746656110408 1.3 0.2349089627592995
0.1881014973239792 1.3 0.2193753988188154
-0.01763605434128158 1.3 0.4357968571319394
0.1499999999999998 1.3 0
0.1499999999999998 1.3 1.1
-0.1500000000000002 1.3 0
-1.70530256582424e-16 1.3 0
-0.1500000000000002 1.3 1.1
-1.70530256582424e-16 1.3 1.1
-0.3000000000000001 1.3 0.5500000000000002
-0.3000000000000001 1.3 0.6875000000000001
-0.3000000000000001 1.3 0.4125000000000001
-0.3000000000000001 1.3 0.275
-0.3000000000000001 1.3 0.8250000000000003
-0.3000000000000001 1.3 0.9625000000000002
-0.3000000000000001 1.3 0.1375
-0.3000000000000001 1.3 1.1
-0.3000000000000001 1.3 0
-0.2999999999999998 -0.8487257669693897 0.7654573265504327
-0.2999999999999999 -0.6948081437573864 0.7264784443291483
-0.2999999999999998 -0.7288853556925171 0.8849477557491212
-0.2999999999999998 -0.7484723726418904 0.2903365808689882
-0.2999999999999998 -0.7854166870117185 0.4296875000000004
-0.2999999999999998 -0.9208333740234373 0.3093750000000005
-0.3 1.068977740484781 0.8967743576476241
-0.3 0.9750000000000002 0.7562500000000002
-0.3000000000000001 1.148415049357387 0.7443180208857438
-0.3 1.028890233430133 0.5889890108969006
-0.2999999999999998 -0.8124999999999998 0.5843750000000003
-0.2999999999999998 -0.9869295632498604 0.6304129464285719
-0.2999999999999999 -0.6499999999999998 0.5500000000000004
-0.2999999999999998 -1.132755806747748 0.7382732780612247
-0.2999999999999998 -1.137387584706396 0.5613747150407515
-0.2999999999999999 -0.0498027854057334 0.3096225406052026
-0.2999999999999999 -0.1884130763301141 0.2991898148148151
-0.2999999999999999 -0.1203703816731768 0.1833333333333337
-0.2999999999999999 -0.5493582638638539 0.7024596669578194
-0.3 0.9155134595134494 0.314129323324521
-0.3 0.7944444402058921 0.2348958333333336
-0.3 0.9503735910485643 0.1556282569423415
-0.3 0.7673611145019533 0.9453125000000002
-0.3 0.640722966509911 0.8255433608228027
-0.3 0.8125000000000002 0.7906250000000002
-0.3 0.8576388854980471 0.6359375000000003
-0.3 0.7041666564941408 0.5156250000000003
-0.3 0.8817129580179851 0.4764756944444447
-0.2999999999999999 -0.1171195119010404 0.7244951090132915
-0.2999999999999999 -0.2287037099202473 0.6416666666666669
-0.2999999999999999 -0.08232474299839555 0.5680059523809525
-0.2999999999999999 -0.2703443922779718 0.770324095906446
-0.2999999999999998 -0.9517881809529642 0.4826048867150917
-0.2999999999999998 -1.078321214465236 0.3915488444419717
-0.3 0.7493055496215821 0.366666666666667
-0.3 0.6307098928771744 0.258534968489856
-0.3 0.9208333358764651 0.9281250000000002
-0.2999999999999998 -0.990904444190275 0.756828710208046
-0.2999999999999998 -0.8606744745924436 0.9257057901742362
-0.2999999999999999 -0.4152777862548826 0.4125000000000005
-0.2999999999999999 -0.559722229003906 0.4125000000000005
-0.2999999999999999 -0.4694444580078123 0.2750000000000005
-0.2999999999999999 -0.3943583504692845 0.675633702991878
-0.2999999999999999 -0.4324127449127254 0.8370649283842592
-0.2999999999999999 -0.3391233114725626 0.5427197566039899
-0.2999999999999999 0.1383446505671998 0.4279535441331384
-0.3 0.2752361484012788 0.4245181061209554
-0.3 0.2166666564941409 0.5500000000000004
-0.3 0.4152777709960939 0.4125000000000004
-0.3 0.3224086902053269 0.2934606481481485
-0.3 0.2708333282470706 0.6875000000000003
-0.3 0.415277770996094 0.6875000000000003
-0.3 0.3296454488380511 0.840045285061751
-0.3 0.5796048220679874 0.4005642361111114
-0.3 0.5255456270490375 0.5585937500000003
-0.2999999999999999 -0.3650503458359506 0.9873368238074802
-0.2999999999999999 -0.5109131482620103 0.9793978142243969
-0.2999999999999999 0.01850071283677812 0.6865670700578881
-0.2999999999999999 -0.526620402018229 0.1432291666666671
-0.2999999999999999 -0.3791666870117187 0.1375000000000005
-0.2999999999999999 -0.2661377575907743 0.4178645581994306
-0.2999999999999999 -0.02323915759896386 0.8347130492874874
-0.2999999999999999 0.08951687345860865 0.8057346908580771
-0.3 0.4784722137451174 0.8192708333333336
-0.3 0.5288773111414028 0.9553385416666668
-0.3 0.3791666564941409 0.9625000000000002
-0.2999999999999998 -0.8200231730143226 0.1518229166666671
-0.2999999999999999 -0.6740741170247395 0.1489583333333337
-0.2999999999999998 -0.9610849353042129 0.1326153987731528
-0.3 0.6770833282470705 0.658854166666667
-0.2999999999999999 -0.4846399901774148 0.5493021877589481
-0.3 0.3611110992431642 0.5500000000000004
-0.3 0.4694444427490236 0.2750000000000004
-0.3 0.5236110992431642 0.1375000000000003
-0.3 0.3554293969507908 0.1444106641890363
-0.2999999999999999 -0.6168981730143226 0.2807291666666671
-0.3 0.6720594534420233 0.1324617287364151
-0.2999999999999999 -0.1364197608100042 0.4277777777777781
-0.2999999999999999 -0.3350308753119573 0.2902777777777782
-0.2999999999999999 -0.09905757188756933 0.9658436015477346
-0.2999999999999999 0.08059326490842887 0.9599832778723211
-0.3 0.547420381309446 0.7099524221645609
-0.2999999999999999 -0.2497685343424478 0.1604166666666671
-0.3 1.033135518753793 0.4026757168241382
-0.3000000000000001 1.133937166792061 0.4668731361735396
-0.2999999999999999 0.07365774978510717 0.5565531738444868
-0.2999999999999999 0.143641336725444 0.6908674459967566
-0.2999999999999999 0.07342506364942188 0.1030694063097779
-0.3 0.1974691155639753 0.1117034748957037
-0.2999999999999999 0.1317386844776297 0.2087962962962966
-0.3 0.1976080229017473 0.3131944444444448
-0.2999999999999999 -0.5923098200653967 0.8578867481700423
-0.2999999999999998 -1.076654481247073 0.1027497495167206
-0.2999999999999998 -1.07107355421738 0.2310797058504479
-0.3000000000000001 1.19774939155608 0.8825153507066736
-0.2999999999999999 0.004810153105678637 0.4307508098282747
-0.2999999999999998 -1.195394181766031 0.1412535111141639
-0.3000000000000001 1.185284063817967 0.5884150029727163
-0.3000000000000001 1.171354167938233 0.9839843750000002
-0.2999999999999999 -0.1994280270509735 0.525610799227092
-0.3000000000000001 1.139784211499457 0.3083724613639111
-0.2999999999999998 -0.9482159065239045 0.8426249775968151
-0.2999999999999998 -1.002969370085537 0.9537296958242906
-0.3 0.8088991015284046 0.1098557994010035
-0.2999999999999999 -0.6722443091325488 0.4013141924757613
-0.3 0.6473922784306535 0.9852388804978941
-0.2999999999999998 -1.199848277805376 0.4498450254981994
-0.3000000000000001 1.225162252304502 0.4801461924064185
-0.3 0.2375487104561732 0.9788175495909792
-0.3 0.1921709466284492 0.8364388515769053
-0.2999999999999999 -0.6501352573341476 0.9924295275914566
-0.2999999999999998 -1.152546346028646 0.9911458333333337
-0.2999999999999998 -1.149537027994792 0.8822916666666671
-0.2999999999999998 -0.7685837816166461 1.007474985324757
-0.2999999999999998 -1.04409744828926 0.8319203931732175
-0.2999999999999999 0.0117264354784304 0.2026882640539221
-0.2999999999999999 -0.04208881769789673 0.09621255280836692
-0.2999999999999998 -1.18899631508586 0.3150137335473394
-0.2999999999999999 -0.2638159977778369 0.9013636351639667
-0.2999999999999999 -0.2390881573581899 1.008667325040413
-0.2999999999999999 -0.1416488399159373 0.8429392792833277
-0.3 0.2195749821364184 0.211977897262988
-0.2999999999999999 0.07745684952033753 0.315095454970555
-0.3 1.042087832974162 0.2602231168305723
-0.3000000000000001 1.133630952380952 0.1546875
-0.3000000000000001 1.217606945366012 0.3830050971267651
-0.3000000000000001 1.155555555555556 0
-0.3 0.866666666666667 0
-0.3 1.011111111111111 0
-0.2999999999999999 -1.011111111111112 1.1
-0.2999999999999999 -0.8666666666666673 1.1
-0.2999999999999999 0 1.1
-0.3 0.1444444444444443 1.1
-0.2999999999999998 -1.3 0.6875000000000001
-0.2999999999999998 -1.3 0.8250000000000003
-0.3 0.4333333333333335 1.1
-0.3 0.5777777777777779 1.1
-0.2999999999999999 -0.7222222222222227 0
-0.2999999999999999 -0.5777777777777781 0
-0.2999999999999998 -1.3 0.5500000000000002
-0.3 0.4333333333333335 0
-0.3 0.5777777777777779 0
-0.2999999999999999 -0.4333333333333335 0
-0.2999999999999999 -0.2888888888888891 0
-0.2999999999999999 -0.4333333333333335 1.1
-0.2999999999999999 -0.2888888888888891 1.1
-0.2999999999999999 -1.011111111111112 0
-0.2999999999999999 -0.8666666666666673 0
-0.3 0.7222222222222225 1.1
-0.3 0.866666666666667 1.1
-0.2999999999999998 -1.3 0.9625000000000002
-0.3 1.011111111111111 1.1
-0.2999999999999999 -0.5777777777777781 1.1
-0.3 0.2888888888888889 0
-0.3 0.2888888888888889 1.1
-0.3 0.7222222222222225 0
-0.3 0.1444444444444443 0
-0.2999999999999999 -0.1444444444444446 1.1
-0.2999999999999999 -0.1444444444444446 0
-0.2999999999999999 0 0
-0.2999999999999998 -1.155555555555556 0
-0.2999999999999998 -1.3 0.1375
-0.2999999999999998 -1.3 0.275
-0.2999999999999998 -1.3 0
-0.2999999999999998 -1.3 0.4125000000000001
-0.3000000000000001 1.155555555555556 1.1
-0.2999999999999999 -0.7222222222222227 1.1
-0.2999999999999998 -1.3 1.1
-0.2999999999999998 -1.155555555555556 1.1
-0.1311924551964134 -1.3 0.4645506974676296
-0.1484465989878351 -1.3 0.6371721587534096
0.006204295891450442 -1.3 0.5684389867897053
0.1316486077322917 -1.3 0.6355721095787328
0.1500000000000002 -1.3 0.4812500000000002
-0.1656914346220484 -1.3 0.7962932682631223
-0.04982304513038131 -1.3 0.9317038614344362
2.273736754432321e-16 -1.3 0.7562500000000002
0.1645914185139678 -1.3 0.7745857654836019
-0.02682624643373964 -1.3 0.166255206211564
-0.1499999999999998 -1.3 0.3093750000000002
0.002990160864150767 -1.3 0.3236049463095361
-0.1898271288110465 -1.3 0.1766191028811374
-0.1928315451307485 -1.3 0.9241752153006683
0.164555710755249 -1.3 0.225041474970621
0.1198543690227166 -1.3 0.1108226698434542
0.1571263031760935 -1.3 0.3512567824083303
0.1069139090360752 -1.3 0.9683551252261906
0.07397255960790478 -1.3 0.8594768618248008
0.188765260607915 -1.3 0.8776282836318817
0.02995212734890151 -1.3 0.4358534903101804
0.1500000000000002 -1.3 1.1
0.1500000000000002 -1.3 0
1.70530256582424e-16 -1.3 1.1
-0.1499999999999998 -1.3 1.1
1.70530256582424e-16 -1.3 0
-0.1499999999999998 -1.3 0
3.552713678800501e-17 0.6680555547078449 1.1
0.1371730829346415 0.6051381755890113 1.1
-2.001165985982646e-05 0.5258403373005582 1.1
-0.1463507931703107 0.6196466201409833 1.1
9.473903143468002e-18 0.2347222217983671 1.1
0.15 0.1805555547078451 1.1
4.422335611680382e-18 0.07222222137451197 1.1
-0.15 0.1805555547078451 1.1
8.68441121484567e-18 -0.2532614525580872 1.1
0.1458258848186144 -0.3288034556750861 1.1
1.578983857244668e-18 -0.39640034811617 1.1
-0.1458258848186144 -0.3288034556750862 1.1
-2.921120135902634e-17 -0.6916074788108756 1.1
0.152921258966996 -0.7771190972085436 1.1
-4.736951571734003e-18 -0.8453375916519346 1.1
-0.1529212589669961 -0.7771190972085439 1.1
0.1649174066417929 0.9595727288548123 1.1
0.1351369483826972 0.8407223804613666 1.1
0.02170171430342275 0.9158876055777162 1.1
-0.1130528921890755 0.8768378735334784 1.1
-0.0851311110225921 0.989598185929447 1.1
4.864569219564971e-17 0.7944444427490235 1.1
-8.365250047371357e-06 0.3946431853896238 1.1
-0.1448948812940233 0.4726823031153561 1.1
0.1448694589175278 0.4726642796754974 1.1
-4.736951571734001e-18 -0.09027777841356052 1.1
-0.15 -0.03611111068725573 1.1
0.15 -0.03611111068725575 1.1
-1.8947806286936e-17 -0.539841678269075 1.1
-0.145277625794848 -0.471814072390574 1.1
0.145277625794848 -0.4718140723905738 1.1
-0.1874999999999999 1.065277763366699 1.1
-0.05203085358407878 1.116679634323418 1.1
-0.1687499999999999 1.18263888168335 1.1
-0.149699814126974 -0.6300637211131782 1.1
0.149699814126974 -0.6300637211131779 1.1
-0.1493043141364357 -0.1876418387343103 1.1
0.1493043141364357 -0.18764183873431 1.1
-0.1331898660679811 0.7513015257221405 1.1
0.1144620062634677 0.7261165551458939 1.1
0.1491446496189981 0.3309734832706608 1.1
-0.149149407082927 0.3309764871773038 1.1
-0.15 -1.07129628499349 1.1
2.325276945638706e-17 -0.991802532741862 1.1
9.747160684105224e-17 -1.131481486002604 1.1
0.15 -1.07129628499349 1.1
-0.1534922959694368 -0.925928278632972 1.1
0.1534922959694369 -0.9259282786329719 1.1
0.15 -1.185648142496745 1.1
-0.15 -1.185648142496745 1.1
0.1103578667266699 1.161048100691364 1.1
0.05625000000000006 1.038194438934326 1.1
0.1887460016208646 1.066223441980608 1.1
-0.1709888826710342 0.07222222198064052 1.1
0.1709888826710342 0.07222222198064067 1.1
-0.2028594956594544 0.9537369617328146 1.1
0.1371730829346415 0.6051381755890113 0
3.552713678800501e-17 0.6680555547078449 0
-2.001165985982646e-05 0.5258403373005582 0
-0.1463507931703107 0.6196466201409833 0
9.473903143468002e-18 0.234722221798367 0
-0.15 0.1805555547078451 0
4.422335611680382e-18 0.07222222137451197 0
0.15 0.1805555547078451 0
0.01181124013706676 -0.2317518652834959 0
-0.1068902044863266 -0.2783500252991355 0
0.01852363461182805 -0.3683567819891362 0
0.1497935956508771 -0.3324405794699979 0
0.1351369483826972 0.8407223804613666 0
0.1649174066417929 0.9595727288548123 0
0.02170171430342275 0.9158876055777162 0
-0.0851311110225921 0.989598185929447 0
-0.1130528921890755 0.8768378735334784 0
4.864569219564971e-17 0.7944444427490235 0
-0.1448948812940233 0.4726823031153561 0
-8.365250047371357e-06 0.3946431853896238 0
0.1448694589175278 0.4726642796754974 0
-0.15 -0.03611111068725573 0
-4.736951571734001e-18 -0.09027777841356052 0
0.15 -0.03611111068725575 0
-0.175 -0.6388888854980469 0
-0.07620500727173302 -0.5819426371357548 0
-0.1691995365286691 -0.5078769040564866 0
-0.1874999999999999 1.065277763366699 0
-0.05203085358407878 1.116679634323418 0
-0.1666666666666667 -0.9166666768391927 0
-0.1958333333333334 -1.072222208658854 0
-0.03333333333333331 -0.9666666666666667 0
-0.0916666666666667 -1.133333333333333 0
-0.1687499999999999 1.18263888168335 0
0.03041421409402986 -1.061024253084922 0
0.06867015269895649 -1.166997985548186 0
0.1399400354330421 -1.03957477979241 0
0.07298847040652022 -0.9470832045172277 0
0.1519341392979907 -0.1873191111979404 0
-0.1106984922023946 -0.1636744645633506 0
-0.1331898660679811 0.7513015257221405 0
0.1144620062634677 0.7261165551458939 0
0.1491446496189981 0.3309734832706607 0
-0.149149407082927 0.3309764871773037 0
0.1833333333333333 -1.16805554707845 0
0.03065916311299319 -0.5981736331506845 0
0.175 -0.6388888854980469 0
0.1352561654805208 -0.4938318995276055 0
-0.05010171138017962 -0.4799344665029569 0
0.05625000000000006 1.038194438934326 0
0.1103578667266699 1.161048100691364 0
0.1887460016208646 1.066223441980608 0
0.1707580349690433 -0.8878907256665518 0
-0.1534228606183511 -0.38354642241104 0
0.1709888826710342 0.07222222198064067 0
-0.1709888826710342 0.07222222198064052 0
-0.2028594956594544 0.9537369617328146 0
-0.2003246642436696 -1.162837508671542 0
0.04999999999999958 -0.7999999999999999 0
-0.05000000000000042 -0.7999999999999999 0
-0.05000000000000041 -0.7 0
0.1749999999999999 -0.7611111145019531 0
0.0499999999999996 -0.7 0
-0.1750000000000001 -0.7611111145019531 0
-0.05000000000000041 -0.7 0.1
-0.05000000000000042 -0.7999999999999999 0.1
0.04999999999999958 -0.7999999999999999 0.1
0.0499999999999996 -0.7 0.1
))
(13 (1 1 23e5 2 3)(
f 1b 12 d06 e76 
2f 13 2d ecb 1060 
e 4a 9 b7e f6f 
2b 37 14 a37 eff 
2d 4f 13 b1f f98 
9 4a 49 b80 f6b 
49 4a 18 b82 10b8 
4b 3e 2a f7e 105a 
10 66 34 b4b 1021 
13 72 2d 847 1060 
2e 37 60 12eb 12ec 
39 55 43 b26 fbe 
2f 72 13 dfc 1060 
77 3b a 10ba 1127 
3e 71 15 b84 105f 
67 69 2 b0c 1034 
63 66 10 b45 1022 
29 5d 5c d17 10c8 
72 2d 2f 1060 1061 
71 3e 2a 105a 105e 
86 13 2f dfb dfc 
53 38 64 12d7 12d8 
31 79 32 49b 1074 
71 4b 2a 1056 105a 
1d a5 2 b16 d76 
4b 71 3e b89 105a 
10 7d 63 b48 c56 
77 3b 4c 1068 10bb 
52 7e 28 cdf 108e 
79 32 52 1075 11d3 
5f 78 2e ddf 1069 
2e 78 60 de0 106c 
8f 37 2e ddc 12ec 
57 89 1c a9e ded 
18 49 92 1296 1297 
7e 28 64 1087 1130 
10 80 7d 792 c59 
13 86 72 993 dfc 
9 bd e b7d cef 
5a 8a 27 b37 de6 
f ba 12 b42 d06 
24 7c 7b d3e d6d 
21 84 6f dc5 128c 
1b ba f 8d9 d06 
ba 12 1b d06 d07 
c 94 72 b2f db6 
4f a3 13 b1e d86 
95 1 7f 12ac 12ad 
6f 92 18 a62 dc8 
8f 5f 2e ddf de1 
8f 2e 60 de0 12ec 
72 86 2f be7 dfc 
51 7d 63 c53 d9b 
28 9b 52 cdd da6 
32 a7 31 83e d6a 
2 a5 67 b0b d73 
8a 45 5a dea 1214 
21 92 6f 390 dc5 
74 98 11 545 67b 
37 8f 60 c30 12ec 
5 af 53 a93 d4b 
34 b0 24 ad1 d3d 
3f b9 c cb0 d15 
5a 90 45 d97 dd0 
3c 94 5d 3f db9 
5b a4 1e 9f0 d80 
a be 3b a73 ce8 
5e 94 3c 41 db8 
8f 2e 78 ddf de0 
29 a0 5d b2b d91 
7a 7c 54 d4a 1081 
72 94 2d d57 db4 
2b c5 14 7e2 a36 
27 a6 56 b04 12e3 
92 21 84 dc4 dc5 
9 bd 49 a7a b7f 
20 bc 35 756 cf3 
d2 f 1b c99 1228 
3e be 15 a71 b83 
1e a4 69 b10 d7d 
a9 77 a d5f 128e 
1f c5 2b 7e6 ccf 
36 90 7f d18 dda 
55 a2 43 b25 d8c 
5a 9f 45 b3a d97 
10 cd 34 a15 12a2 
25 c8 2c bb8 cc6 
3f ce c c1d cb0 
4d 8b 85 709 12bf 
7b a6 24 cb d6d 
a6 24 7c d6d d6f 
33 d2 19 8c7 c95 
1 b8 7f 963 b9c 
63 9e 51 cff d9b 
1b d2 33 8d8 c98 
34 cd 24 a14 ad0 
26 b6 62 885 d22 
78 8f 5f 3e0 ddf 
72 ab 2d 848 d57 
3b be 3e a72 cee 
55 93 7a d89 dbe 
60 8f 78 3de de0 
21 ca 42 432 cba 
b9 5c 29 d11 d17 
5d b9 29 b2a d17 
c1 28 52 cdd cdf 
24 b0 7b ac3 d3e 
b0 7c 24 d3e d43 
91 ad 16 424 d4f 
79 9b 52 c5b cde 
11 bf 74 53f ce1 
3e be 4b b88 cea 
51 9e 7d 77e d9b 
53 c0 38 a95 12d8 
78 a3 4f b23 d81 
37 e2 14 a39 c32 
83 a8 3d ae8 aeb 
67 95 7f b1d 114b 
c b9 94 b2e d09 
77 c9 a 73f 128e 
3f e4 c be6 c1d 
45 9f 90 c94 d97 
a2 55 7a d89 d8b 
4c a9 77 690 d62 
2d ab 94 65 d57 
92 84 6f dc1 dc5 
81 9b 65 8c1 da7 
7d 9e 63 b47 d9b 
38 c0 64 b57 12d8 
7a 93 7c d40 dbd 
1 d6 70 156 9dc 
65 9b 82 220 c4c 
7b 93 7c 4bc d3c 
a3 5f 78 d82 1291 
56 a6 7c b00 d70 
104 9 e b7d b7e 
9e bb f 77c cf9 
38 b2 87 97e d21 
6f 21 ca 128c 128d 
36 b8 7f b99 d18 
ed c 3f be1 be6 
58 d5 25 9df c89 
28 c1 7e b60 cdf 
9f 90 5a d97 d98 
1a e4 47 be5 c21 
89 93 7b 4ba 1246 
10 cd 80 78e a0d 
bb 63 51 cff d02 
87 b6 38 a96 d21 
dc 63 10 c56 c57 
b9 5d 5c d16 d17 
93 a2 55 b27 d89 
44 c7 5b 9f3 c39 
b0 54 7a d49 d4a 
62 b2 6a bd6 d36 
b0 7c 54 d48 d4a 
74 98 8e 92e 9ac 
71 de 7 b8b c47 
b8 90 36 d18 d19 
c0 53 64 ce0 12d8 
24 cd 7b ca ac1 
3d aa a8 672 ae9 
ca 84 21 cbd 128c 
3c d0 5e 3b 12ce 
31 c8 79 49a cc9 
db 52 32 c60 11d3 
82 aa 65 66e d58 
ed 1a 47 be5 12c1 
23 d6 70 9d9 c7f 
10f f 12 b42 b44 
f7 25 2c bb8 bb9 
46 c4 73 9f9 a47 
8b d0 17 9fc ca4 
1e d3 7f 176 967 
7c a6 7b 4c2 d6d 
9b c1 28 a6c cdd 
dc 10 7d c56 c59 
c9 a9 a cbf 128e 
b8 90 45 d1a 12cb 
5e ab 94 40 64 
10 dc 80 a0b c59 
af cb 5 2bf a92 
74 e3 11 67a c25 
4 ef 6a 985 bd4 
117 1d 2 b16 b17 
c1 79 52 cda cde 
111 3 29 b33 124a 
47 e4 3f be4 c22 
b1 c5 14 6d7 123b 
100 7 48 b8f b91 
7a a2 93 d3f d89 
7b a2 93 b28 d3b 
c1 52 7e cdc cdf 
b6 38 b2 d21 d23 
b0 7a 7c d40 d4a 
b0 7c 7b d3c d3e 
72 ed c 651 be0 
83 cc 3d 99a a23 
18 e9 6f 8e2 bfe 
103 15 3e b83 b84 
49 bd 97 419 b81 
a c9 be 8de cc0 
104 49 9 b7f b80 
3a d7 73 a49 c79 
104 9 4a b7e b80 
e2 37 60 c30 12c7 
60 c4 73 c7b 1292 
94 ab 72 872 d57 
df 44 5b c37 c39 
4b 103 e 147 b87 
4d c4 8b 708 cd2 
10e 10 34 b4b 12a2 
104 e 4a b7b b7e 
ed 3f 47 bde be4 
c ce b9 b2c cb0 
79 32 db 11d3 11d4 
77 ad 91 425 d4e 
94 b9 5d b2d d0a 
3d bf aa 670 ce5 
51 bb 9e 77d cff 
4c fd 20 68e ba7 
22 ff 48 59e b92 
49 104 18 a63 b82 
ba cf 12 449 caa 
2d 115 13 849 b1f 
6c fb 8 93e bac 
104 4a 18 b7c b82 
7b b4 89 884 b29 
dc 63 51 c51 c53 
b0 7a 93 d3f d40 
b0 93 7b d3b d3c 
c1 52 9b cdd cde 
b0 93 7c d3c d40 
26 cb b6 4c6 cb4 
eb 59 43 bf0 121b 
ad da 16 a5a c68 
bb 9e 63 cff d00 
1a ed 86 64d be2 
19 fb 6c 942 1263 
ed 2f 72 be3 be7 
d3 45 90 c94 12cb 
71 102 7 8f6 b8b 
1f cc c5 94c 10e0 
fe 7f 1 b9c 12ad 
b0 a2 7a d3f d41 
28 dd 9b a69 c4f 
7b b0 a2 ac4 d3b 
39 1c 114 1242 1243 
7f b8 90 c93 d18 
62 b6 b2 887 d1e 
9c f0 4 b6a b6f 
db 79 52 c5b 11d3 
d7 60 73 c7b 12ef 
10a 6a 4 b69 1270 
8c f6 b 96c 11ff 
83 c6 75 6d3 a19 
7d dc 51 8b1 c53 
6f ca 84 128c 12d5 
17 f3 8b 6af bc5 
15 102 71 8f7 b85 
8f e2 37 a3c c30 
9f d3 45 b39 c94 
115 4f 13 b1e b1f 
103 15 71 b84 b85 
5b c7 a4 9ef ccd 
40 c6 c3 6cb cce 
10e 63 10 b45 b48 
103 3e 4b b88 b89 
ed 86 2f bdd be7 
75 cc 83 949 a1b 
10e 10 66 b45 b4b 
fe 1 95 ba1 12ad 
ce b9 3f cb0 12d2 
b5 d8 30 92c c72 
b0 a2 93 d3b d3f 
79 c1 9b a6e cde 
25 d5 c8 5c5 c88 
9c c1 79 a6f c83 
dc 63 7d c53 c56 
118 2 67 b0b b0c 
11 e5 bf 53e c17 
118 2 69 b0c b13 
104 49 4a b80 b82 
b3 3a d7 11e5 11e6 
123 24 34 ad0 ad1 
9c d5 58 b6d 1255 
d9 e0 6 689 c36 
110 27 5a b35 b37 
dd 82 65 c4c c4d 
c 112 72 649 b2f 
e4 c ce c1d 1209 
64 28 10b 112f 1130 
db 52 9b c5b c5c 
b8 45 d3 12ca 12cb 
39 114 43 855 b26 
88 f8 2c 960 bb3 
b2 b6 87 889 d21 
d4 b8 45 c8d 12ca 
115 4f 2d b1f 12af 
7d 10e 10 791 b48 
85 ec 4d 996 bee 
46 d0 c4 9f8 ca0 
112 5d 29 b2a b2b 
ef 62 6a bd6 bd7 
133 a 3b a73 1127 
7f 116 1 962 12ac 
6 e7 d9 68c c09 
5 12b 53 15 a93 
119 27 56 b04 b05 
75 c5 b1 6d5 948 
fe 36 7f b99 12b4 
4 109 9c 8a4 b6f 
8e d8 74 930 aef 
10b 38 64 b57 b58 
a9 77 c9 128e 128f 
60 e2 8f 266 c30 
9c 10a 4 89f b6a 
80 dc 7d 805 c59 
103 71 3e b84 b89 
fe 1 b8 b9c 12f4 
d3 90 7f c92 c93 
55 114 39 861 b26 
132 9 49 a7a a7b 
10e 66 34 b4a b4b 
1e 118 69 16c b10 
98 107 11 534 677 
7b cd a2 a02 ac2 
3e 133 15 11c a71 
13d 14 2b a36 a37 
dd 9b 65 c49 c4c 
10b 28 7e b60 1130 
77 fd 4c 68f 12ba 
99 ec 4d 6ff 997 
110 5a 45 b3a 1214 
d5 79 9c c83 1299 
d3 d4 45 3ac 12ca 
114 55 43 b25 b26 
57 f1 89 aa0 bcb 
116 95 1 b1b 12ac 
103 71 4b b89 1137 
112 c 94 b2e b2f 
13d 14 37 a37 a39 
12a 57 1c a9e aa1 
142 34 10 a10 a15 
44 df c7 a2a c39 
9b db 79 955 c5b 
ed c e4 be6 120a 
f 10f 9e 78c b41 
50 e3 b5 929 c2a 
6b d4 b8 968 c8e 
c9 ca 6f a27 12d4 
3d e8 bf aed c05 
7f 118 1e 16a 966 
1c 114 89 862 a99 
136 49 18 a63 1297 
104 bd 9 b7d b7f 
27 110 8a be b37 
28 e6 dd 13a c12 
db 9a 81 c5e 11d7 
c4 d7 60 267 c7b 
86 ed 72 650 be7 
c3 c6 83 6c8 a20 
c5 cc 75 94b a41 
81 db 9b 954 c63 
e 104 bd 13f b7d 
1d 117 88 5fd b14 
2 117 a5 b11 b16 
e4 ce 3f c1d c20 
d3 90 9f c94 12cd 
20 fd bc 695 ba5 
9b dd 82 a68 c4c 
118 a5 2 b0b b11 
e4 ed 1a 64b be5 
aa e5 65 66c c16 
be 103 15 a70 b83 
b 121 8d 5ee 802 
f7 c8 25 bb8 1198 
48 ff 96 59f b90 
142 24 34 a11 a14 
13d 37 2b a37 a38 
a0 113 17 2f 869 
b8 d3 7f 96a c93 
96 100 48 917 b90 
3b 133 3e 121 a72 
96 ee 6e 57e 635 
96 101 48 59d 916 
13 115 a3 84a b1e 
df c7 5b c39 c3a 
53 12b 38 1a a95 
2c f7 c8 5cc bb8 
d5 79 c1 c82 c83 
73 d7 c4 a4a c7b 
123 7b 24 ac1 ac3 
10e 66 63 b45 b46 
de 100 7 b8a b8e 
a 133 77 73e 1127 
ba 10f f a8a b42 
97 104 49 a64 b81 
112 c b9 b2c b2e 
102 de 7 b8a b8b 
12 10f ba 448 b42 
fe b8 36 b99 b9d 
c8 d5 79 5c2 c86 
29 111 a0 87f b32 
a0 112 29 87e b2b 
d3 90 b8 c93 12cb 
d0 c4 8b ca1 1282 
45 8a 110 1213 1214 
a5 117 1d 601 b16 
115 4f 78 b22 b23 
b2 ef 62 886 bd6 
a4 118 1e 9ed b10 
6f 136 18 8e1 a62 
3d 11b 83 999 aeb 
8b f4 85 6a7 12be 
8 fb fa 94f ad8 
10b 7e 64 b65 1130 
e6 82 aa c0d 1120 
10 10e cd 78f 12a2 
12a 89 1c a99 a9e 
fe 68 95 b97 12b8 
6a ef b2 986 bd6 
83 11d 3d a21 ae8 
d7 e2 60 261 c2e 
10e 7d 63 b47 b48 
ed 3f e4 be4 be6 
ce 112 c 64a b2c 
38 10a b2 97b b66 
11a a7 23 af1 11d0 
a6 119 27 c0 b04 
c1 10b 28 a6b b60 
69 118 67 16b b0c 
30 d8 fc 1266 1267 
e3 107 11 678 b76 
91 fd 77 693 12bb 
103 3e be b83 b88 
bf e8 74 aec c03 
119 56 7c b00 b01 
110 8a 5a b37 1214 
110 9f 45 b39 b3a 
14a 70 1 9dc 127c 
44 f1 df a29 bce 
ed e4 47 be4 be5 
f0 109 4 511 b6f 
8d 106 6d 56b 11fe 
29 112 b9 87c b2a 
9c 109 58 89e b6d 
a9 ca c9 a28 cb7 
ac 11e 1f 9d5 ae7 
147 5b 1e 9f0 9f1 
d5 9c c1 c83 12c8 
4 10a f0 984 b6a 
6f e9 c9 8e6 bf6 
12b 5 af a92 a93 
7 102 100 8ff b8a 
43 114 a2 6b9 b25 
81 f9 9b 8c0 953 
172 1b f 8d9 1228 
c0 10b 38 981 b57 
104 bd 49 b7f b81 
ea 111 3 746 b31 
33 105 d2 8c6 8d7 
149 58 25 9df 9e0 
14 125 b1 aae 123a 
103 be 4b b86 b88 
6f 140 21 392 128d 
93 114 55 863 b27 
95 fe 7f 12ad 12b5 
d8 e3 74 92f c24 
116 67 7f b1d 114c 
2c f8 f7 5c9 bb2 
14 127 b1 6d8 aae 
142 10 80 a0b a0d 
94 112 5d 3e b2d 
87 12b 38 982 a96 
136 18 92 a62 1297 
67 7f 118 114c 114d 
87 ef b2 888 987 
df f1 57 a9f bcf 
11e 30 ac ae5 12f6 
77 3b 133 1127 1128 
103 104 e 144 b7a 
110 5a 9f b34 b3a 
123 b0 24 ac3 ad1 
a8 11b 3d 9a7 aeb 
74 e8 d8 aee c01 
115 a3 4f b1e b23 
10e 63 9e b47 b4c 
103 15 102 b85 129b 
cd 34 10e 12a2 12a3 
158 4 6a 985 1270 
11d 3d a8 ae8 ae9 
114 a2 55 b25 b27 
5d 112 a0 39 b2b 
3d 11d aa 822 ae9 
143 43 59 a06 121c 
13b 3a 73 a49 a4b 
12e ba f a8a 122d 
cb 12b 5 10 a92 
ae 106 6d 5dc a8d 
14a 23 70 9d9 9da 
ad 133 15 901 112e 
116 67 95 b1c b1d 
8b 144 17 6ae 9fc 
72 112 94 871 b2f 
132 bd 9 a7a a7d 
123 34 b0 acf ad1 
dd e6 82 139 c10 
134 28 9b a69 a6c 
114 89 7b b29 1246 
23 11a d6 494 af0 
147 5b 44 9ec 9f3 
be 133 a 8dd a73 
119 a6 56 b00 b04 
29 181 3 124a 124b 
13 155 72 841 993 
13b 73 46 a47 a48 
17 113 f3 6b2 86c 
6a b2 10a 1271 12b3 
33 173 19 54f 8c7 
172 1b 33 8d8 8dc 
3d 11b bf 9a8 aed 
6d 106 ba 56c a8e 
bf e5 aa 66d c15 
b8 d4 d3 969 12ca 
138 ad 16 a5a 10f1 
fe 7f b8 b99 b9c 
12a 89 57 a9e aa0 
a1 113 6e 6b1 86b 
114 7b 93 b28 1246 
9e 10e 7d 790 b47 
123 24 cd ac1 ad0 
74 11b 8e 9a9 aef 
a5 116 67 b08 12aa 
110 45 d3 b39 11af 
133 be 15 a70 a71 
64 10b c0 13d b57 
112 b9 5d b2a b2d 
6d 121 8d 803 11fd 
15e 7f 1 962 963 
118 a5 67 b08 b0b 
118 69 a4 b10 b12 
58 109 d5 9e2 b6d 
fa 11f 8 7eb ad8 
166 8 6c 93c 93e 
80 f2 dc 9cc a0a 
13d 8f 37 a3c a3d 
116 7f 95 b1d 12ac 
16 14d 91 422 9c0 
93 119 7c 4bb afd 
11f fb 8 ad7 ad8 
41 127 b3 525 ab6 
141 83 3d a21 a23 
46 145 73 4a 9f9 
155 13 86 992 993 
38 12b b6 17 a96 
e2 127 14 6d9 ab5 
89 93 114 1246 1247 
a2 114 7b 6b6 b28 
115 a3 78 b23 1290 
123 34 cd ad0 12a3 
100 48 ff b90 1261 
92 49 136 1164 1297 
137 92 49 a5c 1165 
118 2 117 b0d b11 
86 155 1a 64c 98f 
5f 13a 78 3df 1291 
78 13a 60 3dd a4f 
186 13 2d 847 849 
136 97 49 a64 1160 
89 119 93 4b9 afa 
38 12b c0 983 a95 
21 14e 92 38f 9bd 
8c 15c b 958 96c 
75 12c 83 6d0 947 
147 a4 1e 9ed 9f0 
166 6c 19 941 942 
134 c1 28 a6b a6c 
c5 13d 14 6d6 a36 
de 102 71 8f3 b8b 
b5 e3 d8 92d c27 
7c 119 a6 4c1 b00 
110 44 f1 b38 11d9 
10b 7e c1 b60 b62 
eb 114 43 6bd 850 
16f 71 7 8f6 8f8 
7b 114 b4 6bb b29 
53 12b af 7ae a93 
38 10b 10a 980 b5a 
80 12e 7d 793 122b 
c9 e9 be 8ec bf9 
161 8c b 958 1200 
15e 1e 7f 966 967 
18e 2b 14 7e2 7e5 
e8 11b 3d 9a1 aed 
bd 104 97 8f4 b81 
6d 121 ae 5db aa5 
184 1c 39 85b 1243 
114 a2 93 b27 b28 
98 11c 8e 8cb 9ab 
8e fc d8 931 9d8 
185 39 1c 853 1242 
133 be 3b a72 a73 
8a 45 148 1211 1212 
16 138 da 401 a5a 
ac 14b 1f 7d9 9d5 
83 11b a8 832 aeb 
142 10 cd a0d a15 
a3 156 13 845 98a 
133 be 3e a71 a72 
123 a2 7b ac2 ac4 
16f 15 71 8f7 8fa 
a8 11d 83 110 ae8 
b4 114 89 a9a b29 
f3 f4 8b 6aa bbe 
18e 1f 2b 7e6 7e7 
153 3d 83 999 99a 
c0 12b 53 7b3 a95 
171 6f 18 8e1 8e2 
bf 11b 74 9aa aec 
af 122 76 a58 a94 
119 27 110 b03 110a 
49 132 bd 417 a7a 
13d c5 2b a35 a36 
21 140 ca 431 128d 
a2 143 43 6b8 a05 
14a 1 d6 9dc 113a 
92 136 6f 394 a62 
134 dd 28 a69 1131 
ae 129 6d a8f aa5 
17 144 d0 36 9fc 
14 13d e2 6dd a39 
18d 8 4e 7f5 7f8 
142 10 dc a09 a0b 
32 187 31 49c 83e 
159 38 87 97e 982 
123 7b b0 ac3 ac4 
112 b9 94 b2d b2e 
b1 126 75 6db a91 
14b ac 30 9d7 12f6 
f7 f8 8c 5ce bae 
c3 11d 76 6c2 830 
9c 10b c1 a6d b63 
35 19d 5 758 762 
160 2c 88 95f 960 
24 142 cd cd a14 
b8 15e 1 14c 963 
c2 135 49 415 a5f 
c3 139 40 6ca a55 
a3 13a 5f 379 1291 
6d 128 ba a8c 12a0 
12e 6d ae a8d a8f 
19f 35 5 758 75b 
49 137 c2 22e a5f 
e7 146 6 3da 68d 
102 103 71 8f2 b85 
85 154 4d 707 996 
f 12e 10f 78b a8a 
141 75 83 a19 a1b 
76 12b af 4d1 a94 
a1 f4 f3 6ab 10e2 
79 134 9b 952 a6e 
c3 122 76 82f a59 
15 133 102 902 129b 
134 9c 79 a6f 1298 
fa fb 8e 5b6 9d0 
75 12c b1 945 a91 
133 15 103 a70 129b 
d3 147 1e 964 9f2 
ae 129 80 69f a90 
83 11d c3 6c0 a22 
13b c4 46 a44 a47 
fb fc 8e 8d4 9d3 
6e 113 ee 4a4 57f 
11b 74 d8 aee aef 
12e 6d ba a8c a8e 
109 d5 9c b6d 11f9 
12a 114 1c a97 a99 
9b 134 82 219 a68 
142 cd 34 a14 a15 
26 17f 62 166 885 
185 39 43 855 1241 
d7 13b 3a 52d a49 
a8 151 3d 671 9a7 
40 130 e7 71b a87 
13b 4d c4 a43 1174 
127 125 14 aae ab3 
18 136 104 8eb a63 
123 10e 34 ac8 12a3 
44 13f c7 4b7 a2a 
ad 133 77 119 740 
80 12e ae 809 a90 
12a 57 df a9c a9f 
12 190 59 44e 7cf 
141 cc 3d a23 1273 
25 149 d5 5c4 9df 
aa 11d a8 798 ae9 
d6 14a 23 496 9d9 
147 5b a4 9ef 9f0 
4d 154 99 24e 997 
123 cd 7b ac1 ac2 
78 13a a3 1290 1291 
ef 10d 87 457 88a 
e0 14d 16 71e 9bf 
5e 144 ab 3a 9fb 
186 13 72 841 847 
b4 12a 89 882 a9a 
1f 153 cc 94a 998 
83 12c b7 6d1 1123 
d3 110 9f 9ee b39 
11b 74 e8 aec aee 
b6 12b 87 4d0 a96 
19f 20 35 756 757 
13d e2 37 a39 a3c 
17a 9c 4 89f 8a4 
145 46 c4 9f8 9f9 
99 108 ec 6fe b74 
ff 100 96 91f b90 
184 39 55 85f 861 
af 139 76 2d3 a58 
60 13a c4 269 1293 
123 a2 b0 ac4 ac5 
c7 147 44 4b6 9f3 
28 134 10b 138 a6b 
12e f 12f 122e 122f 
159 38 b2 97b 97e 
12a 57 f1 a9f aa0 
11b 8e d8 aef 120c 
30 14b d8 65d 1267 
3d 151 bf 66f 9a8 
109 9c f0 b6f 1252 
97 103 102 8f5 129a 
c2 138 6e d5 621 
a9 140 77 694 128f 
16f ad 15 901 904 
145 46 d0 9f4 9f8 
f0 10a 9c b5f b6a 
13f 44 df a29 a2a 
72 155 86 64f 993 
103 104 97 8ed 1134 
f0 10b 9c a6a b5f 
134 c1 79 a6e a6f 
ef 158 4 515 985 
7b 143 a2 6b5 a02 
6f 136 c9 396 8e5 
4 158 f0 510 984 
151 74 8e 9a9 9ac 
132 135 d 408 a66 
105 106 98 66a a89 
148 d4 45 9e8 11b1 
40 152 c6 7d0 1274 
171 be a 8dd 8de 
159 c0 38 981 983 
76 139 c3 6c9 a59 
ee 155 13 842 991 
186 2d 72 847 848 
b9 112 ce 87d b2c 
150 bb 50 9af 11bf 
f1 119 89 4be afc 
51 150 bb 77b 9b2 
13 156 ee 846 989 
184 89 1c 860 862 
172 f ba 8d9 122d 
15e d3 1e 964 967 
13b c4 73 a47 a4a 
118 67 116 b08 114c 
74 151 98 544 9ac 
88 117 f8 5f5 12a9 
1f 165 c5 7e3 94c 
153 3d cc 99a 1272 
124 125 41 aa9 123d 
18c b 8d 800 802 
147 c7 5b 9ef 9f3 
75 13c c5 6f5 a41 
f1 13f 44 4b2 a29 
124 127 41 526 aa9 
c6 13c 75 6ea a18 
30 167 b5 92a 936 
c8 160 2c 5cb 95b 
16b 48 96 916 917 
127 41 125 aa9 ab4 
171 c9 a 8de 1221 
168 30 b5 92a 92c 
165 1f cc 94a 94c 
cd 123 a2 a07 ac2 
d0 144 5e 35 9f7 
83 13e b7 118 6d2 
c9 140 6f 395 a27 
145 d0 5e 9f5 9f7 
b 15c f6 331 96c 
31 160 c8 5d0 959 
172 ba 1b 8d9 11e9 
cc 13c 75 a1a a41 
140 6f ca a27 128d 
136 104 49 a63 a64 
81 120 f9 8c2 957 
a1 f3 113 1215 1216 
7d 177 51 782 8b1 
10b 10a 9c b5e b5f 
a1 157 6e 625 6b0 
183 17 a0 869 86a 
d2 169 19 8ca 924 
141 75 c6 a18 a19 
158 10a 4 984 1270 
149 d5 58 9df 9e2 
77 140 c9 429 128f 
13b 73 d7 a49 a4a 
fb 11c 8e 5b8 8d1 
19a 7d 10 791 792 
145 73 c4 9f9 9fa 
186 a3 13 845 84a 
165 83 75 947 949 
14b 30 fc 9d6 1267 
141 cc 75 a1a a1b 
19a 10 80 78e 792 
1e 147 118 965 9ed 
134 c1 9b a6c a6e 
1a2 a 77 73e 73f 
134 9c c1 a6d a6f 
7f 116 118 114c 126a 
f d2 172 1227 1228 
80 14c ae 69d 80a 
b4 114 eb 6be b24 
134 82 dd a68 1132 
151 8e 98 9ab 9ac 
141 83 c3 a20 a22 
8 164 fa 7f1 94f 
e7 152 40 7d1 9a5 
181 a0 29 87e 87f 
fb 164 8 93d 94f 
153 3d e8 9a0 9a1 
141 83 c6 a19 a20 
158 6a b2 986 1271 
89 12a f1 883 aa0 
143 cd 7b a02 121a 
166 fb 8 93d 93e 
12e 106 6d a8d a8e 
81 175 65 5e 8c1 
af 12b cb 4ce a92 
cd 142 80 7c5 a0d 
173 19 d2 8c7 8ca 
172 d2 1b 8d8 1228 
141 cc 83 a1b a23 
168 74 8e 92e 930 
50 150 e3 437 9ad 
1f 14b 11e 661 9d5 
1 15e 116 6a1 962 
b5 167 50 928 937 
bf 151 74 53d 9aa 
168 b5 50 928 929 
4c 1b5 20 39c 68e 
b6 12b cb 12 4cb 
c4 144 8b 705 1282 
a0 113 111 867 87b 
6e 16a 96 da 1208 
b3 127 d7 530 aac 
168 30 d8 92c 1266 
ba 128 cf 444 aa6 
f0 134 82 136 38a 
b6 17f 26 4c9 885 
1cf 22 1a 590 11f3 
163 79 9b 952 955 
14a 70 d6 9d9 9dc 
98 168 74 683 92e 
3d 141 11d 827 a21 
11b e8 bf aec aed 
6b 15e b8 14e 968 
19e 42 61 75d 75f 
9a 162 81 818 11d8 
96 16e 6e d3 580 
fb 166 19 8c8 942 
142 dc 80 a0a a0b 
134 dd 9b a68 a69 
129 6d 121 aa5 11ce 
f 19a 9e 785 78c 
154 4d ec 996 997 
14 18e b1 123a 123b 
44 147 110 4b3 1281 
40 139 130 71d a57 
100 102 de 919 b8a 
163 9b 81 953 954 
19b 9e f 77c 785 
171 e9 18 8e2 8e4 
144 d0 8b 9fc 1282 
2c 160 f8 5c8 960 
11e 14b 30 660 12f6 
2d 186 ab 70e 848 
181 b9 29 87a 87c 
15c b 121 119a 11fb 
49 135 132 416 a67 
16f 100 7 8fc 8ff 
31 187 a7 48d 83e 
19 169 fb 8d0 1262 
18e ac 1f 7d9 7e0 
128 129 6d 7ff a8b 
187 32 a7 837 83e 
16f 7 102 8f6 8ff 
17a 9c 58 89e 1254 
172 d2 33 8d7 8d8 
b2 158 87 97d 987 
65 175 9b 21f 8c1 
e2 13d 8f 263 a3c 
173 33 d2 8c6 8c7 
159 b2 87 97d 97e 
118 116 a5 b08 126b 
a5 118 117 f8 b11 
137 49 135 a5e a5f 
5 19d af 2be 764 
b 161 121 5ed 11fb 
111 16d 3 745 876 
122 12b 76 97c a94 
184 93 55 863 864 
165 75 b1 945 948 
12e 6d 128 a8b a8c 
12a 114 89 a99 a9a 
1d3 19 33 54c 54f 
15e 1e 118 965 966 
140 a9 c9 a28 128f 
12e 129 6d a8b a8f 
ca 140 a9 398 a28 
126 12c 75 6cf a91 
15e 7f b8 963 96a 
149 58 109 9e1 9e2 
80 14c dc 806 9cc 
159 10a 38 97b 980 
134 f0 9c a6a 1252 
1b8 74 11 67a 67b 
fa 125 b1 7d7 7ec 
18e 14 c5 7e2 123b 
16f 102 15 8f7 902 
159 10b 38 980 981 
153 cc 83 99a 1268 
143 a2 cd a02 a07 
80 142 f2 485 a0a 
1bc c 72 649 651 
d8 11b e8 653 aee 
8e 168 98 8ce 92e 
da 138 ad 5ac a5a 
a4 147 c7 60f 9ef 
189 3d aa 822 823 
173 fb 19 8c8 8d0 
fc 167 30 92b 935 
151 3d 11b 9a7 9a8 
d4 15e 6b 3b3 968 
98 12f 105 686 a89 
d6 15d 6b 6a3 126c 
106 12f 98 812 a89 
168 fc 30 92b 1266 
14b d8 8e 9d8 120c 
43 1b0 59 121b 121c 
107 12f 98 680 813 
171 104 18 8e3 8eb 
153 11b 3d 999 9a1 
102 133 97 73b 129a 
f 19b bb 777 77c 
18e 1f c5 7e3 7e6 
147 d3 9f 9ee 127f 
133 103 97 125a 129a 
cf 190 12 44c 7ce 
17a 109 4 8a4 8a6 
13a 115 78 a4d 1290 
19c f bb 777 779 
17a 4 10a 89f 1259 
e3 168 50 436 929 
fa 12c b1 7a3 946 
7b 180 89 4c0 884 
1b1 8b 17 6ae 6af 
19b 51 7d 77e 782 
165 75 c5 948 94b 
129 12e 80 7c4 a90 
175 81 9b 8c0 8c1 
c8 163 79 499 5c1 
d7 127 e2 52f aad 
104 136 97 8ef a64 
1cf 48 22 59c 59e 
158 6a ef 985 986 
13c cc c5 a40 a41 
f2 14c 80 69e 9cc 
182 72 94 871 872 
139 76 122 a58 a59 
165 cc 75 949 94b 
141 c6 c3 a17 a20 
6e 16e c2 d0 72b 
18e c5 2b 7e2 7e6 
173 98 8e 8cb 8ce 
109 134 9c 5c6 1252 
186 ee 13 842 846 
cb 19f 5 2ba 75a 
15e d3 7f 967 96a 
76 13e 11d b3 6c1 
14f 85 ec 9b7 111b 
134 9c 10b a6a a6d 
ae 12e 106 810 a8d 
183 f3 17 86c 86d 
10a 10b f0 97f b5f 
19a cd 10 78e 78f 
13b c4 d7 a4a 1177 
18c 8d 6d 801 803 
17f b2 62 886 887 
18b 80 7d 805 122b 
140 ca c9 a27 a28 
6e 183 a1 729 86b 
159 38 12b 982 983 
181 3 111 876 124a 
17f 62 b6 885 887 
1a2 a c9 73f 1221 
1bc 86 1a 64c 64d 
1b8 11 98 677 67b 
165 83 cc 949 1268 
154 ec 85 996 111b 
f 19c d2 1227 12f3 
79 163 db 49e 955 
f5 15d 6b 61a 6a4 
bc 19f 20 691 756 
171 c9 6f 8e5 8e6 
db 187 32 49d 83d 
177 51 dc 8b1 8b8 
11d 13e 83 10f 6bf 
6b 15e f5 3b4 6a2 
18d fa 8 7eb 7f1 
33 172 105 8bd 8d7 
106 12e ba 8d6 a8e 
168 d8 74 92f 930 
12a b4 114 a98 a9a 
d0 c4 144 1282 1283 
105 173 33 54b 8c6 
16b 48 100 917 918 
8e 14b fa 943 9d0 
145 c4 d0 9f8 1283 
a8 12d 11d 111 799 
1ad b1 14 6d7 6d8 
124 125 b1 7ed aaa 
171 a 133 8dd 1222 
16b 48 101 913 916 
14b fb 8e 9d0 9d3 
14b fc 8e 9d3 9d8 
130 e7 d9 a82 1210 
121 129 ae 47d aa5 
72 182 ab 843 872 
15e 1e 147 964 965 
10e 123 cd a00 12a3 
f 12e 172 122d 122f 
db 163 81 4a0 954 
f 172 12f 775 122f 
141 11d 83 a21 a22 
b1 127 124 528 aaa 
33 176 105 54a 8bd 
1c6 b 8d 5ee 5f1 
40 18f c6 6c4 7d0 
1a9 85 4d 707 709 
184 93 89 866 1247 
13f c7 df a2a a2d 
f1 12a df a2b a9f 
127 125 b1 aaa aae 
6a 158 10a 1270 1271 
10f 12e ba 447 a8a 
19b 51 9e 77d 77e 
8c 1c7 b 11ff 1200 
87 158 ef 45a 987 
16f 15 133 901 902 
74 168 e3 684 92f 
f4 157 85 6a6 970 
af 12b 122 7b7 a94 
133 103 be a70 125b 
97 1a4 49 418 1161 
91 14d fd 692 9c7 
1a8 2d ab 70e 717 
193 53 af 7ae 7af 
186 72 ab 843 848 
161 b 15c 958 11fb 
1a9 4d 8b 708 709 
bc 19d 35 759 768 
115 13a a3 844 1290 
145 5e 144 9f6 9f7 
1d4 11 74 53f 545 
1b5 77 4c 68f 690 
154 ec 99 995 997 
129 b4 128 1217 1218 
1e6 31 32 49b 49c 
1c5 88 1d 5fc 5fd 
1a1 ea 3 746 74c 
19f 35 bc 756 759 
b1 12c 126 7aa a91 
b4 180 7b 7c2 884 
18a 9a 81 818 81a 
170 71 de 8f0 8f3 
15b 85 f4 970 972 
183 113 17 869 86c 
171 18 136 8e1 8eb 
26 1a0 cb 4c7 755 
19a 7d 80 792 793 
151 11b 74 9a9 9aa 
110 119 f1 4c4 afe 
1ad c5 14 6d6 6d7 
166 fb 6c 93e 942 
fb 11f fa 9cf ad8 
141 13c 75 a18 a1a 
12e 129 ae a8f a90 
8a 1b2 45 1211 1213 
65 175 e5 5a 543 
bd 170 97 41d 8f4 
1f 165 14b 65e 7d8 
186 13 115 849 84a 
134 10b c1 a6b a6d 
168 d8 8e 930 931 
17f 87 b2 888 889 
185 eb 43 84d 850 
184 114 1c 862 1243 
166 164 8 93b 93d 
193 53 c0 7b0 7b3 
99 1aa 4d 259 6ff 
9d 19e 61 2d1 75e 
f6 15c 8c 351 96c 
185 1c 114 856 1242 
171 6f e9 8e2 8e6 
83 188 a8 115 832 
87 17f b6 4cf 889 
153 165 1f 65f 94a 
181 111 29 87f 124a 
163 9b db 954 955 
181 112 29 87c 87e 
180 b4 89 882 884 
147 9f 110 9ee 1280 
d6 1 1b3 1139 113a 
ba 12e 128 443 a8c 
162 f9 81 957 11d5 
11b 14b 8e 944 120c 
f8 160 88 5f7 960 
c5 165 b1 7de 948 
163 81 f9 953 11d6 
1ef 42 21 42f 432 
18d 11f 8 7e9 7eb 
e0 1a6 16 290 71e 
19b 51 bb 77b 77d 
ab 182 94 3c 872 
f4 157 a1 623 6ac 
139 122 af a58 1295 
b 18c 121 333 802 
18b 80 ae 809 80a 
153 83 11b 999 1269 
e7 18f 40 2e1 7d1 
1ed 12 59 44e 11c7 
1b0 a2 43 6b8 6b9 
8f 1ac 5f 3e1 6e6 
1b5 bc 20 691 695 
dc 177 7d 804 8b1 
15e b8 d3 969 96a 
15e b8 d4 968 969 
122 159 76 104 97c 
147 118 a4 9ed 1204 
1b6 d9 6 689 68c 
189 c3 76 82f 830 
8e 151 11b 834 9a9 
143 123 a2 a04 a07 
126 99 146 1172 1173 
11c 151 8e 5be 9ab 
1c5 a5 1d 601 602 
115 186 2d 70f 849 
13f df f1 a29 a2b 
62 17f ef 160 886 
9e 19a 7d 783 790 
1ad e2 14 6d9 6dd 
11 1d4 98 533 545 
b4 191 7b 6ba 7c2 
19b 7d 9e 77e 783 
16f 102 71 8f6 8f7 
15e 116 7f 962 126a 
158 b2 ef 986 987 
6 1b6 e0 274 689 
1bc ce c 64a 1209 
19a f 10f 78b 78c 
19a 10e 10 78f 791 
8e 165 fa 835 943 
142 dc f2 a08 a0a 
c2 1a4 49 22a 414 
76 159 12b 4cd 97c 
1d5 11 98 533 534 
d9 14d e0 688 9c3 
fd 14d bc 696 9c8 
170 102 71 8f2 8f3 
15e 7f 118 966 126a 
71 170 103 143 8f2 
138 157 6e 62d 11a2 
1ae 75 83 6d0 6d3 
1a3 6e a1 729 1206 
18e 125 14 7e4 123a 
184 39 114 861 1243 
17a 58 109 89e 1256 
98 151 11c 66b 9ab 
1a1 111 3 745 746 
1b9 a8 3d 671 672 
185 114 39 855 1242 
139 122 c3 a54 a59 
82 1b9 65 221 66e 
1b9 3d aa 670 672 
1b6 e7 6 68c 68d 
75 18f c6 6e9 121e 
f9 163 9b 505 953 
fc 168 8e 8d2 931 
165 cc c5 94b 94c 
b4 13f 12a 881 a2f 
168 d8 b5 92c 92d 
82 199 aa 674 111f 
a9 1b5 4c 39d 690 
14b 11e ac 9d5 12f6 
1af c3 40 6ca 6cb 
10e 143 cd 788 a00 
11f 14b ac 7d2 9d4 
185 114 43 850 855 
f0 109 134 1252 1253 
85 1a9 8b 6a8 709 
11d 141 c3 82a a22 
10b 134 f0 137 a6a 
d3 15e d4 3b2 969 
c4 1a9 4d 3e6 708 
11f 125 fa 7d5 7ea 
1fc 4c 20 39c 39f 
12b 159 87 4cc 982 
1b8 e3 11 678 67a 
59 190 eb 6b7 7cc 
1af 40 c6 6c4 6cb 
175 f9 81 8c0 8c2 
19 173 166 556 8c8 
c2 137 135 738 a5f 
81 162 120 81c 957 
11b 151 a8 833 9a7 
14e 92 137 9ba 1162 
ae 14c 120 5d2 814 
17f b2 b6 887 889 
14c f2 dc 9cb 9cc 
168 167 30 92a 92b 
77 1a2 ad 427 740 
83 165 11b 831 1269 
173 19 169 8ca 8d0 
168 b5 e3 929 92d 
c 1bc e4 1209 120a 
ff 16a 96 636 91f 
105 12f 106 8da a89 
171 be c9 8de 8ec 
cd 191 7b c5 121a 
96 16a 100 d8 91f 
14b fc d8 9d8 1267 
165 12c 75 945 947 
102 133 103 129a 129b 
1b1 f3 17 6af 6b2 
189 11d 3d 822 827 
16b 100 96 917 1118 
10a 158 b2 979 1271 
105 168 98 685 8cf 
96 16b 101 905 916 
9a 15d 11a 1e8 96b 
1b9 3d bf 66f 670 
159 10a b2 979 97b 
cd 191 80 78d 7c5 
18b dc 7d 804 805 
173 8e fb 8d1 8d4 
1bc 72 86 64f 650 
173 fc 8e 8d2 8d4 
149 d5 109 9e2 11fa 
110 147 d3 3aa 9ee 
1bc c ed 651 120a 
1b1 6e a1 6b0 6b1 
12e 19a f 786 78b 
184 114 55 861 863 
91 1b5 77 423 693 
1b1 8b 85 6a7 6a8 
18b dc 80 805 806 
181 3 16d 875 876 
96 16e 101 584 905 
134 163 79 5c7 952 
19b 12e f 786 122e 
11b 165 8e 836 944 
12f 19b f 778 122e 
186 155 13 841 842 
17f ef 87 888 88a 
40 1a7 e7 2e0 71b 
b1 165 fa 7d6 946 
186 13 156 845 846 
1e6 31 79 49a 49b 
1bc 1a e4 642 64b 
1a3 c2 6e 72b 1205 
19c f 12f 775 778 
143 cd 123 a00 a07 
1e6 32 79 49b 11d4 
116 15e a5 6a0 126b 
1d4 11 bf 53e 53f 
a5 15e 118 f7 126b 
12c 165 83 472 947 
97 170 102 727 8f5 
138 16a 6e db 71f 
89 180 f1 4bd 883 
170 103 97 8f5 1134 
8d 174 106 56a 5da 
170 97 104 8f4 1134 
1cf 96 48 59d 59f 
1b8 74 98 67b 683 
171 103 97 8ed 125a 
151 bf 11b 9a8 9aa 
14f 85 154 111b 111c 
1 1b3 116 126 6a1 
10b 159 c0 13b 981 
1b0 7b a2 6b5 6b6 
171 97 104 8ed 8ef 
9b 175 f9 21b 8c0 
5f 1be a3 376 632 
1bd 6e 96 635 1208 
1bb d8 30 65c 65d 
1bc 1a ed 64b 64d 
18d 124 41 7f4 123d 
1ad 75 b1 6d5 6db 
125 18d 41 123c 123d 
1b9 aa 65 66c 66e 
1a2 133 a 73e 1222 
19a cd 80 78d 78e 
9a 187 db 49f 83c 
1cb 25 c8 5c5 1198 
98 173 105 667 8cf 
c9 1a2 77 428 73f 
135 1a1 d 575 74b 
aa 199 a8 673 798 
141 13c c6 a16 a18 
bc 14d 130 3f3 9c5 
148 15a 8a 6a5 974 
18e 14b 1f 7d8 7d9 
18d 164 8 7f1 7f6 
99 154 146 256 4d6 
1f0 16 91 422 424 
50 168 167 43f 928 
1b5 20 fd 68e 695 
183 113 6e 86b 11ef 
171 136 6f 8e1 8e5 
13f df 12a a2b a2c 
5f 1ac d1 3dc 6e5 
1ca c8 2c 5cb 5cc 
112 182 72 648 871 
1b8 107 11 677 678 
181 ce b9 879 87d 
171 be e9 8ec 8ee 
11b d8 14b 120b 120c 
1fd 21 6f 390 392 
e4 16c ce 647 910 
1b5 77 a9 690 694 
141 13c cc a1a a1d 
14f 85 15b 111d 111e 
6d 1c8 8d 11fd 11fe 
120 175 81 59 8c2 
168 d8 e3 92d 92f 
14b fb fa 9cf 9d0 
113 1b1 17 4a7 6b2 
31 1ca c8 497 5d0 
1aa 4d ec 6ff 703 
14b fb fc 9d3 127b 
1b0 eb 43 6bd 121b 
1c7 b f6 5e7 11ff 
1c0 a1 6e 625 1206 
1b0 b4 7b 6ba 6bb 
51 177 150 77a 8b5 
19b bb 9e 77c 77d 
1cb 25 d5 5c4 5c5 
75 1ab c5 6d4 6f5 
189 3d 141 825 827 
173 8e 11c 8cb 8d1 
1ab 75 c6 6e9 6ea 
87 159 158 795 97d 
176 33 172 8bc 8bd 
10d 17f 87 1b6 88a 
157 15b 85 363 970 
c4 145 144 70d 1283 
1a8 115 2d 70f 716 
18e c5 b1 7de 123b 
12e 12f 106 80f 8d5 
1ad 75 c5 6d4 6d5 
171 c9 e9 8e6 8ec 
159 122 c0 1121 1122 
9b 163 134 506 952 
1ad 127 14 6d8 6d9 
1bc 112 c 649 64a 
1b4 80 ae 69d 69f 
1ae 83 b7 6d1 6d2 
1af c3 76 6c2 6c9 
1ae 75 c6 6d3 121e 
127 125 124 aa9 aaa 
1e7 23 a7 490 11d0 
8e 188 fa 5b5 835 
1d6 3a b3 52c 11e6 
12a 13f f1 880 a2b 
17a 109 9c 89e 8a4 
a1 183 f3 5 1216 
16 1a6 138 28d 420 
11c 173 98 668 8cb 
17a 9c 10a 89c 89f 
c0 159 12b 7ba 983 
e5 1d4 11 53b 53e 
1d2 6d 8d 561 56b 
1b9 aa 82 66e 674 
145 d0 144 9f7 1283 
99 17d 10c 4d7 891 
17f ef b2 886 888 
1e2 26 b6 4c6 4c9 
1d5 11 e5 536 53b 
18e 1f 165 7d8 7e3 
153 165 83 1268 1269 
104 170 bd 13e 8f4 
1a9 c4 8b 705 708 
e6 189 aa fd 81f 
1d7 41 b3 525 11e3 
1f0 16 ad 424 10f1 
171 be 103 8e8 125b 
165 14b 8e 943 944 
14d 130 d9 9c6 120f 
82 199 f0 fb 38d 
106 172 ba 56e 8d6 
1d0 96 6e 57e 580 
1b0 59 eb 6b7 121b 
1af 83 c3 6c0 6c8 
193 12b 53 7ae 7b3 
168 d8 fc 931 1266 
1d9 ef 4 515 516 
c6 1ae 83 6c5 6d3 
11d 189 76 797 830 
184 89 114 862 1247 
1ed 12 ba 448 449 
1e7 31 a7 48d 48e 
10d 17e 9d 4ca 88e 
1d9 4 f0 510 511 
c6 152 13c 6ec 9a3 
18c 121 6d 803 11ce 
d6 1b3 6b 14f 6a3 
1af c6 83 6c5 6c8 
165 b1 12c 945 946 
11b 153 e8 652 9a1 
94 182 112 3d 871 
76 189 122 ff 82f 
11a 15d d6 1e6 126d 
15c 161 8c 31f 958 
f0 158 10a 97a 984 
22c 3e 15 11c 11d 
229 4b e 147 148 
1c8 6d ae 5db 5dc 
1ad 14 13d 6d6 6dd 
1cb 9c 79 1298 1299 
d1 1be 5f 375 634 
133 171 97 73c 125a 
159 f0 10a 97a 97f 
f0 159 10b 13c 97f 
1fd 21 92 38f 390 
128 12e 129 445 a8b 
18c 6d 128 7fe 7ff 
18c 6d 129 7ff 11ce 
188 83 11b 831 832 
16 1a6 14d 421 71e 
97 171 136 73d 8ef 
fa 14b 11f 7d3 9cf 
184 114 93 863 1247 
1c0 6e c2 621 1205 
18f 152 40 7d0 7d1 
14b 11f fb 9cf 127a 
14a 1b3 1 127 113a 
1a1 16d 3 744 745 
f7 25 1cb 1197 1198 
1bb 1f 11e 661 665 
1b5 fd 4c 68e 68f 
181 111 a0 87b 87f 
180 89 12a 882 883 
1d4 74 98 544 545 
18b 106 98 812 118f 
112 181 a0 86f 87e 
16b 100 de 919 91a 
81 18a 120 55 81c 
1e2 cb 26 4c6 4c7 
18b 98 107 813 1192 
a0 181 113 870 87b 
112 182 a0 37 86f 
de 16b 102 726 919 
a0 182 113 2e 870 
1ca 2c f7 5c9 5cc 
1b0 114 43 6b9 6bd 
183 a0 111 867 868 
143 123 10e a00 a01 
146 1b6 6 280 68d 
1ca 2c f8 5c8 5c9 
1c6 b 121 5ed 5ee 
126 18f 75 6ed 121d 
19c 172 f 775 1227 
188 8e 11b 834 836 
183 113 a0 867 869 
45 1b2 110 11b0 1213 
183 a1 113 86b 1216 
1ed 12 cf 449 44c 
105 172 d2 773 8d7 
65 1b9 e5 542 66c 
159 b2 158 979 97d 
17 1b1 144 4ac 6ae 
1e3 7b 7c 4bc 4c2 
1d6 d7 3a 52d 11e6 
fa 164 fb 5ba 94f 
d2 173 105 770 8c6 
1c5 117 1d 5fd 601 
1a7 130 40 71b 71d 
133 16f ad 739 901 
1d9 4 109 511 514 
1cf 22 ff 59a 59e 
eb 190 b4 6bc 7cb 
19a 7d 10e 790 791 
171 1a2 a 1221 1222 
102 170 de 725 8f3 
228 1 70 156 158 
d1 1f5 6 27f 3d4 
12e 7d 18b 122b 122c 
11a 187 9a 1e7 83b 
1f1 97 49 418 419 
1d5 11 107 534 538 
6b 1c2 d4 3af 61c 
1bb 11e 30 660 666 
1b9 a8 aa 672 673 
18b 12e 80 809 122b 
186 115 a3 844 84a 
11d 199 76 b2 797 
15e 1b3 1 14b 6a1 
1f7 5f 78 3df 3e0 
1e6 31 c8 497 49a 
18d b1 fa 7ec 1232 
1f7 78 60 3dd 3de 
1b3 f5 6b 6a2 6a4 
18c 121 8d 802 803 
24d 29 3 b33 ea9 
1f8 d1 6 3c9 3d4 
1e7 23 d6 494 496 
1b8 e3 74 67a 684 
139 1a7 40 6c7 71d 
18e b1 fa 7d6 7d7 
159 10b 10a 97f 980 
99 194 108 25b 4f9 
1ef 21 ca 431 432 
fb 169 fc 8d3 925 
1e3 89 7b 4ba 4c0 
ae 18b 106 5df 810 
129 191 80 481 7c4 
1d2 ba 6d 560 56c 
72 182 155 64e 83f 
c7 15f 147 4b8 60e 
172 ba 12e 8d6 122d 
181 b9 112 87c 87d 
140 1b7 21 391 1185 
187 a7 11a 83a 11cf 
1ad b1 c5 6d5 6d7 
191 80 12e 7c4 11c4 
22c 3b 3e 121 122 
23d 5 53 15 16 
226 1e 69 16c 171 
c2 16e 135 40f 735 
1e4 c7 44 4b6 4b7 
188 a8 11b 832 833 
186 155 72 83f 841 
171 133 be 8dd 125b 
16a 100 ff 91f 1260 
1f2 da 16 3ff 401 
1e3 7b 93 4ba 4bc 
1e3 93 7c 4bb 4bc 
227 62 26 165 166 
211 5 af 2be 2bf 
147 15e d3 3ae 964 
ee 1bd 6e 628 635 
1cb 79 c8 5c1 5c2 
1bc 72 ed 650 651 
1af 139 40 6c7 6ca 
19b 51 150 77a 77b 
196 fa b1 7a3 1232 
e3 177 107 67e 8b3 
16b 102 100 919 1115 
6 201 d1 27a 36b 
1e6 db 32 49d 11d4 
1aa 99 ec 6fe 6ff 
aa 189 11d 796 822 
16 1f2 e0 28f 403 
f2 1b4 80 482 69e 
ee 1bf 6e 4a3 628 
1d4 bf 74 53d 53f 
120 161 f9 5de 956 
1b9 bf aa 66d 670 
1b1 f4 85 6a6 6a7 
4d 1aa 13b 3c2 700 
1f7 5f 8f 3e0 3e1 
173 168 8e 8ce 8d2 
b4 180 129 8e 7c3 
8f 1f7 60 265 3de 
21 1b7 14e 393 4e1 
1f8 6 e7 3d3 3da 
102 1a2 97 728 73b 
18b 98 12f 812 813 
173 fb fc 8d3 8d4 
16e 16b 96 905 1117 
162 f9 120 956 957 
1d3 33 105 54a 54b 
1b5 fd 77 68f 693 
180 b4 12a 881 882 
7d 19a 12e 784 793 
19b 19a f 785 786 
260 1d 2 b17 109e 
28 22a 64 23 112f 
100 16f 102 ce 8ff 
5 19f 19d 2bb 758 
1bb 1f 14b 65e 661 
1b1 f3 8b 6aa 6af 
19a 10e 9e 790 1230 
143 7b 191 1219 121a 
1b1 f4 8b 6a7 6aa 
1a4 97 102 727 728 
19b 7d 12e 784 122c 
19a 9e 10f 78c 1231 
171 136 c9 8e5 11ae 
1e3 89 93 4b9 4ba 
ce 181 112 644 87d 
16e 183 6e 72a 11f0 
19c 19b f 777 778 
19a 12e 80 793 11c4 
18b 14c 80 806 80a 
6e 1b1 113 4a5 6b1 
fb 166 11c 5bb 8cc 
154 14f ec 994 111b 
25 2c 249 bb9 ec0 
f5 1c2 6b 3b0 61a 
135 1d1 d 407 575 
80 191 142 484 7c5 
1cb 79 d5 5c2 1299 
120 18b ae 5e0 814 
1cf 48 ff 59e 59f 
170 103 102 8f2 8f5 
15b e1 14e 96e 119f 
14f 15b e1 e6 126e 
1b0 43 143 6b8 121c 
173 98 168 8ce 8cf 
7b 1e3 a6 cc 4c2 
126 194 99 25e 4fb 
76 1e1 af 2d2 4d1 
154 17d 99 4d5 88f 
1a 1bc 155 595 64c 
1cf 101 48 59b 59d 
1af c6 c3 6c8 6cb 
18e 11f ac 7d2 7db 
104 103 170 1133 1134 
50 1ee bb 11bf 11c0 
81 1e6 9a 11d7 11d8 
e0 201 6 273 36f 
1f1 49 bd 417 419 
1f0 91 77 423 425 
1e3 7c a6 4c1 4c2 
1bb 153 1f 65f 662 
226 7f 1e 16a 176 
a3 186 13a 378 844 
171 103 104 8e7 8ed 
165 cc 153 94a 1268 
42 1ef ca 236 432 
118 15e 116 126a 126b 
1bc 86 ed 64d 650 
168 167 b5 928 92a 
1fc a9 4c 39d 39e 
1f1 49 c2 414 415 
1a2 77 133 73e 740 
f0 17b 109 50f 1253 
151 188 8e 5bd 834 
1b0 7b 114 6b6 6bb 
18d 124 b1 7ed 1233 
105 172 106 8be 8da 
fa 165 12c 476 946 
6e 1a5 138 62c 71f 
18d 125 b1 7ec 7ed 
1c3 a4 c7 60f 610 
1bb 14b 30 65d 660 
1af 11d 76 6c1 6c2 
126 1ab 75 6da 6ed 
148 1b2 45 11b2 1211 
211 cb 5 2ba 2bf 
1d4 65 e5 542 543 
18e b1 125 7d7 123a 
18b ae 12e 809 810 
189 11d c3 82a 830 
13f 180 b4 87 881 
1a9 4d 154 707 116c 
1e5 113 17 4a7 10e8 
108 1aa 99 250 6fe 
1f7 78 8f 3de 3e0 
1ad 126 75 6da 6db 
1b1 a1 f3 6ab 1215 
105 176 106 669 8be 
1b1 f4 a1 6ab 6ac 
1ae 126 75 6cf 121d 
199 a8 11d 798 799 
193 af 122 7b7 7b8 
18a 81 162 818 81c 
189 c3 122 82e 82f 
165 188 83 471 831 
161 1c6 b 5e8 5ed 
1b5 91 fd 692 693 
199 aa 11d 796 798 
1c7 161 b 5e8 1200 
1bb 165 1f 65e 65f 
158 159 f0 794 97a 
17f ef 10d 88a 1149 
c4 1f5 4d 26b 3e6 
1fd 6f 92 390 394 
1ed 10f 12 448 11c8 
1d0 6e ee 57e 57f 
1bc 112 72 648 649 
b4 190 128 6b3 7ca 
59 1b0 143 11c5 121c 
1e4 f1 44 4b2 11d9 
1ae 75 12c 6cf 6d0 
173 11c fb 8cc 8d1 
110 1b2 8a b7 1213 
96 1bd ee 593 635 
1af 83 11d 6bf 6c0 
19b 177 51 77a 782 
1e1 87 b6 4cf 4d0 
129 191 b4 6b4 7c3 
1b0 eb b4 6bc 6be 
194 b1 126 7aa 11e2 
12b 159 122 7b9 97c 
1b9 151 3d 66f 671 
193 af 12b 7ae 7b7 
192 128 b4 7c1 1218 
186 72 182 83f 843 
129 192 b4 8d 1218 
215 6 d1 27a 27f 
f1 180 110 4c3 11da 
124 196 b1 523 1233 
f4 15b 157 622 970 
1b9 e5 aa 66c 66d 
ea 183 111 741 1249 
199 159 76 1101 1102 
200 5f a3 376 379 
232 24 7b ca cb 
1c8 6d 106 5dc 11fe 
f9 175 120 5dd 8c2 
1a8 186 2d 70e 70f 
188 165 8e 835 836 
23c 28 64 23 24 
149 1cb 25 326 5c4 
1f0 ad 77 425 427 
23d 53 38 1a 1b 
113 182 ee 4a8 583 
156 186 a3 630 845 
194 12c b1 7aa 11de 
8c 1c1 f8 359 5cd 
a8 199 12d 20c 799 
1ab 75 13c 6ea 6f5 
d5 9c 1cb 11f9 1299 
193 c0 122 7bc 1122 
228 b8 1 14c 12f4 
a8 188 151 5bf 833 
196 b1 12c 7a3 11de 
185 114 eb 84f 850 
22c 3b 77 11b 1128 
1c5 88 f8 5f5 5f7 
7d 18b 177 77f 804 
15c 15d f5 92 61d 
205 b f6 331 336 
b7 194 12c 46b 6cc 
1e7 11a 23 494 11d0 
1ae 83 12c 6d0 6d1 
183 113 f3 86c 1216 
139 1af 76 2d6 6c9 
1e6 c8 79 499 49a 
1cf 1a 155 595 598 
1b8 105 98 685 686 
248 58 25 9e0 fd0 
12d 195 b7 10b 4ec 
1fb d3 45 3ac 11af 
1d9 158 4 510 515 
1a2 97 133 73b 73c 
b7 83 1ea 1123 1124 
4b 229 71 1137 1138 
23b 5d 3c 32 3f 
f5 15f 15c 2a5 34c 
1fb 45 d4 3ac 11b1 
1ee e3 50 436 437 
ff 1bd 96 594 636 
1b8 98 107 677 680 
19c d2 105 770 773 
19a 10e cd 788 78f 
fa 165 14b 7d4 943 
92 21a 49 1164 1165 
23b 3c 5e 3b 41 
215 e0 6 273 274 
162 18a 9a 342 818 
1c7 f6 8c 5e4 11ff 
19f 19d 35 758 759 
18b 14c ae 80a 814 
f5 15f 15e f1 3b5 
97 1a2 136 227 73d 
87 199 158 459 795 
80 1b4 129 480 69f 
8c 1c7 f7 5cf 5eb 
1ba 98 105 667 66a 
193 12b c0 7b3 7ba 
159 199 87 ab 795 
76 1af 13e 2d4 6c1 
98 1ba 106 309 66a 
1d7 41 124 524 526 
102 16f 133 73a 902 
18e ac 14b 7d2 7d9 
b7 198 12d 116 4eb 
217 4d 99 24e 259 
159 158 10a 979 97a 
49 21a 97 1160 1161 
f4 1c0 a1 8 623 
1d7 127 41 525 526 
e5 1b9 bf 540 66d 
1b1 113 a1 6b1 1215 
1b0 114 a2 6b6 6b9 
189 141 c3 829 82a 
b4 192 13f 86 1237 
233 27 8a be c3 
128 190 cf 446 7c9 
1d2 6d 106 56b 56c 
1ca f7 8c 5ce 5cf 
1ca f8 8c 5cd 5ce 
12f 172 105 774 8da 
172 106 12e 8d5 8d6 
133 171 103 125a 125b 
172 12f 106 8d5 8da 
122 189 e6 103 826 
15 22c ad 112d 112e 
17b f0 134 11ac 1253 
216 8f 60 265 266 
180 12a f1 880 883 
118 15e 147 961 965 
226 69 67 16b 16e 
1e4 44 110 4b3 11d9 
171 104 136 8eb 8ef 
229 e bd 13f 146 
21b 65 82 220 221 
7b 191 180 4bf 7c2 
83 1ae 13e 6c6 6d2 
15f 118 147 961 1203 
214 16 e0 28f 290 
210 9d 61 2d1 113f 
161 162 f9 321 956 
5f 1f7 d1 370 3dc 
1f0 ad 91 424 425 
1c8 121 6d 5db 11fd 
1b0 143 7b 6b5 1219 
24c 5d 29 d91 ff2 
1af 13e 83 6bf 6c6 
1f0 c9 77 428 429 
1e6 79 db 49e 11d4 
1ca 160 2c 5c8 5cb 
116 1b3 a5 12d 6a0 
1f1 132 d 408 409 
77 1b5 140 426 694 
1d6 13b 3a 52a 52d 
1d0 6e 113 57f 11ef 
150 177 e3 687 8b2 
8b 1a9 144 6ad 705 
169 173 d2 76c 8ca 
af 19d 139 2c4 760 
96 1cf ee 57d 593 
1cd 8e fa 5b5 5b6 
1a5 16a 6e 71f 1207 
1a3 16e 6e 72a 72b 
1ce ad da 5a7 5ac 
1cd 8e fb 5b6 5b8 
1c8 106 8d 5da 11fe 
1b5 bc fd 695 696 
13d 1ac 8f 264 6e8 
1f1 135 d 407 408 
1d0 96 ee 57d 57e 
1bf 6e 138 62c 62d 
107 177 12f 67f 811 
1a2 133 ad 739 740 
13e 198 b7 117 3bd 
160 1ca 31 1f0 5d0 
1e5 17 144 4ac 10ea 
1d3 166 19 553 556 
1b6 d9 e0 688 689 
182 a0 181 86f 870 
130 19d bc 3eb 76b 
1e5 ee 6e 4a3 4a4 
113 181 111 588 87b 
1c0 138 6e 621 11a2 
228 d6 1 156 1139 
157 1b1 6e 4a2 6b0 
206 f7 25 32d 1197 
1e6 db 81 4a0 11d7 
1ba 11c 98 668 66b 
1b0 b4 114 6bb 6be 
1a4 102 de 725 726 
243 8b 17 bc5 ca4 
ad 1a2 138 78 5a4 
20 1b5 19f 3a8 691 
1c5 117 88 5f5 5fd 
2 69 25f b13 10cf 
e1 17d 14f e7 11db 
111 183 113 582 867 
1bc e4 ce 647 1209 
19b 7d 177 77f 782 
154 1a9 85 3e4 707 
1de 14e 21 4e1 4e6 
164 166 fb 5bc 93d 
1b6 d9 e7 68c 1210 
23b a0 17 2f 38 
23a 73 46 46 4a 
18f 1af 40 2d9 6c4 
232 a6 24 c9 cb 
85 1a9 157 3e5 6a9 
1f0 138 16 420 10f1 
1b3 6b 15d 6a3 6a4 
6b 1b3 15e 14d 6a2 
12 1b 281 d07 e78 
200 5f d1 370 375 
f1 180 13f 4b1 880 
14b 165 11b 657 944 
238 2d 94 65 6a 
76 199 189 fe 797 
1b1 8b 144 6ad 6ae 
1ad 126 b1 6db 11e2 
191 142 cd 7c5 110f 
138 1f2 16 28c 401 
1fd c9 6f 395 396 
b1 1ad 127 527 6d8 
1d3 19 173 54f 556 
143 191 cd 787 121a 
18e 165 b1 7d6 7de 
67 226 7f 114a 114d 
233 a6 27 c0 1107 
21 42 268 42f f43 
109 17b 134 504 1253 
1cf ff 96 594 59f 
1cb d5 c8 5c2 5c5 
18d fa 11f 7ea 7eb 
167 168 fc 8cd 92b 
15e 15f 118 ee 961 
1b4 14c 80 69d 69e 
1fb 6b d4 3af 3b3 
101 1cf 96 58a 59d 
18e fa 11f 7d3 7d5 
fc 169 167 8c9 921 
21b 65 9b 21f 220 
6 1f5 146 283 3d8 
205 b 121 333 119a 
1f1 97 bd 419 41d 
1d6 b3 d7 530 11e6 
1bb d8 e8 653 656 
1b2 148 8a 6a5 1211 
c6 18f 152 6eb 7d0 
264 6a 4 bd4 103f 
1d2 8d 106 56a 56b 
1d0 96 101 584 58a 
1b8 98 12f 680 686 
1a3 183 6e 729 72a 
18 6f 258 dc8 10a8 
11b 165 153 658 1269 
ab 186 182 4ae 843 
18d 125 fa 7ea 7ec 
8d 1c6 121 5d8 5ee 
1e7 14a 23 491 496 
1cb 109 9c 5c6 11f9 
18e fa 125 7d5 7d7 
af 1e1 cb 2bd 4ce 
1f8 146 6 3d8 3da 
16c 181 ce 646 877 
1b0 b4 128 6b3 1217 
226 1e d3 175 176 
216 c4 4d 26b 1174 
1b0 129 b4 6b4 1217 
1a3 135 c2 735 738 
1a1 ea 111 741 746 
219 ca 42 235 236 
1c8 8d 121 5d8 11fd 
1b1 85 157 6a6 6a9 
1af c3 11d 6c0 6c2 
19b 18b 7d 77f 122c 
18b dc 14c 806 808 
21a c2 49 22a 22e 
19e 1a0 61 2cf 751 
1ef 140 21 431 1185 
129 1b4 ae 47c 69f 
144 1a8 ab 4af 719 
137 1a3 c2 626 738 
1bc 72 155 64e 64f 
1ae 12c b7 6cc 6d1 
193 159 c0 7ba 1122 
121 15c 161 11fb 11fc 
1e3 89 f1 4bd 4be 
1e6 9a db 49f 11d7 
bb 19b 150 679 77b 
172 12e 12f 8d5 122f 
c2 1a4 138 d4 225 
1e8 f2 80 482 485 
11c 1cc 8e 5b3 5be 
1c3 a4 118 60d 1204 
20f 76 af 2d2 2d3 
20e 40 e7 2e0 2e1 
1f0 16 14d 421 422 
6e 1bf 157 4a1 62d 
cb 1e1 b6 4c5 4cb 
1cb 134 79 5c7 1298 
c9 136 1a2 11ad 11ae 
1cd 11c 8e 5b3 5b8 
1c8 106 ae 5dc 5df 
19a 143 cd 787 788 
40 1af 1a7 2da 6c7 
1e2 cb b6 4c5 4c6 
120 162 161 5d7 956 
1c0 6e 157 625 11a2 
1b0 a2 143 6b5 6b8 
19a 80 191 78d 11c4 
23b 94 3c 3f 41 
117 1c5 a5 f9 601 
27d 33 19 54c ee5 
18e 165 c5 7de 7e3 
1b 33 27c 8dc ee8 
2c 88 249 bb3 dee 
81 1e6 f9 11d5 11d6 
101 16d 16c 58e 90a 
ee 182 155 840 11ee 
173 166 fb 8c8 8cc 
238 2d ab 63 65 
8a 1b2 15a bd 6a5 
14d 1b5 91 41e 692 
101 16e 16b 576 905 
1aa ec 108 6fe 702 
16f 16a 100 8fb 1111 
1d5 107 98 534 1192 
1bc ed e4 64b 120a 
1b1 f4 f3 6aa 6ab 
1b0 190 59 6b7 11c6 
173 fc 167 8c9 8cd 
23d cb 5 10 11 
f9 1db 9b 21a 505 
16d 16e 101 573 58b 
8 4e 27a 7f8 f93 
18b 12e 106 80f 810 
173 fc 168 8cd 8d2 
173 fb 169 8d0 8d3 
e7 18f 146 3d9 120e 
1e5 113 6e 4a4 4a5 
1e4 44 13f 4b2 4b7 
18b 106 12f 80f 812 
173 169 fc 8c9 8d3 
45 1fb 110 11af 11b0 
1d4 bf e5 53e 540 
1d3 33 173 54b 54f 
1c2 15d 6b 618 61a 
1b8 74 168 683 684 
1a2 97 171 73c 73d 
18b 12f 107 811 813 
9d 61 227 113f 1141 
19b 7d 19a 783 784 
17 a0 24b 86a d92 
1ec ef 87 457 45a 
13a 1a8 c4 706 70b 
170 1a4 97 41c 727 
1d3 33 176 548 54a 
186 ee 155 840 842 
228 1 fe 113b 12f4 
216 c4 60 267 269 
13a 1a9 c4 3e7 706 
1d1 d 1a1 575 11eb 
ee 186 156 627 846 
4d 85 23f bee 12bf 
13e 1ae b7 3bf 6d2 
256 84 21 dc4 10d8 
12c 196 fa 474 7a3 
6e 1bd 16a 1207 1208 
21b 9b 82 219 220 
140 1b5 a9 397 694 
1e4 147 44 4b3 4b6 
c8 1ca f7 5c0 5cc 
1bc 155 86 64c 64f 
105 173 168 76f 8cf 
232 cd 24 ca cd 
1cb c8 f7 5c0 1198 
1fb f5 6b 3b0 3b4 
191 180 b4 7c2 7c3 
8b 4d 23f de4 12bf 
152 18f e7 3d7 7d1 
1ab c5 13c 6f5 6f6 
239 81 65 5e 61 
1bc ce 112 644 64a 
c5 1ab 13d 6dc 6f4 
1ab 13c c6 6ea 6ec 
c4 1a8 144 704 70d 
22a 28 dd 13a 1131 
1dc 108 99 4f9 4fa 
1a8 c4 145 70a 70d 
1b8 107 e3 678 67e 
1b1 157 a1 6ac 6b0 
1af c3 139 6c9 6ca 
1ab 18f 75 6e9 6ed 
1a9 c4 144 704 705 
92 258 18 dc2 dc8 
1fd 140 21 391 392 
17c 194 b7 470 6ce 
1e3 7c 119 4bb 4c1 
13a 186 115 713 844 
138 1a5 da 400 5aa 
1ad 13d c5 6d6 6dc 
120 178 14c 80e 817 
242 8b 4d cd2 de4 
23b d0 17 34 36 
151 1ba 98 308 66b 
1f1 49 132 416 417 
10c 1dc 99 4d3 4ff 
120 1c8 ae 5d3 5e0 
18d 125 11f 7e8 7ea 
31 1e7 160 1ef 48a 
ae 1c8 121 5d4 5db 
1c7 1c6 b 5e6 5e8 
1b0 114 eb 6bd 6be 
256 92 21 9bd dc4 
1f1 49 135 415 416 
ad 1a2 16f 5a5 739 
1c9 ae 120 5d2 5d3 
18e 125 11f 7d5 7da 
75 1ae 18f 121d 121e 
ae 1c9 121 47a 5d4 
18e 14b fa 7d3 7d4 
a0 29 24c d8f d91 
238 94 5e 64 69 
22a e6 28 13a 10e6 
ae 1b4 14c 5d1 69d 
129 121 18c 11cd 11ce 
229 103 e 144 147 
216 d7 60 261 267 
147 15f 15e 3ad 961 
1ed ba cf 444 449 
1e1 76 12b 4cd 4d1 
127 1ad e2 52e 6d9 
18d 125 124 7ed 123d 
176 105 172 8bd 8be 
24d a0 29 b32 d8f 
229 104 e 13f 144 
1d2 ba 106 56c 56e 
106 176 172 56d 8be 
189 199 aa fc 796 
d7 1d6 e2 260 52f 
1e0 10c 99 4d3 4d7 
e7 1a7 130 68a 71b 
231 96 6e d3 da 
106 176 174 384 567 
1cb 9c 134 5c6 1298 
23b 94 5d 3e 3f 
23d 38 b6 17 18 
23b 5e 94 40 41 
1e3 119 89 4b9 4be 
166 173 11c 559 8cc 
1b1 f3 113 6b2 1215 
a5 1b3 15e f6 6a0 
26 1e2 17f 15b 4c9 
1fd 14e 21 38f 393 
1bb 11b d8 653 120b 
129 18c 128 7c0 7ff 
18b 177 dc 804 807 
180 13f 12a 880 881 
a1 1a3 183 7 729 
8c 1c1 15c 31a 356 
b1 196 18d 1232 1233 
3c 5d 269 32 ff4 
151 1b9 a8 212 671 
1fc ca a9 398 399 
280 59 12 7cf fd4 
87 1ec 10d 1b7 457 
1bc 72 182 648 64e 
12f 19c 105 67c 774 
1b0 7b 191 6ba 1219 
a8 1cc 12d 10d 214 
22b 116 1 124 126 
1d4 74 151 53d 544 
d0 243 17 c9e ca4 
216 60 e2 261 266 
1fe 82 f0 38a 38d 
164 188 fa 478 5b9 
1e2 10d 9d 4ca 1142 
1ab c6 152 6eb 6ec 
19b 19a 9e 783 785 
fa 188 165 475 835 
1b8 168 98 683 685 
189 11d 141 827 82a 
205 15c b 331 119a 
10f 19a 12e 452 78b 
1c3 147 a4 60f 1204 
194 b1 196 11dd 11de 
1e3 93 119 4b9 4bb 
1cb 163 79 5c1 5c7 
1c5 88 160 5f7 5fb 
23b a0 5d 31 39 
228 6b b8 14e 151 
bc 1b5 14d 3f4 696 
19c 169 d2 76c 771 
12f 18b 12e 780 80f 
193 122 12b 7b7 7b9 
1e1 12b 87 4cc 4d0 
1cf 1a 1bc 58f 595 
d5 1cb 109 11f9 11fa 
1be 156 a3 630 631 
192 129 128 7c0 1218 
d9 1b6 130 120f 1210 
215 146 6 280 283 
214 138 16 28c 28d 
1ed 143 59 44f 11c5 
1a3 16e c2 72b 735 
99 1dc 126 4d2 4fb 
1cc 151 8e 5bd 5be 
21 28a 42 cba f43 
64 22a c0 26 13d 
16e 1a4 c2 cf 40e 
1c0 a1 157 623 625 
fa 18d 164 7a2 7f1 
238 5e ab 64 6b 
137 1c0 c2 22c 626 
e2 1ad 13d 262 6dd 
12e 191 129 44b 7c4 
1e8 80 129 480 481 
1bb 11b e8 652 653 
14d 1a6 e0 68b 71e 
1a2 102 133 73a 73b 
12d 198 11d 112 79a 
c2 1c0 138 224 621 
206 149 25 326 32c 
1f9 4d 13b 3c2 1175 
1bd 96 16a 636 1208 
126 194 12c 6cd 7aa 
1ad 1ab 75 6d4 6da 
199 158 f0 794 11c9 
f0 199 159 102 794 
161 1c7 8c 31d 1200 
bb 1b8 150 43a 679 
1c2 9a 15d 615 10fe 
18e 165 fa 7d4 7d6 
22c ad 77 119 11a 
1ee 150 50 437 11bf 
1ed 12 190 44c 44e 
182 186 ee 4ad 840 
1d0 16e 6e 580 11f0 
19c d2 172 773 1227 
199 12d 11d 799 79a 
188 151 11b 833 834 
19c d2 173 76c 770 
c9 171 1a2 11ae 1221 
23b 5e ab 3a 40 
1e0 99 126 4d2 1173 
1ba 173 98 667 668 
1ba 105 106 669 66a 
14c 18a 120 33f 817 
111 181 16d 589 876 
97 1a4 1a2 226 728 
ab 1a8 186 4b0 70e 
1ce 138 ad 5a4 5ac 
23b 3c d0 33 3b 
226 1e 118 16a 16c 
65 1d4 175 21d 543 
bf 1b9 151 541 66f 
18b 120 14c 80e 814 
1ea 12c 83 472 1123 
1d7 124 b1 523 528 
1ca f7 f8 5c9 5ce 
1b6 e7 130 68a 1210 
148 1fb 45 11b1 11b2 
31 1e6 187 1f1 49c 
a6 1e3 119 bf 4c1 
232 a6 7b cb cc 
22d a8 83 110 115 
9b 1db 134 218 506 
1e6 187 32 49c 49d 
19a 143 10e 788 789 
187 1e7 31 1f4 48d 
143 19a 10f 453 78a 
d6 1b3 14a 495 113a 
127 1d6 b3 521 530 
1d7 b1 127 527 528 
18e 14b 11f 7d2 7d3 
e6 23c 28 10e5 10e6 
22a 28 10b 138 112f 
13a 1f7 5f 371 3df 
3 ea 24d b31 bf3 
60 1f7 13a 268 3dd 
203 f6 8c 351 353 
1d7 127 b3 521 525 
82 22e aa 111f 1120 
269 a0 17 38 d92 
1a0 1e2 26 2d0 4c7 
203 f8 8c 355 359 
fa 196 164 477 7a2 
126 18f 146 4d4 116f 
13e 198 11d af 113 
4d 154 1f5 116c 116d 
1c9 ae 14c 5d1 5d2 
199 1b9 82 38e 674 
174 1c6 8d 5d9 5ec 
6e 1bd 1a5 629 1207 
13f 1c4 c7 4b4 605 
bb 19c 19b 676 777 
46 c4 242 a44 ca0 
23f 85 8b 12be 12bf 
b7 1ae 17c 3c1 6ce 
1e5 6e 157 4a1 4a2 
1d5 1d4 11 533 53b 
1cd fb fa 5b6 5ba 
1af 83 1ae 6c5 6c6 
11a 1e7 a7 11cf 11d0 
1b1 1a9 85 6a8 6a9 
188 11b 165 831 836 
f3 17 243 bc3 bc5 
159 1e1 76 a6 4cd 
228 d6 6b 14f 150 
a8 1cc 151 211 5bf 
98 1d4 151 307 544 
f8 1c1 117 35c 5f4 
16b 1a4 de 410 726 
1c8 174 8d 5d9 5da 
1bf 6e 1a5 629 62c 
183 1d0 6e 11ef 11f0 
1a3 1c0 6e 1205 1206 
231 6e c2 d0 d5 
1e8 80 142 484 485 
1e5 17 1b1 4a7 4ac 
1b6 14d d9 688 120f 
19a cd 191 787 78d 
1ee 50 167 43f 441 
19b 12f 12e 780 122e 
22d 83 b7 118 1124 
21 1de 1b7 42d 4e1 
1ee 50 168 436 43f 
1c3 147 c7 60e 60f 
18b 177 107 80b 811 
107 18b 178 53a 80c 
242 c4 4d a43 cd2 
a0 24c 5d d8e d91 
228 d6 70 153 156 
de 1a4 170 411 725 
1b1 8b 1a9 6a8 6ad 
18a 120 162 81c 119b 
19d 19f bc 3ea 759 
1f0 77 140 426 429 
181 182 112 643 86f 
113 182 181 587 870 
15d 1b3 d6 1df 6a3 
200 13a 5f 371 379 
1c5 117 f8 5f4 5f5 
1bb d8 14b 65d 120b 
1b6 e0 14d 688 68b 
1b6 e7 146 68d 120d 
293 6c 8 93c 104a 
d0 242 46 ca0 ca5 
1c 39 2a3 853 f0d 
23c 64 c0 26 2d 
211 af cb 2bd 2bf 
1f0 16 1a6 420 421 
1e1 12b af 4ce 4d1 
233 110 27 be 110a 
216 e2 8f 263 266 
14e 1b7 e1 360 4e2 
1fb d4 d3 3ac 3b2 
17d 14f 154 890 12f9 
24f a4 5b ccd d7e 
226 d3 7f 173 176 
1dd 12d b7 4eb 4ec 
9 49 2a6 a7b 10a2 
29 3 2b9 ea9 eab 
227 62 ef 160 161 
1fd 6f 136 394 396 
1e0 146 99 4d6 1173 
1a8 13a 115 713 714 
b1 194 1ad 11e1 11e2 
23b 17 113 2f 10e8 
22c 15 133 11c 112e 
229 103 4b 147 1137 
d4 1c2 148 3b1 61b 
1f7 13a 78 3dd 3df 
24b f3 17 86d bc3 
43 59 282 bf0 10c2 
22b 14a 1 127 128 
205 18c b 333 337 
1e9 ae 121 47a 47d 
1d0 113 ee 57f 583 
193 122 159 7b9 1122 
87 1e1 159 a7 4cc 
150 1b8 e3 433 687 
1ed 10f ba 447 448 
1e1 b6 12b 4cb 4d0 
139 19d 130 71c 765 
23b d0 5e 35 3b 
1d0 96 16e 580 584 
1b8 12f 105 67c 686 
1b0 190 b4 6b3 6bc 
a3 1be 186 377 630 
1d2 8d 174 569 56a 
105 19c 168 67d 76f 
1b0 b4 191 6b4 6ba 
233 27 119 c0 110a 
1b8 107 12f 67f 680 
1b4 f2 14c 698 69e 
6a 29c 4 103a 103f 
1ae b7 194 6cc 6ce 
1e6 79 163 499 49e 
1fd 140 6f 392 395 
108 194 179 3c4 7ab 
1e9 129 ae 47c 47d 
1c8 f9 120 5dd 5de 
1bf 6e 1bd 628 629 
23d 5 12b 10 15 
cb 1a0 19f 2b9 754 
1d6 127 d7 52f 530 
193 159 12b 7b9 7ba 
1d9 f0 109 50f 511 
1ab c6 18f 6e9 6eb 
1b 12 2bf e77 e78 
232 cd 7b c5 ca 
25 f7 248 32d bb6 
c7 1c3 15f 607 60e 
18a 120 178 817 10eb 
1e0 154 99 4d5 4d6 
1b1 157 f4 6a6 6ac 
61 285 42 1004 1006 
c7 1c4 15f 4b5 607 
178 18b 120 532 80e 
1ce da 138 5aa 5ac 
8e 1cc 188 5b4 5bd 
1ae 126 12c 6cd 6cf 
111 3 24d b31 b33 
f7 249 25 bb6 bb9 
238 ab 94 64 65 
228 15e 1 14b 14c 
183 1a1 ea 730 741 
42 61 286 75f 1004 
19c 172 105 773 774 
19 6c 295 941 104e 
81 162 1e6 11d5 11d8 
22a 134 28 138 1131 
209 98 106 309 118f 
1e6 81 163 4a0 11d6 
1cd 8e 188 5b4 5b5 
b 8d 28c 5f1 800 
19c 173 105 76f 770 
1cd 11c fb 5b8 5bb 
1bb e8 153 652 654 
18f 1ae c6 6c3 121e 
92 6f 258 dc6 dc8 
1b0 128 129 11c1 1217 
1fe 134 82 38a 115f 
1bc 16c ce 646 647 
1a3 137 135 737 738 
22a dd 82 139 1132 
a8 1b9 199 20e 673 
1af 18f c6 6c3 6c4 
1a3 183 ea 730 736 
196 18d fa 7a2 1232 
49 136 21a 1160 1164 
21a 137 49 22e 1165 
15a 1b4 f2 486 69b 
1db 9b 163 505 506 
1cb d5 149 5c4 11fa 
1b5 fd 14d 692 696 
4d 216 13b 1174 1175 
23b ab 94 3c 40 
118 1c3 117 f2 60c 
1d6 127 e2 52e 52f 
1b9 199 aa 673 674 
1a4 102 16b 726 1116 
1a2 16f 102 73a 1113 
168 173 167 76e 8cd 
249 f7 2c bb2 bb9 
1ef 21 1b7 42d 1185 
167 173 169 76d 8c9 
f8 249 2c bb2 bb3 
2b2 49 9 f6b 10a2 
1fc 19f 20 3a7 3a8 
1ec 87 158 459 45a 
12c 1ea b7 460 1123 
1a7 139 130 71c 71d 
ec 23f 4d bec bee 
4a 2b2 9 f6b f6e 
1e1 12b cb 4cb 4ce 
1d4 151 bf 53d 541 
1ce ad 16f 5a5 5a6 
1b3 f5 15d 6a4 115b 
17 d0 269 34 c9e 
15e 1b3 f5 f5 6a2 
1eb 12c b7 460 46b 
1e5 144 ab 4af 10e9 
1af 11d 13e 6bf 6c1 
84 28a 21 cbd 10d8 
1a4 170 102 725 727 
e3 1b8 168 434 684 
264 ef 4 516 bd4 
239 65 e5 5a 5b 
82 22a e6 100 139 
1ed ba 128 443 444 
1ea 165 83 471 472 
1ca 160 c8 5cb 5d0 
177 18b 12f 781 811 
ee 1bd 155 592 638 
d6 1e7 11a 1e5 494 
19e 1ef 42 23d 430 
1f0 14d 91 41e 422 
1d6 13b d7 52d 1176 
156 1bd ee 62a 637 
1a9 1a8 c4 704 706 
1fb 6b 15e 3b3 3b4 
c8 1ca 163 498 5c3 
4a 2b6 9 f6e f78 
1f1 1d1 d 406 407 
16d 1a1 111 57b 745 
c7 5b 24f cca ccd 
1e3 7b 180 4bf 4c0 
1cb c8 163 5c1 5c3 
136 1fd 92 22d 394 
1ed 12e ba 443 447 
1bf ee 156 627 62a 
250 c7 5b c3a cca 
d0 3c 25b ca2 ca3 
92 256 84 dc0 dc4 
22a 10b 64 13d 112f 
1ed 59 190 44e 11c6 
26b b3 3a 52c d33 
49 2b1 18 10b9 1296 
a1 1c0 1a3 c 1206 
22e 82 e6 100 1120 
211 5 19d 2bb 2be 
1d0 111 113 582 588 
154 1f6 85 e0 3e4 
19f 1b5 bc 3f0 691 
49 2b2 18 10b8 10b9 
138 ad 1f0 10f1 10f2 
f0 22a 82 fa 136 
22c 133 3b 121 1128 
229 71 103 143 1137 
1b9 1d4 65 21e 542 
216 60 13a 268 269 
211 5 19f 2ba 2bb 
1b8 bb 19b 676 679 
4a 2b2 18 f74 10b8 
1ca 1e6 31 1f2 497 
216 d7 c4 267 1177 
19c 1b8 bb 43b 676 
1e3 f1 110 4c3 4c4 
1bc 181 ce 644 646 
188 1cc a8 10e 5bf 
17f 1e1 87 1b0 4cf 
9a 1e6 162 1e2 11d8 
85 1f6 157 362 3e5 
1bc e4 16c 641 647 
22c 133 3e 11c 121 
1c8 18b ae 5df 5e0 
5c 2a2 29 fee 10c8 
110 1e4 f1 11d9 11da 
232 24 142 c8 cd 
21b f9 9b 21a 21b 
1b8 177 e3 67e 687 
1ad c5 1ab 6d4 6dc 
5d 29 2a2 ff2 10c8 
226 67 118 16b 114d 
1e5 ee 113 4a4 4a8 
1c0 f4 157 622 623 
191 180 129 7c3 10f7 
69 a4 25f b12 d77 
18e 14b 165 7d4 7d8 
d0 25b 46 ca5 ca6 
226 118 69 16b 16c 
21e 31 160 1ef 1f0 
20f 76 139 2d3 2d6 
1fc 20 1b5 39c 3a8 
1d5 98 18b 1191 1192 
ba 1b 27c 11e9 12dc 
22e f0 82 fa fb 
1e4 13f c7 4b4 4b7 
155 1bd ff 591 63c 
12 ba 281 caa d07 
5d a0 269 31 d8e 
217 154 4d 24e 116d 
217 108 99 250 25b 
1f1 1a4 49 414 418 
1e3 180 89 4bd 4c0 
1c0 f4 15b 61e 622 
2ae 57 1c aa1 fca 
1e3 119 f1 4be 4c4 
1d2 ba 172 56e 11ea 
23b 144 17 36 10ea 
1f1 132 bd 405 417 
1ed cf 128 444 446 
1a3 1a1 ea 72c 730 
2c 2c0 25 ec0 ec2 
1d 2 2d9 109e 109f 
76 20f 13e a9 2d4 
191 1e3 7b c7 4bf 
1fd 21 1b7 391 393 
1af c6 1ae 6c3 6c5 
f5 1c1 15c 34b 61d 
134 1cb 109 503 5c6 
8b c4 242 ca1 cd2 
1f4 130 bc 3eb 3f3 
1ec ef 10d 455 457 
1c1 15d f5 61d 115b 
111 24d 29 b32 b33 
179 1aa 108 3c7 6fb 
4 109 264 514 b70 
298 88 1d b14 df5 
1e4 147 c7 4b6 4b8 
1e0 99 17d 4d5 4d7 
111 1a1 183 57c 741 
1c2 15d f5 61a 10fb 
ba 281 1b d07 12dc 
222 10d 87 1b6 1b7 
b3 1d6 179 522 52b 
199 11d 189 796 797 
192 18c 128 7bd 7c0 
18a 14c 178 816 817 
118 25f 2 b0e b13 
33 1b 2c5 ee2 ee8 
33 2c6 19 ee4 ee5 
4a 18 2bb f74 f76 
1fb 110 d3 3aa 11af 
17e 1df 9d 3f8 4dc 
1f1 c2 135 40f 415 
18c 192 129 47f 7c0 
1a8 144 145 70d 712 
19c 172 12f 774 775 
260 117 2 b0d b17 
15c 1c4 f6 330 34e 
1fd 92 14e 38f 1163 
1d7 b3 179 522 11e4 
160 1c1 f8 5ca 5f6 
1b3 15e 116 6a0 6a1 
18b 178 14c 80d 80e 
118 260 2 b0d b0e 
df 250 5b c3a c41 
16d 181 16c 58c 124c 
1b0 eb 190 6b7 6bc 
1bb 14b 11b 657 120b 
177 19b 12f 681 781 
23d 12b 38 17 1a 
200 a3 13a 378 379 
1ef 1de 21 42d 42e 
1b8 105 168 67d 685 
196 124 18d 7a4 1233 
269 d0 3c 33 ca2 
83 1ea 188 114 471 
9d 1e2 17e 3f7 4ca 
1bb 14b 11e 660 661 
3a 73 299 a4b 1063 
d0 8b 242 ca1 12d0 
202 85 157 362 363 
1f5 4d 1a9 3e6 116c 
11c 1ba 151 199 66b 
8c 1ca 1c1 319 5cd 
1fc 140 a9 397 398 
1e8 80 191 481 484 
1cf ee 155 592 11ee 
12 cf 280 7ce cab 
d0 243 8b ca4 12d0 
a5 1c5 1b3 f3 129 
1c5 f8 160 5f6 5f7 
226 118 7f 16a 114d 
1c8 1c6 8d 5d8 5d9 
1bd 16a ff 636 63a 
199 159 158 794 795 
186 182 155 83f 840 
cf 12 281 caa cab 
59 1ed 1b0 11c5 11c6 
85 202 15b e3 363 
214 1a6 16 28d 290 
1bb 153 11b 652 658 
1ab 13c 152 6ec 6ee 
23b 112 5d 39 3e 
216 d7 e2 260 261 
1dc 99 194 4f9 4fb 
16e 1a1 135 57a 72e 
1c0 c2 1a3 626 1205 
147 1c3 118 1203 1204 
215 1b6 6 274 280 
210 26 1a0 2cd 2d0 
1a2 16f 133 739 73a 
198 199 11d ae 79a 
1c7 1ca 8c 31c 5cf 
1ee bb 150 43a 11bf 
13a 1f5 c4 26d 3e7 
1ef ca 140 431 1166 
109 1cb 149 507 11fa 
1a2 171 133 73c 1222 
c9 1f0 140 7b 429 
1aa 1f9 4d 258 3c2 
1fa b7 13e 3bd 3bf 
14d 1b6 130 3ee 120f 
1f1 170 97 41c 41d 
1e5 6e 1b1 4a2 4a5 
1a3 135 16e 72e 735 
f9 1c8 161 2ea 5de 
20e 18f 40 2d9 2e1 
1f8 1f5 6 3d4 3d8 
1de e1 14e 4e2 4e7 
1ce ad 1a2 5a4 5a5 
1a8 186 115 70f 713 
1a2 136 171 73d 11ae 
299 73 46 a48 1064 
22e e6 aa fd 1120 
21b 82 134 219 115f 
194 196 12c 46a 11de 
105 1ba 173 54d 667 
138 1a5 16a 5ab 71f 
1ca f8 160 5c8 5ca 
1a4 1a2 102 728 1114 
187 1e6 9a 1e3 49f 
217 126 99 25e 1172 
17c 1dd b7 3c0 46d 
45 1fb 1b2 11b0 11b2 
203 8c 15c 351 356 
1e7 d6 14a 495 496 
1e4 c7 15f 4b5 4b8 
1b8 107 177 67e 67f 
1e3 119 110 4c4 1109 
176 1ba 105 54e 669 
19b 12e 18b 780 122c 
ec 85 23f bea bee 
21e 11a 9a 1e7 1e8 
106 1ba 176 383 669 
19b 18b 12f 780 781 
1f4 14d bc 3f3 3f4 
181 182 16c 586 645 
1cf 1bd 96 593 594 
240 ec 85 9b7 bea 
e0 1b6 1a6 271 68b 
186 1bf ee 4ab 627 
1cf 155 ff 591 599 
227 26 17f 15b 166 
1db 134 109 503 504 
191 12e 19a 11c3 11c4 
194 1d7 b1 11dd 11e1 
22e 76 122 ff 104 
21e 31 187 1f1 1f4 
1b4 1c9 ae 47b 5d1 
1cd 8e 1cc 5b3 5b4 
117 1d 260 b17 b18 
1a6 1b7 e1 29b 361 
1d7 b1 196 523 11dd 
207 8c 15c 31a 31f 
1f2 138 da 400 401 
1bb 11b 165 657 658 
ab 1e5 182 30 4ae 
1e6 c8 163 498 499 
1e5 1bf 6e 4a1 4a3 
b6 1e1 17f 4c8 4cf 
199 12d 198 79a 118c 
f4 23f 85 bc1 12be 
4a 49 2b2 f6b 10b8 
23d 53 12b 15 1a 
199 1ec 87 b0 459 
231 96 100 d8 1118 
227 9d 10d 15e 1142 
216 8f 13d 263 264 
1e4 f1 13f 4b1 4b2 
1cd fa 164 5b9 5ba 
1fd c9 136 396 11ad 
1fc 1b5 4c 39c 39d 
1f7 1ac 5f 3dc 3e1 
9d 1df 19e 3f5 4de 
1f0 1a2 77 427 428 
158 1d9 ef 458 515 
1e2 b6 17f 4c8 4c9 
1d7 127 124 526 528 
1cd fb 164 5ba 5bc 
85 f4 240 972 bc1 
22d 11d 83 10f 110 
1a7 1b6 e7 2e3 68a 
1ea 12c fa 474 476 
1d9 f0 158 510 11c9 
4e 2d2 8 f93 f94 
23d cb b6 f 12 
234 11d 76 b2 b3 
209 98 151 307 308 
207 161 8c 31d 31f 
1e5 186 ab 4ae 4b0 
1cd 166 fb 5bb 5bc 
6f 18 2ba 104f 10a8 
21a 136 92 22d 1164 
206 25 1cb 326 1197 
1e7 a7 187 48d 11cf 
15f 1c3 118 ed 1203 
150 19b 177 682 77a 
f4 8b 23f bbf 12be 
5d 5c 2a2 10c8 10c9 
92 137 21a 1162 1165 
175 1c8 f9 302 5dd 
248 149 25 32c 9e0 
1c9 120 14c 5d2 10ff 
19b 12e 19a 784 786 
23a 145 46 4a 4b 
ca 28a 21 cba cbd 
58 2c1 25 fce fd0 
233 110 8a b7 be 
21a 97 136 227 1160 
1f3 9d 17e 3f7 3f8 
22c 77 133 119 1128 
140 1fc ca 230 398 
175 1d4 e5 53c 543 
19b 19c 12f 675 778 
140 1fd c9 7a 395 
20e 40 1a7 2da 2e0 
173 1ba 11c 552 668 
59 12 2cc fd4 fd5 
5d 2a5 5c 10c6 10c9 
175 1d5 e5 57 53c 
162 204 9a 97 342 
228 1 1b3 14b 1139 
1e8 1b4 80 480 482 
1e8 f2 142 485 488 
8b f3 243 bbe bc5 
9d 283 61 d9f 1140 
15d 207 9a 99 1ed 
151 1cc 11c 192 5be 
21b 9b 134 218 219 
14e 1c0 137 229 620 
1d0 1cf 96 57d 58a 
13b 46 242 a44 a45 
f4 8b 243 bbe bbf 
228 fe b8 157 12f4 
139 20f af 2c1 2d3 
195 1dd b7 46e 4ec 
1da 109 149 507 50a 
1b2 15a 148 6a5 1187 
62 6a 29d bd7 1041 
9d 284 61 1140 1141 
11c 176 1ba 11a9 12f5 
e5 1d5 178 52 535 
168 19c 167 43e 76e 
99 ec 241 995 be8 
231 6e 138 d5 db 
191 19a 143 451 787 
1c9 ae 1c8 5d3 5d4 
1aa 13b 179 6fd 11b5 
19c 167 169 76d 772 
b7 1dd 198 3bc 4eb 
1eb b7 17c 46d 470 
a4 c7 24f 610 ccd 
2 69 2cf 10cf 10d0 
9a 207 162 93 1e4 
22b 1b3 1 126 127 
22a 82 134 136 1132 
174 1c8 106 1cf 5da 
211 139 af 2c1 2c4 
1e6 db 163 49e 4a0 
1b4 148 15a 69c 1186 
61 9d 286 75e d9f 
20e 40 1af 2d9 2da 
18f 1ab 126 3cb 6ed 
16c 1cf 101 58d 5a0 
1bc 181 112 643 644 
1f0 77 1b5 423 426 
1d7 1ad b1 527 11e1 
1bc 112 182 643 648 
242 13b 4d 700 a43 
92 18 2b1 dc2 1296 
21c a8 12d 20c 214 
217 99 146 256 1172 
157 1bf 138 287 62d 
1d0 16c 101 58d 58e 
4d ec 26a 703 bec 
1d1 101 16b 576 577 
1d0 101 16d 58b 58e 
121 1c6 161 5e1 5ed 
182 ee 1cf 11ed 11ee 
131 1a0 19e 2ca 3a0 
1f1 bd 170 41b 41d 
1ee 150 e3 433 437 
121 1c9 15c 47e 11fc 
1d0 101 16e 584 58b 
157 138 1c0 11a1 11a2 
23e a1 f3 5 10e2 
21b 65 175 21d 21f 
19f 1a0 131 2b8 3a2 
186 1a8 13a 382 713 
1fb d3 147 3aa 3ae 
14a 1b3 160 493 5fe 
1d1 16d 101 573 574 
1d0 182 ee 583 11ed 
23e f4 a1 8 10e2 
22b 116 a5 12d 135 
126 1ae 18f 248 121d 
1d1 101 16e 573 576 
161 1c8 120 5d5 5de 
247 f7 8c 5eb bb4 
1b8 105 19c 67c 67d 
244 cf ba aa6 ca8 
6c 19 2c6 1048 104e 
163 1db f9 204 505 
219 19e 42 23d 240 
1fb d4 148 3b1 11b1 
1f1 c2 16e 40e 40f 
121 1c8 161 5d6 5e1 
1c4 c7 1c3 606 607 
19c 173 167 76d 76e 
f8 88 249 bb0 bb3 
239 81 120 55 59 
229 104 bd 13e 13f 
1c9 161 120 5d5 5d7 
19c 173 168 76e 76f 
1c9 121 161 5d6 11fc 
1c9 162 120 5d7 119c 
19c 173 169 76c 76d 
92 21a 14e 1162 1163 
1ad 194 126 1170 11e2 
203 f8 117 35c 35d 
98 1d5 1d4 305 533 
194 1ae 126 4f7 6cd 
1b8 12f 177 67f 681 
23a 145 5e 44 45 
22a e6 dd 139 13a 
b f6 28b 336 12bd 
1fe 82 199 38d 38e 
1ed 12e 10f 447 452 
23b 5e 144 35 3a 
1b0 128 190 6b3 11c2 
d0 c4 242 ca0 ca1 
6c 8 2d2 104a 104c 
228 6b 15e 14d 14e 
22f a5 117 f8 f9 
1f6 85 1a9 3e4 3e5 
191 1b0 129 44a 6b4 
e1 1de 17d 1181 11dc 
22f a5 118 f7 f8 
22d 83 13e 10f 118 
217 99 154 24e 256 
130 1a7 19d 3e8 71c 
1ce da 1a5 5a8 5aa 
14e 256 21 9bd 9be 
23b 94 112 3d 3e 
234 76 13e a9 b3 
1e9 129 121 47d 11cd 
1e8 15a f2 486 487 
1d2 106 172 56d 56e 
1cd 166 11c 5b2 5bb 
1cd fa 188 5b5 5b9 
1ae 194 12c 6cc 6cd 
1a3 135 1a1 72d 72e 
b3 41 294 d2e 11e3 
200 5f 1be 375 376 
17b 1d9 f0 38b 50f 
1f8 e7 146 3d9 3da 
1f1 1a4 97 418 41c 
1e5 ab 1a8 4af 4b0 
16d 1a1 16e 572 585 
196 164 18d 7a2 7a5 
131 1a7 19f 2c6 3f2 
1d3 173 105 54b 54d 
1d2 174 106 567 56a 
1d0 16d 111 57b 589 
22d 11d a8 110 111 
22a 10b c0 13b 13d 
210 19e 61 2cf 2d1 
110 1e4 147 3a9 4b3 
1ec 158 ef 458 45a 
195 1ea b7 10a 461 
1fe f0 134 38a 11ac 
1d4 bf 1b9 540 541 
1d2 106 176 567 56d 
ca 28a 42 cb9 cba 
16b 1a4 16e d1 11b9 
21a 49 1a4 22a 1161 
9d 1f3 19e 2cc 3f5 
210 1a0 61 2ce 2cf 
1eb 194 b7 46b 470 
1d3 105 176 54a 54e 
1c8 106 18b 5df 1190 
ef 6a 264 bd4 bd5 
138 1a4 1a2 d7 10f5 
1eb b7 195 461 46e 
1fb 1c2 6b 3af 3b0 
19d 1a7 139 2c3 71c 
233 a6 119 bf c0 
217 1aa 4d 258 259 
215 6 1f5 27f 283 
120 1c8 175 539 5dd 
262 109 58 9e1 1257 
1f0 91 1b5 41e 423 
1bb 165 14b 657 65e 
162 1e6 f9 31b 11d5 
1fb d3 15e 3ae 3b2 
1fa 17c b7 3c0 3c1 
1ee e3 168 434 436 
99 10c 241 4ff 891 
23b 112 a0 37 39 
26 210 1e2 15a 2d0 
f9 1e6 163 1fd 11d6 
1fb d4 15e 3b2 3b3 
1d3 11c 166 557 559 
1cb 1ca c8 5c0 5c3 
23b a0 113 2e 2f 
1ac 1f7 8f 26a 3e1 
200 a3 186 377 378 
1f8 e7 152 3d2 3d7 
1d5 178 107 537 53a 
1c0 15b 14e 61f 11a0 
1bf 1bd ee 628 62a 
61 42 2c3 1001 1006 
1b3 1c1 f5 f0 115b 
216 c4 13a 269 26d 
22e 76 159 104 1102 
1ab 1ad 126 3ca 6da 
1f1 de 16b 40d 410 
1ed 128 129 445 11c1 
b4 eb 246 7cb 12c3 
216 c4 13b 1174 1177 
23a 73 145 4a 50 
21e d6 11a 1e5 1e6 
204 9a 18a 342 34a 
1ed 10f 143 450 453 
1e0 126 146 4d4 1173 
1c3 15f 147 60e 1203 
6a 62 2b0 103b 1041 
21a 137 c2 22c 22e 
163 1cb 134 502 5c7 
21a c2 138 224 225 
1e6 187 db 49d 49f 
1bb 153 165 658 65f 
ad 1f0 1a2 77 427 
22d a8 12d 10d 111 
227 17f 62 160 166 
cb 1e2 1a0 2b7 4c7 
214 16 1f2 28c 28f 
1f1 170 de 40c 411 
1ed 128 12e 443 445 
183 17 24b 86a 86d 
21c a8 151 211 212 
215 6 201 273 27a 
1ed 129 12e 445 44b 
149 58 248 9e0 9e3 
157 1c0 15b 364 622 
1ea fa 164 477 478 
1d0 111 181 588 589 
43 eb 282 84d bf0 
43 59 2cb 10c2 10c3 
229 71 170 142 143 
21e 15d 9a 1e8 1ed 
202 14e e1 360 119f 
1ee 19c bb 43b 11bd 
1ea fa 165 475 476 
183 1a1 16e 581 72f 
57 2e0 1c fc9 fca 
1a8 1a9 13a 381 706 
143 1b0 191 44d 1219 
1e9 1b4 ae 47b 47c 
1d0 111 183 57c 582 
1d0 113 181 587 588 
1c5 14a 160 5f8 5fe 
14f 85 230 111c 111d 
1e0 1dc 99 4d2 4d3 
1d3 173 11c 552 559 
1d0 113 182 583 587 
29a f6 b 5e7 12bd 
2a4 ea 3 74c bf3 
209 98 18b 118f 1191 
1d9 109 17b 50f 512 
1d0 113 183 582 11ef 
234 159 76 a6 1101 
21e 31 1ca 1f0 1f2 
82 1fe 1b9 222 38e 
152 1ab 18f 3d6 6eb 
1e3 f1 180 4bd 4c3 
1d7 b3 1d6 521 522 
1b8 150 177 682 687 
1a3 183 16e 72a 72f 
22c 133 ad 119 112e 
21e 9a 162 1e2 1e4 
109 1da 17b 500 50e 
19b 177 18b 77f 781 
11c 1d3 176 11e8 12f5 
230 154 85 e0 111c 
1ed cf 190 446 44c 
1e4 180 f1 4b1 11da 
231 16a 6e da db 
19f 1b5 131 3a1 3f1 
1e5 ee 182 4a8 4ad 
1db 109 17b 500 504 
1b8 19b 12f 675 681 
15c 1c1 15d 320 61d 
f0 1d9 199 38c 11c9 
1d6 e2 1ad 52e 117b 
18b 1c8 120 531 5e0 
1b8 12f 19c 675 67c 
5d 3c 2d1 ff0 ff4 
219 140 ca 230 1166 
1d5 18b 107 53a 1192 
267 14e 21 4e6 9be 
49 92 2b1 a5c 1296 
231 16e 6e d0 d3 
138 1ce 16a d9 5ab 
22e 122 c0 106 1121 
22d 12d b7 10b 116 
1a7 1af 139 2d5 6c7 
144 1a9 1a8 4aa 704 
1e5 186 ee 4ab 4ad 
d7 216 13b 1176 1177 
120 1d5 175 58 539 
118 69 25f b12 b13 
15b 202 e1 e1 119f 
230 85 15b e3 111d 
1ab 1ac 13d 3cd 6e0 
1f4 19d bc 3ea 3eb 
6f 84 2a7 dc1 1094 
178 1d5 120 54 532 
13d 1ad 1ab 3cc 6dc 
20f 1af 76 2d4 2d6 
15c 1c4 15f 34f 479 
1fa b7 198 3bc 3bd 
1f4 bc 19f 3ea 3f0 
130 1b6 1a7 3ef 68a 
1c5 f8 1c1 5f4 5f6 
16e 1d1 135 41a 57a 
21b 175 9b 21b 21f 
1e1 159 12b 4cc 4cd 
1d4 1b9 e5 540 542 
df c7 250 c3a c3b 
17d 1df 10c 3f6 4df 
a0 111 24b 868 b30 
234 87 159 a7 ab 
10c 1df 17e 3f9 4dd 
1f1 1a4 c2 40e 414 
282 eb 59 7cc bf0 
236 129 b4 8d 8e 
1fb f5 15e 3b4 3b5 
1f1 135 132 408 416 
1e9 1c9 ae 47a 47b 
1e0 10c 17d 4d7 118a 
1cf 1bd ee 592 593 
20e e7 146 120d 120e 
233 8a 15a bd c4 
222 17f 87 1b0 1b6 
f5 1fb 15f 2a4 3b5 
2a8 8d 6d 561 801 
1af 13e 1ae 6c6 1154 
ef 227 10d 1148 1149 
1a2 1f0 c9 7d 428 
11c 1cc 197 198 5b1 
216 e2 13d 262 263 
3a 13b 26b 52a a4c 
111 24d a0 b30 b32 
239 175 65 5a 5e 
1fb 110 147 3a9 3aa 
1db 163 134 502 506 
1cd 11c 197 5ae 5b1 
1ca f8 1c1 5ca 5cd 
22d 13e b7 117 118 
22a 10b f0 137 13c 
17e 1e2 10d 1af 4ca 
15c 1c9 161 31e 11fc 
1ee 1b8 bb 43a 43b 
1e9 121 15c 47e 1199 
144 1b1 1a9 4a9 6ad 
155 1bc 182 597 64e 
2fd 39 1c 85b f0d 
92 6f 2a7 dc1 dc6 
1c 57 2ee ded fc9 
10d 1e2 17f 1b1 1143 
1d0 111 1a1 57b 57c 
1ca f7 1c7 5cf 115d 
237 ad 138 78 10f2 
21e 1e6 31 1f1 1f2 
203 8c 1c1 356 359 
1e4 c7 1c4 4b4 4b5 
88 2d7 1d df4 df5 
21e 1e7 31 1ef 1f4 
21b 1b9 65 21e 221 
1b7 1de e1 2a2 4e2 
1dc 108 194 4f2 4f9 
14f 240 85 9b7 111e 
161 1c9 162 322 5d7 
1d5 18b 120 531 532 
1a3 16e 1a1 72e 72f 
2ea 5a 27 b35 fdc 
227 26 1e2 15a 15b 
110 1e3 180 2a7 4c3 
200 1f7 5f 370 371 
1fc a9 1b5 397 39d 
1ea 188 fa 475 478 
1b3 1e7 d6 1de 495 
f7 1cb 1ca 327 5c0 
203 f5 15c 34b 34c 
1f5 1a9 c4 3e6 3e7 
180 1e4 110 2b0 11da 
203 f6 15c 34e 351 
186 1be 156 37d 630 
192 1c4 13f 85 603 
229 104 103 144 1133 
1fa b7 1ae 3bf 3c1 
1f4 bc 1b5 3f0 3f4 
f5 203 15f eb 34c 
154 1e0 146 2e5 4d6 
156 1bf 186 37c 627 
1cf ff 1bd 591 594 
1c0 137 1a3 624 626 
23d 12b b6 12 17 
22e 76 189 fe ff 
217 194 99 25b 25e 
210 9d 19e 2cc 2d1 
207 8c 1c1 319 31a 
138 1bf 1a5 402 62c 
1e2 b6 1e1 4c5 4c8 
1b8 150 19b 679 682 
41 124 27b 7f4 abf 
2 67 2f9 1034 10cc 
231 c2 138 d4 d5 
205 15c f6 330 331 
1f8 126 146 116e 116f 
21e 187 9a 1e3 1e7 
14d 1b5 1a6 3ed 41f 
1d0 ee 1cf 57d 11ed 
27 56 2f0 b05 10c0 
5b 2f2 1e d80 10c4 
69 2 2f9 1034 10d0 
1e6 c8 1ca 497 498 
236 b4 13f 86 87 
198 1dd 10d 3b8 4ee 
1a6 1b6 14d 3ec 68b 
1e5 182 113 4a8 10e7 
2f3 5b 1e 9f1 10c4 
1d6 179 13b 529 11b6 
27a 164 8 7f6 950 
15b 85 240 972 111e 
235 15d 9a 99 10fe 
22f a5 15e f6 f7 
207 1c7 8c 31c 31d 
200 a3 1be 376 377 
231 16a 96 d8 da 
1c1 1c5 117 f4 5f4 
1f3 1df 9d 3f5 3f8 
1a9 1b1 157 4a6 6a9 
ca 28a 84 cbd cbe 
219 1ef 42 236 23d 
1f2 1a5 da 3fe 400 
1d5 1d4 e5 53b 53c 
f4 23e f3 10e1 10e2 
96 231 16b 1117 1118 
231 100 102 ce 1115 
22e 122 e6 103 107 
209 98 1ba 308 309 
207 1ca 8c 319 31c 
204 9a 1c2 349 10fd 
1f1 de 1a4 410 411 
1ea fa 196 474 477 
1cd 164 166 5b7 5bc 
117 298 1d b14 b18 
92 84 2a7 dc0 dc1 
88 2d8 2c dee df2 
23b ab 144 3a 10e9 
c9 1fd 1a2 7c 11ad 
22d 83 188 114 115 
1e2 1f3 9d 2c7 3f7 
1f4 14d 130 3ee 3f3 
1ea 165 12c 472 476 
1db 134 17b 504 11ab 
1d3 1ba 105 54d 54e 
1bc 16c 181 645 646 
149 262 58 9e1 9e3 
dd 22a 134 1131 1132 
235 9a 162 93 97 
231 16e 96 d3 1117 
228 15e b8 14c 14e 
1f8 e7 18f 3d7 3d9 
1bc 182 16c 645 11f1 
216 8f 1ac 264 26a 
1fe 17b f0 38b 11ac 
d1 1f5 1ac 3d5 3db 
84 2ba 6f 1094 10dc 
239 81 175 59 5e 
161 207 f9 1f5 321 
1d7 124 196 51d 523 
b4 128 246 7c1 7ca 
207 162 f9 31b 321 
2 67 300 10cc 10cd 
1eb 1dd b7 46d 46e 
1a3 183 1a1 72f 730 
128 244 ba aa6 12a1 
22e 199 76 fe 1102 
1f7 1ac d1 3db 3dc 
1e 2f2 69 d7d 1032 
17c 1ae 194 4f8 6ce 
c0 22a 159 105 13b 
21a 97 1a2 226 227 
1f8 1ac d1 3c8 3d5 
d 132 297 a66 a74 
f4 f3 243 bbc bbe 
228 1b3 6b 14d 14f 
4d 216 1f5 257 26b 
211 af 19d 2be 2c4 
147 1e4 15f 3ab 4b8 
21e 15d d6 1df 1e6 
11a 1e7 187 1ee 11cf 
21b 1d4 65 21d 21e 
21a 1a4 97 226 1161 
1f3 17d 10c 3f6 118a 
99 154 241 88f 995 
23d 12b cb 10 12 
232 7b 191 c5 c7 
10c 1f3 17e 241 3f9 
217 4d 1f5 257 116d 
1e1 1e2 cb 2bc 4c5 
1d0 1cf 101 58a 58d 
d 135 297 74b a66 
2a0 114 1c 856 a97 
21b 1b9 82 221 222 
217 99 1aa 250 259 
1cc 188 151 5bd 5bf 
f9 20c 161 1f7 2ea 
1f9 216 4d 25d 1175 
1dc 194 126 4f7 4fb 
1e5 23b 17 10e8 10ea 
232 cd 142 cd 110f 
1f9 108 179 3c4 3c7 
217 4d 1f9 258 25d 
204 14c 120 33f 10ff 
168 1b8 19c 435 67d 
1e1 20f 76 a4 2d2 
22e c0 159 105 1121 
18f 1e0 126 247 4d4 
212 f5 15c 2a5 10fa 
1cf 155 182 597 11ee 
1ce 16a 16f 5a2 1112 
1a5 1bd 156 62b 63d 
2b4 109 4 8a6 b70 
1a2 1ce 138 d6 5a4 
1e8 1b4 f2 482 486 
237 140 c9 7a 7b 
234 76 199 b2 1101 
22e 199 82 fb 111f 
1e 69 2f8 171 1036 
1ee e3 1b8 433 434 
1eb b7 1ea 460 461 
1e5 1bf ee 4a3 4ab 
6d ba 2a8 560 12a0 
1c8 121 1c6 5d8 5e1 
257 137 92 9ba a5b 
a4 5b 2bc d7e d7f 
e1 20d 17d e5 1180 
22a 134 f0 136 137 
106 1ff 174 1d3 384 
212 f5 15f 2a4 2a5 
1e7 160 14a 48f 493 
1d1 1a1 135 575 57a 
25e 118 a4 60d b0f 
21c 199 a8 20c 20e 
1a5 1bf 156 3fc 62b 
1d0 16d 16c 58c 58e 
1ce 138 1a5 5aa 5ab 
44 5b 2ed 9ec c37 
180 129 1e8 10f7 10f8 
1ff 106 176 383 384 
1c9 1c8 120 5d3 5d5 
118 a4 25f b0f b12 
1d1 16b 16e 576 11ba 
1d0 16e 16d 585 58b 
1c9 121 1c8 5d4 5d6 
1bc 182 181 643 645 
1aa 242 4d 700 701 
69 1e 2fa 1032 1036 
1dd 195 12d 4ea 4ec 
1d3 11c 1ba 552 12f5 
239 18a 81 55 10ed 
10d 1ec 198 1b5 454 
1d1 16d 16e 572 573 
209 98 1d4 305 307 
1f6 202 85 dc 362 
229 bd 170 13e 1136 
10d 1fa 17e 1b2 3bb 
209 1d5 98 305 1191 
18c 1e9 121 332 11cd 
1dd 12d 198 4e9 4eb 
1d3 166 173 556 559 
cf 128 244 7c9 aa6 
175 209 f9 216 302 
148 1c2 1b4 2aa 119d 
1d6 1ad 127 52e 11b7 
1c 89 2ee 860 ded 
f8 249 f7 bad bb2 
1d7 127 1ad 527 11b7 
1cd 11c 1cc 5b1 5b3 
1b8 19b 177 681 682 
216 60 1f7 265 268 
1ed 19a 10f 452 453 
26f 172 33 8bc 8db 
13b c4 242 a43 a44 
5d 5c 2e5 10c6 10c7 
227 210 26 15a 1145 
154 1f5 146 255 3e2 
2fb 55 39 85f fc0 
b3 2c8 41 d2e d31 
e1 213 17d 1180 1181 
1fe f0 199 38c 38d 
1f1 135 16e 40f 41a 
172 1b 27c 8dc 11e9 
146 1f6 154 2e4 3e2 
1cd 164 188 5b9 1193 
12a 1c 2a0 a97 129f 
13f 1e4 180 8c 4b1 
14a 1c5 1b3 12a 5fe 
1e9 18c 129 47f 11cd 
26f 176 33 548 8bc 
132 9 2a6 a7b a7e 
7 48 31c b91 f66 
a4 2bd 69 d77 d7a 
15c 205 121 1199 119a 
234 87 199 ab b0 
110 1e3 1b2 b6 2a8 
1fa 1dd b7 3bc 3c0 
1cb 1da 109 501 507 
31f 2b 1f ccf eb7 
1bd 16a 1a5 639 1207 
18d 27a 8 7f6 7f8 
23b 144 d0 35 36 
22d 188 a8 10e 115 
19f 1a7 19d 2c5 3e9 
1e8 191 129 481 10f7 
1db 1cb 109 501 503 
10 34 323 a10 eee 
2aa df 57 a9c c42 
162 204 120 119b 119c 
e1 202 1a6 e2 361 
ef 29d 62 bd1 bd7 
cf ba 281 ca7 caa 
56 27 307 fc3 10c0 
23b 94 182 3c 3d 
126 1dc 1ae 24d 4f7 
211 cb 19f 2b9 2ba 
1fb d4 1c2 3af 3b1 
1d2 176 172 568 56d 
14e 256 92 9bb 9bd 
182 16c 1cf 11f1 11f2 
129 1e9 192 90 47f 
22f 118 117 f2 f8 
15f 1e9 15c 2a6 479 
211 cb 1a0 2b7 2b9 
294 124 41 524 abf 
1d0 181 16c 586 58c 
194 1f9 108 25a 3c4 
1e5 113 1b1 4a5 4a7 
1d2 174 176 55c 567 
1d0 16c 182 586 11f2 
1d0 16d 181 589 58c 
14e 257 92 9ba 9bb 
22e 189 aa fc fd 
1be 200 d1 36c 375 
110 233 119 1109 110a 
230 14f e1 e6 e7 
11c 1ff 176 11a9 11aa 
217 216 4d 257 25d 
201 d1 1be 36a 36c 
1e0 17d 154 4d5 1119 
1d0 183 16e 581 11f0 
1bf 1bd 156 62a 62b 
24b ea 111 1248 1249 
14c 1c9 1b4 a0 5d1 
231 16e c2 cf d0 
20e 18f e7 2e1 120e 
1ed 190 128 446 11c2 
1d5 120 1c8 531 539 
8 164 293 93b 950 
1b3 15d 1c1 115a 115b 
22a 134 10b 137 138 
138 202 157 285 11a1 
ef 6a 29d bd5 bd7 
21d 161 f9 1f5 1f7 
1ed 191 129 44a 44b 
166 8 293 93b 93c 
1b3 1c1 160 1e1 5fa 
1a0 1e2 131 2b6 2c9 
146 1e0 18f 2e2 4d4 
111 24d ea b31 1248 
276 10d 9d 15e 88e 
21d f9 163 1fd 204 
196 1ea 12c 45e 474 
1eb 194 12c 46a 46b 
cf 287 ba ca7 ca8 
b3 3a 2d5 d33 d34 
23b 182 a0 2e 37 
1eb 196 12c 45e 46a 
17d 99 241 88f 891 
198 1fa 10d 1b3 3b8 
21c 1b9 a8 20e 212 
1ed 191 12e 44b 11c3 
1db 1da 109 500 501 
f4 259 f3 bbc 10e1 
21a c2 1a4 225 22a 
126 217 146 116e 1172 
1a 32f 22 11f3 11f4 
1ae 1af 18f 2d8 6c3 
1fb 147 15e 3ad 3ae 
230 15b e1 e1 e6 
202 e1 1b7 360 361 
1fb 147 15f 3ab 3ad 
159 22a f0 101 13c 
1c5 160 1b3 5fa 5fe 
172 33 27c 8db 8dc 
323 34 24 a11 ef1 
22e aa 199 fc 111f 
1e2 210 9d 159 2c7 
2f5 7f 36 dda 1092 
23e 183 a1 5 7 
236 b4 180 87 8e 
1ec 1d9 ef 456 458 
1a6 20d e1 e4 29a 
7f 36 2f6 1092 12b4 
233 8a 1b2 b7 bd 
1ed 12e 19a 452 11c3 
253 10d ef 455 b51 
190 12 280 7ce 7cf 
12a 2ae 1c aa1 129f 
23b ab 182 30 3c 
1e8 142 191 484 1110 
1d0 182 181 586 587 
106 209 18b 118f 1190 
199 158 1d9 11c9 11ca 
22d 11d 12d 111 112 
21b 175 f9 216 21b 
108 1f9 1aa 24f 3c7 
22e 159 f0 101 102 
1f8 18f 126 3cb 116f 
1d9 4 264 514 516 
132 2b3 d a74 a77 
22d 195 b7 10a 10b 
a4 2f2 1e d7d d80 
179 1f9 13b 11b5 11b6 
1b8 19c 19b 675 676 
13b 3a 299 a4b a4c 
1dc 1e0 10c 24b 4d3 
c7 13f 251 605 a30 
22d 198 b7 116 117 
12d 1d8 1cc 213 317 
19 166 295 553 941 
297 132 49 a67 a78 
20e e7 1a7 2e0 2e3 
15f 1c4 1c3 350 607 
266 12a b4 a2f a9d 
296 135 49 a5e a65 
1ee 168 167 43e 43f 
1d7 1d6 127 521 11b7 
1ce 1a5 16a 5a9 5ab 
1c5 160 1c1 5f6 5fa 
17b 1fe 134 11ab 11ac 
87 222 1e1 a5 1b0 
21c 1cc a8 211 214 
21b 1db 9b 218 21a 
137 296 49 a5e a60 
135 49 297 a65 a67 
16f 1ce 1a2 d2 5a5 
213 e1 1a6 29a 29b 
129 1e8 1b4 2ad 480 
28b 18c b 337 7f9 
1fb 1c2 f5 3b0 10fc 
1d5 18b 178 532 53a 
15b 202 14e 119f 11a0 
22b 1b3 a5 129 12d 
1a6 214 e0 270 290 
af 20f 1e1 2c0 2d2 
1ed 143 191 44d 451 
1d0 1a1 16d 57b 585 
31b 71 7 8f8 10a0 
62 ef 2af 161 bd1 
1b4 1e9 129 2ac 47c 
1d0 16e 1a1 581 585 
1cf 155 1bc 595 597 
18c b 28c 7f9 800 
215 1a6 e0 270 271 
210 9d 1f3 2c7 2cc 
1d1 16d 1a1 56f 572 
1cf 1bd 155 591 592 
f8 298 88 bb0 12a9 
90 36 2f5 dd9 dda 
22f f5 15e f1 f5 
1ff 197 11c 389 1151 
1d1 16e 1a1 572 57a 
55 2f1 7a dbe 107c 
236 192 b4 86 8d 
22f f5 15f eb f1 
216 1f7 8f 265 26a 
211 1e1 af 2bd 2c0 
204 120 18a 33f 119b 
1d4 151 1b9 541 114e 
56 7c 2f0 b01 10d7 
1b0 1ed 128 11c1 11c2 
21e 15d 11a 1e6 1e8 
1fb 15e 15f 3ad 3b5 
1ed 129 1b0 44a 11c1 
13b 46 299 a45 a48 
212 110 180 2a7 2b0 
20d 146 154 2e4 2e5 
d1 1f7 1f5 373 3db 
22d 13e 11d 10f 113 
224 151 11c 192 199 
1c1 1ca 160 1e9 5ca 
131 1f3 19e 295 2cb 
1c6 1c7 161 2ec 5e8 
1f4 130 19d 3e8 3eb 
1db 134 1cb 502 503 
22f a5 1b3 f3 f6 
21b 1fe 82 222 115f 
21a 1c0 c2 224 22c 
202 15b 157 363 364 
1f8 d1 1f5 3d4 3d5 
1e5 144 1a8 4aa 4af 
10d ef 25d b51 b54 
1ec 222 87 aa 1b7 
214 138 157 285 287 
161 1c8 1c6 2eb 5e1 
205 18c 121 332 333 
1ed 143 19a 451 453 
1e5 144 1a9 4a9 4aa 
322 63 10 c57 1013 
22a 159 10b 13b 13c 
110 1fb 1b2 2b2 11b0 
29b f6 8c 353 5e4 
1f4 131 19f 3f1 3f2 
21a 14e 137 229 1162 
20e e7 1b6 2e3 120d 
183 a0 24b 868 86a 
8c f7 29b bae bb4 
220 174 106 1cf 1d3 
218 10c 17e 241 116b 
8c f8 29b 355 bae 
235 15c f5 92 10fa 
216 1ad e2 262 117b 
206 248 25 32c 32d 
194 1d7 179 3c3 11df 
1c9 1c8 161 5d5 5d6 
14f 240 ec 9b6 9b7 
16b 1f1 16e 11b9 11ba 
235 f5 15d 92 10fb 
1c1 203 f5 e8 34b 
227 ef 17f 160 1149 
21e 1e6 9a 1e2 1e3 
1e9 121 1c9 47a 47e 
2e9 90 5a d98 dcf 
89 57 2ee dec ded 
7a 54 2f7 1078 1081 
237 ad 1a2 77 78 
ec 14f 241 994 9b6 
1a6 1f0 138 70 420 
230 e1 17d e5 e7 
131 1f3 1a7 1ac 1189 
213 e1 1b7 29b 2a2 
1ba 1ff 106 306 383 
2ef 89 57 bcb dec 
df 5b 2c2 c38 c41 
7c 2f7 54 107e 1081 
234 1e1 76 a4 a6 
203 f8 1c1 359 35c 
1f4 1a7 130 3e8 3ef 
1e5 1b1 144 4a9 4ac 
313 86 13 992 df9 
13f 266 b4 a2f 1237 
61 210 227 113f 1144 
23e 1a3 a1 7 c 
22b a5 1c5 129 131 
215 1b6 e0 271 274 
203 f6 1c4 34d 34e 
200 13a 186 378 382 
1f4 131 1a7 3f2 1189 
1ea 188 164 478 1194 
203 15f 15c 34c 34f 
1f8 1ab 126 3ca 3cb 
1f2 1a5 138 400 402 
1ea 188 165 471 475 
1de 1b7 14e 4e1 4e2 
29e ec 99 b74 be8 
232 191 cd c5 110f 
232 7b 1e3 c7 cc 
2f9 69 67 16e 1034 
126 1e0 1dc 24c 4d2 
154 ec 241 994 995 
234 13e 11d af b3 
1ca 1cb 163 201 5c3 
21a 92 1fd 22d 1163 
126 1f8 1ad 252 3ca 
16 91 30e d4f dce 
205 f6 1c4 330 335 
1d0 183 1a1 57c 581 
345 5 35 762 ef5 
18d 41 27b 7f4 123e 
229 103 170 143 1133 
21e 1b3 d6 1de 1df 
1fe f0 1d9 38b 38c 
1f8 146 18f 3d9 116f 
30f 91 16 9c0 dce 
229 170 104 13e 1133 
d1 200 1f5 27e 373 
1cf 1bc 16c 596 11f1 
1c2 235 9a 10fd 10fe 
15a 212 148 1186 1187 
15c 207 15d 95 320 
22d 1ea 83 114 1124 
1fc 19e 131 3a0 1182 
132 49 2a6 a78 a7b 
231 c2 1a4 cf d4 
22f 1c5 a5 f3 f9 
217 154 146 255 256 
149 1da 1cb 325 507 
200 d1 1f7 370 373 
1fc 19f 131 3a1 3a2 
1dc 194 17c 4f3 4f8 
ec 108 26a 702 b73 
1fc 131 1a0 3a0 3a2 
1ec 158 199 459 11ca 
2b4 58 109 1256 1257 
23c 22a 28 23 10e6 
13e 1fa 198 1b4 3bd 
1c6 1c8 174 1cd 5d9 
217 194 108 25a 25b 
206 1c7 f7 32f 115d 
1e5 1a9 157 4a6 11a7 
93 2f1 55 dbe dbf 
1c4 1e4 13f 84 4b4 
22e 189 e6 fd 103 
207 15c 161 31e 31f 
1e7 1b3 14a 493 495 
1aa 26a 4d 701 703 
9f 5a 2e9 d95 d98 
239 175 e5 57 5a 
231 100 16a d8 1111 
185 43 282 84d 84e 
227 1e2 9d 159 1142 
206 f7 1ca 327 115d 
1a9 1f5 13a 380 3e7 
1ed 1b0 143 44d 11c5 
1de 267 21 4e6 4e8 
2ea 9f 5a b34 d95 
231 100 16b 1115 1118 
22d 1cc a8 10d 10e 
1b5 1f4 131 297 3f1 
211 1e1 cb 2bc 2bd 
206 1cb f7 327 1197 
1f4 130 1b6 3ee 3ef 
1ea 164 196 477 11cc 
2f4 67 7f 114a 114b 
239 e5 178 52 53 
222 17e 10d 1af 1b2 
211 1e2 cb 2b7 2bc 
268 1de 21 42e 4e8 
18d 4e 27a 7f7 7f8 
15b f4 240 971 972 
117 88 298 b14 12a9 
102 231 16b 1115 1116 
234 87 1e1 a5 a7 
222 10d 17f 1b1 1b6 
190 246 b4 7ca 7cb 
7a 54 301 1076 1078 
231 16f 100 ce 1111 
207 162 161 321 322 
f8 117 261 35d 12a8 
1f8 152 18f 3d6 3d7 
1f3 10c 1df 3f6 3f9 
18d 27b 4e 7f7 123f 
1a2 1fd 136 22b 11ad 
209 1ba 106 306 309 
208 12d 195 316 1125 
1e5 1b1 157 4a2 4a6 
1e5 186 182 4ad 4ae 
192 246 b4 7be 7c1 
1e0 1f3 10c 1168 118a 
231 102 16f ce 1113 
d1 201 200 27b 36c 
f9 209 1c8 2e9 302 
1f0 1a6 14d 41f 421 
1d3 173 1ba 54d 552 
7a 302 55 107a 107c 
22f 15e 118 ee f7 
1f2 201 e0 28e 36e 
11c 1ff 1ba 1150 11a9 
22f 15f 118 ed ee 
140 1f0 1b5 2a0 426 
12a 2aa 57 a9c aa2 
1b7 140 1ef 1184 1185 
1d3 1ba 176 54e 12f5 
140 1f0 1b7 76 2a1 
22e 159 122 104 1121 
2f3 d3 1e 175 9f2 
1f9 13b 1aa 3c2 11b5 
180 1e3 191 483 4bf 
1f8 13d 1ab 3cc 3cd 
1d7 196 194 51e 11dd 
7a 2f1 7c dbd 1082 
90 36 309 dd8 dd9 
237 c9 1a2 7c 7d 
228 1b3 d6 14f 1139 
216 1d6 d7 260 1176 
20c f9 1c8 2e9 2ea 
1f8 13d 1ac 3cd 1179 
1f8 1ad 13d 3cc 1178 
10d 227 17f 1143 1149 
234 1ec 87 aa b0 
230 1f6 85 dc e0 
1bf 1f2 138 28b 402 
20b 198 12d 2fd 118c 
1f4 1a6 14d 3ec 3ed 
1d0 1cf 16c 58d 11f2 
1b2 1e8 15a b4 2b4 
199 20b 12d 208 118c 
200 156 186 37c 37d 
1cf 182 1bc 597 11f1 
1a1 297 d 748 74b 
13 a3 313 98a d87 
23e a1 1c0 8 c 
21e 9a 207 1e4 1ed 
21e 187 11a 1e7 1ee 
29e 108 99 4fa b74 
26e 174 8d 569 8c4 
12a 57 2ae aa1 aa2 
117 203 1c1 e9 35c 
1b4 1e8 15a 2b5 486 
204 18a 14c 33f 341 
1fc 131 1b5 3a1 1183 
1fa 1dd 10d 3b6 3b8 
212 15c 15f 2a5 2a6 
1f2 156 1a5 3fb 3fc 
1ee 19c 167 43c 43e 
2a0 eb b4 b24 12c3 
16 ad 30e c68 d4f 
1c3 203 117 ea 35b 
1c8 209 106 1ce 1190 
217 108 1aa 24f 250 
211 20f af 2c0 2c1 
1fa 1ae 13e 3bf 1155 
1ef 268 21 42e 42f 
1ee 168 19c 435 43e 
1e5 157 1bf 4a1 11a8 
1bf 1a5 1bd 629 62b 
2fc 93 55 864 dbf 
13b 73 299 a48 a4b 
160 1e7 1b3 1e0 493 
1e8 180 191 483 10f7 
1c7 8c 247 5e5 5eb 
185 1c 2a0 854 856 
132 2d3 9 a75 a7e 
346 35 20 cf3 ef2 
138 202 1a6 6f 289 
1ae 1dc 17c 24a 4f8 
200 1a8 13a 381 382 
1f0 1b5 14d 41e 41f 
137 49 2b1 a5c a60 
7c 56 308 1084 10d7 
200 1a9 13a 380 381 
a4 5b 2f2 d7f d80 
77 4c 310 1067 12ba 
1cb 1db 163 205 502 
216 e2 1d6 260 117b 
1ee 1b8 150 433 43a 
1d3 26f 33 548 549 
95 67 2f4 dab 114b 
7c 2f7 7a 1081 1082 
22e f0 199 fb 102 
218 18f 126 247 248 
216 1f5 c4 26b 26d 
213 e1 1de 2a2 1181 
2a8 128 6d 7fe 12a0 
212 1b2 110 2a8 2b2 
1eb 17c 194 46c 470 
1d6 3a 26b 52a 52c 
1d3 27d 19 54c 550 
17a 4 2b4 8a5 8a6 
352 2f 13 dfb ecc 
230 85 202 dc e3 
230 e1 1a6 e2 e4 
175 1d5 1c8 303 539 
154 1f5 1a9 3e3 116c 
190 244 cf 7c6 7c9 
185 1c 2a3 853 854 
217 194 126 25e 1170 
1ff 174 176 384 385 
1f1 1d1 135 407 41a 
222 198 10d 1b3 1b5 
1f6 154 1a9 3e3 3e4 
1c6 b 28c 5f1 5f2 
190 280 59 7cd 7cf 
2f6 95 68 b97 12ea 
1e4 1fb 110 2b3 3a9 
1f4 1b5 14d 3ed 3f4 
15f 1e4 1c4 83 4b5 
219 ca 1ef 236 1166 
1f4 14d 1b6 3ec 3ee 
117 118 25e 60c b09 
17d 154 20d 1119 111a 
1db 20c f9 203 217 
157 1f6 1a9 374 3e5 
42 19e 286 430 75f 
1eb 12c 1ea 45e 460 
1a1 3 2a4 74a 74c 
234 76 20f a4 a9 
a6 232 1e3 c1 cc 
f9 207 1e6 1fc 31b 
1b5 1fc 140 29f 397 
1f8 152 1ab 3d1 3d6 
190 282 59 7cc 7cd 
17e 1fa 17c 242 3be 
188 1cd 1cc 30d 5b4 
233 1e3 a6 bf c1 
210 131 19e 2ca 2cb 
1ad 1d7 194 3c5 11e1 
7c 93 2f0 afd dbb 
118 260 117 b09 b0d 
93 2f1 7a dbd dbe 
4c 334 3b f8a 1068 
215 d1 1f5 27e 27f 
1b2 1fb 148 2b1 11b2 
192 1e9 18c 33a 47f 
243 17 24b bc3 e62 
1b7 1fd 140 75 391 
210 131 1a0 2c9 2ca 
20e 146 18f 2e2 120e 
1f1 1a4 16b 410 11b9 
a4 2f2 69 d7a d7d 
93 2f1 7c dbb dbd 
1c9 120 204 10ff 119c 
182 1cf 1d0 11ed 11f2 
23e 183 f3 1 5 
211 19f 131 2b8 2c6 
15c 1e9 1c4 334 479 
316 90 36 d19 dd8 
211 1a0 131 2b6 2b8 
1d4 1d5 175 304 53c 
204 18a 162 342 119b 
1f1 16e 1a4 40e 11b9 
349 37 2b a38 f01 
1c4 1e9 15f 82 479 
213 131 19e 295 1182 
2e 37 348 ddc f08 
1f1 170 1a4 411 41c 
1a1 d 2a4 748 749 
15c 1e9 1c9 9b 47e 
1dc 241 99 4fc 4ff 
332 70 23 c7f 1051 
219 ca 1fc 230 234 
211 19d 139 2c3 2c4 
186 1e5 1a8 37e 4b0 
166 6c 293 93c 93f 
c7 df 2a9 a2d c3b 
1e2 1f3 131 1ad 2c8 
21e d6 1e7 1de 1e5 
163 1e6 1ca 1fa 498 
156 1f2 1bf 365 3fc 
7f 90 2f5 c92 dda 
1a7 211 131 1a8 2c6 
214 1f2 e0 28e 28f 
1dc 1ae 194 4f7 4f8 
89 93 2ef 866 afa 
df 2e2 57 c3f c42 
22d b7 1ea 10a 1124 
227 9d 210 159 113f 
224 11c 197 198 1151 
215 d1 200 27b 27e 
2ec df 44 bce c3d 
1c0 202 138 223 11a1 
215 d1 201 27a 27b 
1ee 168 1b8 434 435 
185 39 29f 852 857 
166 6c 295 93f 941 
95 2f4 7f dad 114b 
188 208 164 1193 1194 
179 1d7 1d6 3c6 522 
e1 14e 267 4e7 96e 
1d5 1c8 18b 531 118e 
1cd 1cc 197 5b1 1195 
df 2ed 44 c37 c3d 
33c 74 11 ce1 10d2 
8a 317 45 deb 1212 
1b3 1c5 1c1 ef 5fa 
21c 199 12d 208 20c 
1a7 20f 139 2c2 2d5 
14f e1 267 9b3 126e 
342 52 28 da6 fa6 
14e 1fd 1b7 74 393 
1f9 194 179 3c3 3c4 
195 1ea 196 45f 473 
248 25 249 bb6 e9a 
148 1fb 1c2 2a9 3b1 
200 157 1a9 374 11a7 
1eb 194 196 464 46a 
1d3 27d 33 549 54c 
95 7f 2f6 dad 12b5 
217 126 1ad 252 1170 
212 1b4 129 2ac 2ad 
1ef 268 42 42f 11bc 
1eb 195 196 45f 46f 
45 90 316 d1a dd3 
9f 90 2e9 d98 12cc 
211 1a7 139 2c2 2c3 
26b 179 b3 52b 8a8 
13 4f 350 d86 f96 
13b 1f9 1d6 25f 11b6 
25a 15b f4 61e 971 
183 ea 24b 86e 1249 
11 74 33f c25 10d2 
95 303 68 dac 12ea 
14f 230 154 111c 12f9 
231 138 16a d9 db 
218 1ae 126 248 24d 
185 2a3 39 853 857 
95 304 67 dab dae 
1ed 19a 191 451 11c3 
b 1c6 29a 5e6 5f2 
1c3 a4 24f 610 611 
23c 64 22a 23 26 
23b 1e5 ab 30 10e9 
22f 1b3 f5 f0 f5 
214 1a6 138 289 28d 
20f 139 1af 2d5 2d6 
1c7 b 29a 5e6 5e7 
185 43 29f 84e 851 
4f 352 13 f96 f97 
1a2 231 102 1113 1114 
239 120 175 58 59 
22e 122 189 ff 103 
190 246 eb 7cb 1239 
17e 276 9d 88c 88e 
235 9a 204 97 10fd 
1b4 204 14c 9f 340 
22e 82 22a fa 100 
2a0 114 b4 a98 b24 
102 1a4 231 1114 1116 
1b7 202 14e 73 360 
198 1ec 199 b1 118d 
1cc 208 12d 108 317 
e0 214 201 272 28e 
1ec 1d9 158 458 11ca 
9d 17e 277 4dc 88c 
24e 183 ea 736 86e 
23b 182 112 37 3d 
239 178 120 54 10eb 
230 15b 14f e6 111d 
21b f9 1db 217 21a 
15b 267 e1 96e 126e 
23b 113 182 2e 10e7 
237 1f0 ad 77 10f2 
235 207 9a 93 99 
17b 1db 1da 1bb 500 
215 e0 201 272 273 
20f 13e 1af 2d4 1153 
19e 61 286 75e 75f 
17d 10c 241 891 894 
132 2e6 d a77 129d 
2ea 110 27 b03 b35 
1fe 134 1db 115e 11ab 
f3 183 24b 1 86d 
21a 136 1a2 227 22b 
131 1f4 1f3 294 1189 
213 1b5 131 297 1183 
da 16 30e c68 c69 
f1 44 2ec bcd bce 
220 1c8 106 1ce 1cf 
21d 1db f9 203 204 
57 df 2ec bcf c3f 
1a2 138 21a 10f5 10f6 
22d 11d 198 112 113 
1bf 1e5 186 37b 4ab 
24c 29 24d d8f ea4 
21a 1a4 138 225 10f5 
23f 4d 242 de4 f8d 
234 222 87 a5 aa 
14e 202 1c0 228 11a0 
192 b4 266 7be 1237 
23 a7 324 af1 d6b 
35d 53 5 d4b fb2 
1cc 1d8 197 20f 311 
6 d9 31a c36 c6d 
22f 1c1 f5 e8 f0 
213 20d e1 29a 1180 
212 1fb f5 2a4 10f9 
205 121 1e9 332 1199 
200 156 1be 37d 11a4 
16 e0 30f 9bf c34 
119 2ea 27 b03 b06 
df 5b 2ed c37 c38 
236 129 180 8e 10f8 
216 1ac 13d 264 1179 
208 1d8 12d 314 317 
200 1bf 156 37c 11a3 
1f9 1aa 179 3c7 11b5 
90 2f3 9f 12cc 12cd 
216 13d 1ad 262 1178 
146 20d 1b6 27c 2de 
201 1be 156 367 11a4 
109 149 262 50a 9e1 
1d3 295 19 550 553 
314 b8 36 b9d d1b 
200 1bf 157 117d 11a8 
106 209 1ff 1d2 306 
212 1e3 110 2a7 2a8 
201 156 1bf 365 11a3 
218 10c 1dc 243 24b 
212 110 1e4 2b0 2b3 
20e 1b6 146 2de 120d 
52 28 34f fa6 108e 
21d f9 1e6 1fc 1fd 
1de 1df 17d 292 4d9 
13e 222 198 ac 1b4 
334 77 3b 11b 1068 
209 20c f9 215 2e9 
6 e0 31a 36f c36 
b8 316 36 d19 d1b 
1b0 1ed 190 11c2 11c6 
22f 15f 15e ee f1 
12d 20b 1d8 210 2fc 
213 1b5 140 29f 2a0 
202 1c0 157 364 11a1 
1a8 1e5 1a9 37f 4aa 
1ed 1b0 191 44a 44d 
239 120 18a 55 10eb 
22d 195 12d 10b 1125 
218 10c 1e0 24b 1168 
234 198 11d ae af 
1ba 209 151 193 308 
13a 1f7 1f5 26c 372 
213 1b7 140 2a1 1184 
14c 1c9 204 10ff 1100 
234 11d 199 ae b2 
224 1ba 11c 199 1150 
223 1a7 131 1a8 1ac 
17c 1fa 1ae 249 3c1 
215 e0 214 270 272 
212 1b2 148 2b1 1187 
1f1 16b 1d1 413 11ba 
12a 2a0 b4 a98 a9d 
22d 198 12d 112 116 
22b 116 1b3 126 12d 
214 138 1bf 287 28b 
202 15b 1c0 364 11a0 
8d 174 28f 5ec 8c4 
212 148 1b4 2aa 1186 
206 149 1cb 325 326 
16 da 318 3ff c69 
119 27 2f0 b05 b06 
f1 2ec 57 bcc bcf 
32 52 34e c60 fa9 
c5 31e 1f 10de 10e0 
fe 36 2f6 12b4 12b7 
1fb 147 1e4 3a9 3ab 
1f1 1d1 16e 41a 11ba 
260 2 25f b0e e20 
1c2 235 f5 10fb 10fc 
14f 279 e1 9b3 11db 
c5 31f 1f ccf 10de 
235 15d 15c 92 95 
203 15c 1c1 34b 356 
1c3 25e a4 60d 611 
23b 17 269 34 38 
17f 1e2 1e1 1ae 4c8 
1f4 19d 19f 3e9 3ea 
1e5 1b1 1a9 4a6 4a9 
311 a3 5f 632 d84 
ba 27c 172 11e9 11ea 
241 154 14f 890 994 
31d cc 1f 998 10df 
f8 f7 29b bad bae 
215 146 1b6 27c 280 
205 b 28b 336 337 
203 15c 1c4 34e 34f 
318 e0 16 403 c34 
f1 2ef 57 bcb bcc 
237 1f0 c9 7b 7d 
236 192 129 8d 90 
1f5 1f6 146 282 3e2 
313 ee 13 989 991 
cc 1f 31e 10df 10e0 
233 110 1b2 b6 b7 
15f 203 1c3 ec 350 
205 192 18c 33a 33d 
1c3 24f c7 610 613 
91 77 310 dca 12bb 
203 15f 1c4 34f 350 
1a3 ea 24e 731 736 
45 b8 316 c8d d1a 
218 17e 17c 242 116a 
205 1c4 15c 330 334 
1f8 1ab 18f 3cb 3d6 
183 24b 111 868 1249 
110 2eb 44 b36 1281 
14f 240 15b 111e 126f 
236 180 13f 87 8c 
21a 137 1c0 229 22c 
1f5 1f8 146 254 3d8 
207 15c 1c1 31a 320 
137 92 2b1 a5b a5c 
77 334 4c 1067 1068 
239 1d5 e5 52 57 
230 14f 17d e7 12f9 
15d 207 1c1 1eb 320 
21a 1c0 138 223 224 
1f4 19d 1a7 3e8 3e9 
251 1c3 c7 606 613 
269 17 243 c9e e62 
1c4 c7 251 605 606 
212 148 1c2 2a9 2aa 
200 186 1a8 37e 382 
1ff 176 1ba 383 11a9 
1f4 19f 1a7 3e9 3f2 
c5 2b 31f ccf cd0 
34 375 10 eee 1021 
218 1f3 10c 241 1168 
217 1f9 108 24f 25a 
212 1fb 110 2b2 2b3 
206 149 1da 324 325 
200 1f5 13a 372 380 
1eb 1dd 17c 45c 46d 
5f 2e 351 ffb 1069 
23e 1c0 f4 8 9 
22d 13e 198 113 117 
224 11c 1cc 192 198 
212 15a 1b2 2b4 1187 
1ee 19c 1b8 435 43b 
322 dc 10 a09 c57 
108 29e ec b73 b74 
21c 12d 1cc 213 214 
200 1f7 13a 371 372 
18c 28c 8d 7fb 800 
2fe f1 44 b38 bcd 
17d 154 230 111a 12f9 
1d6 1ad 1d7 11b7 11b8 
218 126 1dc 24c 24d 
212 1b4 15a 2b5 1186 
1ae 223 13e 1154 1155 
2a8 128 ba 12a0 12a1 
1c9 207 15c 96 31e 
1c9 204 162 98 119c 
222 10d 1e2 1af 1b1 
1e3 1e8 180 2ae 483 
210 131 1e2 2c8 2c9 
1f9 1ad 194 3c5 1171 
14e 257 137 9b8 9ba 
13e 1af 223 1153 1154 
237 c9 1fd 7a 7c 
17a 4 2db 8a0 8a5 
337 8f 37 a3d ddb 
24b 17 269 d92 e62 
1e8 212 129 88 2ad 
131 211 1e2 1a9 2b6 
1f6 154 1f5 3e2 3e3 
13f 266 12a a2e a2f 
1a 36a 47 12c0 12c1 
129 212 1e9 8f 2ac 
22f 117 1c1 e9 f4 
1c7 207 161 1f6 31d 
1a0 1fc 19e 23e 3a0 
218 126 1e0 247 24c 
151 209 1d4 18e 307 
1fc 19f 1a0 3a2 3a4 
142 232 191 110f 1110 
22f 1c3 117 ea f2 
21b 209 f9 215 216 
207 161 1c9 31e 322 
162 207 1c9 94 322 
22f 118 1c3 ed f2 
15f 1fb 1e4 2ab 3ab 
137 14e 25a 620 9b8 
22f 117 1c5 f4 f9 
21d f9 207 1f5 1fc 
17a 2b4 58 89d 1256 
231 16b 16e d1 1117 
374 3e 15 11d f2c 
21b f9 20c 215 217 
1b5 1f0 1a6 298 41f 
1d2 8d 26e 563 569 
16a 231 16f 1111 1112 
231 1a2 138 d6 d7 
7f d3 2f5 173 c92 
1f4 1b5 19f 3f0 3f1 
1e5 200 157 11a7 11a8 
1b7 1f0 1a6 72 299 
236 192 13f 85 86 
222 1ec 10d 1b5 1b7 
21e 11a 1e7 1e5 1ee 
21c 12d 1d8 210 213 
216 13b 1d6 25f 1176 
1ef 42 286 430 11bc 
7 100 31b 8fc b8d 
86 13 352 df9 dfb 
47 1a 36e f5c 12c0 
10d 227 1e2 1142 1143 
234 13e 198 ac af 
233 a6 232 bb c1 
231 138 1a4 d4 d7 
214 1bf 157 287 117d 
128 18c 245 7bd 7fd 
110 2ea 5a b34 b35 
242 46 25b ca5 f50 
21d 20c f9 1f7 203 
20c 161 1c6 2eb 2ec 
eb 114 2a0 84f b24 
100 31c 7 b8d b91 
359 5f 2e de1 ffb 
f8 117 298 12a8 12a9 
161 20c 1c7 1f8 2ec 
146 20d 1e0 2df 2e5 
1d7 294 41 524 11e3 
190 128 244 7c8 7c9 
20c 161 1c8 2ea 2eb 
208 164 1cd 30a 1193 
1f9 179 1d6 3c6 11b6 
324 d6 23 af0 c7e 
21c 1b9 151 212 114e 
21a 14e 1c0 228 229 
1df 1f3 17d 291 3f6 
20e 146 1e0 2df 2e2 
1f9 179 1d7 3c3 3c6 
22 383 1a e91 11f4 
230 e1 202 e1 e2 
1a6 1f4 1b5 29e 3ed 
6 d1 336 3c9 c9d 
1f3 1df 17e 3f8 3f9 
17d 1e0 1f3 118a 118b 
191 1e8 1e3 c6 483 
210 1f3 131 2c8 2cb 
1b6 1f4 1a6 2e6 3ec 
200 186 1be 377 37d 
192 128 245 7bd 1235 
190 246 128 7c8 7ca 
240 85 23f bc1 bea 
7e 34f 28 108d 108e 
220 106 1ff 1d2 1d3 
21b 134 1db 218 115e 
1a7 1f4 1b6 2dc 3ef 
200 1bf 186 37b 37c 
256 21 267 9be e8f 
d4 45 316 c8d c8f 
27 5a 362 de6 fde 
22a 22e c0 1e 105 
17e 1f3 1e2 1a5 3f7 
192 246 128 7c1 1235 
1f8 1ac 1ab 3cd 3d0 
286 19e 9d 4de 75e 
45 d4 317 9e8 c8f 
342 9b 28 c4f da6 
21 256 268 e8e e8f 
199 20b 198 118c 118d 
237 138 1a2 78 10f6 
1f8 1ad 1ab 3ca 3cc 
1f2 1bf 1a5 3fc 402 
1eb 195 1dd 468 46e 
33c bf 11 c17 ce1 
78 2e 351 1069 106b 
23b 3c 269 32 33 
18c 2a8 6d 7fe 801 
d3 2f3 90 c91 12cd 
213 131 1f3 294 295 
1d9 1ec 199 2ee 11ca 
201 1f2 156 365 366 
263 17b 109 50e 512 
24f 5b 250 cca fe2 
222 1fa 10d 1b2 1b3 
213 1f4 131 294 297 
253 198 10d 454 79c 
147 2f3 1e 9f1 9f2 
237 138 1a6 6f 70 
21e 1b3 15d 1df 115a 
217 1f8 126 252 116e 
f7 1c7 247 32f 5eb 
1fc 1b5 19f 3a1 3a8 
6b b8 315 151 c8e 
200 1f6 157 374 117c 
1fa 17c 1dd 3b9 3c0 
d3 90 2f5 c91 c92 
8f 2e 348 ddc ddd 
3e 15 37d f2c 105f 
230 e1 20d e4 e5 
22e 159 199 102 1102 
1b9 1fe 199 20d 38e 
20d 1e0 154 2e5 1119 
17d 241 14f 890 892 
8b 23f 242 de4 de5 
1c9 1e9 1b4 9e 47b 
220 106 209 1ce 1d2 
21e 160 1b3 1e0 1e1 
209 1c8 175 302 303 
205 1e9 15c 334 1199 
119 56 2f0 b01 b05 
1d9 1fe 17b 2f0 38b 
110 44 2fe b36 b38 
23f 8b 243 bbf de5 
279 e1 17d 11db 11dc 
157 202 1f6 286 362 
200 1a8 1a9 37f 381 
17b 1fe 1db 17d 11ab 
214 138 1f2 28b 28c 
5f d1 311 634 c9a 
fe 2f6 68 b97 12b6 
22d 1cc 12d 108 10d 
22b 1b3 14a 127 12a 
224 1ba 151 193 199 
17d 241 154 88f 890 
8b 243 242 de5 12d0 
1fc 213 131 1182 1183 
179 b3 294 8a8 11e4 
151 21c 1cc 191 211 
1eb 1ea 195 45f 461 
1ef 213 140 1167 1184 
22f f5 203 e8 eb 
1e6 207 162 1ea 31b 
1f6 20d 146 27d 2e4 
213 1f0 140 2a0 2a1 
1eb 1ea 196 45e 45f 
a3 13 350 d86 d87 
8f 37 348 ddb ddc 
335 e7 6 3d3 c0a 
32 db 325 83d c64 
267 21 268 4e8 e8f 
13f c7 2a9 a2d a30 
89 f1 2ef afc bcb 
200 201 156 11a3 11a4 
2f3 d3 9f 127f 12cd 
233 1e3 110 b6 1109 
223 131 1e2 1a9 1ad 
1ae 20e 18f 245 2d8 
108 179 26c 6fb 7ab 
40 c3 32b a55 cd5 
86 352 2f df7 dfb 
234 199 159 ab 1101 
21e 15d 1c1 1eb 115a 
218 17c 1ae 249 24a 
20e 18f 1af 2d8 2d9 
10d ef 2af b54 1148 
378 48 22 b92 f63 
ad 91 30e d4d d4f 
235 1fb f5 10f9 10fc 
1d4 209 175 21c 304 
216 13a 1f5 26c 26d 
1da 1db 1cb 323 501 
1ef 1df 19e 42b 117f 
df 12a 2a9 a2c a9b 
209 1d5 175 303 304 
fe 36 314 b9a b9d 
21e 160 1c1 1e1 1e9 
216 13a 1f7 268 26c 
1f9 1d7 194 3c3 3c5 
10d 198 25c 4ee 79c 
14e 15b 25a 61f 96d 
12a 2aa df a9b a9c 
d6 23 332 c7e c7f 
63 10 375 1013 1022 
1d4 151 21c 114e 114f 
211 19d 19f 2bb 2c5 
210 19e 1a0 2ca 2cf 
208 1ea 164 30c 1194 
1d6 26b b3 52b 52c 
190 cf 280 7c6 7ce 
192 205 1c4 7f 33c 
216 1f9 13b 25f 1175 
26a 4d 23f bec f8d 
66 375 10 1021 1022 
1a6 202 1b7 71 361 
3b 3e 374 122 f2e 
228 1b3 15e 14b 14d 
211 1a0 19f 2b8 2b9 
147 44 2eb 9e9 1281 
33d aa 3d ce5 d5b 
1ef 219 140 1166 1167 
1f8 216 13d 1178 1179 
27 372 56 12e3 12e4 
23c 22a c0 1e 26 
233 119 1e3 bf 1109 
21d 1c7 161 1f6 1f8 
140 213 1fc 22f 29f 
214 202 138 285 289 
3e 37d 2a f33 105e 
53 5 385 fb2 fb3 
19e 1f3 1df 293 3f5 
242 4d 26a 701 f8d 
35 bc 339 768 cf2 
11c 224 1ff 1150 1151 
154 20d 1f6 df 2e4 
188 208 1cc 109 30d 
262 58 248 9e3 fcf 
20 4c 37c ba7 f86 
237 1b7 140 75 76 
1e3 1e8 1b2 b5 2af 
22b 1c5 14a 12a 133 
224 151 1cc 191 192 
215 1f5 146 282 283 
208 1cd 188 30d 1193 
147 2ed 44 9e9 9ec 
209 1c8 18b 118e 1190 
23c c0 22e 1e 20 
21e 160 1ca 1e9 1f0 
215 1f6 146 27d 282 
212 1e8 15a 2b4 2b5 
211 1a7 19d 2c3 2c5 
239 120 1d5 54 58 
15f 212 1e4 8a 2ab 
21d 163 1ca 1fa 201 
21a 136 1fd 22b 22d 
212 1fb 148 2a9 2b1 
340 82 65 c4d d58 
25a 1c0 f4 9 61e 
341 81 65 61 da7 
231 138 1ce d6 d9 
21d 163 1cb 201 205 
211 1a7 19f 2c5 2c6 
51 63 35a c51 d02 
bc 346 20 cf3 cf4 
1fe 21b 134 115e 115f 
15c 212 1e9 9a 2a6 
217 1f5 146 254 255 
1fa 1dd 198 3b8 3bc 
315 d4 6b 61c c8e 
1aa 242 13b 6f9 700 
18c 8d 2a8 7fb 801 
fd 310 4c ba3 12ba 
269 25b 3c ca2 f27 
4f 78 351 d81 106f 
7f fe 2f6 12b4 12b5 
23b 5d 269 31 32 
235 1b4 14c 9f a0 
223 1f3 131 1ac 1ad 
211 20f 139 2c1 2c2 
20b 1d9 17b 2f0 2f2 
1df 9d 277 4dc 4e0 
1dc 10c 241 4fe 4ff 
1aa ec 26a 702 703 
1a1 3 2e3 743 74a 
200 186 1e5 37b 37e 
1c6 8d 28c 5ef 5f1 
e6 22e 22a 1f 100 
1e9 212 15f 8b 2a6 
217 146 1f8 254 116e 
255 195 12d 316 4ea 
34 38a 24 d3d ef1 
224 151 1d4 18e 114f 
218 1ae 18f 245 248 
138 21a 202 79 223 
219 140 1fc 22f 230 
199 1fe 1d9 2ed 38c 
ef 1d9 253 456 517 
e5 33c 11 c17 c19 
af 35d 5 d4b 12ee 
7e 34f 52 108e 1090 
1e5 23b 113 10e7 10e8 
236 1c4 13f 84 85 
22f 1b3 15e f5 f6 
20e 146 20d 2de 2df 
12d 198 255 2fd 4e9 
8f 2e 359 ddd de1 
1ad 217 194 1170 1171 
21c 12d 20b 208 210 
219 19e 1a0 23a 23e 
13f df 2a9 a2c a2d 
334 91 77 d4e dca 
231 1a4 16b d1 1116 
1c6 8d 28f 5ec 5ef 
9b 342 52 da5 da6 
212 235 f5 10f9 10fa 
233 1b2 15a b4 bd 
1a7 20e 1af 1a3 2da 
33e e5 11 536 c19 
17a 2d0 58 899 89d 
33b bf 3d c05 ce6 
e3 11 33f c25 c2c 
1d5 209 18b 118e 1191 
237 1b7 14e 73 74 
231 16f 1a2 d2 1113 
1b7 1ef 1de 2a3 42d 
208 197 1cc 311 1195 
35e 64 53 ce0 1017 
5a 27 379 fdc fde 
231 1a4 16e cf d1 
1af 20f 1a7 1a2 2d5 
1a1 2e3 d 742 749 
194 26c 108 7ab 7ac 
185 eb 282 84b 84d 
36a 86 1a be2 df6 
b8 90 316 d19 d1a 
18a 239 178 10eb 10ec 
1cd 208 197 1195 1196 
27 8a 362 c3 de6 
214 157 1f6 286 117c 
275 17e 10d 3bb 124f 
119 7c 2f0 afd b01 
1ad 1d6 1f9 117a 11b8 
22e 22a f0 fa 101 
1b6 20d 1a6 276 2e6 
1f9 1d7 1ad 3c5 11b8 
1a 86 36b 98f df6 
bf 33d 3d ce5 ce6 
217 1f5 154 255 116d 
10c 17d 277 4df 894 
17e 276 10d 88e 124f 
15b 267 14e 96d 96e 
17d 20d 1e0 1119 118b 
22f 203 117 e9 ea 
21d 1db 163 204 205 
277 17e 10c 4dd 1250 
35 5 39f ef4 ef5 
14f 15b 267 126e 126f 
20e 1af 1ae 2d8 1156 
20e 1a7 1b6 2dc 2e3 
351 78 5f d82 1069 
220 174 1c6 1c9 1cd 
21a 1a2 1a4 226 10f5 
269 5d 24c d8e ff3 
1fa 222 13e 19a 1b4 
220 174 1c8 1cd 1cf 
184 2ee 1c 85c 860 
147 5b 2ed 9eb 9ec 
236 1e8 129 88 10f8 
215 20d 146 27c 27d 
bc 346 35 cf2 cf3 
45 5a 36f dd0 dea 
236 129 1e9 8f 90 
1c2 204 1b4 a2 119e 
22e 199 189 fc fe 
223 1fa 13e 19a 1155 
212 15f 1fb 2a4 2ab 
12a 2a0 114 a97 a98 
235 1c9 14c a0 1100 
21b 1d4 175 21c 21d 
208 197 1d8 310 311 
205 1e9 18c 332 33a 
32f ff 22 59a b93 
190 eb 282 7cc 1239 
ff 48 31c b95 1261 
fe 95 2f6 b97 12b5 
21a 1fd 14e 10f4 1163 
200 214 157 117c 117d 
28 64 37a 24 1087 
22f 15f 1c3 ec ed 
119 2ef 89 afa afc 
100 31c 48 b91 1261 
71 37d 15 105c 105f 
214 157 202 285 286 
213 1de 17d 292 1181 
213 1b5 1a6 298 29e 
1ec 253 ef 455 456 
14d 16 30f 9bf 9c0 
48 7 399 f65 f66 
1ea 208 188 10c 1194 
213 1df 17d 291 292 
15 71 37e 8fa 105c 
65 9b 341 c49 da7 
1a7 1f3 1f4 1188 1189 
21e 1e7 160 1e0 1ef 
21d 1e6 163 1fa 1fd 
213 1a6 1b7 299 29b 
110 9f 2ea b34 12b1 
dc 322 63 c54 c57 
a0 24c 24b d90 d93 
21e 162 1e6 1e2 1ea 
21a 202 14e 228 10f3 
1d2 27c ba 566 11ea 
66 375 34 101e 1021 
1e9 205 192 80 33a 
219 213 140 22f 1167 
11a 324 23 af0 af1 
24b a0 24d b30 d90 
4c 37f 3b f89 f8a 
110 2eb 9f 1280 12b1 
215 1a6 1b6 271 276 
1aa 108 26a 6fc 702 
a0 24c 24d d8f d90 
212 180 1e3 2a7 2ae 
354 d9 6 c09 c6d 
52 9b 34d c5c da5 
23c e6 22a 1f 10e6 
1e4 212 180 91 2b0 
223 131 211 1a8 1a9 
218 1dc 17c 244 24a 
20b 199 1d9 2ed 2ee 
1df 286 9d 4de 4e0 
147 2f3 5b 9eb 9f1 
1c7 8c 29b 5e4 5e5 
2f 86 36a bdd df7 
65 aa 33d c16 d59 
dd 342 28 c4f c50 
1c2 15d 235 10fb 10fe 
21c 1b9 199 20d 20e 
1f3 20d 17d 296 118b 
1a9 1f6 1f5 37a 3e3 
13b 179 26b 529 6fd 
1aa 108 26c 6fb 6fc 
119 2ef 93 af9 afa 
18f 20e 1e0 246 2e2 
206 247 f7 32e 32f 
21 28a 256 e8e 10d8 
23c 22e e6 1f 21 
180 212 1e8 89 2ae 
334 ad 77 11a d4e 
119 93 2f0 af9 afd 
17b 20a 1fe 179 2ef 
206 248 f7 32d 32e 
203 1c3 1c4 350 358 
200 1a8 1e5 37e 37f 
1de 267 e1 4e4 4e7 
d6 6b 326 c7c 126c 
200 1a9 1e5 37f 11a7 
25a 1a3 137 624 732 
155 13 313 991 992 
1e8 232 142 110c 1110 
236 1c4 15f 82 83 
236 13f 1e4 84 8c 
235 1c9 15c 96 9b 
22d 12d 208 108 1125 
1f5 1f7 1ac 26f 3db 
20b 1fe 17b 2ef 2f0 
208 195 1ea 312 1126 
1d2 6d 2a8 560 561 
51 dc 331 8b8 c52 
156 313 13 989 98a 
aa 65 340 d58 d59 
227 61 284 15c 1141 
1d9 ef 264 516 517 
11c 27f 176 11aa 11e7 
20f 222 13e a8 1152 
227 284 62 164 167 
1ac 1f8 1f5 26e 3d5 
a3 4f 350 d83 d86 
56 38b 27 fc3 12e4 
20f 223 13e 1152 1153 
11 107 33e 538 b77 
280 12 281 cab e56 
a3 4f 351 d81 d83 
77 fd 310 12ba 12bb 
235 162 1c9 94 98 
135 297 132 a66 a67 
e7 354 6 c09 c0a 
71 2a 37d 105d 105e 
237 138 1f0 70 10f2 
213 17d 1f3 291 296 
117 1c3 25e 35b 60c 
257 92 256 9bb dc9 
142 322 10 a09 a12 
221 17b 1da 1bb 1158 
1c3 25e 118 60c 60d 
338 e7 40 a87 c06 
3e 38f 3b f2e 10b5 
71 2a 37e 1059 105d 
1db 221 17b 17c 1bb 
27e 194 108 4f2 7ac 
135 137 296 737 a5e 
142 10 323 a10 a12 
24d 3 2a4 bf3 e26 
92 258 256 dc7 dc9 
242 d0 243 12d0 12d1 
234 199 198 ae b1 
1c1 207 1ca 1ec 319 
274 18d 124 7a4 7f2 
92 257 258 dc3 dc9 
1b 281 27c e73 12dc 
1b4 212 1c2 a1 2aa 
231 16a 1ce d9 1112 
20b 1ec 198 2f5 118d 
1d2 287 ba 562 566 
184 2fd 1c 85b 85c 
27c 33 26f 8db ee6 
7e 37a 28 1087 108d 
1cc 21c 197 197 20f 
20b 199 1ec 2ee 118d 
20b 17b 20a 2ef 2f1 
1ef 1de 1df 42c 117e 
13f 192 265 603 1236 
33b e8 3d 9a0 c05 
40 e7 33a 9a5 c06 
223 1af 1a7 1a2 1a3 
26f 33 27d 549 ee6 
37 39d 2b f00 f01 
289 10c 17e 116b 1250 
21 268 28a e8e f43 
37 39c 2e f08 f09 
1ca 1c7 206 115c 115d 
13f 192 266 1236 1237 
237 1f0 140 76 7b 
200 1a9 1f5 37a 380 
28e 166 11c 557 5b2 
9b 81 341 da3 da7 
231 1ce 16f d2 1112 
1ca 207 1c7 1fb 31c 
218 18f 1e0 246 247 
200 1a9 1f6 374 37a 
1f9 1d6 1d7 3c6 11b8 
1ec 253 10d 454 455 
144 23b 1e5 10e9 10ea 
1a6 202 1f6 dd 28a 
225 1db 17b 17c 17d 
21e 207 15d 1eb 1ed 
5f 8f 359 6e6 de1 
11 e3 356 b76 c2c 
4 29c 264 e2a 103f 
71 394 7 105b 10a0 
17e 218 1f3 19e 241 
1ca 206 1cb 202 327 
23e 1a3 183 6 7 
234 1e1 159 a6 a7 
224 209 151 18e 193 
21d 207 161 1f5 1f6 
210 1a0 1e2 2c9 2d0 
10d 1dd 25c 3b6 4ee 
196 274 124 7a4 7a7 
2b 1f 3ac eb7 eb8 
213 19e 1df 293 117f 
da ad 30e c66 c68 
1ae 1af 223 1154 1156 
1e2 222 17e 1a4 1af 
222 17f 1e1 1ae 1b0 
211 1e2 1a0 2b6 2b7 
200 1e5 1bf 37b 11a8 
a3 351 5f d82 d84 
332 d6 6b 150 c7c 
222 1e2 17f 1ae 1b1 
21e 207 162 1e4 1ea 
20c 1c6 1c7 2e8 2ec 
1c4 13f 251 604 605 
1e8 232 15a b8 110b 
223 13e 222 19a 1152 
223 1e2 17e 1a4 1a5 
1c6 20c 1c8 1cc 2eb 
218 17c 1fa 242 249 
ad 334 91 d4d d4e 
236 129 212 88 8f 
197 21c 1d8 1d4 20f 
21d 161 20c 1f7 1f8 
1da 109 262 50a 50b 
18d 124 27b 7f2 7f4 
3c8 e 9 cef f6f 
237 202 138 6f 79 
233 15a 1e8 b4 b8 
231 1a2 1a4 d7 1114 
1fa 218 17e 19d 242 
245 192 18c 33d 7bd 
1d9 109 263 512 513 
293 8 27a 950 e3c 
f1 df 2ec bce bcf 
ad 15 373 d51 112d 
8a 362 5a de6 de7 
21e 1e6 187 1e3 1f1 
208 1cc 1cd 30d 1195 
1da 109 263 50b 50e 
db 32 34e c60 c64 
33 27d 27c ee6 ee7 
71 3e 37d 105e 105f 
230 154 1f6 df e0 
70 d6 332 153 c7f 
21e 187 1e7 1ee 1f4 
1d9 109 264 513 514 
237 140 1fd 75 7a 
224 1cc 197 197 198 
1c0 137 25a 620 624 
ec 23f 240 bea beb 
bf 74 33c ce1 ce2 
31d 153 1f 662 998 
16f 31b 7 8f8 8fc 
142 24 323 a0e a11 
340 aa 82 c0d d58 
23b 269 a0 31 38 
21f 197 1d8 1d4 1dd 
1fe 20b 199 209 2ed 
3d aa 363 823 d5b 
298 1d 260 b18 e7d 
ec 23f 241 beb bed 
8a 36f 45 dea deb 
22d 188 1cc 109 10e 
28c b 28b 7f9 12bc 
241 ec 240 9b6 beb 
369 bc 20 ba5 cf4 
fd 91 310 ba6 12bb 
52 32 395 fa3 fa9 
236 1e4 15f 83 8a 
235 15c 1e9 9a 9b 
227 17f 1e2 15b 1143 
255 1d8 12d 2fc 314 
209 1c8 1d5 303 118e 
1d2 8d 2a8 561 563 
25e a4 24f 611 d79 
1ad 216 1d6 117a 117b 
227 276 9d 15e 162 
21e 1c1 1b3 1e1 115a 
213 17d 20d 296 1180 
185 2a0 eb 84b 84f 
2b c5 360 a35 cd0 
210 1f3 19e 2cb 2cc 
206 1da 1cb 323 325 
11c 197 27f 389 79d 
1de e1 279 4e4 11dc 
1dc 29e 99 4fa 4fc 
b5 366 30 d2d 12df 
a4 25f 24f d78 d79 
27 372 a6 1107 12e3 
1cb 206 1db 1ff 323 
b3 1d7 294 11e3 11e4 
220 1ff 174 1d0 1d3 
19e 213 1ef 237 117f 
1bf 201 1f2 288 365 
184 39 2fb 859 85f 
f4 240 23f bc1 bc2 
90 45 36f dd0 dd3 
66 63 375 101f 1022 
236 15f 1e9 82 8b 
21b 209 175 216 21c 
1a6 20d 1f4 29d 2e6 
208 1cc 1d8 311 317 
1dd 255 12d 4e9 4ea 
7c 24 38a d43 d6f 
42 268 285 f42 11bb 
66 34 38d 101e 10ca 
11c 291 176 11e7 11e8 
234 20f 13e a8 a9 
224 21c 151 191 114f 
358 b5 50 c2a d28 
1f6 20d 1a6 de 277 
1f3 20e 1a7 1ab 1188 
34d 9b 81 c63 da3 
d4 315 b8 c8c c8e 
c7 24f 250 cca ccb 
372 7c 56 d70 1084 
268 286 42 11bb 11bc 
1c4 205 1e9 81 334 
223 17e 1f3 19e 1a5 
213 1f3 19e 293 295 
20e 1f4 1a7 2dc 1188 
24a 1da 149 324 508 
184 2fd 39 859 85b 
24f c7 251 613 ccb 
d4 b8 316 c8c c8d 
237 1fd 14e 74 10f4 
212 1e3 1b2 2a8 2af 
ea 1a1 297 72c 747 
f4 243 23f bbd bbf 
c7 251 250 ccb ccc 
29 2a2 24c ea4 ff2 
235 14c 204 9f 1100 
218 1dc 1ae 24a 24d 
357 bb 51 9b2 cfc 
299 46 242 a45 f50 
29 24d 2a2 ea4 ea7 
29 3 3c7 eab 124b 
1 70 3a5 158 1050 
217 1f9 194 25a 1171 
213 1de 1b7 2a2 2a3 
209 1d5 1d4 304 305 
1aa 13b 26b 6f9 6fd 
1a3 ea 297 72c 731 
148 45 317 9e8 1212 
13f 2a9 12a a2c a2e 
2 25f 2ad e20 10ce 
239 1d5 175 57 58 
17e 222 1fa 19c 1b2 
213 1a6 1f0 298 299 
384 af 5 764 12ee 
53 af 35d 7af d4b 
142 323 34 a10 a11 
2 2ad 260 e20 e22 
147 2eb 9f 127e 1280 
230 202 15b e1 e3 
203 261 f8 354 35d 
a3 351 78 d81 d82 
a0 24b 269 d92 d93 
237 14e 202 73 10f3 
223 17e 1fa 19c 19d 
1ca 207 1e6 1f3 1f9 
212 1e8 1b2 2af 2b4 
1a 22 3c1 590 e91 
27a 4e 27b 7f7 f90 
17d 279 14f 892 11db 
a0 269 24c d8e d93 
42 28a 268 f42 f43 
239 178 1d5 52 54 
219 19e 1ef 237 23d 
1fa 10d 25c 3b6 3b7 
325 db 9a 83c c5d 
3b8 48 7 b8f f65 
237 21a 138 79 10f6 
22f 15f 203 eb ec 
1fc 213 19e 238 1182 
213 1a6 1f4 29d 29e 
212 1b4 1e8 2ad 2b5 
201 200 1be 36c 11a4 
27d 19 295 550 e69 
25f a4 25e b0f d79 
bb 51 35a cfc d02 
1e9 212 1b4 9d 2ac 
230 20d 154 df 111a 
1db 206 1da 1bf 323 
200 201 1bf 284 11a3 
183 1a3 24e 6 736 
236 192 1c4 7f 85 
1c0 14e 25a 61f 620 
380 ad 15 904 d51 
dd 65 340 c4a c4d 
8a 36f 5a de7 dea 
3 2b9 24d e26 ea9 
225 17b 1fe 179 17d 
1d4 21b 1b9 206 21e 
376 d1 6 36b c9d 
1f6 214 1a6 275 28a 
1f4 20d 1b6 2db 2e6 
174 176 26d 385 55c 
107 11 356 b76 b77 
e5 65 33d c16 c18 
dd 65 341 c49 c4a 
21c 1d4 1b9 206 114e 
203 29b 8c 353 355 
215 1f6 1a6 275 277 
20e 1f4 1b6 2db 2dc 
172 176 26f 568 8bc 
266 b4 246 7be 12c2 
23e f3 24b 1 2 
17b 221 20a 178 1159 
21e 1ca 1c1 1e9 1ec 
377 a7 32 837 d68 
db 52 34d c5c c5f 
234 13e 222 a8 ac 
198 222 1ec ad 1b5 
d0 242 25b ca5 12d1 
90 5a 36f dcf dd0 
db 52 34e c5f c60 
d0 25b 243 c9f 12d1 
32d 130 40 a57 a88 
74 d8 33f c24 c6f 
28b 29a b 12bc 12bd 
237 1a6 1b7 71 72 
1ff 209 1ba 194 306 
21d 1ca 1c7 1fb 115c 
213 1f0 1b5 298 2a0 
29a b 28c 5f2 12bc 
22d 1ea 188 10c 114 
227 284 9d 162 1141 
219 1fc 19e 238 23e 
213 1ef 1b7 2a3 1184 
f3 243 24b bc3 bc4 
2f3 147 9f 127e 127f 
235 207 15c 95 96 
218 18f 20e 245 246 
216 1ac 1f5 26e 26f 
213 1b7 1f0 299 2a1 
1a 155 32f 598 990 
1c4 13f 265 603 604 
c5 cc 31e a40 10e0 
235 15d 207 95 99 
22b 1c5 1b3 129 12a 
220 1c6 1c8 1cc 1cd 
219 1fc 1a0 23e 23f 
248 f7 247 32e bb7 
48 3b2 22 f62 f63 
225 17b 20a 178 179 
21d 1cb 1ca 201 202 
21c 1fe 199 209 20d 
216 1f7 1ac 26a 26f 
213 1f4 1b5 297 29e 
28e 197 11c 5ae 79d 
1c0 15b 25a 61e 61f 
35e c0 53 7b0 ce0 
184 2fb 55 85e 85f 
139 40 32b a55 a56 
ea 24d 24b bf1 1248 
236 180 1e4 8c 91 
235 204 162 97 98 
216 1f8 1ac 26e 1179 
214 202 1a6 289 28a 
f6 1c4 28b 335 60b 
264 4 2b4 b70 e2a 
f7 249 247 bb5 bb7 
217 1aa 1f9 24f 258 
1f8 216 1ad 251 1178 
212 1fb 1b2 2b1 2b2 
184 55 2fc 85e 864 
24b ea 24e 86e bf1 
f7 248 249 bb6 bb7 
231 1a2 1ce d2 d6 
22f 1b3 1c1 ef f0 
1ad 216 1f9 25c 117a 
bb 35a 63 d01 d02 
2b1 18 258 dc2 e63 
1fd 21a 1a2 7e 22b 
235 162 207 93 94 
3bd 4b e 148 f79 
217 1f8 1ad 251 252 
1a1 2a4 ea 747 74c 
139 40 32d a56 a57 
ea 24e 24d bf1 bf4 
46 25b 299 f50 f51 
286 42 285 1004 11bb 
236 180 1e8 89 10f8 
197 21f 1ff 195 1d9 
217 1ad 1f9 25c 1171 
18 258 2b2 e63 e65 
3e 3b6 2a f32 f33 
e3 74 33f c24 c25 
22f 1c5 1b3 ef f3 
222 1fa 198 1b3 1b4 
21e 1e7 1b3 1de 1e0 
203 117 25e 35b 35e 
30 d8 367 65c c73 
7e 64 37a 1087 108c 
21a 237 14e 10f3 10f4 
213 1fc 1b5 29f 1183 
30f e0 d9 9c3 c33 
26b 3a 299 a4c f19 
235 212 15c 9a 10fa 
232 191 1e3 c6 c7 
1ae 218 1fa 19b 249 
20f 211 1a7 1aa 2c2 
22 48 3b7 59c f62 
22d 1ea 195 10a 1126 
214 1bf 1f2 288 28b 
213 1a6 20d 29a 29d 
1df 277 10c 4dd 4df 
164 18d 274 7a5 7f0 
35f 9a 81 81a c5e 
185 2a0 114 84f 856 
70 23 3a3 1051 10ae 
290 196 124 51d 7a7 
20b 1ec 1d9 2ee 2f6 
ed 36a 1a be2 12c1 
42 285 28a f42 f47 
24 a6 389 c9 d71 
223 17e 218 19d 19e 
21c 20b 199 208 209 
21c 1d8 1cc 20f 213 
203 261 117 35d 35e 
1d2 2a8 ba 560 562 
23b 182 1e5 30 10e7 
23b d0 269 33 34 
236 212 15f 8a 8b 
232 1e8 191 c6 1110 
215 1a6 20d 276 277 
282 59 280 7cd fd6 
b8 fe 314 157 b9d 
224 197 1ff 195 1151 
a6 24 38a d6f d71 
23e 1c0 1a3 b c 
22e 22a 159 101 105 
20e 1b6 20d 2db 2de 
208 12d 255 314 316 
206 248 149 32a 32c 
82 dd 340 c10 c4d 
64 c0 35e 2d ce0 
235 1b4 1c2 a1 a2 
223 1f3 1a7 1ab 1ac 
21d 1cb 1db 1ff 205 
1dc 27e 108 4f2 4f6 
130 338 40 a87 a88 
a6 372 56 d70 12e3 
164 273 196 11cb 11cc 
1c2 212 1fb 9c 2a9 
dc 51 35a c51 c52 
20b 255 12d 2fc 2fd 
359 d1 5f 6e5 c9a 
196 164 274 7a5 11cb 
13d 37 337 a3a a3d 
23e f3 259 2 10e1 
219 213 19e 237 238 
213 1df 1de 292 117e 
206 24a 149 324 32a 
358 e3 50 9ad c2a 
aa bf 33d c15 ce5 
4a 9 3c8 f6f f78 
36d 3d cc 1272 1273 
23e 259 f4 d 10e1 
22f 1c1 1c5 ef f4 
215 214 1a6 270 275 
17c 17e 275 3be 88b 
27b 41 294 abf f3e 
38a 54 7c d48 107e 
18 258 2ba e67 10a8 
1e2 211 1e1 1a0 2bc 
1c7 20c 206 200 2e7 
194 179 26c 7ab 11e0 
18d 27a 164 7f0 7f6 
f4 23f 259 bbd bc2 
d0 269 243 c9e c9f 
371 c3 40 cce cd5 
23e 25a f4 9 d 
225 221 17b 178 17c 
223 222 17e 19c 1a4 
f4 259 240 bc0 bc2 
18 258 2bb e65 e67 
29 24d 2b8 ea7 ea8 
236 1e9 192 80 90 
235 1c9 1b4 9e a0 
227 62 2af 161 167 
214 200 1bf 284 117d 
1da 149 262 508 50a 
1d6 13b 26b 529 52a 
3c3 47 1a c21 f5c 
214 1bf 201 284 288 
240 f4 25a 971 bc0 
119 f1 2ef afb afc 
243 f3 259 bbc bc4 
e6 340 82 c0d c10 
c6 371 40 cce 1274 
b0 24 38a d3d d43 
29 24d 2b9 ea8 ea9 
4a 3c8 e f6f 10a7 
1c8 20c 209 1d1 2e9 
184 2ee 89 860 1244 
f4 243 259 bbc bbd 
230 17d 20d e5 111a 
22d 208 188 109 10c 
21d 1e6 1ca 1f9 1fa 
1f5 200 1f6 281 37a 
184 89 2ef 866 1244 
17a 109 2b4 8a6 1256 
234 198 1ec ad b1 
21e 1e6 1ca 1f2 1f3 
218 20e 1ae 245 1157 
218 1e0 1dc 24b 24c 
200 1f7 1f5 372 373 
2a4 d 297 748 e44 
61 283 284 1009 1140 
234 1ec 199 b0 b1 
1b9 21b 1fe 207 222 
215 20d 1b6 276 27c 
1e0 20d 1f3 2dd 118b 
20b 1d9 1fe 2ed 2f0 
333 da ad 5a7 c66 
e0 d9 31a c33 c36 
25 2c0 248 e9a e9b 
5d 24c 2a2 ff1 ff2 
223 1ae 1fa 19b 1155 
292 166 164 5b7 939 
25 249 2c0 e9a ec0 
61 283 285 1003 1005 
256 84 28a 10d8 10d9 
21c 1b9 1fe 207 20d 
212 1e8 1e3 2ae 2af 
20e 1e0 1f3 2dd 1169 
fd 369 20 ba5 ba8 
25 2c1 248 e9b fd0 
259 f3 24b 2 bc4 
166 164 293 939 93b 
ed 36a 2f bd8 bdd 
7 71 3bc c47 105b 
286 61 283 d9f 1003 
4a e 3cc 10a6 10a7 
21c 21f 197 196 1d4 
217 1ad 216 251 25c 
1fa 10d 275 3b7 3bb 
1c7 29a f6 5e2 5e7 
233 15a 232 b8 1106 
61 285 286 1003 1004 
213 1de 1ef 2a3 117e 
1c7 f6 29b 5e2 5e4 
dc 35a 63 c51 c54 
30 b5 387 c72 d2d 
5d 24c 2a5 fef ff1 
65 e5 355 5b c18 
3dd 35 5 75b ef4 
1ef 213 1df 117e 117f 
210 1f3 1e2 2c7 2c8 
184 93 2ef 865 866 
2c 2c0 249 ebf ec0 
4b e 3ce f79 f7d 
78 397 4f 106f 10bd 
21a 202 1c0 223 228 
128 244 245 aa7 aa8 
111 24b 24d b30 1248 
db 81 34d c61 c63 
221 1da 1db 1bb 1bf 
3d3 2c 25 cc6 ec2 
208 22d 195 1125 1126 
1d8 20b 20a 20b 2f4 
213 1f3 1df 291 293 
244 128 246 7c8 aa8 
b0 34 38a d39 d3d 
1db 20c 206 1be 1fe 
1aa 26b 179 6f7 6fd 
128 246 245 aa8 1235 
289 1dc 10c 243 4fe 
1de 14e 267 4e6 4e7 
13d 2b 349 a33 a38 
dd 9b 341 c48 c49 
d 297 2ab e44 e45 
233 1e3 1b2 b5 b6 
224 21c 197 196 197 
223 20e 1a7 1a3 1ab 
216 1d6 1f9 25f 117a 
1aa 179 26c 6f7 6fb 
37b dd 28 c12 c50 
230 1a6 1f6 dd de 
223 1a7 20f 1a2 1aa 
254 1d9 17b 2f2 518 
14d 91 30f 9c0 9c1 
25d ef 253 b51 bd0 
dd 342 9b c48 c4f 
f1 110 2fe afe b38 
119 2ea 110 b02 b03 
d0 269 25b c9f ca2 
4b 2a 3c4 f83 1056 
236 212 180 89 91 
224 21f 197 195 196 
223 211 1a7 1a8 1aa 
9a 11a 325 83b af2 
ec 26a 23f bec bed 
25f 2cf 2 10ce 10cf 
237 1a2 1f0 77 7d 
233 1e8 1b2 b4 b5 
326 11a 9a 96b af3 
8a 148 317 974 1212 
147 2f3 d3 9f2 127f 
b0 38e 34 d39 d3a 
25a f4 259 d bc0 
224 1ff 1ba 194 1150 
1f4 20d 1f3 29c 2d7 
277 9d 276 88c da2 
155 313 86 98d 992 
249 88 298 bb0 def 
ec 241 26a be9 bed 
2a0 1c 2a3 854 e7a 
20e 223 1ae 1156 1157 
236 205 192 7f 80 
223 1af 20e 1a3 1156 
212 1e4 1fb 2ab 2b3 
20e 1f3 1f4 2d7 1188 
187 325 32 838 83d 
29f 43 282 84e f4a 
f8 261 249 baf bb1 
74 bf 368 c03 ce2 
1e0 218 1f3 1168 1169 
237 1f0 1a6 70 72 
223 20f 1af 1a2 1153 
21e 1c1 207 1eb 1ec 
297 1a1 135 72d 74b 
1a3 296 135 733 737 
18c 2a8 128 7fd 7fe 
e6 37b 28 c12 10e5 
1cd 28e 11c 5ae 5b2 
a7 32 396 d68 d69 
1a3 297 135 72d 733 
1a3 137 296 732 737 
153 3d 33b 99d 9a0 
152 40 33a 9a5 1275 
13d 37 349 a38 a3a 
119 2fe f1 afb afe 
a6 372 7c d6e d70 
6a 264 29c 103e 103f 
7e 392 64 108b 108c 
235 1e9 1b4 9d 9e 
1e1 222 1e2 1a6 1ae 
21d 1c7 206 200 115c 
d 2ab 2a4 e44 e47 
3b a 3e1 f22 10ba 
230 202 1a6 dd e2 
21d 207 1c7 1f6 1fb 
29d 6a 264 bd5 103e 
ed 47 36a bda 12c1 
4 2b4 29c e2a e2c 
223 1e2 1e1 1a0 1a6 
20e 20d 1e0 2dd 2df 
247 8c 29b 5e5 bb4 
11a 324 a7 af1 af6 
e5 aa 33d c15 c16 
21d 206 1ca 202 115c 
253 ef 264 517 bd3 
297 d 2b3 a74 e45 
224 209 1ba 193 194 
21d 1ca 207 1f9 1fb 
21d 206 1cb 1ff 202 
1d3 28e 11c 557 558 
196 18d 274 7a4 7a5 
223 218 1ae 19b 1157 
21c 1b9 21b 206 207 
27e 194 17c 46c 4f3 
17e 289 17c 88b 116a 
fe 36c 36 b9a 12b7 
3f 47 3c3 c22 f58 
287 ba 244 ca8 d05 
237 1a2 1fd 7c 7e 
21e 1ca 207 1ec 1f3 
21d 1c7 20c 1f8 200 
213 1f3 1f4 294 29c 
297 49 296 a65 f6a 
31 32 3d5 d6a edc 
a7 23 3a2 d64 d6b 
12 2be 280 e56 e58 
1fe 21b 1db 18d 115e 
195 196 272 46f 7a0 
184 93 2fc 864 865 
29 5c 3c5 d11 fee 
12 281 2be e56 e5b 
e6 340 aa c0c c0d 
db 34d 9b c5c c63 
220 209 1c8 1ce 1d1 
205 f6 28b 335 336 
273 196 195 473 7a0 
1d3 291 11c 558 11e8 
14f 240 241 9b5 9b6 
ff 378 22 b92 b93 
12 281 2bf e5b e78 
1e1 211 20f 1a1 2c0 
220 1c6 20c 1c6 1cc 
2ac 1c4 f6 34d 60b 
15a 8a 317 974 977 
322 f2 dc a08 bc6 
230 1a6 20d de e4 
209 21b 1d4 183 21c 
280 cf 244 7c6 cac 
8d 28c 26e de2 de3 
9 2a6 2b2 e3d 10a2 
4b 2a 3cf f7f f83 
236 1c4 1e4 83 84 
220 1c8 20c 1cc 1d1 
6b 15d 326 618 126c 
1bb 31d 1f 662 663 
2 2d9 260 e22 109e 
237 1f0 1b7 72 76 
215 1f5 1f6 281 282 
fd 20 37c ba7 ba8 
cf 281 244 ca9 cac 
258 6f 2a7 dc6 10a9 
1b 27c 2bf e73 e75 
237 1a6 202 6f 71 
29e 99 241 4fc be8 
16f 71 31b 8f8 8f9 
d8 30 387 c72 c73 
1a3 1c0 25a b 624 
216 1f5 1f7 26c 26f 
25c 10d 253 79c b52 
11e 30 365 adf 12a7 
b0 38a 54 d42 d48 
1c 2ae 2a0 e7a 129f 
236 1c4 1e9 81 82 
1f5 216 1f8 253 26e 
1ff 11c 27f 389 11aa 
28f 8d 26e 8c4 de3 
9d 276 283 da0 da1 
3 2a4 2b9 e26 e28 
1d8 21c 20a 1d5 20b 
1d9 263 17b 512 518 
10d 25d 253 b51 b52 
db 81 35f c5e c61 
1b 2bf 281 e73 e78 
276 9d 284 162 da1 
223 1e2 1f3 1a5 1ad 
21d 206 1db 1fe 1ff 
21c 20b 1d8 20b 210 
217 1f5 1f8 253 254 
214 1f2 201 288 28e 
205 245 18c 33d 33e 
1da 263 17b 50c 50e 
1d7 290 124 51d 520 
311 156 a3 631 98b 
1c 2a3 2ae e7a e7c 
66 3a9 63 101f 1020 
235 1c9 1e9 9b 9e 
20e 20d 1f3 2d7 2dd 
1dd 255 195 4ea 4ed 
368 d8 74 c01 c6f 
e5 33c bf c13 c17 
b0 54 38c d42 d46 
1db 21b 20c 18c 217 
20e 1f4 20d 2d7 2db 
e8 33b bf c02 c05 
20a 20b 1fe 20a 2ef 
218 1e0 20e 246 1169 
200 214 1f6 278 117c 
2a3 39 29f 857 f18 
e5 bf 33d c13 c15 
d 2b3 2ab e45 e48 
215 1f5 200 27e 281 
1dd 198 255 4e9 4ef 
156 313 a3 98a 98b 
9d 286 276 da0 da2 
227 276 10d 15d 15e 
21f 1d8 20a 1d5 1dc 
215 200 1f6 278 281 
214 1f6 202 286 28a 
265 1c4 192 33c 603 
286 9d 277 4e0 da2 
1dc 29e 108 4f6 4fa 
1d2 26d 174 55c 55d 
7e 52 3a8 1088 1090 
21d 1db 20c 1fe 203 
205 245 192 338 33d 
cf 287 244 ca8 ca9 
1b 27c 2c5 e75 ee8 
237 1b7 1fd 74 75 
235 204 1b4 9f a2 
234 198 222 ac ad 
22f 203 1c1 e8 e9 
221 1da 206 1bf 1c1 
1d2 26f 172 55a 568 
1d2 176 26d 55c 55e 
1d2 26e 174 55d 569 
2bc 5b 24f d7e fe2 
19 2c6 27d e69 ee5 
58 248 2c1 fcf fd0 
58 2b4 262 fd3 1257 
225 1db 1fe 17d 18d 
221 1db 206 1be 1bf 
1d7 294 124 520 524 
10d 25d 25c b52 b55 
5b 250 2bc fe2 fe4 
71 2a 3c4 1056 1059 
22f 203 1c3 ea ec 
1d4 224 209 182 18e 
24a 149 248 32a 9e4 
1d6 26b 179 529 52b 
119 2fe 110 afe b02 
249 2c 2d8 dee ebf 
213 20d 1f3 296 29c 
1d2 176 26f 55e 568 
8 27a 2d2 e3c f93 
237 1b7 202 71 73 
235 1c2 1fb 9c 10fc 
21b 21c 1d4 180 206 
225 1d4 209 182 183 
21d 207 1e6 1f9 1fc 
213 20d 1f4 29c 29d 
1d3 26f 176 546 548 
9 2b2 2b6 e40 f6e 
13d 360 2b a33 a35 
9d 284 283 da1 1140 
2a7 84 256 dc0 10d9 
47 3d1 3f f58 f59 
20c 221 1db 185 1be 
21e 207 1e6 1ea 1f3 
201 214 200 279 284 
1c4 1c3 251 606 609 
295 6c 293 93f 1046 
237 1a2 21a 7e 10f6 
226 2f3 1e 175 177 
198 1ec 253 2f5 454 
177 51 331 8b8 8b9 
12 2cc 280 e58 fd4 
215 201 200 279 27b 
2 1d 406 d76 109f 
49 2a6 296 f69 f6a 
19d 5 345 762 769 
320 130 bc 9c5 a84 
2a6 49 297 a78 f6a 
e8 368 74 c01 c03 
9d 286 283 d9f da0 
215 1f6 20d 277 27d 
17b 20a 254 2f1 2ff 
1dd 25c 198 4ee 4ef 
18 2b2 2b1 e63 10b9 
290 179 194 11df 11e0 
110 147 2eb 1280 1281 
22d 208 1cc 108 109 
20b 17b 254 2f1 2f2 
dc f2 330 9cb bc6 
1e3 232 1e8 b9 c6 
203 29b f6 352 353 
250 5b 2c2 c41 fe4 
1d 260 2d9 e7d 109e 
235 1b4 212 9d a1 
235 204 1c2 a2 10fd 
224 1cc 21c 191 197 
d9 e7 338 a82 c08 
233 1e8 1e3 b5 b9 
225 20c 1db 185 18c 
1f3 218 20e 19f 1169 
252 1c7 1c6 2e8 5e9 
203 f8 29b 354 355 
263 109 262 50b b6e 
21f 1d8 21c 1d4 1d5 
3ef 20 35 757 ef2 
db 9a 35f c5d c5e 
3c 2ce 25b f27 f29 
1e1 222 20f a3 1a7 
226 1e 2f8 171 177 
219 1ef 213 237 1167 
215 214 1f6 275 278 
164 1ea 273 30c 11cc 
264 109 263 513 b71 
118 25e 25f b0a b0f 
236 1c4 205 7f 81 
1da 17b 270 50c 1158 
25e 117 260 b09 b15 
f 12 40a b44 e76 
eb 246 282 bef 1239 
32 3e9 31 edc 1074 
223 1e1 20f 1a1 1a7 
218 289 10c 243 116b 
118 25e 260 b09 b0a 
a6 7c 38a d6e d6f 
92 2a7 256 dc0 dc7 
71 3bd 4b 1055 1138 
235 204 1c9 98 1100 
261 117 25e 35e b15 
28c 8d 28f 5ef de3 
118 25f 260 b0a b0e 
ff 48 378 b92 b95 
ff 31c 100 1260 1261 
21c 224 1d4 17f 114f 
223 1e1 211 1a0 1a1 
1f2 16 318 3ff 403 
11a d6 324 af0 af5 
92 258 2a7 dc6 dc7 
281 ba 27c 12db 12dc 
225 21b 1d4 180 183 
223 211 1e2 1a0 1a9 
217 216 1f5 253 257 
32a 122 c3 82e a54 
117 260 261 b15 b19 
e3 33f d8 c24 c26 
33 2c5 27c ee7 ee8 
30 b5 3aa 12df 12e0 
235 1c9 207 94 96 
225 21c 1d4 17f 180 
279 e1 267 4e4 9b3 
8f 13d 337 6e8 a3d 
19 295 2c6 e69 104e 
33 27d 2c5 ee7 ee9 
246 2a0 b4 12c2 12c3 
201 31a 6 36d 36f 
277 10c 241 894 b56 
29 2a2 2b8 ea5 ea7 
46 25b 2cd f51 f53 
6f 258 2ba 10a8 10a9 
1 3e5 70 127c 127d 
217 216 1f8 251 253 
1d2 172 27c 55a 11ea 
11a d6 326 af5 126d 
33 2c6 27d ee5 ee9 
58 2c1 262 fcf fd1 
217 1f9 216 25c 25d 
c5 13c 31e 6f6 a40 
235 212 1c2 9c a1 
215 214 200 278 279 
fe 68 36c b98 12b6 
1b f 40a e71 e76 
215 201 214 272 279 
1be 311 5f 632 634 
1f 11e 381 665 ae0 
50 bb 39a 9af cf7 
8 2d2 293 e3c 104a 
227 210 1e2 159 15a 
20a 21c 1fe 17b 20a 
225 21b 1db 18c 18d 
b0 7c 38a d43 d48 
18 2bb 2b2 e65 f74 
6a 29c 29d 103e 1040 
21c 20b 1fe 209 20a 
219 1fc 213 22f 238 
296 49 2b1 a60 f69 
11e 382 1f ae0 ae2 
fd 4c 37c ba3 ba7 
1b 12 40a e76 e77 
3c 2ce 269 f25 f27 
225 1d4 224 17f 182 
32d 139 af 760 a52 
25a 137 257 9b8 a5d 
25f 69 2bd d77 1038 
326 15d 9a 615 96b 
e6 dd 340 c0e c10 
a 77 3e1 d5f 10ba 
5 53 3f6 16 fb3 
284 62 2af 167 100c 
287 ba 27c 566 12db 
19d 339 35 763 768 
363 141 3d 825 a25 
14d 30f d9 9c3 9c4 
13c cc 31e a3e a40 
71 4b 3c4 1055 1056 
155 1a 36b 98f 990 
400 3b a ce8 f22 
225 221 1db 17c 185 
315 148 d4 61b 9e5 
294 b3 26b 8a8 d30 
fe 370 68 b98 b9e 
62 2b0 284 100c 1010 
223 1f3 20e 19f 1ab 
208 255 195 315 316 
1cf 1a 32f 598 11f3 
ed 36a 86 bdd be2 
3c 269 2d1 f25 ff4 
1ff 220 209 18f 1d2 
e3 358 b5 c28 c2a 
18 2bb 2ba e66 e67 
5c 2a5 2a2 fed 10c9 
223 222 1e1 1a6 1a7 
20b 198 253 2f5 2fb 
278 1dd 17c 3b9 45c 
14d 320 bc 9c5 9c9 
d9 130 320 9c6 a83 
fe 3a5 1 b9f 113b 
281 ba 287 ca7 12db 
4c 3b 3e1 f89 10bb 
5d 2a2 2a5 ff1 10c9 
223 222 1e2 1a4 1a6 
290 196 194 464 51e 
1df 17d 277 4da 4df 
26a 108 26c 6fc b75 
148 d4 317 9e5 9e8 
20c 21b 209 188 215 
20a 17b 263 2fe 2ff 
1df 277 17e 4dc 4dd 
26e 8d 2a8 563 de2 
14d 30f e0 9bf 9c3 
2b1 92 257 a5b dc3 
5d 2d1 24c fef ff3 
22d 208 1ea 10c 1126 
21d 20c 206 1fe 200 
92 2b1 258 dc2 dc3 
41 2c8 27b f3e 10b6 
21c 20b 20a 20a 20b 
20b 198 255 2fb 2fd 
1ff 174 26d 385 387 
17d 1de 279 4d9 11dc 
42 285 2c3 f45 1006 
2 2ad 2cf 1099 10ce 
1df 17d 279 4d9 4da 
ba 244 2a8 d05 12a1 
12 2be 2bf e5a e5b 
1ff 26d 176 385 386 
1cf 32f 22 59a 11f3 
1cd 166 28e 5af 5b2 
357 150 51 8b5 9b2 
15b 25a 240 96f 971 
2d5 3a 26b d33 f19 
42 2c4 285 f45 f47 
224 1ff 209 18f 194 
381 11e 30 666 adf 
150 358 50 9ad 1278 
139 32a c3 a50 a54 
1fe 21c 21b 189 207 
223 1f3 218 19e 19f 
203 2ac f6 34d 352 
25 58 3ea c89 fce 
cf 280 281 cab cac 
49 2b1 2a6 f69 10a3 
225 1fe 20a 179 17b 
208 273 164 30b 30c 
14e 257 256 9bb 9bc 
139 c3 32b a50 a55 
3d4 79 31 cc9 1073 
275 10d 25c 3b7 b55 
26b 13b 242 6f9 a46 
b5 3a7 50 d26 d28 
29 2b9 2b8 ea8 eaa 
49 2a6 2b2 10a2 10a3 
221 206 20c 1be 1c3 
3f4 4c 20 39f f86 
1dc 17c 27e 4f3 4f4 
10d 25d 275 b55 124e 
bb 63 39b d01 d03 
42 28a 2c4 f46 f47 
209 220 20c 187 1d1 
174 1ff 271 1d0 387 
292 1cd 164 30a 5b7 
1d3 28e 166 554 557 
149 262 248 9e3 9e4 
2d3 9 2a6 a7e e3d 
e 4b 3fe b87 f7d 
7 de 3b8 b8e c45 
10d 276 25d b53 124e 
3ff 4a e b7b f70 
bd 3c8 9 cef 12d9 
4 29c 2db e2b e2c 
4e 2c7 27a f90 f91 
52 3e9 32 fa3 1075 
23e 24b 183 1 3 
1eb 17c 278 45c 466 
262 149 24a 508 9e4 
1cd 292 166 5af 5b7 
1c2 6b 315 616 61c 
4e 2c7 27b f8f f90 
234 1e1 20f a3 a4 
230 202 1f6 dc dd 
223 1fa 218 19b 19d 
28f 1c6 174 1c9 5ec 
aa e6 364 81f c0c 
141 3d 36d a25 1273 
153 cc 31d 998 99b 
14e 25a 257 9b8 9b9 
236 205 1e9 80 81 
251 13f 265 604 a31 
3ca bd 9 a7d 12d9 
2a0 b4 266 a9d 12c2 
11a 353 9a af2 af3 
58 2d0 262 fd1 fd3 
e bd 3c8 146 cef 
206 1c7 247 328 32f 
43 282 2cb f4a 10c2 
19d 345 35 762 763 
c3 141 32c 829 a1e 
4a e 402 f70 10a6 
84 2a7 28a 1095 10d9 
23e 24e 183 3 6 
14f 267 240 9b4 126f 
23 70 3e5 9da 10ae 
2aa 57 2ae aa2 fc8 
2af 62 29d bd1 100b 
de 3bc 7 c45 c47 
21f 220 1ff 190 1cb 
bc 130 339 76b a84 
cf 281 287 ca7 ca9 
49 2b1 2b2 10a3 10b9 
225 209 20c 187 188 
241 10c 289 4fe b56 
62 29d 2b0 100b 1041 
1fa 275 17c 3ba 3be 
190 246 244 7c7 7c8 
369 fd 91 9c7 ba6 
18 4a 3ff b7c f76 
205 192 265 338 33c 
2 2ad 2d9 e22 109c 
9 2b2 2d3 e3d e40 
236 1e4 212 8a 91 
223 222 1fa 19a 19c 
1fa 17e 275 3bb 3be 
1d5 33e 11 536 538 
142 322 dc a08 a09 
3ec 53 38 1b 12d6 
230 20d 1f6 de df 
225 1fe 21b 189 18d 
1eb 17c 27e 466 46c 
1d3 295 166 553 554 
2d7 1d 298 df5 e7f 
246 192 245 1234 1235 
20a 21f 21c 17a 1d5 
225 1fe 21c 17b 189 
1eb 272 195 469 46f 
1b 2bf 2c5 e74 e75 
235 1e9 212 9a 9d 
20a 270 17b 2fe 1159 
273 1ea 195 312 473 
1eb 196 272 462 46f 
294 41 2c8 d2e f3e 
9 2d3 2b6 e3f e40 
2b 14 413 eb4 ebc 
236 212 1e8 88 89 
224 21f 1ff 190 195 
223 20f 211 1a1 1aa 
1fa 278 17c 3b9 3ba 
1ea 196 273 473 11cc 
24e ea 297 731 bf2 
14d 320 d9 9c4 9c6 
41e 1b f c99 e71 
4a 2b2 2b5 f6d f73 
69 2cf 25f 1038 10cf 
6a 29c 2b0 1040 1042 
236 212 1e9 8b 8f 
224 220 1ff 18f 190 
1d 2d9 298 e7d e7f 
25 2c0 2c1 e9b e9c 
6a 2b0 29d 1040 1041 
1f8 6 335 3cf 3d3 
e7 354 d9 c08 c09 
12 2cc 2be e57 e58 
4a 2b6 2b2 f6d f6e 
5d 2d1 269 ff3 ff4 
313 155 ee 638 991 
2a8 8d 28c 7fb de2 
15b 240 267 96f 126f 
ec 241 29e be8 be9 
2a9 c7 250 c3b ccc 
24b 183 24e 3 86e 
17c 1dc 289 244 4f4 
1f8 6 336 3c9 3cf 
ee 156 313 637 989 
153 36d 3d 99d 1272 
251 c7 2a9 a30 ccc 
61 283 2c3 1005 1007 
234 222 1e1 a3 a5 
20a 221 21f 17e 1ba 
253 1ec 1d9 2f6 456 
1d3 176 291 546 11e8 
1d 88 3e3 5fc df4 
187 9a 325 83b 83c 
c3 c6 371 a17 cce 
a4 24f 2bc d7c d7e 
4a 2b5 2b6 f6d f71 
223 20e 218 19f 1157 
1dc 194 27e 4f2 4f3 
29 b9 3c5 87a d11 
4e 2d2 27a f91 f93 
61 2c3 285 1005 1006 
2e3 2a4 3 74a e28 
a4 24f 2bd d78 d7c 
4a 2b5 2b7 f71 f72 
225 21b 209 183 188 
220 221 20c 186 1c2 
2b4 4 2db 8a5 e2c 
3e 2a 403 f32 f7e 
4a 2b7 2b6 f71 109a 
276 275 10d 124e 124f 
225 20a 21c 17a 17b 
1d7 290 179 51f 11df 
26c 108 27e 7ac b72 
13f 265 266 a32 1236 
225 21b 20c 188 18c 
209 224 220 18b 18f 
252 206 1c7 2e7 328 
f8 249 298 bb0 bb1 
eb 2a0 246 bef 12c3 
3fc 3e 3b cee 10b5 
404 67 2 d73 10cd 
59 2cc 280 fd4 fd6 
59 2cb 282 fd9 10c2 
62 2b0 2af 100b 100c 
1a3 297 1a1 72c 72d 
14e 267 256 9bc 9be 
4a 2b2 2bb f73 f74 
225 21f 20a 17a 17e 
225 220 209 187 18b 
1ff 27f 176 386 11aa 
14e 267 257 9b9 9bc 
a a9 3e0 cbf d5d 
59 2cc 282 fd6 fd9 
227 2af ef 161 1148 
1da 206 24a 1c1 324 
f7 29b 247 bb4 bb5 
77 3e1 3b 10ba 10bb 
40 152 371 1274 1275 
226 2f4 67 168 114a 
225 20a 221 178 17e 
a9 3e1 a d5d d5f 
4a 2bb 2b5 f73 f75 
234 222 1ec aa ad 
26 62 3f7 165 d22 
225 220 20c 186 187 
252 20c 1c6 1c6 2e8 
220 271 174 1ca 1d0 
f2 142 321 488 a0c 
177 357 51 8b5 8b9 
25a 14e 267 96d 9b9 
29b f7 249 bad bb5 
235 1fb 212 9c 10f9 
225 209 224 182 18b 
225 221 20c 185 186 
223 222 20f 1a7 1152 
20c 252 1c7 2e7 2e8 
2e3 d 2a4 749 e47 
100 7 3b8 b8e b8f 
f8 29b 249 bad baf 
e8 bf 368 c02 c03 
389 142 24 c8 a0e 
1d7 179 294 51f 11e4 
34b 122 c0 7bc ad3 
142 f2 322 a08 a0c 
3f1 95 1 ba1 db0 
43 2cb 29f f4a f4b 
61 283 2ca 1007 1009 
62 284 2c9 100f 1010 
1c2 326 6b 616 618 
130 d9 338 a82 a83 
46 2cd 299 f51 f52 
61 284 2ca 1009 100a 
c0 122 34c 106 ad3 
1 95 3f2 b1b db0 
233 232 1e3 b9 c1 
1eb 27e 194 465 46c 
4b 2a 403 f7e f7f 
ef 253 29d bd0 bd3 
79 31 3e9 1073 1074 
270 221 17b 1158 1159 
23e 24e 1a3 6 10e3 
a4 25f 2bd d77 d78 
2 2e7 2ad e24 109c 
3a 299 2d5 f19 f1b 
79 32 3e9 1074 1075 
1cd 197 28d 5ad 1196 
4 6a 408 b69 103a 
d 2ab 2e3 e47 e4a 
226 67 2f9 168 16e 
226 69 2f8 16d 171 
197 1d8 288 1dd 51b 
ea 24d 2a4 bf3 bf4 
2 2ad 2e8 e24 1099 
1c 2e0 2a3 e7b e7c 
d6 15d 326 126c 126d 
233 232 1e8 b8 b9 
1cd 28e 197 5ad 5ae 
3c1 e4 1a 642 c1f 
16f 15 37e 8fa 8fd 
ea 2a4 24e bf2 bf4 
226 2f9 69 16d 16e 
225 21c 21b 180 189 
21f 221 220 184 1b8 
14f 240 279 9b4 9b5 
df 2a9 250 c3b c3c 
3fc 4b 3e cea f81 
88 249 2d8 dee def 
203 1c3 25e 35a 35b 
ad 16f 333 5a6 903 
241 14f 279 892 9b5 
a7 3d5 31 d63 d6a 
3 2e3 2b9 e28 e29 
21f 224 21c 181 196 
208 273 195 312 315 
1be 311 a3 631 632 
3f0 61 42 75d 1001 
15b 25a 267 96d 96f 
df 2aa 250 c3c c44 
a7 32 3d5 d69 d6a 
70 409 1 1050 127d 
16f 15 380 8fd 904 
e4 1a 3c3 c1f c21 
d 2e6 2ab e48 e4a 
33 2c6 2c5 ee9 eea 
3f 3c6 b9 12d2 12dd 
237 21a 1fd 7e 10f4 
225 21c 21f 17a 181 
3e1 77 4c d62 10bb 
3e2 a5 1d 602 d74 
ef 29d 25d bd0 bd2 
220 224 21f 18a 190 
130 338 e7 a82 a87 
3a 299 2da f1b f1d 
14c dc 330 9cb 9cd 
225 21f 220 184 18a 
28d 1d8 197 310 51b 
19e 1df 286 42b 4de 
f8 261 298 bb1 12a8 
401 6f 18 bfe 104f 
237 202 21a 79 10f3 
225 21f 221 17e 184 
225 224 21c 17f 181 
220 252 1c6 1c6 1c7 
20b 253 1d9 2f6 2f7 
208 1d8 255 313 314 
5 cb 3dd 75a cb2 
41e 33 1b c98 ee2 
1c 2e0 2ae e7c fca 
2a7 6f 2ba 1094 10a9 
225 220 221 184 186 
1d7 194 290 51e 11df 
bc fd 369 9c8 ba5 
20b 1d9 254 2f2 2f7 
189 3d 363 823 825 
2b3 d 2e6 a77 e48 
226 7f 2f4 16f 114a 
225 224 21f 181 18a 
20b 255 1d8 2f9 2fc 
1d7 196 290 51d 51e 
ef 264 29d bd3 bd5 
3c0 ce 3f c20 12d3 
42 2c4 2c3 f44 f45 
6c 2c6 295 104d 104e 
225 224 220 18a 18b 
321 15a f2 487 975 
d8 e8 367 656 bff 
328 14c f2 698 9ca 
27b 124 274 7f2 abe 
427 2d 13 ecb f98 
226 2f5 7f 16f 173 
221 1da 24a 1c1 1c4 
29b f8 261 354 baf 
1fa 25c 1dd 3b6 11b3 
4b 403 3e f7e f81 
208 292 164 30a 30b 
e8 368 d8 bff c01 
3da b6 26 cb4 d24 
2f 427 13 ecb ecc 
2a8 ba 287 562 d05 
227 10d 2af 15d 1148 
26a ec 29e b73 be9 
39 2dd 29f f17 f18 
205 265 1c4 33b 33c 
c9 a 3e0 cbf cc1 
c8 3d3 25 cc6 cc7 
27f 1ff 197 1d9 389 
64 7e 3d9 b65 108b 
23e 1a3 25a b 10e3 
255 198 253 2fb 79b 
254 17b 263 2ff 518 
10c 289 277 b56 1250 
e6 122 347 826 ad2 
356 107 e3 8b3 b76 
39 2a3 2dd f13 f18 
59 12 416 fd5 11c7 
421 4e 8 7f5 f94 
234 20f 222 a3 a8 
1ef 19e 286 42b 430 
3f ce 3c6 12d2 12d3 
38 407 53 12d6 12d7 
3d8 b2 38 b66 d37 
c8 3d3 2c cc2 cc6 
39 2a3 2df f11 f16 
387 d8 b5 c27 c72 
5b 2bc 2c2 fe3 fe4 
2c 2d8 2c0 ebf ec1 
20b 253 1ec 2f5 2f6 
1ef 268 1de 42a 42e 
3d2 c8 31 959 cc4 
52 79 3e9 cda 1075 
f2 15a 329 69b 975 
14c f2 330 9ca 9cb 
39 2e1 2a3 f13 f16 
1eb 290 194 464 465 
42a 3f c be1 f3a 
b9 3c5 5c d11 d14 
84 2a7 2ba 1094 10db 
34c 122 e6 107 ad2 
193 53 35d 7af 7b1 
189 c3 32a 82b 82e 
100 16a 31b 8fb 91b 
265 192 245 338 1234 
1eb 290 196 462 464 
431 2b 14 7e5 eb4 
16a ff 31c 91d 1260 
c8 31 3d4 cc4 cc9 
b9 5c 3c6 d13 d14 
2 2e8 2cf 1098 1099 
193 35e 53 7b0 7b1 
192 265 246 7bf 1234 
16a 31c 100 91b 1260 
335 152 e7 3d2 1277 
198 253 25c 79b 79c 
e4 3c0 3f c20 c23 
6c 293 2d2 1049 104a 
192 266 246 7be 7bf 
189 c3 32c 829 82b 
5d 2a5 2d1 fef ff6 
62 2c9 2b0 100e 1010 
25c 198 255 4ef 79b 
3da cb 26 755 cb4 
16f 100 31b 8fb 8fc 
c 3f 42d d15 f3a 
25a 24e 1a3 10e3 10e4 
8a 15a 361 c4 977 
218 17c 289 244 116a 
19d 32d af 760 761 
3f9 88 2c 95f df2 
e3 387 b5 c27 c28 
3ed 6a 62 d36 103b 
1d 2d9 2d7 e7f e80 
205 18c 28b 337 33e 
187 377 32 837 838 
117 298 260 b18 b19 
6c 411 19 1048 1263 
326 1c2 9a 349 615 
14f 267 279 9b3 9b4 
117 298 261 b19 12a8 
289 218 17e 116a 116b 
1ac 337 8f 6e7 6e8 
e4 3f 3c3 c22 c23 
2d9 2 2e7 109c 109d 
19d 384 5 764 769 
2af ef 25d b54 bd2 
38 64 407 b58 12d7 
2f 2d 427 ecb ece 
6c 293 2d6 1046 1049 
1ab 31e c5 6f1 6f6 
1f 2b 431 7e7 eb8 
187 db 325 83c 83d 
17d 241 277 893 894 
2d0 58 2b4 89d fd3 
3c 2d1 2ce f25 f26 
282 eb 2a0 84b bef 
152 33a e7 9a5 1277 
37 424 2e f09 12eb 
6c 2d6 295 1046 104d 
dc 14c 343 808 9cd 
108 26a 29e b73 b75 
2f 2d 429 ece 1061 
da 1a5 318 3fe 723 
1df 1de 279 4d8 4d9 
377 11a a7 83a af6 
13b 299 242 a45 a46 
139 32a 122 a54 1294 
b9 5c 3cd d10 d13 
a5 404 2 d73 12e5 
17d 241 279 892 893 
14d 91 369 9c1 9c7 
108 29e 26c b72 b75 
4f 427 13 f97 f98 
319 1a5 da 5a8 723 
1be d1 311 633 634 
155 86 36b 98d 98f 
153 33b e8 99f 9a0 
e4 47 3c3 c21 c22 
3df 6f 84 10dc 12d5 
23e 1c0 25a 9 b 
220 28f 174 1c9 1ca 
247 1c7 252 328 5ea 
32f 155 ff 599 63c 
3ba 132 d 409 129d 
df 250 2c2 c41 c44 
a5 2 406 d76 12e5 
21f 27f 197 1d9 1da 
2a1 1dd 195 468 4ed 
1c3 24f 251 613 614 
19 33 434 c95 ee4 
177 dc 331 8b0 8b8 
f6 29a 28b bbb 12bd 
206 20c 252 1c3 2e7 
84 28a 2d4 1095 1097 
48 101 3b7 59b 913 
27f 11c 28e 79d aea 
f6 29b 28b bba bbb 
a9 4c 3e1 d60 d62 
1eb 1dd 278 45b 45c 
274 124 290 7a7 abe 
48 100 3b8 918 b8f 
61 2ca 2c3 1007 1008 
208 28d 197 310 1196 
1bb 30 367 65c 664 
150 357 bb 9ae 9b2 
e6 37b dd c0e c12 
2 2e8 2e7 e24 e25 
1c 2a3 2fd e7b f0d 
4e 2c7 2d2 f91 f92 
58 2c1 2d0 fd1 fd2 
3f8 a7 23 490 d64 
137 257 296 a5d a61 
5c 2de 2a2 fec fed 
221 206 24a 1c0 1c1 
3f6 cb 5 11 cb2 
26c 179 26b 6f7 8a9 
128 2a8 244 aa7 12a1 
d 2e3 2e6 e49 e4a 
59 2cb 2cc fd8 fd9 
228 6b 315 151 152 
20b 254 20a 2f1 2f3 
26d 174 26e 55d 8c5 
1ac 359 5f 6e5 6e6 
296 137 25a 732 a5d 
245 128 2a8 7fd aa7 
14d 130 320 9c5 9c6 
11c 291 27f aea 11e7 
2b 14 43f ebc eff 
5c 2a5 2de fe5 fed 
263 17b 270 2fe 50c 
35b 13c cc a1d a3e 
6a 2dc 29c 103d 1042 
164 273 274 94d 11cb 
124 290 27b abe ac0 
1c2 315 d4 61b 61c 
1aa 26a 242 6fa 701 
38 b2 3eb d23 d37 
26f 176 26d 55e 8bf 
1c7 29a 1c6 5e6 5e9 
3ea c8 25 c88 cc7 
1eb 2a1 195 468 469 
27e 108 29e 4f6 b72 
360 13d c5 6f4 a35 
1aa 26b 242 6f9 6fa 
3fd be a cc0 ce9 
271 174 26d 387 8c3 
130 139 32d 765 a57 
192 266 265 7bf 1236 
15d 11a 326 96b 126d 
141 35b cc a1d 128a 
40b 9e f b41 d99 
3a 2d5 2da f1a f1b 
2 2f9 2cf 10d0 10d1 
38 b6 3eb 18 d23 
69 2bd 2cf 1038 1039 
32e 16a ff 63a 91d 
2e2 57 2aa c42 fc8 
f 9e 40c cf9 d99 
57 2e0 2ae fca fcb 
64 53 407 1017 12d7 
21f 288 197 1da 1dd 
29b f6 29a 5e2 bbb 
3fb 7e 52 cdc 1088 
1fa 1dd 278 3b9 11b3 
3bc de 71 8f0 c47 
124 27b 294 abf ac0 
31 a7 3f8 48e d63 
10d 25d 2af b53 b54 
be 400 a ce8 ce9 
b3 26b 2d5 d30 d33 
286 1df 1de 42c 4d8 
297 ea 2a4 747 bf2 
18a 35f 81 81a 10ed 
e3 387 d8 c26 c27 
14 37 43f c32 eff 
57 2ae 2e2 fc8 fcb 
5c 2e4 2a5 fe5 fea 
9a 18a 353 34a 819 
417 59 43 a06 10c3 
b6 3f7 26 d22 d24 
4f 427 2d f98 f99 
221 252 206 1c0 1c3 
19d 339 bc 768 76b 
5c 2e5 2a5 fea 10c6 
28e 11c 291 558 aea 
274 164 27a 7f0 94e 
5d 2a5 2e5 ff6 10c6 
c9 3fd a cc0 cc1 
1c3 25e 24f 611 614 
34 66 41a b4a 10ca 
d5 3ea 25 c88 c89 
a5 1d 406 d74 d76 
88 298 2d7 df1 df5 
22c 334 3b 11b 11f 
132 9 3ca a75 a7d 
23c 22e 22a 1e 1f 
20c 220 252 1c2 1c6 
273 195 255 315 7a8 
1c3 251 25e 612 614 
15a 148 317 973 974 
12a 2a0 266 a9d 129e 
88 298 2d8 def df1 
221 20c 252 1c2 1c3 
1bd ee 313 637 638 
2 2cf 300 1098 10d1 
c 72 42a be0 10a4 
6a 2dc 2b0 1042 1043 
109 262 2b4 b6e 1257 
84 2d4 2a7 1095 10db 
253 1d9 254 2f7 51a 
190 280 244 7c6 7c7 
150 50 39a 9af 1278 
109 2b4 263 b6e b71 
60 423 2e 1000 106c 
109 264 2b4 b70 b71 
190 280 246 7c7 1238 
42c 72 c db6 10a4 
39 2a3 2fd f0d f11 
60 2e 424 1000 12eb 
b3 294 2c8 d2e d2f 
208 273 1ea 30c 312 
13b 299 26b a46 a4c 
1c 2ee 2e0 e79 fc9 
39 2dd 2e1 f13 f14 
1ef 1de 286 42a 42c 
33e 178 e5 535 8ae 
27c 172 26f 55a 8db 
28b f6 2ac 60b bba 
343 177 dc 807 8b0 
1ef 286 1df 42b 42c 
1ce da 319 5a1 5a8 
a4 2bd 2bc d7b d7c 
39 2df 2e1 f15 f16 
246 190 282 1238 1239 
221 1da 270 1c4 1158 
14d bc 369 9c8 9c9 
290 124 294 520 ac0 
1bb 381 1f 663 665 
16f 71 37e 8f9 8fa 
2a9 df 2aa a9b c3c 
206 247 248 32b 32e 
3f4 a9 4c 39e d60 
af 122 386 7b8 1295 
6c 2c6 2d6 1047 104d 
226 2f3 d3 172 175 
205 28b 1c4 335 33b 
1c3 1c4 2ac 358 609 
1c4 251 265 604 608 
17e 275 276 88d 124f 
e3 150 356 8b2 9b0 
3f1 68 95 12b8 12b9 
37 60 424 12c6 12eb 
3f2 95 67 b1c dae 
37 43f 2b eff f00 
2af 10d 276 15d b53 
206 247 24a 329 32b 
26d 176 27f 386 8bb 
278 17c 275 3ba 895 
1ce ad 333 5a6 5a7 
17e 277 275 88d 1251 
fe 1 3f1 b9f ba1 
206 24a 248 32a 32b 
f bb 40c 779 cf9 
18a 35f 9a 819 81a 
17e 277 276 88c 88d 
2a9 12a 266 a2e aa4 
13f 251 2a9 a30 a31 
a9 3e1 77 d5f d62 
226 d3 2f5 172 173 
150 e3 358 9ad 9b0 
95 68 3f3 dac 12b9 
371 13c c6 9a3 a16 
221 220 252 1bc 1c2 
c1 52 3e9 cda cdb 
277 17d 279 4da 893 
3 16d 3bb 744 90b 
2c c8 3f9 95b cc2 
141 c3 371 a17 a1e 
2d4 84 2ba 10da 10db 
245 18c 28b 33e 7fa 
36d 141 cc 1273 128a 
1da 262 24a 508 509 
58 3fa 9c 1254 1255 
2ac f6 29b 352 bba 
d1 1ac 336 3c8 6e3 
193 c0 34b 7b4 7bc 
18c 28c 245 7fa 7fc 
141 c6 371 a16 a17 
79 c8 3d4 c86 cc9 
2 2e7 300 e23 e25 
204 9a 326 346 349 
1dd 25c 255 4ef 4f0 
1da 263 24a 509 50d 
1aa 26a 26b 6f8 6fa 
ef 2af 29d bd1 bd2 
2 2e8 300 e25 1098 
6c 2d2 2d6 1049 104b 
78 422 2e 106a 106b 
187 11a 325 839 83b 
7e c1 3d6 b62 cd9 
1aa 26c 26a 6f8 6fc 
12a 266 2ae aa4 129e 
78 2e 423 106a 106c 
1bb 30 381 664 666 
1ac 359 8f 6e6 6e7 
1aa 26c 26b 6f7 6f8 
272 195 273 7a0 7a9 
18b 343 dc 807 808 
196 272 273 7a0 7a1 
3ed b2 62 d1e d36 
208 1cd 28d 30e 1196 
27e 17c 278 466 896 
196 272 274 7a1 7a6 
137 2b1 257 a5b a61 
206 247 252 328 329 
196 274 273 7a1 11cb 
2ea 27 2f0 b06 10c1 
be 3b 3fc cec cee 
b3 294 2d5 d2f d30 
2d 72 429 db4 1061 
5b 2bc 2ed fe1 fe3 
1d8 20a 288 1dc 2f4 
3d8 10a 38 b5a b66 
b6 3ed 62 d1e d1f 
20b 288 1d8 2f4 2f9 
201 376 6 36b 36d 
1d9 263 254 518 519 
10b 38 3d8 b59 b5a 
72 429 2f 1061 1062 
24a 206 252 1c0 329 
1d9 253 264 517 51a 
329 15a 148 69c 973 
139 af 386 a52 1295 
8 6c 440 bac 104c 
be 3fc 3e cea cee 
43c 43 39 fbe 1240 
1d9 264 254 519 51a 
18d 274 27a 7f0 7f3 
42a 72 2f be3 1062 
42e 5d 3c db9 ff0 
42 ca 3f5 235 cb9 
1b4 328 f2 698 699 
13f 265 2a9 a31 a32 
3df c9 6f bf6 12d4 
d5 79 3d4 c86 c87 
b2 6a 3ed d36 12b3 
3c 5e 42e db8 10b2 
1c 2e0 2fd e79 e7b 
1e 2f2 2f3 e82 10c4 
39 43d 43 1240 1241 
228 332 6b 150 152 
18d 27b 274 7f2 7f3 
13f 2a9 266 a2e a32 
2c2 5b 2ed c38 fe3 
3df ca 6f 12d4 12d5 
1b4 329 f2 699 69b 
42c 94 c d09 db6 
5d 2e5 2d1 ff6 ff7 
208 1cd 292 30a 30e 
297 135 296 733 a65 
189 aa 363 820 823 
153 cc 36d 99b 1272 
be 3b 400 ce8 cec 
208 1d8 28d 310 313 
152 371 c6 9a3 1274 
30 ac 40f 9d7 d54 
1 116 3f2 124 b1b 
292 164 273 30b 94d 
107 178 33e 537 8ac 
189 aa 364 81f 820 
2f2 5b 2bc d7f fe1 
57 2e0 2e2 fcb fcc 
2 300 2f9 10cc 10d1 
228 70 332 153 113e 
1f2 da 318 3fe 3ff 
194 26c 27e 7ac 7ad 
193 35d af 7af 7b2 
164 274 292 94d 94e 
18d 27b 27a 7f3 7f7 
189 347 e6 81e 826 
3c7 16d 3 875 90b 
189 32a 122 82d 82e 
174 26d 28f 8c3 8c5 
3ff e9 18 8e4 bfc 
1ff 21f 271 1cb 1d8 
174 28f 26e 8c4 8c5 
1e 2f8 2f2 e82 e83 
2f3 1e 2f8 177 e82 
220 1ff 271 1cb 1d0 
d5 3ea 58 c89 c8b 
be 3fc 4b ce7 cea 
1f2 318 e0 3fa 403 
1da 262 263 509 50b 
164 27a 292 94e 951 
5c 2de 2e4 fe5 fe8 
28f 174 271 1ca 8c3 
275 17c 289 88b 895 
40f b5 30 936 12e0 
e9 18 401 bfc bfe 
270 1da 24a 1c4 50d 
220 28f 1c6 1c7 1c9 
1d9 264 263 513 519 
107 177 343 80b 8b6 
2fd 1c 2ee 85c e79 
164 293 27a 950 951 
1e 2fa 2f2 e83 1032 
343 178 107 80c 8ac 
17e 275 289 88b 1251 
179 290 26c 8a7 11e0 
176 291 26d 8bb 8bf 
4b be 3fe b86 ce7 
218 1dc 289 243 244 
20b 253 254 2f7 2f8 
e0 1f2 31a 36e 3fa 
17c 289 278 895 896 
177 e3 356 8b2 8b3 
b6 3f7 62 d1f d22 
55 43c 39 fbe fc0 
e5 178 355 53 8ae 
21f 1d8 288 1dc 1dd 
291 176 26f 546 8bf 
44 2ec 2eb f4d f4e 
277 17e 289 1250 1251 
228 314 b8 154 157 
20b 253 255 2f8 2fb 
270 21f 20a 1ba 1d6 
20b 255 254 2f8 2fa 
41f ac 1f 7e0 ae7 
2eb 44 2ed 9e9 f4d 
3d6 c1 9c b63 12c8 
c1 52 3fb cdb cdc 
228 315 b8 151 154 
1eb 2a1 1dd 45b 468 
2ed 44 2ec c3d f4d 
3e8 c1 79 c82 cd7 
2bd 69 2f2 d7a 1037 
1e 2f8 2fa e83 1036 
5c 2e4 2e5 fea feb 
22c 334 77 11a 11b 
221 270 20a 1ba 1159 
37 43a 60 12c6 12c7 
289 17c 27e 4f4 896 
179 294 26b 8a8 8a9 
443 47 3f bde f59 
ca 3df 84 cbb 12d5 
c1 79 3e9 cd7 cda 
179 26c 294 8a7 8a9 
e 103 3fe b7a b87 
df 2c2 2aa c43 c44 
1ce 333 da 5a1 5a7 
104 3fe e b79 b7a 
39 2fb 2df f0f f10 
4f 449 2d f99 12af 
221 24a 252 1c0 1c5 
31b 16f 16a 5a2 8fb 
193 c0 35e 7b0 7b4 
88 2d8 2d7 df0 df1 
104 e 3ff b79 b7b 
43 55 43c d8c fbe 
b9 ce 3c5 879 cad 
2ec 57 2e2 c3f fc7 
181 3c7 3 875 124b 
39 2fd 2df f10 f11 
2d 94 429 6a db4 
ce 3c6 b9 cad 12d2 
57 2ee 2e0 fc9 fcc 
205 265 245 338 339 
190 282 280 7cd 1238 
328 178 14c 816 8aa 
a5 67 404 d73 12ab 
39 2ff 2dd f0e f14 
201 e0 31a 36e 36f 
1de 268 267 4e5 4e8 
14a 1 3e5 9dd 127c 
132 2a6 297 a78 a79 
57 2e2 2ee fc7 fcc 
e9 3df 6f bf6 bf7 
39 2df 2ff f0f f15 
5e 43e 3c 10b2 12cf 
405 67 a5 12aa 12ab 
3e6 14a 1 128 9dd 
176 27f 291 8bb 11e7 
2e9 5a 2ea d95 fdb 
36 2f6 2f5 efe 1092 
28e 166 292 5af 93a 
1bd 32e ff 63a 63e 
18b 107 343 80b 80c 
39 2ff 2e1 f14 f15 
1bd ff 32f 63c 63e 
1a1 3bb 3 743 744 
18 104 3ff 8e3 b7c 
166 293 28e 93a 940 
69 2fa 2bd 1037 1039 
1d2 26d 26e 55d 55f 
40d 9e 63 d00 d9d 
55 7a 426 d8b 107a 
21f 27f 1ff 1d8 1d9 
1e8 321 f2 487 488 
187 a7 377 837 83a 
16f 380 ad 903 904 
293 164 292 939 951 
14d fd 369 9c7 9c8 
1da 270 263 50c 50d 
1d2 26f 26d 55e 55f 
1a3 24e 296 734 10e4 
438 73 3a c79 1063 
d5 3d6 9c c80 12c8 
d2 41e f c99 12f3 
b9 42c c d09 d0b 
233 27 362 c3 1108 
203 1c3 2ac 358 35a 
295 166 28e 554 940 
1d2 26f 26e 55f 565 
166 293 292 939 93a 
14 e2 414 ab5 12c5 
415 b3 41 ab6 d31 
10a 4 408 b69 1259 
d5 3e8 79 c82 c87 
78 60 423 106c 106d 
203 1c4 2ac 34d 358 
312 1a5 156 3fb 720 
1a3 24e 297 731 734 
b9 42d c d0b d15 
27 2ea 307 ea1 10c1 
57 2ec 2ee fc6 fc7 
239 65 341 5f 61 
221 270 21f 1b9 1ba 
194 26c 290 7ad 11e0 
271 220 21f 1b8 1cb 
18c 2a8 245 7fc 7fd 
16b 3b7 48 913 914 
10b 3d9 64 b5b b65 
2ef 57 2ec bcc fc6 
d5 3fa 58 c8b 1255 
221 271 21f 1b8 1b9 
13c 152 34a 6ee 9a2 
189 141 32c 824 829 
221 220 271 1b8 1bc 
203 261 25e 35e 35f 
1ab 13c 31e 6ef 6f6 
16b 3b8 48 914 918 
166 295 293 93f 940 
2ee 57 2ef dec fc6 
20a 254 263 2ff 300 
1a1 d 3bb 742 11eb 
42b 7a 54 d49 1076 
23e 24b 24e 3 4 
20b 288 20a 2f3 2f4 
5c 5d 436 d16 10c7 
b3 2d5 2c8 d2f d32 
307 2f0 27 10c0 10c1 
27f 197 288 1da 79f 
328 18a 14c 341 816 
2ae 12a 2a0 129e 129f 
19d 130 32d 765 766 
12a 2a9 2aa a9b aa3 
15 22c 373 112c 112d 
272 196 290 462 7a6 
3c 447 5e 12ce 12cf 
46 73 438 46 1064 
22c 374 15 11d 112c 
1dd 25c 278 4f1 11b3 
1a3 296 25a 732 10e4 
d2 41e 1b c98 c99 
196 290 274 7a6 7a7 
177 107 356 8b3 8b6 
69 2f9 2cf 1033 10d0 
1c4 251 28b 608 60a 
2fe 44 2eb b36 f4e 
255 195 2a1 4ed 7a8 
1cf 32f ff 599 59a 
2ec 44 2fe bcd f4e 
94 3c 42e db8 db9 
5b 2ed 2f2 fe1 10c5 
69 2cf 2fa 1033 1039 
432 66 63 b46 1020 
2fb 39 2fd 859 f10 
2ed 5b 2f3 9eb 10c5 
425 b0 34 acf d3a 
3de ca a9 399 cb8 
1dc 289 241 4fd 4fe 
1ac 359 d1 6e3 6e5 
18c 28c 28b 7f9 7fa 
137 296 2b1 a60 a61 
132 297 2b3 a74 a79 
12a 2a9 2ae aa3 aa4 
1ab c5 360 6f1 6f4 
19d 139 32d 760 765 
197 27f 28d 79e 79f 
12a 2aa 2ae aa2 aa3 
294 179 290 51f 8a7 
290 194 27e 465 7ad 
197 27f 28e 79d 79e 
10f 40a f b3f b44 
e4 3c0 ce c1b c20 
3e0 c9 a9 cb7 cbf 
39 2fb 2ff f0c f0f 
141 35b 13c a1c a1d 
ca 3e0 a9 cb7 cb8 
2f3 5b 2f2 10c4 10c5 
1c2 315 148 619 61b 
181 3c5 29 878 87a 
10f f 40b b3f b41 
b6 cb 3da f cb4 
1f8 d1 336 3c8 3c9 
3d2 160 31 48a 959 
10f 12 40a b43 b44 
10b 7e 3d6 b62 b64 
c1 3fb 7e cd9 cdc 
252 1c6 28f 1c7 5f3 
1d5 33e e5 535 536 
1be 311 156 62e 631 
ce e4 3c2 910 c1b 
19 411 fb 1262 1263 
23 14a 3e5 491 9da 
1de 279 267 4e4 4e5 
189 e6 364 81e 81f 
156 1be 312 367 62e 
1de 268 279 4e3 4e5 
1bd 155 313 638 63b 
181 29 3c7 878 124b 
ca 84 3f5 cbb cbe 
bb 40d 63 d00 d03 
21f 20a 288 1d6 1dc 
288 197 28d 51b 79f 
1d2 27c 26f 55a 55b 
1bd 313 156 637 640 
189 347 122 826 82d 
23e 259 24b 2 4 
10b 7e 3d9 b64 b65 
239 341 81 5c 61 
1d3 27d 26f 547 549 
55 2f1 2fb fbf fc1 
288 1d8 255 2f9 51c 
2f5 36 309 dd9 efe 
23e 259 24e 4 a 
20a 254 270 300 301 
132 2a6 2b3 a79 a81 
b6 b2 3eb d1d d23 
2f1 55 2fc dbf fc1 
36 2f6 309 efd efe 
27 233 372 1107 1108 
28b 1c4 265 33b 608 
19d 130 339 766 76b 
150 bb 39a 9ae 9af 
23e 25a 24e a 10e3 
1fa 275 25c 3b7 11b4 
28d 197 28e 5ad 79e 
22c ad 334 11a 112a 
16a 1a5 319 5a9 722 
d2 41e 33 c96 c98 
437 60 73 12ef 12f0 
1c7 247 29a 5e3 5ea 
b6 3ed b2 d1d d1e 
30e 16 30f dce e61 
c1 d5 3d6 12c8 12c9 
208 273 255 315 318 
bb 41c 50 cf7 11c0 
a2 55 426 d8b 12e7 
204 353 9a 346 34a 
1c7 29b 247 5e3 5e5 
a4 2bc 2f2 d7b d7f 
185 282 29f 84c 84e 
d5 c8 3d4 c84 c86 
a4 2bd 2f2 d7a d7b 
278 1fa 25c 11b3 11b4 
255 1d8 28d 313 51c 
185 282 2a0 84b 84c 
239 65 355 5b 5f 
1df 277 279 4da 4db 
1bb 31d 153 659 662 
2fc 55 2fb 85e fc1 
fe 3f1 68 b9e 12b8 
1f8 335 e7 3d2 3d3 
2a1 195 272 469 7a9 
1b4 327 148 69a 119d 
195 2a1 273 7a8 7a9 
14c 178 343 80d 8aa 
30 fc 40f 935 9d6 
103 4b 3fe b86 b87 
55 302 2f1 fbf 107c 
23e 259 25a a d 
221 270 24a 1c4 1c5 
e8 153 388 654 99f 
193 34b 122 7bb 7bc 
29a 1c6 252 5e9 5f3 
104 4a 3ff b7b b7c 
2f9 67 2f4 168 1024 
20a 263 270 2fe 300 
1eb 278 272 45d 467 
1c7 29a 252 5e9 5ea 
10f 416 12 b3d 11c8 
ed c 42a be0 be1 
df 2e2 2aa c42 c43 
5d 94 42e d0a db9 
54 2f7 301 fb8 1078 
5a 2e9 305 fda fdb 
228 314 fe 157 113c 
1ff 271 26d 387 388 
1d2 26e 287 564 565 
1b4 148 329 69a 69c 
193 386 af 7b2 7b8 
3b8 100 de 91a b8e 
94 5e 42e db7 db8 
2f0 7c 2f1 dbb 1080 
5a 2ea 305 fdb fe0 
6a 10a 3ed 12b2 12b3 
22c 374 3b 11e 122 
1d2 287 26f 55b 565 
69 2fa 2f2 1032 1037 
42f 94 5e 69 db7 
14c 1b4 328 340 698 
10b 38 407 b58 b59 
ca c9 3df cb5 12d4 
22c 3e 374 11d 122 
d 1d1 3ba 406 11ec 
286 1de 268 42a 4e3 
18a 328 178 815 816 
3d6 10a 9c 89c b5e 
b9 42d 3f d15 12dd 
2f8 69 2f9 16d 1035 
221 252 270 1bd 1c5 
19 d2 434 924 c95 
10b 9c 3d6 b5e b63 
ca 3e0 c9 cb5 cb7 
252 220 271 1bc 1c8 
19d 384 af 761 764 
318 16 30e c69 e61 
55 2fb 302 fbf 10be 
56 307 2f0 fc4 10c0 
3bb 1d1 d 11eb 11ec 
221 252 271 1bc 1bd 
30f 16 318 c34 e61 
89 2ee 2ef dec 1244 
69 2fa 2f8 1035 1036 
56 2f0 308 fc4 10d7 
69 2fa 2f9 1033 1035 
156 1a5 32e 63d 720 
1ac 13d 337 6e1 6e8 
23c 28 37a 24 25 
1d5 107 33e 537 538 
3c1 1bc 1a 58f 642 
1c2 148 327 619 119d 
94 72 429 db2 db4 
1eb 272 27e 463 467 
1dc 29e 241 4fc 4fd 
170 3bc 71 8f0 8f1 
449 78 4f b22 10bd 
7a 2f7 2f1 1077 1082 
23c 28 37b 25 10e5 
31b 7 31c b8d e35 
e9 401 6f bf7 bfe 
b0 54 42b d46 d49 
7c 2f7 2f0 1080 10d6 
3bd 170 71 142 8f1 
43 a2 43b a05 d8d 
7c 2f1 2f7 1080 1082 
23c 35e 64 27 2d 
1d2 27c 287 55b 566 
9f 2e9 2ea d95 d96 
2f4 7f 2f5 16f 1091 
18b 343 14c 808 80d 
412 125 14 ab3 abc 
a2 43 43c d8c d8d 
19f 5 3dd 75a 75b 
441 ac 30 ae5 d54 
9f 2eb 2e9 d94 d96 
94 42c 72 db2 db6 
1fa 278 275 3ba 11b4 
1eb 27e 278 466 467 
1cf 22 3b7 59c 11f5 
141 371 13c a16 a1c 
127 412 14 ab3 ab7 
b3 3a 439 d34 11e5 
9f 2eb 2ea d96 12b1 
2f6 7f 2f4 dad 1091 
90 2f3 2e9 dd7 12cc 
205 28b 245 339 33e 
1b4 329 15a 69b 69c 
67 300 2f9 1027 10cc 
7f 2f5 2f6 1091 1092 
1bb d8 367 656 65c 
116 67 3f2 b1a b1c 
54 2f7 30b fb6 fb8 
228 d6 332 150 153 
1df 277 286 4db 4e0 
2f0 93 2ef af9 dba 
1ef 286 268 42a 11bc 
279 1de 286 4d8 4e3 
127 14 414 ab5 ab7 
304 2f4 67 dab 1024 
90 2f5 2e9 dd2 dd7 
1df 279 286 4d8 4db 
1d3 291 26f 546 547 
185 29f 2a0 84c 858 
93 2ef 2f1 dba dbc 
68 303 2f6 102a 12ea 
63 9e 432 b4c d9d 
df 2c2 2e2 c40 c43 
d5 9c 3fa c80 1255 
93 2f1 2f0 dba dbb 
d5 c1 3e8 c82 12c9 
335 1ab 152 3d1 1220 
1a3 297 296 733 734 
122 139 386 1294 1295 
232 389 24 c8 c9 
18c 2a8 28c 7fb 7fc 
426 a2 7a d41 d8b 
67 304 2f9 1024 1027 
8 11f 421 7e9 ad9 
1ff 26d 27f 386 388 
1ce 319 16a 5a3 5a9 
185 2a3 29f 857 858 
1cf 3c1 1a 58f 590 
1c2 15d 326 615 618 
32e 1a5 16a 639 722 
185 2a0 2a3 854 858 
309 36 316 dd8 efc 
54 301 30b fb8 fbb 
312 1f2 156 366 3fb 
1e8 321 142 488 110c 
1dc 289 27e 4f4 4f5 
2ac 1c3 251 609 612 
60 78 44a a4f 106d 
10a b2 3d8 b66 b67 
ed 2f 428 bd8 bdb 
bd 132 3bf 405 a7c 
1c4 2ac 251 609 60a 
2f5 90 2f3 c91 dd7 
d2 434 33 c95 c96 
56 308 307 fc4 fc5 
7a 2f1 301 1077 107b 
44d 73 60 1292 12f0 
44b ab 2d 63 717 
271 1ff 27f 1d8 388 
254 20a 288 2f3 301 
1ce 31b 16a 5a2 5a3 
9f 2e9 2f3 d94 12cc 
20b 254 288 2f3 2fa 
1bd 156 32e 63d 640 
50 b5 435 937 d26 
a2 43c 55 d8c 12e7 
54 301 30d fbb fbc 
67 300 304 1026 1027 
7a 2f1 302 107b 107c 
20b 288 255 2f9 2fa 
1c6 28c 28f 5ef 5f0 
1bd 155 32f 63b 63c 
152 371 13c 9a2 9a3 
ed 2f 42a bdb be3 
e9 3df c9 bf5 bf6 
9f 2f3 2eb d94 127e 
271 21f 270 1b9 1d7 
1bb e8 367 655 656 
d5 3ea c8 c84 c88 
bb 9e 40c cf8 cf9 
1f1 d 3ba 406 409 
1d3 291 27d 547 551 
e9 c9 3e0 bf5 bfa 
b9 5d 42e d0a d0d 
68 30a 2f6 1028 102a 
228 1 3a5 158 113b 
221 271 270 1b9 1bd 
1cf 3c1 22 590 11f5 
1ce 16f 31b 5a2 11f7 
177 356 150 8b2 8b4 
bb 40d 9e cf8 d00 
7a 301 2f7 1077 1078 
1dd 255 2a1 4ed 4f0 
e2 14 43f c32 12c5 
177 357 150 8b4 8b5 
fe 95 3f1 ba1 12b8 
95 2f6 2f4 dad 12e9 
1cd 28d 28e 5ad 5b0 
34 10e 41a ac8 b4a 
316 36 314 d1b efb 
b0 426 7a d41 d44 
208 255 28d 313 318 
239 81 35f 5c 10ed 
322 10 323 a12 e52 
10b 3d6 c1 b62 b63 
1f 31e 31d e85 10df 
25e 1c3 2ac 35a 612 
df 2c2 2ec c3e c40 
54 30b 30d fb9 fbb 
1d8 288 28d 51b 51c 
1d3 27d 295 550 551 
1a0 3da 26 755 1224 
2ef 93 2fc 865 dbc 
1f 31f 31d e84 e85 
201 312 156 366 367 
376 1be d1 36a 633 
1dd 25c 2a1 4f0 4f1 
1ab 13c 34a 6ee 6ef 
11e 41f 1f ae2 ae7 
df 2c2 2ed c38 c3e 
1f 31f 31e e85 10de 
3db 1a0 26 2cd 1224 
93 2fc 2f1 dbc dbf 
2f0 7c 308 10d6 10d7 
1eb 272 290 462 463 
10b 407 64 b58 b5b 
28d 1cd 292 30e 5b0 
160 2c 3f9 95b 95f 
132 2d3 2a6 a7e a81 
233 361 8a c2 c4 
1cd 28e 292 5af 5b0 
68 30a 303 102a 102c 
7a 302 301 107b 107d 
205 265 28b 339 33b 
1a1 297 2a4 747 748 
ed 42a 3f bdf be1 
b0 42b 7a d44 d49 
233 8a 362 c2 c3 
be c9 3fd bf9 cc0 
d7 438 3a c79 c7a 
b9 436 5c d10 d16 
1cf 32f 155 598 599 
b9 5d 436 d0d d16 
1d3 291 28e 555 558 
1bd 32e 16a 639 63a 
132 3ca bd a7c a7d 
8 fb 440 ad7 bac 
d7 439 3a c7a 11e5 
68 30c 303 102c 102d 
7c 308 2f7 107f 10d6 
1e8 15a 321 487 110b 
14a 3e5 70 9da 127c 
10a 408 6a b69 12b2 
1cf 48 3b7 59b 59c 
90 306 2e9 dd1 dd2 
c0 22e 34c 20 106 
1c6 28c 29a 5f0 5f2 
22c 3b 390 11e 11f 
171 18 3ff 8e3 8e4 
116 405 67 b1a 12aa 
10f 12 433 b3d b43 
18b 177 343 807 80b 
1eb 27e 290 463 465 
1c6 29a 28f 5f0 5f3 
18b 178 343 80c 80d 
fb 411 6c bab 1263 
317 45 316 c8f f4f 
288 20a 270 1d6 301 
18a 178 344 815 10ec 
41 125 412 ab4 aba 
68 30c 30a 102b 102c 
1d3 295 28e 554 555 
132 2b3 2d3 a7f a81 
123 34 41a ac8 ac9 
127 412 41 ab1 ab4 
6 336 31a e32 e33 
e2 43a 37 c31 12c7 
21f 271 27f 1d8 1db 
1d3 291 295 551 555 
19f 35 3dd 75b 75c 
17a 408 4 8a0 1259 
1d7 294 290 51f 520 
187 377 11a 839 83a 
116 3f2 95 b1b b1c 
95 2f4 303 da9 12e9 
220 252 28f 1c7 1c8 
1d2 26e 2a8 563 564 
189 363 141 824 825 
1ab 34a 152 6ee 1220 
95 304 2f4 da9 dab 
90 306 2f5 dd2 dd5 
303 95 2f6 12e9 12ea 
23c c0 34b 29 2a 
127 41 415 ab1 ab6 
23c c0 34c 20 29 
23c 37a 64 24 27 
208 28d 273 30f 318 
1dc 29e 27e 4f5 4f6 
10a b2 3ed b67 12b3 
278 1dd 2a1 45b 4f1 
1c7 29b 29a 5e2 5e3 
e2 37 43f c31 c32 
90 309 2f5 dd5 dd9 
14b 40f 30 9d6 9d7 
df 2ec 2e2 c3f c40 
203 29b 261 354 357 
d0 3c 447 ca3 12ce 
14 125 431 7e4 abc 
20 19f 3ef 3a7 757 
a2 b0 426 ac5 d41 
21f 288 270 1d6 1d7 
208 292 273 30b 30f 
1eb 272 2a1 45d 469 
21f 288 271 1d7 1db 
204 14c 328 340 341 
13d 1ab 35c 6e0 6f3 
95 303 304 da9 daa 
5e ab 44c 6b 9fb 
1dc 289 29e 4f5 4fd 
1ac 13d 35c 6e0 6e1 
be e9 3fd 8ee bf9 
123 34 425 acd acf 
1ce 333 16f 5a6 11f7 
169 19 411 926 1262 
447 d0 46 9f4 ca6 
227 276 284 162 163 
1eb 278 2a1 45b 45d 
1ce 1a5 319 5a8 5a9 
df 2ed 2ec c3d c3e 
d7 437 60 c77 12ef 
b9 42c 94 d08 d09 
1c5 1d 3e2 5ff 602 
335 6 336 3cf e34 
1c4 2ac 28b 60a 60b 
11f 8 440 ad7 ad9 
1c5 1d 3e3 5fc 5ff 
1ab 360 13d 6f3 6f4 
10e 41a 66 b4a b4d 
90 306 309 dd5 dd6 
3be 170 bd 41b 1136 
1d2 2a8 287 562 564 
b9 94 42e d08 d0a 
60 d7 43a c2e c77 
332 23 324 c7e e95 
34c 22e e6 21 107 
e9 3fd c9 bf9 bfa 
21f 27f 288 1da 1db 
88 160 3e3 5fb 95c 
220 271 28f 1c8 1ca 
2f5 d3 2f3 172 c91 
229 3bd e 148 149 
132 2b3 2e6 a77 a7f 
19f 3ef 35 757 75c 
ed 443 3f bde bdf 
1bb e8 388 654 655 
ed 42a 72 be0 be3 
1f8 335 152 3d1 3d2 
143 417 43 a06 1289 
167 30 40f 935 936 
e2 60 43a c2e 12c7 
321 142 232 110c 110d 
61 1a0 3db 2ce 74d 
23c c0 35e 2a 2d 
d7 73 437 c75 12ef 
208 28d 292 30e 30f 
203 25e 2ac 35a 35f 
16b 3b8 de 91a 125f 
23c 34c e6 21 22 
ed 443 47 bda bde 
d7 438 73 c75 c79 
1f2 1a5 312 3fb 3fd 
f1 2ec 2ef bca bcc 
203 2ac 261 357 35f 
1e7 3d2 31 48a 48b 
5e d0 447 9f5 12ce 
3fe 103 be 8e8 b86 
91 30f 30e dcd dce 
372 a6 233 1103 1107 
201 376 d1 36a 36b 
1bd 1a5 32e 639 63d 
ce 16c 3c2 877 910 
44d 60 c4 1292 1293 
91 310 30e dcb dcd 
373 22c ad 112a 112d 
3f0 19e 42 240 75d 
91 30f 310 dcc dcd 
335 1ac 1ab 3d0 6de 
193 386 122 7b8 7bb 
10b 10a 3d6 b5d b5e 
17a 9c 3d6 897 89c 
90 316 306 dd4 dd6 
19c 40c f 776 779 
10f 40b 9e b3b b41 
181 b9 3c5 879 87a 
4c 310 334 f85 1067 
1b4 327 1c2 119d 119e 
405 116 a5 135 12aa 
3be 16b de 40d 125f 
32d 40 32b a56 f3c 
10b 10a 3d8 b5a b5d 
90 316 309 dd6 dd8 
17a 58 3fa 899 1254 
170 de 3bc 8f0 125d 
125 430 41 aba 123c 
313 13 350 d87 e5c 
229 e 3c8 146 149 
1f2 1a5 318 3fd 3fe 
239 e5 355 53 5b 
59 143 416 44f 1284 
31a 6 354 c6d e32 
1d5 178 33e 535 537 
33c 11 33e c19 e53 
de 170 3be 40c 125d 
143 59 417 a06 1284 
352 13 313 df9 e5c 
11 33f 33c e53 10d2 
315 6b 326 616 1044 
160 c8 3d2 959 95a 
11 33e 33f e53 e54 
17a 2d0 2b4 89d 8a2 
15a 232 321 1105 110b 
11e 441 30 ae5 12a7 
2eb 110 2ea 12b0 12b1 
73 c4 44d 9fa 1292 
132 2d3 2e6 a7f a80 
3c1 16c e4 641 90f 
181 3c2 ce 873 877 
1e7 23 3e5 491 492 
16c e4 3c2 90f 910 
449 115 2d 12ae 12af 
10e 432 63 b46 b4c 
18d 8 421 7e9 7f5 
44b 115 2d 716 12ae 
10e 66 432 b46 b4d 
181 ce 3c5 873 879 
f1 2fe 2ec bca bcd 
16b 3b7 101 912 913 
160 3f9 88 95c 95f 
313 a3 311 98b d88 
101 16c 3b7 5a0 90d 
1bb 381 11e 665 666 
16b 3b8 100 918 91a 
123 34 442 ac9 acd 
40 338 32b f3b f3c 
2ef f1 2fe afb bca 
338 40 32d a88 f3c 
204 18a 328 341 344 
101 16b 3b9 577 912 
61 19e 3f0 751 75d 
40 32b 33a f3b f3d 
3b9 16d 101 574 908 
1a0 3f0 61 74d 751 
414 e2 d7 aad c2d 
228 3a5 70 158 113e 
10e 41b 9e b4f 1230 
201 312 1be 367 368 
119 2ea 2f0 b06 b07 
10f 9e 41b b3b 1231 
354 6 335 c0a e34 
332 6b 315 152 1044 
17a 2db 2b4 8a2 8a5 
6 354 336 e32 e34 
19c f 41e 776 12f3 
fb 6c 440 bab bac 
22e 34c 122 106 107 
119 2f0 2ef af9 aff 
389 232 a6 bb c9 
169 19 434 924 926 
233 389 a6 bb 1103 
18e 41f 1f 7e0 7e1 
ac 11f 410 9d4 adc 
210 3db 26 2cd 1145 
33a 40 338 c06 f3b 
229 4b 3bd 148 1138 
310 77 334 dca 1067 
33d 3d 33b ce6 f2b 
325 32 34e c64 ee1 
326 6b 332 c7c 1044 
315 b8 314 154 d1c 
203 2ac 29b 352 357 
2fe 110 2ea b02 12b0 
115 449 4f b22 12af 
a2 123 419 a04 ac6 
110 2fe 2eb b36 12b0 
22b 1 3e6 125 128 
345 35 339 763 ef6 
b8 316 314 d1b d1c 
316 b8 315 c8c d1c 
1fc 3ef 20 3a5 3a7 
1e7 3f8 23 490 492 
339 35 346 cf2 ef6 
227 2af 276 15d 163 
33e 11 356 b77 e54 
143 43 43b a05 1289 
439 d7 b3 aac 11e5 
356 11 33f c2c e54 
348 37 337 ddb f03 
119 2fe 2ea b02 b07 
17a 2d0 2db 8a2 8a3 
337 37 349 a3a f03 
227 26 3db 15f 1145 
3fe 104 103 8e7 b7a 
3cb 16c 101 90a 90d 
27 379 2ea ea1 fdc 
1fc 3f4 20 39f 3a5 
18e 14 431 7e4 7e5 
16d 101 3cb 908 90a 
127 415 b3 aaf ab6 
119 2ef 2fe afb aff 
36 36c 2f6 efd 12b7 
119 2f0 2fe aff b07 
204 327 1b4 343 119e 
35 346 345 ef6 ef7 
30e 91 334 d4d dcb 
13 350 352 e5c f96 
204 328 1b4 340 343 
1e7 3f8 31 48b 48e 
11e ac 41f ae6 ae7 
28 34f 342 ea3 fa6 
227 2af 284 163 167 
91 310 334 dca dcb 
17a 3fa 9c 897 1254 
360 2b 31f cd0 eb6 
1a1 2e3 2a4 749 74a 
420 11f ac 7db adc 
376 6 31a 36d e33 
147 2eb 2ed 9e9 9ea 
1f8 335 1ab 3d0 3d1 
1f8 335 1ac 3ce 3d0 
1ac 1ab 35c 6de 6e0 
18e 431 1f 7e1 7e7 
22b 1 3f2 124 125 
1f8 336 1ac 3c8 3ce 
10e 432 9e b4c b4f 
123 a2 426 ac5 ac6 
37 349 348 f03 f07 
204 326 1c2 348 349 
351 5f 311 d84 ffa 
1c5 88 3e3 5fb 5fc 
229 3bd 71 142 1138 
204 1c2 327 348 119e 
14b ac 40f 9d2 9d7 
d4 316 315 c8c c90 
201 1f2 312 366 11a6 
14b 410 ac 9d2 9d4 
317 d4 315 9e5 c90 
143 a2 419 a04 1287 
fc fb 410 ba9 127b 
36 36c 309 efc efd 
23c 37b e6 22 10e5 
147 2eb 2f3 9ea 127e 
da 318 30e c69 c6a 
d4 317 316 c8f c90 
2e 351 348 ec7 ec8 
447 145 46 4b 9f4 
411 fc fb 925 ba9 
160 c8 3f9 95a 95b 
147 2f3 2ed 9ea 9eb 
da 30e 319 c67 c6a 
18e 2b 431 7e5 7e7 
31a d9 30f c33 c6b 
10 375 322 e52 1013 
18d 421 4e 7ef 7f5 
123 425 b0 acb acf 
10 323 375 e52 eee 
1bb 388 153 654 659 
1a0 cb 3da 755 1226 
1a 36b 32f 990 e6a 
123 426 b0 ac5 acb 
115 449 78 b20 b22 
e0 30f 318 c34 c35 
27 379 307 ea0 ea1 
50 167 435 441 937 
78 115 44a a4d b20 
30e ad 333 c66 d50 
c5 31e 31f cd1 10de 
36f 5a 2e9 dcf fda 
1bc 3c1 e4 641 642 
314 36 36c b9a efb 
311 5f 359 c9a ffa 
33d 65 340 d59 101c 
e0 31a 30f c33 c35 
ad 30e 334 d4d 1129 
318 da 319 723 c6a 
3dd 19f cb 754 75a 
36 36c 316 efb efc 
1a0 3dd cb 754 1226 
cc 31d 31e cb1 10df 
127 d7 414 aab aad 
210 61 3db 2ce 1144 
201 31a 1f2 36e 11a6 
340 65 341 c4a 101b 
30f d9 320 9c4 c6b 
336 6 376 c9d e33 
359 2e 348 ddd ec8 
171 3fd be 8e9 8ee 
1f1 bd 3be 40a 41b 
171 3fe be 8e8 8e9 
416 1ed 12 11c7 11c8 
31a e0 318 3fa c35 
1f1 bd 3bf 405 40a 
e2 d7 43a c2d c2e 
23d 3f6 5 11 16 
a5 1c5 3e2 131 602 
13a 44a 60 a4e a4f 
34d 52 342 da5 fa5 
33c 74 33f 10d2 10d3 
18d 430 41 123c 123e 
1fc 3f4 4c 39e 39f 
17a 3d6 10a 89b 89c 
357 51 331 8b9 fa2 
5e 145 447 44 9f5 
127 e2 414 aad ab5 
2e 351 359 ec8 ffb 
17a 10a 3d7 89b 1258 
3 2b9 3bb e27 e29 
52 342 34f fa5 fa6 
d9 320 31a c6b c6e 
204 18a 353 344 34a 
349 2b 360 a33 ebd 
13a 60 44d a4e 1293 
331 51 35a c52 fa2 
5a 379 2ea fdc fe0 
68 2f6 36c 1028 12b6 
185 43d 39 852 1241 
346 20 369 cf4 e8a 
239 344 178 56 10ec 
35a 63 322 c54 1012 
316 45 36f dd3 f4f 
167 b5 40f 936 938 
44c 144 5e 9f6 9fb 
36f 45 317 deb f4f 
fb 410 11f 127a 12a5 
44c 145 5e 45 9f6 
227 3f7 26 15f 165 
219 42 3f0 23b 240 
18d 4e 430 7ef 123f 
34e 52 34d c5f fa7 
86 352 313 df9 dfa 
52 34f 34d fa5 fa7 
5a 305 36f fda fdf 
227 3db 61 15c 1144 
1cf 3b7 101 59b 5a0 
31d 1f 381 663 e84 
3d 363 33b f2a f2b 
52 34f 34e fa7 fa8 
363 3d 33d d5b f2b 
1f 381 31f e84 e86 
378 22 32f b93 e90 
350 4f 351 d83 f9a 
34 375 323 eed eee 
185 43 43d 851 1241 
1f 382 31f e86 e89 
56 308 372 fc2 1084 
32b c3 32a a50 cd3 
4f 350 352 f96 f9e 
1d1 3b9 101 574 577 
27 307 38b ea0 fc3 
219 42 3f5 235 23b 
32a c3 32c 82b cd3 
377 32 325 838 ee1 
13a 78 44a a4d a4f 
326 d6 324 af5 c7d 
c3 32c 32b cd3 cd4 
7 393 31b e35 e3a 
7 31c 393 e35 e37 
3 3c7 2b9 e27 eab 
7 394 31b e3a 10a0 
68 36c 30a 1028 1029 
23d 38 3eb 18 1c 
1f1 de 3be 40c 40d 
18a 239 344 10ec 10ee 
127 439 b3 aac aaf 
11e ac 441 ae5 ae6 
355 65 33d c18 101c 
23d 3ec 38 1b 1c 
32b 40 371 cd5 f3d 
339 bc 320 a84 cf6 
da 30e 333 c66 c67 
15a 361 232 1105 1106 
233 361 15a c4 1106 
9 2b6 3c8 e3e f78 
1a 383 32f e6a 11f4 
65 355 340 101b 101c 
341 65 355 5f 101b 
2ef 184 2ee 1244 1245 
5a 305 379 fdf fe0 
73 145 44d 50 9fa 
384 5 345 769 e30 
33b 3d 36d 99d f2a 
68 370 30a 1029 102b 
31b 100 31c 91b b8d 
9 3ca 2b6 e3e e3f 
171 e9 3fd 8ea 8ee 
31c 48 378 b95 f61 
37c 4c 310 ba3 f84 
a3 350 311 d85 d88 
5 345 385 e30 e31 
68 370 30c 102b 102e 
36a 2f 352 df7 ed0 
7 31c 399 e37 f66 
29 3c5 2a2 ea5 fee 
a3 351 311 d84 d85 
a3 313 350 d87 d88 
8f 348 337 ddb dde 
321 f2 322 a0c bc7 
90 36f 2e9 dcf dd1 
22 32f 383 e90 11f4 
171 e9 3ff 8e4 8ea 
319 da 333 5a1 c67 
323 24 389 a0e e98 
36b 1a 36a df6 e6e 
4c 310 37f f84 f85 
239 355 178 53 56 
143 43b a2 a05 1287 
24 38a 323 e98 ef1 
3 3bb 2e3 743 e29 
35a 51 357 cfc fa2 
341 81 34d da3 1093 
40 371 33a f3d 1275 
1e8 232 321 110b 110c 
16d 16c 3c2 906 124c 
330 dc 322 bc6 c5a 
d6 324 332 c7d c7e 
20 37c 346 e8a e8c 
28 37a 342 ea2 ea3 
54 38a 2f7 fb6 107e 
341 9b 342 c48 da4 
342 28 37b c50 ea2 
dc 331 322 c55 c5a 
d6 326 332 c7c c7d 
1a 36a 36e e6e 12c0 
1fc 3de a9 399 39a 
1a 36b 36e e6b e6e 
30 366 365 ed5 ed8 
5f 359 351 ffa ffb 
bd 229 3be 1135 1136 
361 8a 317 977 de9 
419 123 10e a01 ac7 
30 365 367 ed5 ed6 
d 2e3 3ba e46 e49 
30 366 367 ed4 ed5 
329 f2 321 975 bc9 
14b 40f fc 9d1 9d6 
123 10e 41a ac7 ac8 
325 9a 353 af2 da8 
8a 362 317 de8 de9 
326 9a 353 346 af3 
3bb d 2e3 742 e46 
fb 14b 410 127a 127b 
14b fc 410 9d1 127b 
aa 33d 340 d59 d5a 
d 2e6 3ba e49 129d 
23d 3ec 53 19 1b 
7c 372 308 1083 1084 
320 d9 338 a83 c6c 
184 2fc 2ee 85d 1245 
5 35d 384 e2d 12ee 
1a8 44b 2d 716 717 
184 2ef 2fc 865 1245 
28 37a 34f ea3 108d 
29 2b8 3c5 ea5 ea6 
34 323 38a ef0 ef1 
328 f2 329 699 bc8 
35e 53 35d 7b1 fb1 
184 2fd 2ee 85c 85d 
5 385 35d e2d fb2 
27 372 362 e9e 1108 
3b 37f 334 f20 f8a 
dc 330 331 c58 c5a 
32 377 34e ee0 ee1 
9e 19a 41b 1230 1231 
19c 40c bb 779 11bd 
16d 3cb 16c 906 90a 
36b 86 313 98d dfa 
29 2b8 3c7 ea6 eaa 
63 322 375 1012 1013 
171 3fe 103 8e7 8e8 
3ca 9 2d3 a75 e3f 
127 439 d7 aab aac 
127 125 412 ab3 ab4 
29 2b9 3c7 eaa eab 
374 373 15 112b 112c 
3a5 228 fe 113b 113c 
181 3c2 16c 877 124c 
171 3fe 104 8df 8e7 
34 38d 323 eec eed 
1ed 59 416 44f 11c7 
369 91 30f 9c1 dcc 
bf 33b 33c ce3 ce4 
16d 181 3c2 124c 124d 
171 104 3ff 8df 8e3 
310 91 369 ba6 dcc 
f2 330 321 bc7 bc9 
34 323 38e eec ef0 
54 30b 38a fb6 fb7 
56 307 38b fc3 fc5 
f2 330 322 bc6 bc7 
bf 33b 33d ce4 ce6 
90 36f 306 dd1 dd4 
56 38b 308 fc2 fc5 
41d 169 d2 771 922 
33d bf 33c c13 ce4 
229 bd 3c8 145 146 
1ee 50 41c 442 11c0 
9b 341 34d da3 da4 
227 62 3f7 164 165 
184 2fb 2fc 85a 85e 
31c ff 32e 91d b94 
9b 342 34d da4 da5 
54 30b 38c fb7 fb9 
229 3c9 bd 145 1135 
14a 160 3e7 48f 5f8 
359 8f 337 6e7 dde 
18e 41f ac 7dc 7e0 
184 2fb 2fd 859 85a 
ff 32f 31c b94 b96 
54 30d 38c fb9 fba 
18e 420 ac 7db 7dc 
184 2fc 2fd 85a 85d 
330 f2 328 9ca bc8 
36d 3d 363 a25 f2a 
f2 329 330 bc8 bc9 
27 362 379 e9f fde 
23d 3f6 53 16 19 
181 16d 3c7 875 124d 
35f 9a 325 c5d da8 
416 143 10f 450 9fd 
1e7 3f8 a7 48e 490 
4c 334 37f f85 f8a 
40e 167 fc 921 933 
8a 317 36f de8 deb 
35f 81 341 5c 1093 
368 74 33c ce2 10d3 
169 40e fc 921 1264 
167 fc 40f 933 935 
143 10e 418 9ff a03 
369 20 37c ba8 e8a 
bc 339 346 cf2 cf5 
35f 239 18a 10ed 10ee 
ca 1fc 3de 234 399 
143 419 10e a01 a03 
33f 74 368 c6f 10d3 
15 37d 374 e60 f2c 
3bb 1a1 16d 56f 744 
420 125 11f 7da ab8 
90 316 36f dd3 dd4 
15 37e 374 e5f e60 
232 142 389 c8 110d 
11f 125 421 7e8 ab8 
169 411 fb 925 1262 
167 435 b5 937 938 
ab 144 44c 719 9fb 
41b 143 10e 789 9ff 
169 fc 411 925 1264 
7c 38a 2f7 107e 107f 
10f 143 41b 78a 9fd 
37e 71 31b 8f9 10a1 
11a 324 325 af7 af8 
373 15 380 d51 112b 
5 345 39f e31 ef5 
5c 2a2 3c5 fec fee 
8f 359 348 ddd dde 
15 374 380 e5f 112b 
14b 410 11f 9d4 127a 
11a 326 324 af5 af8 
312 156 311 62e 98c 
32e ff 32f 63e b94 
148 317 315 9e5 9e6 
11a 325 326 af4 af8 
324 23 3a2 d6b e96 
1a 36b 383 e6a e6b 
25 2c0 3d3 e99 ec2 
34d 81 35f c61 1093 
1fc 3f4 a9 39a 39e 
156 313 311 98b 98c 
23 324 3a3 e95 e96 
47 36e 36a f60 12c0 
156 312 313 988 98c 
15 37e 37d e60 105c 
1a 36e 383 e6b e70 
334 3b 390 11f f20 
4a 3c8 2b6 f77 f78 
33a 335 e7 1276 1277 
343 dc 330 9cd c58 
2c 3d3 2c0 ec1 ec2 
331 dc 343 8b0 c58 
380 15 37e 8fd e5f 
e7 33a 338 c06 c07 
5 384 385 e2d e30 
22b a5 3e2 131 132 
d1 311 359 c9a c9b 
408 17a 10a 1258 1259 
a3 350 351 d83 d85 
1f 3ac 31f e89 eb7 
48 399 31c f61 f66 
1f1 3ba 132 404 409 
365 30 381 adf ed6 
37b 28 37a 25 ea2 
c4 13a 44d 70b 1293 
143 123 419 a01 a04 
4a 2b6 3cc f77 109a 
7c 38a 308 107f 1083 
381 30 367 664 ed6 
4a 2b7 3cc 109a 109b 
11f 440 fb ad7 12a5 
db 34d 325 c62 c65 
362 5a 36f de7 fdd 
284 61 3db 15c 100a 
e5 33d 33c c13 c14 
d9 31a 354 c6d c6e 
23 3a3 332 e95 1051 
14d 320 30f 9c2 9c4 
db 325 34e c64 c65 
e5 33c 33e c19 c1a 
219 3de ca 231 234 
dd 340 341 c4a c4b 
cc 35b 31d cb1 128b 
27 362 38b e9e e9f 
31e cc 35b a3e cb1 
22 383 378 e90 e93 
1f1 132 3bf 404 405 
dd 340 342 c4b c4e 
d9 354 320 c6c c6e 
ad 373 30e d50 1129 
dd 341 342 c48 c4b 
2b 31f 3ac eb6 eb7 
34b c0 34c 29 ad3 
360 c5 31e 6f1 cd1 
44d 145 c4 70a 9fa 
169 d2 434 922 924 
145 d0 447 9f4 9f5 
2a 37d 37e ead 105d 
381 1f 382 ae0 e86 
c5 360 31f cd0 cd1 
387 30 366 d2d ed4 
367 30 387 c73 ed4 
2e 348 398 ec7 eca 
23d b6 3da f 13 
142 321 322 a0c a13 
63 35a 375 1011 1012 
1ee 50 435 441 442 
19c 41d d2 771 122a 
1cf 3b7 16c 5a0 11f6 
142 323 321 a0f a13 
16c 1bc 3c1 596 641 
142 322 323 a12 a13 
2c 3d3 2d8 ebe ec1 
32 34e 395 ede fa9 
41e d2 19c 122a 12f3 
201 376 1be 368 36a 
327 148 315 619 9e6 
353 9a 35f 819 da8 
86 36a 352 df7 df8 
32 396 34e ede ee0 
3e 37d 374 f2c f2d 
148 317 327 9e6 9e7 
aa 363 33d d5b d5c 
1d1 3b9 16b 577 578 
320 bc 369 9c9 cf6 
86 36b 352 df8 dfa 
2b 39d 349 ebd f01 
2e 348 39c eca f08 
5a 379 362 fdd fde 
362 8a 361 c2 de9 
aa 33d 364 d5a d5c 
27 38b 372 e9e 12e4 
2e 398 351 ec7 10b0 
1d1 3b9 16d 570 574 
4 408 29c e2b 103a 
317 148 329 973 9e7 
364 aa 340 c0c d5a 
dc 35a 322 c54 c55 
20 3a6 346 e8c 10aa 
1d1 3bb 16d 56f 570 
36c 68 370 b98 1029 
71 394 31b 10a0 10a1 
37a 64 35e 27 101a 
42 28a 3f5 cb9 f46 
27 379 38b e9f ea0 
35 39e 345 ef7 ef9 
238 2d 429 6a 10f0 
35 346 39e ef7 ef8 
37 39c 348 f07 f08 
3be 1d1 16b 413 578 
1d 2d7 3e2 e7e e80 
35 345 39f ef5 ef9 
37 39c 349 f06 f07 
31b 16a 319 5a3 91c 
336 d1 359 6e3 c9c 
139 32b 32a a50 a51 
324 a7 377 af6 d6c 
338 d9 354 c08 c6c 
25 3ea 2c0 e99 e9c 
3e3 1d 2d7 df4 e7e 
1d 2d9 3e2 e80 e81 
25 3ea 2c1 e9c fce 
37 39d 349 f01 f06 
53 35d 385 fae fb2 
16a 319 31c 91c 91e 
5a 36f 379 fdd fdf 
23d cb 3da e f 
1cf 16c 3c1 596 11f6 
16a 31b 31c 91b 91c 
139 32d 32a a51 a53 
139 32b 32d a51 a56 
db 35f 325 c5d c62 
130 320 338 a83 a85 
329 148 327 69a 9e7 
dc 331 35a c52 c55 
389 24 38a d71 e98 
2f 352 3a0 ed0 ed2 
7e 37a 34f 108d 108f 
bb 1ee 40c 11bd 11be 
130 339 320 a84 a85 
7 394 393 e39 e3a 
15a 317 329 973 978 
36d cc 31d 99b 128b 
34 38d 375 eed 101e 
32e 156 312 720 988 
e7 354 335 c0a 1276 
db 34e 34d c5f c65 
5c 2de 3c5 fe7 fec 
313 156 32e 640 988 
347 e6 34c ad2 c0b 
2b 39d 360 eba ebd 
32f 155 313 63b 98e 
bb 35a 357 cfc cfd 
ad 333 373 d50 d52 
86 36b 36a df6 df8 
4c 37f 37c f84 f88 
5c 2de 3c6 fe6 fe7 
35e c0 34b 2a 7b4 
e7 354 338 c07 c08 
bc 339 369 cf5 cf6 
373 334 ad 1129 112a 
5 385 39f e2e e31 
23d b6 3eb 13 18 
e7 33a 354 c07 1276 
368 bf 33b c02 ce3 
8a 362 36f de7 de8 
52 395 34e fa8 fa9 
33e 107 343 8ac b78 
e5 355 33c c14 c1a 
bf 368 33c ce2 ce3 
52 34f 395 fa8 fab 
e5 33d 355 c14 c18 
7 399 393 e37 e38 
36c fe 2f6 12b6 12b7 
219 ca 3f5 231 235 
355 e5 33e 8ae c1a 
15a 329 321 975 976 
130 32d 338 a86 a88 
3b 374 38f f1e f2e 
4f 397 350 f9a f9b 
311 d1 376 633 c9b 
e3 33f 356 c2b c2c 
4f 351 397 f9a 106f 
390 3b 374 11e f1e 
339 130 32d 766 a86 
c3 371 32b cd4 cd5 
3e 38f 374 f2d f2e 
32c c3 371 a1e cd4 
18 3ff 2bb e64 f76 
e3 33f 358 c29 c2b 
53 391 35d faf fb1 
53 391 35e fb1 fb4 
3f7 62 284 164 100f 
14c 330 328 9ca 9ce 
bc 346 369 cf4 cf5 
18 2ba 401 e66 104f 
5c 3cd 2de fe6 fe8 
363 aa 364 820 d5c 
396 32 377 d68 ee0 
18 2bb 401 e64 e66 
3e4 1c5 14a 133 5f9 
1f1 16b 3be 40d 413 
b5 366 358 d29 d2c 
2f 36a 3a0 ecf ed0 
3e 37d 38f f2d f2f 
22b a5 405 132 135 
347 122 32a 82d ad6 
130 339 338 a85 a86 
38e 38a 34 d39 ef0 
3b 390 37f f20 f23 
5c 3cd 2e4 fe8 fe9 
61 2c3 3db 1002 1008 
68 3b3 30c 102e 102f 
50 358 39a fa1 1278 
1f1 3be 170 40c 41b 
1c5 3e7 14a 5f8 5f9 
34 38d 38e eeb eec 
19a 41b 10e 789 1230 
56 372 38b fc2 12e4 
319 16a 32e 722 91e 
19a 10f 41b 78a 1231 
fd 369 310 ba4 ba6 
333 ad 380 903 d52 
4f 3a1 350 f9b f9e 
61 2ca 3db 1008 100a 
bb 1ee 41c 11be 11c0 
16a 31c 32e 91d 91e 
122 34b 32a ad5 ad6 
44a 13a 115 714 a4d 
2b 3ac 360 eb6 eba 
4f 352 3a1 f9d f9e 
32d af 384 761 d4c 
12 2be 40a e59 e5a 
11a 325 353 af2 af4 
12 2bf 40a e5a e77 
42 2c3 3f0 f44 1001 
11a 353 326 af3 af4 
db 34d 35f c61 c62 
42 2c4 3f0 f41 f44 
64 392 35e 1018 101a 
318 1a5 312 3fd 721 
d8 33f 368 c6f c70 
2d9 2 406 109d 109f 
3df 2ba 6f 10dc 10dd 
1d1 1a1 3bb 56f 11eb 
386 af 32d a52 d4c 
1a 3b0 36e e6f e70 
20 37c 3a6 e8c e8d 
70 3a3 332 1051 1053 
1a8 44b ab 717 71a 
356 e3 358 9b0 c2b 
30 3aa 365 ed8 12a6 
fe 314 36c b9a b9b 
30 366 3aa ed8 12df 
3b 38f 390 f1e f1f 
71 37e 37d 105c 105d 
1e7 3d2 160 489 48a 
1c5 3e3 160 5fb 1202 
1a8 ab 44c 719 71a 
169 40e 167 920 921 
62 2b0 3ed 100e 103b 
70 3a5 332 1053 113e 
18e 420 11f 7da 7db 
58 2c1 3ea fcd fce 
31e 13c 34a 6ef a42 
18d 11f 421 7e8 7e9 
e6 364 340 c0c c0f 
1b 40a 2bf e72 e77 
238 445 2d 66 10f0 
1a5 318 319 723 724 
2db 4 408 8a0 e2b 
2a 3a4 37d ead eae 
23a 46 438 46 47 
16f 333 31b 900 11f7 
2a 3a4 37e eac ead 
42 3f5 2c4 f41 f46 
107 33e 356 b77 b78 
2 2e7 404 e21 e23 
52 34f 3a8 fab 1090 
fe 314 370 b9b ba2 
48 378 399 f61 f67 
1c5 160 3e7 5f8 1202 
1be 312 311 62e 62f 
18e 125 420 7da 7df 
e8 368 33b c02 c04 
d1 376 336 c9c c9d 
39b 63 35a d01 1015 
32 395 396 ede edf 
23d 3f6 cb e 11 
238 42f 5e 69 6c 
18d 421 125 7e8 7ee 
6a 2b0 3ed 103b 1043 
364 e6 347 81e c0b 
2 406 2e7 e21 109d 
66 375 38d 101d 101e 
343 107 356 8b6 b78 
3a7 50 358 d28 fa1 
38c 54 38a d42 fb7 
2d8 2c 3f9 df2 ebe 
78 397 351 106e 106f 
3f5 28a 84 cbe 1097 
1a0 3dd 19f 752 754 
1f 3ac 382 e88 e89 
343 14c 328 8aa 9ce 
e6 34c 364 c0b c11 
238 44b 2d 63 66 
1e7 3e5 14a 491 11d1 
152 335 33a 9a6 1277 
12 416 2be e55 e57 
84 3df 2ba 10da 10dc 
1a 383 3b0 e6c e70 
4a 2b5 3ff f6c f75 
22 3b2 378 e93 f63 
2e 398 39c ec9 eca 
1e7 14a 3e7 48f 11d1 
122 347 34b ad4 ad6 
226 2f4 2f3 170 174 
122 347 34c ad2 ad4 
19 2c6 411 e68 1048 
36d 35b cc 128a 128b 
23c 34c 22e 20 21 
14c 343 330 9cd 9ce 
38a 7c 372 d6e 1083 
1d 2d9 406 e81 109f 
64 392 37a 101a 108c 
226 2f3 2f5 170 172 
4a 402 2b5 f6c f72 
4a 2bb 3ff f75 f76 
226 2f4 2f5 16f 170 
61 2c3 3f0 1001 1002 
122 34c 34b ad3 ad4 
fd 37c 310 ba3 ba4 
4a 402 2b7 f72 109b 
62 2c9 3ed 100d 100e 
1a8 44d c4 70a 70b 
13d 337 349 a3a a3b 
53 3ab 35d fae faf 
226 2f8 2f3 174 177 
22 383 3b2 e93 10ac 
226 2f8 2f4 169 174 
167 169 41d 772 920 
2 300 404 e23 10cd 
7 393 3b8 e36 e38 
12 416 2cc e57 fd5 
189 32a 32c 82b 82c 
ff 31c 378 b95 b96 
23 3a2 3a3 e96 e97 
226 2f9 2f4 168 169 
1cf 1bc 3c1 58f 596 
37 39c 39d f05 f06 
47 3ae 36a f5f f60 
58 3fa 2c1 fcd fd2 
23a 46 447 47 4b 
1a 36e 3c3 e6f f5c 
367 d8 368 bff c71 
a7 324 3a2 d6b d6c 
63 3a9 35a 1011 1015 
226 2f9 2f8 169 16d 
13c 31e 35b a3e a42 
7 399 3b8 e38 f65 
2a 3b5 37d eae eb2 
35 39e 39f ef9 efa 
47 36e 3ae f5e f60 
18d 430 125 7ee 123c 
7 3bc 393 e36 e39 
229 3bd 170 140 142 
1a5 32e 312 720 721 
19a 143 41b 789 78a 
340 dd 37b c0e c4e 
7 3bc 394 e39 105b 
2a 3b6 37d eb2 f33 
47 36e 3af f55 f57 
af 384 35d 12ed 12ee 
229 170 3be 140 1136 
1e7 160 3e7 489 48f 
18e 125 431 7df 7e4 
dd 37b 342 c4e c50 
d1 376 359 c9b c9c 
1b 2bf 41e e72 e74 
6a 408 29c 103a 103d 
84 3df 2d4 1096 10da 
47 36e 3b1 f57 f5e 
71 37e 394 1057 10a1 
35d af 386 7b2 12ed 
1a5 32e 318 721 724 
62 3f7 2c9 100d 100f 
1a5 319 32e 722 724 
152 34a 335 9a6 1220 
387 b5 358 c28 d2c 
3fa 58 2d0 899 fd2 
e6 340 37b c0e c0f 
8 2d2 421 e3b f94 
1b 2c5 41e e74 ee2 
7e 37a 392 1089 108c 
27b 41 430 10b6 123e 
23a 438 73 46 4e 
19f 1a0 3ef 3a4 752 
1ce 31b 319 5a3 11f8 
7e 3a8 34f 108f 1090 
238 94 429 68 6a 
238 444 5e 6c 6e 
3f0 1a0 19e 23a 751 
ff 378 32f b93 b96 
e8 367 368 bff c00 
1a 3c1 383 e6c e91 
23a 444 5e 42 43 
152 34a 33a 9a4 9a6 
ad 373 380 d51 d52 
2b 39d 3ac eb9 eba 
6a 3ed 2dc 103c 1043 
144 145 44c 712 9f6 
1c2 315 326 616 617 
141 32c 35b a1f a24 
48 3b2 378 f63 f67 
22b 3f2 116 124 12b 
1c2 315 327 617 619 
33f d8 387 c26 c70 
447 3c 25b ca3 f29 
88 2d7 3e3 df0 df4 
23a 447 5e 43 44 
178 343 328 8aa 8ab 
88 3e3 2d8 df0 df3 
233 232 361 ba 1106 
22 3c1 383 e91 10ac 
3e 37d 3b6 f2f f33 
34c e6 37b 22 c11 
1ed 416 10f 450 11c8 
344 178 328 815 8ab 
4f 397 3a1 f9b f9c 
b5 366 387 d2c d2d 
4e 27b 430 f8f 123f 
238 42f 94 68 69 
a6 389 372 d72 1103 
63 375 3a9 1011 101f 
328 1b4 327 343 697 
6f 2ba 401 104f 10dd 
1bd 32e 313 63f 640 
337 13d 35c 6e1 a3b 
11a 324 377 af6 af7 
a6 38a 372 d6e d72 
1b4 327 329 697 69a 
325 11a 377 839 af7 
66 3a9 375 101d 101f 
238 5e 44c 6b 6e 
1bd 32f 313 63b 63f 
1b4 329 328 697 699 
177 331 343 8b0 8b7 
14d 369 30f 9c1 9c2 
53 3ab 385 fad fae 
25b 46 447 ca6 f53 
23a 5e 44c 42 45 
e3 33f 387 c26 c29 
2a 37e 3c4 eac 1059 
4c 3b4 37c f88 f8b 
32c 141 363 824 a26 
15a 361 317 977 978 
388 e8 33b 99f c04 
2c8 41 415 d31 f3f 
4c 3b4 37f f87 f88 
1f2 318 312 3fd 11a5 
33 2c5 41e ee2 ee3 
327 1c2 326 348 617 
1f1 3ba 1d1 406 412 
12 2be 433 e55 e59 
3b8 7 3bc c45 e36 
52 395 3a8 faa fab 
2a 3a4 3b5 eae eb0 
50 3a7 39a fa0 fa1 
31a 312 1f2 11a5 11a6 
3e 3b6 38f f2f f30 
18a 344 328 815 81b 
53 3ab 391 faf fb0 
47 3c3 36e f55 f5c 
19d 339 32d 766 767 
178 33e 343 8ac 8ad 
13c 35b 34a a3f a42 
43 2cb 417 f49 10c3 
23a 448 73 4e 51 
22b 14a 3e4 12e 133 
167 19c 41d 43c 772 
15a 361 321 976 1105 
d 3ba 3bb e46 11ec 
1f2 31a 318 3fa 11a5 
1f1 3be 1d1 412 413 
178 33e 344 8ad 8af 
155 36b 313 98d 98e 
13d 349 35c a34 a3b 
ca 3f5 28a cb9 cbe 
68 370 3b3 102e 1030 
19c 169 41d 771 772 
14d 369 320 9c2 9c9 
af 384 386 d4c 12ed 
e6 364 37b c0f c11 
22b 14a 3e6 128 12e 
189 32a 347 82c 82d 
22 3b7 3b2 e92 f62 
84 2d4 3f5 1096 1097 
189 32c 347 828 82c 
178 343 344 8ab 8ad 
a6 389 38a d71 d72 
3a 299 438 f1d 1063 
3ef 20 346 ef2 10aa 
15a 329 361 976 978 
48 3b2 399 f67 f68 
66 38d 3a9 101d 12f2 
39a bb 357 9ae cfb 
13d 349 360 a33 a34 
23a 73 44d 50 51 
201 312 31a 369 11a6 
141 32c 36d a24 a26 
19 434 2c6 e68 ee4 
bb 357 39b cfb cfd 
7e 3a8 37a 1089 108f 
1bd 32e 32f 63e 63f 
e3 387 358 c28 c29 
153 36d 31d 99b 99c 
fe 36c 370 b98 b9b 
a7 377 396 d67 d68 
22b 405 116 12b 135 
bb 35a 39b cfd d01 
2a 3b5 3b6 eb2 eb3 
3bb 3 3c7 90b e27 
1a 3b0 3c1 e6c e6d 
336 1ac 335 3ce 6e2 
1ce 319 333 5a1 11f8 
d8 387 367 c71 c73 
d8 387 368 c70 c71 
1ac 337 335 6df 6e2 
141 32c 371 a1e a1f 
304 67 3f2 dae 1023 
46 438 299 f52 1064 
48 399 3b7 f64 f68 
31b 1ce 333 11f7 11f8 
1ac 337 336 6e2 6e4 
1a 3b0 3c3 e6d e6f 
63 3a9 39b 1015 1016 
1a8 44a 115 714 715 
3f3 68 303 dac 102d 
48 3b8 399 f64 f65 
59 416 2cc fd5 fd7 
29f 39 43d 852 f17 
b0 38c 38a d42 12e2 
88 2d8 3f9 df2 df3 
59 417 2cb fd8 10c3 
1a8 44b 115 715 716 
59 417 2cc fd7 fd8 
356 150 357 8b4 9b1 
177 331 356 8b7 8ba 
6c 411 2c6 1047 1048 
177 357 331 8b9 8ba 
150 356 358 9b0 9b1 
b0 38a 38e d39 12e2 
22 3b2 3c1 e92 10ac 
2a 3c4 3a4 eac eaf 
6a 2dc 408 103c 103d 
150 357 358 9b1 1279 
47 3b1 3ae f5d f5e 
4e 421 2c7 f8e f92 
353 18a 328 344 81b 
122 32a 386 ad5 1294 
47 3b1 3af f57 f5a 
38c b0 38e 12e1 12e2 
35c 13d 360 6f3 a34 
35 3ef 346 ef2 ef8 
155 36b 32f 98e 990 
8 440 2d2 e3b 104c 
68 30c 3f3 102d 102f 
3bd e 3c8 149 e4c 
b5 3a7 358 d28 d29 
22 3c1 3b7 e92 11f5 
1ed 416 143 44f 450 
43d 43 29f 851 f4b 
fe 314 3a5 ba2 113c 
1ab 31e 34a 6ef 6f0 
70 3a5 3a3 1052 1053 
fd 37c 369 ba4 ba8 
5 39f 3dd e2f ef4 
367 e8 388 655 c00 
19d 345 339 763 76a 
178 355 33e 8ae 8af 
e8 388 368 c00 c04 
33 2c5 434 ee3 eea 
7e 392 3a8 1089 108a 
3c3 1a 3c1 c1f e6d 
33 434 2c6 ee4 eea 
a7 3a2 377 d67 d6c 
4e 421 2d2 f92 f94 
6c 411 2d6 1045 1047 
9 3c8 3ca e3e 12d9 
355 178 344 56 8af 
228 315 314 154 155 
210 1a0 3db 2cd 2ce 
177 343 356 8b6 8b7 
e 3ce 3bd e4c f79 
153 33b 36d 99d 99e 
34a 13c 371 9a2 a3f 
48 3b7 3b2 f62 f68 
b5 3a7 366 d29 d2a 
3c 2d1 42e f24 ff0 
41 430 2c8 f3f 10b6 
2a 3cf 3a4 eaf eb0 
152 33a 371 9a4 1275 
e 3c8 3cc e4e 10a7 
3b7 48 3b8 914 f64 
139 386 32a a53 1294 
b5 3aa 366 d2a 12df 
67 404 300 1026 10cd 
139 386 32d a52 a53 
3d5 32 396 d69 edd 
e 3c8 3ce e4c e4e 
67 404 304 1023 1026 
18a 344 353 81b 81d 
34a 1ab 335 121f 1220 
142 321 389 a0f 110d 
4e 2c7 430 f8e f8f 
1a8 44a 13a 710 714 
141 36d 35b a24 128a 
5 3f6 385 e2e fb3 
e 3cc 3ce e4e e4f 
233 389 232 ba bb 
142 323 389 a0e a0f 
71 3c4 37e 1057 1059 
3ee 1fc 1a0 23f 3a3 
204 326 327 347 348 
238 44b ab 62 63 
1fc 19f 3ef 3a4 3a7 
386 122 34b 7bb ad5 
371 13c 35b a1c a3f 
1fc 1a0 3ef 3a3 3a4 
238 ab 44c 62 6b 
204 328 327 343 345 
189 32c 363 824 828 
177 356 357 8b4 8ba 
1a8 44d 13a 70b 710 
3c7 29 3c5 878 ea6 
2a3 2df 2fd e19 f11 
3b 3e1 37f f23 f89 
47 3af 3c3 f55 f56 
73 299 438 1063 1064 
95 304 3f2 dae daf 
2e0 2a3 2fd e19 e7b 
2a 3cf 3b5 eb0 eb1 
71 394 3bc 1058 105b 
152 34a 371 9a2 9a4 
141 371 35b a1c a1f 
141 36d 363 a25 a26 
95 303 3f3 daa dac 
95 3f3 304 daa daf 
388 153 31d 659 99c 
1ab 31e 35c 6f0 6f2 
439 3a 2d5 d34 f1a 
a7 3a2 396 d66 d67 
132 3bf 2d3 a76 a80 
46 2cd 438 f52 f54 
1a8 144 44c 712 719 
20 37c 3f4 e8d f86 
3a 2da 438 f1c f1d 
1a8 145 44c 70c 712 
11e 365 381 adf ae1 
3c0 3f 3c3 c23 f34 
16f 37e 31b 8f9 8fe 
3a 2da 439 f1a f1c 
3c 43e 2ce f26 f28 
1a8 145 44d 70a 70c 
11e 365 382 ae1 ae4 
3f1 1 3a5 b9f e1f 
43 43d 2cb f49 f4b 
1ab 360 31e 6f1 6f2 
3c 43e 2d1 f24 f26 
16f 380 31b 8fe 900 
5d 2d1 42e ff0 ff5 
bb 39a 39b cfa cfb 
3f 3c6 3c0 f38 12d3 
18a 344 35f 81d 10ee 
2a 3c4 3cf eaf f83 
2e6 132 3ba 129c 129d 
35 3dd 39e ef3 efa 
3b 3e1 390 f21 f23 
4c 37f 3e1 f87 f89 
71 394 3c4 1057 1058 
35 39f 3dd ef4 efa 
39 2dd 43c f0e f12 
1ee 167 41d 43c 43d 
5 39f 3f6 e2e e2f 
23 3e5 3a3 e94 10ae 
39 2dd 43d f12 f17 
4b 3c4 3bd f82 1055 
1ac 336 359 6e3 6e4 
219 1a0 3ee 239 23f 
1ac 337 359 6e4 6e7 
189 363 347 821 828 
132 3bf 2e6 a80 129c 
219 3f0 19e 23a 240 
35c 1ab 335 6de 121f 
193 34b 35d 7b5 7b6 
189 364 347 81e 821 
3c 447 2ce f28 f29 
47 3af 3d1 f56 f5a 
219 3f0 1a0 239 23a 
1f8 336 335 3ce 3cf 
1ac 35c 335 6de 6df 
132 3ca 2d3 a75 a76 
32 395 3e9 edf fa3 
193 34b 35e 7b4 7b5 
187 377 325 838 839 
32 396 3e9 edd edf 
47 3b1 3d1 f5a f5b 
5d 2d1 436 ff5 ff7 
1ac 35c 337 6df 6e1 
18a 353 35f 819 81d 
153 33b 388 99e 99f 
3f 3d0 3c0 f37 f38 
228 332 314 155 113d 
228 332 315 152 155 
3f 3d1 3c0 f34 f37 
46 447 2cd f53 f54 
1ee 40c 19c 438 11bd 
16f 380 333 900 903 
11e 381 382 ae0 ae1 
55 426 302 fbd 107a 
20 3ef 3a6 e8b 10aa 
3f 3c3 3d1 f34 f58 
4b 3ce 3bd f79 f7a 
b3 2c8 415 d31 d32 
3f 3d0 3c6 f38 12de 
4b 3cf 3bd f7a f82 
3bc 71 3bd 8f1 1054 
64 3d9 392 1019 108b 
4a 3cc 3c8 f77 10a7 
3d4 31 3d2 cc4 ed9 
54 301 42b fbc 1076 
193 35e 35d 7b1 7b5 
3e0 a 3e1 d5d e42 
39 43c 2fb f0c fc0 
47 3d1 3c3 f56 f58 
5c 436 2e4 fe9 feb 
1ab 35c 34a 6f0 121f 
3c5 5c 3c6 d14 fe7 
31 3d2 3d5 ed9 edb 
4b 3cf 3c4 f82 f83 
5c 436 2e5 feb 10c7 
20 3a6 3f4 e8b e8d 
5d 2e5 436 ff7 10c7 
31 3d5 3d4 ed9 eda 
b5 3a7 3aa d2a d2b 
39 2ff 43c f0c f0e 
4c 37c 3f4 f86 f8b 
35 39e 3ef ef3 ef8 
3f 3d0 3d1 f36 f37 
3e5 1 3e6 9dd e1e 
b3 2d5 415 d32 d35 
427 13 352 ecc f97 
22b 1c5 3e2 12f 131 
189 363 364 820 821 
3a2 23 3f8 d64 e97 
71 3c4 3bc 1054 1058 
23 3a3 3f8 e94 e97 
26 3da 3db e9d 1224 
71 3bd 3c4 1054 1055 
4b 3ce 3cf f7a f7b 
54 30d 42b fba fbc 
22b 3e4 1c5 12f 133 
fe 370 3a5 ba0 ba2 
1 3a5 409 e1f 1050 
d0 447 25b ca3 ca6 
52 395 3e9 fa3 fa4 
370 68 3f1 b9e 1030 
1be 376 311 62f 633 
312 1be 376 368 62f 
3cd 3c6 5c d13 fe6 
53 3ec 391 fb0 fb5 
6c 2d2 440 104b 104c 
1ee 167 435 43d 441 
53 407 35e fb4 1017 
4c 3e1 3b4 f87 f8c 
6c 2d6 440 1045 104b 
7e 392 3d9 108a 108b 
38f 3fc 3b 10b4 10b5 
422 2e 351 106b 10b0 
1ee 19c 41d 438 43c 
53 385 3f6 fad fb3 
3e2 1d 3e3 5ff e7e 
3e 3fc 38f f30 10b5 
1ab 360 35c 6f2 6f3 
55 43c 2fb fc0 10be 
7a 302 426 1079 107a 
1 3f1 3e6 e1c e1d 
3b 38f 400 f1f 10b4 
3e6 1 3f2 125 e1c 
3b 400 390 f1f f21 
3d3 25 3ea cc7 e99 
3dd 5 3f6 cb2 e2f 
2f 427 352 ecc ed2 
55 302 43c fbd 10be 
204 326 353 346 347 
153 36d 388 99c 99e 
64 407 35e 1017 1018 
219 1fc 3de 233 234 
204 353 327 345 347 
7a 301 42b 1076 107d 
204 353 328 344 345 
19d 32d 384 761 767 
7a 42b 302 1079 107d 
3f2 1 3f1 db0 e1c 
53 3ec 3ab fac fb0 
31 3e9 3d4 eda 1073 
e 3fe 3ce e4d f7d 
31 3d5 3e9 eda edc 
7e 3a8 3d9 1085 108a 
32 3d5 3e9 edc edd 
1bb 381 31d 65a 663 
150 39a 357 9ae 1279 
39a 150 358 1278 1279 
11e 3ad 365 ae3 ae4 
52 395 3fb fa4 faa 
70 3e5 3a3 10ae 10af 
19d 339 384 767 76a 
e 3cc 402 e4f 10a6 
382 1f 41f ae2 e88 
e 3ce 402 e4d e4f 
3fd a 3e0 cc1 e41 
2a 403 3b5 eb1 eb3 
3eb 38 3d8 d37 f0a 
2a 403 3b6 eb3 f32 
a7 396 3d5 d66 d69 
1bb 388 31d 659 65a 
38 3d8 3ec f0a f0b 
4c 3b4 3f4 f8b f8c 
428 2f 36a bd8 ecf 
19d 384 345 769 76a 
193 34b 386 7b6 7bb 
a 3e0 400 e41 e42 
53 3ab 3f6 fac fad 
a 3e1 400 e42 f22 
3e 3b6 3fc f30 f31 
16f 380 37e 8fd 8fe 
210 227 3db 1144 1145 
3f7 26 3da d24 e9d 
2b 413 39d eb5 ebb 
3db 26 3f7 15f e9d 
4f 352 427 f97 f9d 
3ef 35 3dd 75c ef3 
52 3a8 3fb faa 1088 
219 3ee 1fc 233 23f 
3f9 2c 3d3 cc2 ebe 
53 391 407 fb4 fb5 
3d2 31 3f8 48b edb 
a7 3a2 3d5 d65 d66 
34 38d 41a 10ca 10cb 
3f8 31 3d5 d63 edb 
3f4 20 3ef 3a5 e8b 
3f8 23 3e5 492 e94 
17a 3d7 2d0 89a 8a3 
1 409 3e5 e1e 127d 
30 3aa 40f ed7 12e0 
3be bd 3bf 40a cf0 
1 409 3e6 e1d e1e 
1a1 3bb 2e3 742 743 
11e 382 3ad ade ae4 
b3 439 2d5 d34 d35 
3e 3b6 403 f31 f32 
3ec 38 3eb 1c f0a 
193 35d 386 7b2 7b6 
68 3f1 3b3 1030 1031 
201 312 376 368 369 
2a 3cf 403 eb1 f7f 
68 3b3 3f3 102f 1031 
239 344 341 5d 60 
17a 2db 3d7 8a1 8a3 
1 3f1 409 e1d e1f 
64 407 392 1018 1019 
3d9 7e 3d6 b64 1086 
201 31a 376 369 36d 
400 a 3fd ce9 e41 
1f 3ac 41f e87 e88 
3ff e 3fe b79 e4b 
3c5 b9 3c6 cad d14 
2e 422 398 ec6 10b0 
406 1d 3e2 d74 e81 
425 38e 34 d3a eef 
23a 447 145 44 4b 
bd 3c9 3be cf0 1135 
78 422 351 106b 106e 
de 3b8 3bc c45 c46 
bd 3bf 3c9 cf0 cf1 
2e 398 424 ec6 ec9 
3bf bd 3ca a7c cf1 
e 3fe 402 e4b e4d 
e 402 3ff e4b f70 
3c2 ce 3c0 c1b caf 
de 3b8 3be c46 125f 
2 404 406 e21 12e5 
2e 39c 424 ec9 f09 
3e1 4c 3f4 d60 f8c 
4b 3ce 3fe f7c f7d 
361 321 232 1105 110e 
de 3be 3bc c46 125d 
23a 145 44c 45 4c 
3c8 bd 3c9 145 12da 
441 365 30 12a6 12a7 
ce 3c5 3c0 cae caf 
40d 63 39b d03 1016 
23a 145 44d 4c 50 
401 18 3ff bfc e64 
b9 3cd 3c6 d12 d13 
3ca bd 3c8 12d9 12da 
3c5 ce 3c2 873 caf 
ce 3c0 3c6 cae 12d3 
bd 3ca 3c9 cf1 12da 
4a 402 3cc 109b 10a6 
37 424 39c f04 f09 
3f0 42 3f5 23b f41 
3db 61 3f0 74d 1002 
3b 400 3e1 f21 f22 
7e 3fb 3a8 1085 1088 
3e8 79 3d4 c87 1072 
2f 427 3a0 ed2 ed3 
3d8 38 407 b59 f0b 
23c 34b 34c 29 2b 
ce 3c5 3c6 cad cae 
2f 3a0 428 ecf ed3 
4b 3ce 403 f7b f7c 
79 3d4 3e9 1072 1073 
4b 403 3cf f7b f7f 
39a 50 41c cf7 f9f 
239 341 355 5f 60 
1bb 367 381 65b 664 
70 3a3 409 1052 10af 
e4 3c1 3c0 c1c c1e 
63 40d 3a9 1014 1016 
239 355 344 56 60 
70 3a5 409 1050 1052 
38d 66 41a 10ca 12f1 
e4 3c2 3c0 c1b c1c 
3c2 e4 3c1 90f c1c 
3b9 101 3b7 912 b8c 
e4 3c3 3c0 c1e c23 
2b 39d 431 eb5 eb9 
3f6 53 3ec 19 fac 
e4 3c1 3c3 c1e c1f 
1f 431 3ac e87 eb8 
40b f 40a b3f e50 
3fb 52 3e9 cdb fa4 
f 40a 40c e50 e51 
1bb 367 388 655 65b 
40c f 40b d99 e50 
38 407 3ec f0b 12d6 
3e9 79 3e8 cd7 1072 
3ea 58 3fa c8b fcd 
42b 54 38c d46 fba 
36a 47 443 bda f5f 
3fc 3b 400 cec 10b4 
239 35f 341 5c 5d 
a7 3a2 3f8 d64 d65 
2b 431 3ac eb8 eb9 
239 35f 344 5d 10ee 
3ed 62 3f7 d1f 100d 
17a 3fa 2d0 899 89a 
4f 427 3a1 f95 f9d 
68 3f1 3f3 1031 12b9 
c8 3d2 3d3 cc3 cc5 
3e 403 3fc f31 f81 
c8 3d4 3d2 cc4 cc5 
23c 35e 34b 2a 2b 
c8 3d4 3d3 cc5 cc8 
3fe 4b 3fc ce7 f80 
23c 35e 34c 2b 2c 
34 442 38d eeb 10cb 
22c 334 373 123 112a 
2b 43f 39d ebb f00 
34 38e 442 eeb eef 
3e0 a9 3de cb8 d5e 
22c 334 374 120 123 
a9 3de 3e1 d5e d61 
3d6 7e 3fb cd9 1086 
407 64 3d9 b5b 1019 
a9 3e0 3e1 d5d d5e 
1bb 388 381 65a 65b 
14 413 412 e5d e5e 
3f5 84 3df cbb 1096 
4a 3ff 402 f6c f70 
4b 3fc 403 f80 f81 
53 3ec 407 fb5 12d6 
7e 3d9 3fb 1085 1086 
3b7 101 3cb 90d b8c 
412 14 414 ab7 e5d 
14 414 413 e5d 12c4 
4b 3fe 403 f7c f80 
3cb 101 3b9 908 b8c 
fe 370 3f1 b9e ba0 
3df 6f 401 bf7 10dd 
37 39c 43f f04 f05 
37 43f 39d f00 f05 
78 422 397 106e 10bc 
50 435 39a f9f fa0 
f 40a 41e e51 e71 
41e f 40c 776 e51 
66 432 38d 12f1 12f2 
233 361 362 bc c2 
30 441 3aa ed7 12a6 
3e3 88 3f9 95c df3 
cb 3dd 3da cb3 1226 
3c6 42d 3f 12dd 12de 
b2 3eb 3d8 d37 d38 
227 284 3db 15c 1147 
435 50 3a7 d26 fa0 
1b 40a 41e e71 e72 
67 3f2 404 1023 1025 
3f2 67 405 b1a 1025 
3f 42a 3d0 f36 f39 
3ed b2 3d8 b67 d38 
3f 42a 3d1 f35 f36 
17a 2db 408 8a0 8a1 
389 232 321 110d 110e 
3eb b6 3da 13 d25 
3d6 9c 3fa 897 c80 
ca 3df 3de cb6 cbc 
c1 3d6 3e8 cd6 12c9 
6a 408 3ed 103c 12b2 
70 3e5 409 10af 127d 
3e0 c9 3df bf5 cb5 
ca 3de 3e0 cb6 cb8 
27b 18d 430 123e 123f 
ca 3df 3e0 cb5 cb6 
3f 42d 3d0 f39 12de 
3bf 132 3ba 404 129c 
95 3f2 3f1 db0 db1 
a7 3f8 3d5 d63 d65 
95 3f3 3f1 db1 12b9 
95 3f3 3f2 daf db1 
3de a9 3f4 39a d61 
c8 3d3 3ea cc7 cc8 
3d4 c8 3ea c84 cc8 
bb 40d 39b d03 d04 
63 3a9 432 1014 1020 
a9 3e1 3f4 d60 d61 
66 3a9 432 1020 12f2 
67 405 404 1025 12ab 
3eb b2 3ed d1d d38 
233 372 361 bc 1104 
4f 397 449 f9c 10bd 
233 362 372 bc 1108 
d5 3d4 3e8 c85 c87 
b5 40f 3a7 d27 d2b 
d5 3e8 3d6 c81 12c9 
c1 3e9 3e8 cd7 cd8 
b6 3eb 3ed d1d d20 
47 3ae 443 f5d f5f 
415 41 412 ab1 f40 
d5 3d4 3ea c84 c85 
b5 40f 3aa d2b 12e0 
23c 34c 37b 22 2c 
b6 3f7 3da d24 d25 
47 3b1 443 f5b f5d 
22c 334 390 11f 120 
40a 12 433 b43 e59 
4f 3a1 449 f95 f9c 
132 3ca 3bf a76 a7c 
fe 3f1 3a5 b9f ba0 
b0 425 38c d47 12e1 
3a5 228 314 113c 113d 
22c 373 374 123 112c 
431 14 412 abc e5e 
e9 3e0 3df bf5 bf8 
b0 38e 425 d3a 12e1 
14 413 431 e5e eb4 
3f9 c8 3d2 95a cc3 
c8 3f9 3d3 cc2 cc3 
c1 3fb 3d6 cd6 cd9 
bb 39a 41c cf7 cfa 
23c 37a 35e 27 28 
3d7 10a 3d6 89b b6c 
433 12 416 b3d e55 
bb 39b 41c cfa d04 
c 42a 42c e43 10a4 
b6 3eb 3f7 d20 d25 
23c 37b 35e 28 2c 
3d6 10a 3d8 b5d b6c 
c 42d 42a e43 f3a 
3da cb 3f6 e cb3 
405 a5 3e2 132 d75 
10b 3d6 3d8 b5d b61 
10a 3d7 3d8 b6b b6c 
d5 3e8 3ea c85 c8a 
b6 3ed 3f7 d1f d20 
3f5 ca 3de 231 cbc 
16b 3b7 3b8 914 915 
411 19 434 926 e68 
42c c 42d d0b e43 
b0 42b 38c d46 d47 
10b 3d6 3d9 b61 b64 
ca 3f5 3df cbb cbc 
a5 406 3e2 d74 d75 
16b 3b9 3b7 912 915 
cb 3dd 3f6 cb2 cb3 
16b 3b9 3b8 915 125e 
10b 3d8 3d9 b5c b61 
5c 436 3cd d10 fe9 
2e 423 422 ec5 106a 
3f 3d1 443 f35 f59 
2e 422 424 ec5 ec6 
227 3f7 284 164 1147 
2e 424 423 ec5 1000 
3bb 16d 3b9 570 909 
59 416 417 fd7 1284 
185 43d 29f 851 852 
47 3d1 443 f59 f5b 
d5 3fa 3d6 c80 c81 
c1 3e8 3fb cd6 cd8 
3b8 16b 3be 125e 125f 
3b9 16b 3be 578 125e 
41f 1f 431 7e1 e87 
c1 3e9 3fb cd8 cdb 
2b 413 431 eb4 eb5 
78 449 397 10bc 10bd 
3fd c9 3e0 bfa cc1 
3a5 228 332 113d 113e 
361 232 389 ba 110e 
16c 3b7 3c1 911 11f6 
43f 14 413 ebc 12c4 
233 361 389 ba 1104 
170 3bc 3bd 8f1 125c 
2f 428 427 ecd ed3 
429 2d 427 ece 10ef 
414 43f 14 12c4 12c5 
16c 3b7 3c2 90e 911 
ed 428 36a bd8 bd9 
2f 427 429 ecd ece 
3be 170 3bc 125c 125d 
3be 170 3bd 140 125c 
421 8 440 ad9 e3b 
2f 429 428 ecd ed1 
42a 2f 428 bdb ed1 
23c 37b 37a 25 28 
2f 429 42a ed1 1062 
16c 3c2 3c1 90f 911 
d5 3fa 3e8 c81 c8a 
412 41 430 aba f40 
d5 3fa 3ea c8a c8b 
405 404 a5 12ab 12e6 
be 3fd 3fc ceb ced 
406 a5 404 12e5 12e6 
16d 3bb 3c7 90b 90c 
be 3fe 3fc ce7 ceb 
a5 406 405 d75 12e6 
41 415 430 f3f f40 
3fe be 3fd 8e9 ceb 
372 233 389 1103 1104 
16c 3b7 3cb 90d 90e 
434 33 41e c96 ee3 
be 3fc 400 cec ced 
be 400 3fd ce9 ced 
16d 3cb 3b9 908 909 
10a 3ed 3d8 b67 b68 
2b 413 43f ebb ebc 
16d 3c2 3c7 907 124d 
16d 3cb 3bb 909 90c 
22c 390 374 11e 120 
40f 30 441 d54 ed7 
9e 40c 40b d99 d9a 
e9 3fd 3e0 bfa bfb 
9e 40d 40b d9a d9e 
3f 42a 42d f39 f3a 
3c2 16c 3cb 906 90e 
40c 9e 40d cf8 d9a 
16d 3c2 3cb 906 907 
b5 435 3a7 d26 d27 
16d 3c7 3cb 907 90c 
e9 3df 401 bf7 bf8 
e9 3e0 401 bf8 bfb 
60 423 424 fff 1000 
305 36f 2e9 e05 fda 
181 3c5 3c2 873 874 
306 36f 2e9 dd1 e05 
430 4e 421 7ef f8e 
37 43a 424 f02 12c6 
43 417 43b f48 1289 
181 3c7 3c2 874 124d 
442 34 41a ac9 10cb 
181 3c5 3c7 874 878 
432 63 40d d9d 1014 
43 43d 417 f48 f49 
41c 50 435 442 f9f 
2f6 309 36c e0a efd 
30a 2f6 36c e0a 1028 
b9 3c6 42d d12 12dd 
37 424 43f f02 f04 
40f ac 410 9d2 d55 
425 34 442 acd eef 
ed 443 36a bd9 bda 
11e 41f 382 ade ae2 
2d 445 427 ec3 10ef 
41b 9e 40b b3b d9c 
b9 3cd 42d d0f d12 
78 423 422 106a 10d4 
445 429 2d 10ef 10f0 
bb 40c 40d cf8 cfe 
305 2ea 379 e09 fe0 
379 2ea 307 e09 ea1 
3fd e9 3ff 8ea bfd 
41a 66 432 b4d 12f1 
438 3a 439 c7a f1c 
2a2 2b8 3c5 e13 ea5 
2d 427 449 ec3 f99 
3c 42e 43e f24 10b2 
e9 3fd 401 bfb bfd 
e9 401 3ff bfc bfd 
42e 5e 42f db7 10b3 
443 3f 42a bdf f35 
43f 37 43a c31 f02 
39 43d 43c f12 1240 
72 429 42a 1062 10a5 
10b 3d8 407 b59 b5c 
10a 408 3d7 b6b 1258 
60 437 423 ffd ffe 
10b 407 3d9 b5b b5c 
10a 408 3d8 b68 b6b 
b9 436 3cd d0f d10 
429 72 42c db2 10a5 
55 43c 426 fbd 12e7 
72 42a 42c 10a4 10a5 
426 7a 42b d44 1079 
43b 43 43c d8d f4c 
436 5d 42e d0d ff5 
60 423 43a ffd fff 
14a 3e4 3e5 9db 9de 
43 43b 43d f48 f4c 
60 424 43a fff 12c6 
43 43c 43d f4c 1240 
3e4 14a 3e6 12e 9de 
ac 41f 410 d53 d56 
14a 3e5 3e6 9dd 9de 
3e7 14a 3e4 5f9 9db 
410 ac 420 adc d53 
14a 3e5 3e7 9db 11d1 
440 6c 411 bab 1045 
1d1 3ba 3b9 571 579 
17a 3d6 3d7 898 89b 
bb 40c 41c cfe 11be 
3e7 160 3d2 489 95e 
1d1 3bb 3b9 570 571 
3ff 104 3fe 8df b79 
bb 41c 40d cfe d04 
1d1 3bb 3ba 571 11ec 
2d 449 445 ec3 ec4 
284 2ca 3db 100a 1146 
11e 365 441 ae3 12a7 
1d1 3b9 3be 578 579 
3ba 1d1 3be 412 579 
419 a2 426 ac6 d8a 
10a 3ed 408 b68 12b2 
44b 2d 445 66 ec4 
3c 43e 447 f28 12cf 
4f 449 427 f95 f99 
5e 42e 43e 10b2 10b3 
3b7 1cf 3c1 11f5 11f6 
11e 41f 3ad add ade 
5e 43e 42f ff8 10b3 
2a2 3c5 2de e13 fec 
420 ac 41f 7dc d53 
43a 60 437 c77 ffd 
447 46 438 47 f54 
2d 449 44b ec4 12ae 
9e 40b 432 d9c d9e 
9e 432 40d d9d d9e 
160 3e3 3e7 95d 1202 
3f2 116 405 12b b1a 
308 2f7 38a e1a 107f 
42f 5e 444 6c ff8 
94 429 42c db2 db3 
2f7 30b 38a e1a fb6 
60 44a 423 ffe 106d 
437 73 438 c75 1065 
429 94 42f 68 db3 
42e 94 42c d08 db5 
432 9e 41b b4f d9c 
94 42f 42c db3 db5 
94 42f 42e db5 db7 
426 b0 425 acb d45 
160 3f9 3d2 95a 95e 
5e 444 43e ff8 ff9 
78 422 446 1070 10d4 
1f1 3be 3ba 40b 412 
446 78 423 10d4 10d5 
40f fc 40e 933 baa 
1f1 3bf 3ba 404 40b 
fc 40e 410 baa 1265 
5e 447 43e ff9 12cf 
410 fc 40f 9d1 baa 
d2 41d 41e c97 122a 
b0 425 42b d45 d47 
60 44a 437 ffc ffe 
b0 426 42b d44 d45 
78 449 422 1070 10bc 
411 40e fc 1264 1265 
1f1 3be 3bf 40a 40b 
410 fb 411 ba9 12a4 
435 b5 40f 938 d27 
fc 410 411 ba9 1265 
10f 40b 40a b3f b40 
78 44a 423 106d 10d5 
444 5e 447 43 ff9 
3da 1a0 3db 1223 1224 
a2 43b 419 d8a 1287 
60 437 44d ffc 12f0 
3da 3dc 1a0 1223 1225 
1a0 3db 3dc 74e 1223 
3dd 1a0 3da 1225 1226 
160 3e3 3f9 95c 95d 
1a0 3dc 3dd 753 1225 
28a 2c4 3f5 dfd f46 
160 3e7 3f9 95d 95e 
44c 5e 444 42 6e 
439 b3 415 aaf d35 
73 448 437 1065 1066 
448 438 73 4e 1065 
2c9 3f7 284 e0f 100f 
284 3f7 2ca e0f 1146 
ac 40f 441 d54 d55 
ac 410 441 d55 d56 
a2 426 43b d8a 12e8 
b9 42c 42d d0b d0c 
426 a2 43c 12e7 12e8 
b9 42e 42c d08 d0c 
b9 42e 42d d0c d0e 
17a 3d6 3fa 897 898 
44d 60 44a a4e ffc 
73 44d 437 1066 12f0 
17a 3d7 3fa 898 89a 
28a 3f5 2d4 dfd 1097 
11e 3ad 441 add ae3 
41f ac 441 ae6 d56 
10f 41b 40b b3b b3c 
78 446 449 1070 1071 
b9 436 42d d0e d0f 
78 446 44a 1071 10d5 
b9 436 42e d0d d0e 
2b0 3ed 2c9 e02 100e 
73 44d 448 51 1066 
44a 78 449 b20 1071 
a2 43b 43c d8d 12e8 
434 d2 41d 922 c97 
1a0 3ee 3dc 74f 750 
419 10e 418 a03 b49 
d2 434 41e c96 c97 
1a0 3dc 3ef 74f 753 
3ef 19f 3dd 752 75c 
10e 418 41a b49 b4e 
1a0 3db 3f0 74d 74e 
1a0 3ef 3dd 752 753 
41b 10f 416 9fd b3e 
41a 10e 419 ac7 b49 
1a0 3dc 3f0 74e 750 
418 10e 41b 9ff b4e 
414 d7 439 aab c74 
10e 41b 41a b4e b50 
43a d7 414 c2d c74 
17a 3d7 408 8a1 1258 
127 414 412 ab2 ab7 
229 3be 3bd 140 141 
127 415 412 ab1 ab2 
127 414 415 ab0 ab2 
2b0 2dc 3ed e02 1043 
ed 42a 428 bdb bdc 
171 3fd 3fe 8e0 8e9 
e2 43a 414 c2d c2f 
3ef 1a0 3ee 3a3 74f 
171 3ff 3fd 8e0 8ea 
1c5 3e2 3e3 5ff 600 
171 3ff 3fe 8df 8e0 
3ee 1a0 3f0 239 750 
3e2 1c5 3e4 12f 600 
11f 420 410 adb adc 
1c5 3e4 3e3 600 1201 
123 41a 419 ac7 aca 
11f 421 410 ada adb 
e2 43f 414 c2f 12c5 
229 3bd 3c8 149 14a 
3e3 1c5 3e7 1201 1202 
1c5 3e7 3e4 5f9 1201 
125 412 420 abb abd 
229 3c9 3bd 141 14a 
229 3be 3c9 141 1135 
14b 410 40f 9d1 9d2 
d7 437 438 c75 c76 
10f 433 40a b40 b43 
10f 433 40b b3c b40 
d7 437 439 c76 c78 
421 11f 420 ab8 adb 
d7 439 438 c76 c7a 
d7 43a 437 c77 c78 
229 3c8 3c9 145 14a 
d7 439 43a c74 c78 
123 419 425 acc ace 
1e7 3e7 3d2 489 48c 
125 421 420 ab8 ab9 
29c 2db 408 e11 e2b 
417 143 416 1284 1285 
123 419 426 ac6 acc 
29c 408 2dc e11 103d 
143 418 416 9fe 1285 
417 143 418 1285 1288 
10f 433 416 b3d b3e 
440 410 fb 12a4 12a5 
10e 41a 432 b4d b50 
fb 440 411 bab 12a4 
143 419 418 a03 1286 
10e 432 41b b4f b50 
44c ab 44b 62 71a 
143 41b 416 9fd 9fe 
10f 41b 433 b3c b3e 
143 41b 418 9fe 9ff 
167 40f 40e 933 934 
123 426 425 acb acc 
125 412 430 aba abb 
169 411 40e 927 1264 
125 431 412 abc abd 
e2 43a 43f c2f c31 
3e7 1e7 3e5 11d1 11d2 
ed 428 443 bd9 bdc 
ed 42a 443 bdc bdf 
27b 2c7 430 f8f 10b7 
2c8 27b 430 10b6 10b7 
125 430 420 ab9 abb 
421 125 430 7ee ab9 
431 125 420 7df abd 
1e7 3d2 3f8 48b 48c 
127 414 439 aab ab0 
127 439 415 aaf ab0 
41d 167 40e 920 932 
11f 410 440 ada 12a5 
169 41d 40e 920 923 
3de 1fc 3ee 233 39b 
2cd 25b 447 e15 f53 
447 25b 2ce e15 f29 
1e7 3f8 3e5 492 11d2 
1e7 3e7 3f8 48c 11d2 
11e 441 41f add ae6 
123 442 419 aca ace 
11f 421 440 ad9 ada 
123 442 41a ac9 aca 
1fc 3de 3f4 39a 39b 
1fc 3ef 3ee 3a3 3a6 
123 425 442 acd ace 
417 143 43b 1288 1289 
43b 418 143 1286 1288 
1fc 3ee 3f4 39b 3a6 
43b 143 419 1286 1287 
219 3ee 3de 232 233 
1fc 3f4 3ef 3a5 3a6 
22b 3e2 3e4 12f 130 
299 2cd 438 e04 f52 
22b 3e4 3e6 12e 134 
169 434 40e 923 927 
167 40e 435 932 934 
167 40f 435 934 938 
219 3f5 3de 231 232 
41d 19c 40c 438 1229 
169 411 434 926 927 
299 438 2da e04 f1d 
19c 41e 40c 776 1229 
29f 2cb 43d e1b f4b 
219 3ee 3f0 239 23c 
23d 3eb 3da 13 14 
18e 420 41f 7dc 7dd 
435 167 41d 43d 932 
169 434 41d 922 923 
227 3db 3f7 15f 1147 
219 3f5 3ee 232 23c 
115 44a 449 b20 b21 
219 3f0 3f5 23b 23c 
115 44b 449 b21 12ae 
22b 3e6 3f2 125 12c 
44a 115 44b 715 b21 
41d 19c 41e 1229 122a 
29f 43d 2dd e1b f17 
23d 3ec 3eb 1c 1d 
23d 3da 3f6 e 14 
18d 421 430 7ee 7ef 
18e 431 41f 7dd 7e1 
18e 420 431 7dd 7df 
23d 3eb 3f6 14 1d 
23d 3f6 3ec 19 1d 
22b 3e2 405 130 132 
22b 405 3e4 130 134 
22b 3e6 405 12c 134 
44d 13a 44a 710 a4e 
22b 3f2 405 12b 12c 
44d 145 44c 4c 70c 
1ee 41c 40c 439 11be 
1ee 41d 40c 438 439 
1ee 41d 41c 439 440 
3db 284 3f7 1146 1147 
43c 2ff 2fb f0c 10bf 
1ee 435 41c 440 442 
1ee 435 41d 43d 440 
302 43c 2fb 10be 10bf 
1a8 44a 44b 715 718 
1a8 44c 44a 711 718 
1a8 44c 44b 718 71a 
1a8 44d 44a 710 711 
1a8 44c 44d 70c 711 
394 3c4 37e e01 1057 
36e 3af 3c3 e14 f55 
36e 3c3 3b0 e14 e6f 
3a4 37e 3c4 e01 eac 
3c1 3b0 383 e6c 10ad 
3b2 3c1 383 10ac 10ad 
238 429 42f 68 12f8 
39e 3ef 346 ef8 10ab 
3ef 3a6 346 10aa 10ab 
390 3e1 37f e0b f23 
238 444 429 12f7 12f8 
445 429 238 10f0 12f7 
238 42f 444 6c 12f8 
3b4 37f 3e1 e0b f87 
3f1 3a5 370 ba0 e08 
407 35e 391 e18 fb4 
407 392 35e e18 1018 
23a 447 438 47 4d 
23a 448 438 4d 4e 
3b3 370 3f1 e08 1030 
238 444 445 6d 12f7 
3f4 3a6 37c e17 e8d 
23a 444 447 43 48 
23a 444 448 48 49 
385 39f 3f6 e12 e2e 
23a 448 447 48 4d 
238 44b 445 66 67 
238 44c 444 6d 6e 
238 44c 445 67 6d 
23a 44c 444 42 49 
3f4 37c 3b4 e17 f8b 
23a 44c 448 49 4f 
238 44c 44b 62 67 
23a 44d 448 4f 51 
385 3f6 3ab e12 fad 
23a 44d 44c 4c 4f 
422 351 397 106e 10b1 
422 398 351 10b0 10b1 
427 3a0 352 e03 ed2 
3a1 427 352 e03 f9d 
3a0 428 36a e06 ecf 
3ae 36a 428 e06 e07 
41f 3ac 382 e0d e88 
382 41f 3ad ade e0d 
441 365 3aa e10 12a6 
3ad 441 365 ae3 e10 
36a 443 3ae e07 f5f 
3cd 42d 3c6 d12 e0e 
3c6 3d0 42d e0e 12de 
428 36a 443 bd9 e07 
44a 423 437 e0c ffe 
44a 446 423 e0c 10d5 
44a 437 446 e0c e16 
44a 448 437 e00 e16 
448 44d 437 e00 1066 
44a 437 44d e00 ffc 
44a 445 449 dfe dff 
44a 449 446 dfe 1071 
449 44b 445 dff ec4 
44b 44a 449 b21 dff 

))
(13 (5 23e6 2425 a 3)(
2b8 3c7 2b9 eaa 0 
2b7 2b6 3cc 109a 0 
2b9 3bb 2e3 e29 0 
2d3 3ca 2b6 e3f 0 
2de 3c5 2b8 e13 0 
3bf 2d3 2e6 a80 0 
3ba 2e6 2e3 e49 0 
2de 2e4 3cd fe8 0 
3c7 3bb 2b9 e27 0 
3c5 3c7 2b8 ea6 0 
2b6 3ca 3c8 e3e 0 
2e3 3bb 3ba e46 0 
2b6 3c8 3cc f77 0 
2e6 3ba 3bf 129c 0 
3bf 3ca 2d3 a76 0 
3c6 3c5 2de fe7 0 
3cd 3c6 2de fe6 0 
393 3b8 399 e38 0 
393 394 3bc e39 0 
3b2 399 3b7 f68 0 
3a4 3c4 394 e01 0 
399 3b8 3b7 f64 0 
3bc 3b8 393 e36 0 
394 3c4 3bc 1058 0 
3b8 3b9 3b7 915 0 
3b2 3c1 3b0 10ad 0 
3af 3b0 3c3 e14 0 
3bb 3b9 3ba 571 0 
3c1 3b2 3b7 e92 0 
3b8 3be 3b9 125e 0 
3ba 3b9 3be 579 0 
3be 3b8 3bc c46 0 
3be 3bc 3bd 125c 0 
3be 3bf 3ba 40b 0 
3c3 3b0 3c1 e6d 0 
3cf 3a4 3b5 eb0 0 
3b7 3c2 3c1 911 0 
3c4 3bd 3bc 1054 0 
3af 3d1 3b1 f5a 0 
3c1 3c2 3c0 c1c 0 
3b7 3b9 3cb b8c 0 
3c4 3a4 3cf eaf 0 
3c1 3c0 3c3 c1e 0 
3cb 3b9 3bb 909 0 
3c5 3c0 3c2 caf 0 
3bd 3c9 3be 141 0 
3cb 3c2 3b7 90e 0 
3be 3c9 3bf cf0 0 
3c0 3c5 3c6 cae 0 
3c3 3d1 3af f56 0 
3c2 3c7 3c5 874 0 
3bd 3c8 3c9 14a 0 
3cb 3bb 3c7 90c 0 
3c9 3ca 3bf cf1 0 
3cb 3c7 3c2 907 0 
3cf 3bd 3c4 f82 0 
3bd 3ce 3c8 e4c 0 
3c3 3c0 3d1 f34 0 
3ca 3c9 3c8 12da 0 
3c0 3c6 3d0 f38 0 
3cf 3ce 3bd f7a 0 
3c8 3ce 3cc e4e 0 
3d1 3c0 3d0 f37 0 
3c6 3cd 3d0 e0e 0 

))
(13 (6 2426 2467 5 3)(
2c2 2bc 2ed fe3 0 
2bc 2bd 2f2 d7b 0 
2ec 2e2 2c2 c40 0 
2bd 2cf 2fa 1039 0 
2c2 2ed 2ec c3e 0 
2ed 2bc 2f2 fe1 0 
2e0 2e2 2ee fcc 0 
2f2 2bd 2fa 1037 0 
2ea 2eb 2e9 d96 0 
2ee 2e2 2ec fc7 0 
2ed 2eb 2ec f4d 0 
2e8 300 2cf 1098 0 
2ec 2ef 2ee fc6 0 
2e0 2fd 2df e19 0 
2eb 2f3 2e9 d94 0 
2fa 2cf 2f9 1033 0 
2ed 2f3 2eb 9ea 0 
2e1 2df 2ff f15 0 
2f1 2ef 2f0 dba 0 
2f3 2ed 2f2 10c5 0 
2e9 2f3 2f5 dd7 0 
2fd 2e0 2ee e79 0 
2cf 300 2f9 10d1 0 
2f7 2f1 2f0 1080 0 
2f3 2f4 2f5 170 0 
2eb 2ea 2fe 12b0 0 
2eb 2fe 2ec f4e 0 
2fb 2df 2fd f10 0 
2f2 2f8 2f3 e82 0 
2f5 2f4 2f6 1091 0 
2ef 2fc 2ee 1245 0 
2f0 2fe 2ea b07 0 
2f8 2f4 2f3 174 0 
2ec 2fe 2ef bca 0 
2fc 2ef 2f1 dbc 0 
2ff 2df 2fb f0f 0 
2ef 2fe 2f0 aff 0 
2e9 305 2ea fdb 0 
2f9 2f4 2f8 169 0 
2fa 2f8 2f2 e83 0 
2ee 2fc 2fd 85d 0 
2fb 2fc 2f1 fc1 0 
2fa 2f9 2f8 1035 0 
307 2f0 2ea 10c1 0 
2e9 2f5 306 dd2 0 
301 2f1 2f7 1077 0 
2fb 2f1 302 fbf 0 
303 2f6 2f4 12e9 0 
2fd 2fc 2fb 85a 0 
304 2f4 2f9 1024 0 
302 2f1 301 107b 0 
2f0 308 2f7 10d6 0 
305 2e9 306 e05 0 
305 307 2ea e09 0 
309 2f5 2f6 efe 0 
302 2ff 2fb 10bf 0 
303 2f4 304 da9 0 
304 2f9 300 1027 0 
2f0 307 308 fc4 0 
306 2f5 309 dd5 0 
303 30a 2f6 102a 0 
2f7 30b 301 fb8 0 
30a 309 2f6 e0a 0 
308 30b 2f7 e1a 0 
30c 30a 303 102c 0 
301 30b 30d fbb 0 

))
(13 (7 2468 27ff 3 3)(
23f 240 241 beb 0 
243 23f 242 de5 0 
244 245 246 aa8 0 
248 249 247 bb7 0 
24a 248 247 32b 0 
23f 259 240 bc2 0 
24d 24b 24c d90 0 
243 259 23f bbd 0 
24e 24b 24d bf1 0 
247 252 24a 329 0 
242 25b 243 12d1 0 
24b 259 243 bc4 0 
250 251 24f ccb 0 
24b 24e 259 4 0 
240 259 25a bc0 0 
253 254 255 2f8 0 
241 26a 23f bed 0 
23f 26a 242 f8d 0 
246 245 265 1234 0 
262 248 24a 9e4 0 
25a 259 24e a 0 
251 25e 24f 614 0 
256 257 258 dc9 0 
25c 253 255 79b 0 
269 24b 243 e62 0 
267 240 25a 96f 0 
25d 253 25c b52 0 
24c 24b 269 d93 0 
25e 25f 24f d79 0 
254 253 264 51a 0 
243 25b 269 c9f 0 
24a 263 262 509 0 
241 240 279 9b5 0 
265 266 246 7bf 0 
267 257 256 9bc 0 
24a 252 270 1c5 0 
260 25f 25e b0a 0 
264 263 254 519 0 
267 25a 257 9b9 0 
25e 261 260 b15 0 
242 26a 26b 6fa 0 
246 280 244 7c7 0 
270 263 24a 50d 0 
256 268 267 e8f 0 
254 263 270 300 0 
279 240 267 9b4 0 
25d 25c 275 b55 0 
271 270 252 1bd 0 
279 277 241 893 0 
26b 26a 26c 6f8 0 
288 255 254 2fa 0 
26d 26e 26f 55f 0 
276 25d 275 124e 0 
245 28b 265 339 0 
267 268 279 4e5 0 
278 275 25c 11b4 0 
247 249 29b bb5 0 
244 280 281 cac 0 
277 289 241 b56 0 
246 282 280 1238 0 
28b 251 265 608 0 
247 29a 252 5ea 0 
272 273 274 7a1 0 
242 299 25b f50 0 
256 28a 268 e8e 0 
287 244 281 ca9 0 
254 270 288 301 0 
25a 24e 296 10e4 0 
277 276 275 88d 0 
2a8 245 244 aa7 0 
249 298 261 bb1 0 
271 26d 27f 388 0 
257 25a 296 a5d 0 
2a2 24d 24c ea4 0 
26b 299 242 a46 0 
249 261 29b baf 0 
271 252 28f 1c8 0 
28d 273 255 318 0 
24e 24d 2a4 bf4 0 
274 27a 27b 7f3 0 
27d 26f 27c ee6 0 
272 27e 278 467 0 
241 29e 26a be9 0 
28c 28b 245 7fa 0 
29d 253 25d bd0 0 
26f 26e 287 565 0 
246 266 2a0 12c2 0 
279 268 286 4e3 0 
288 270 271 1d7 0 
261 298 260 b19 0 
253 29d 264 bd3 0 
25c 255 2a1 4f0 0 
2a9 251 250 ccc 0 
28d 255 288 51c 0 
27c 26f 287 55b 0 
28f 26e 26d 8c5 0 
286 276 277 da2 0 
268 285 286 11bb 0 
286 277 279 4db 0 
28f 26d 271 8c3 0 
258 2a7 256 dc7 0 
291 26d 26f 8bf 0 
277 275 289 1251 0 
278 289 275 895 0 
26c 294 26b 8a9 0 
27f 288 271 1db 0 
284 276 283 da1 0 
268 28a 285 f42 0 
283 276 286 da0 0 
241 289 29e 4fd 0 
290 272 274 7a6 0 
251 2ac 25e 612 0 
27e 289 278 896 0 
265 251 2a9 a31 0 
246 2a0 282 bef 0 
255 273 2a1 7a8 0 
26c 27e 290 7ad 0 
274 273 292 94d 0 
281 27c 287 12db 0 
291 26f 27d 547 0 
27f 26d 291 8bb 0 
290 274 27b abe 0 
290 27e 272 463 0 
258 257 2b1 dc3 0 
2c0 249 248 e9a 0 
296 24e 297 734 0 
292 27a 274 94e 0 
26a 29e 26c b75 0 
285 283 286 1003 0 
252 29a 28f 5f3 0 
278 25c 2a1 4f1 0 
2ac 261 25e 35f 0 
29b 29a 247 5e3 0 
24f 2bc 250 fe2 0 
28c 26e 28f de3 0 
260 2ad 25f e20 0 
2a8 244 287 d05 0 
265 2a9 266 a32 0 
27f 28d 288 79f 0 
28c 245 2a8 7fc 0 
292 273 28d 30f 0 
290 294 26c 8a7 0 
26c 29e 27e b72 0 
2a1 273 272 7a9 0 
27f 28e 28d 79e 0 
25f 2bd 24f d78 0 
278 2a1 272 45d 0 
262 2c1 248 fcf 0 
262 263 2b4 b6e 0 
2a4 297 24e bf2 0 
256 2a7 28a 10d9 0 
291 28e 27f aea 0 
2b4 263 264 b71 0 
25d 276 2af b53 0 
292 293 27a 951 0 
27b 294 290 ac0 0 
2ac 251 28b 60a 0 
295 291 27d 551 0 
2a2 24c 2a5 ff1 0 
29d 29c 264 103e 0 
28d 28e 292 5b0 0 
27e 29e 289 4f5 0 
287 26e 2a8 564 0 
292 28e 293 93a 0 
295 28e 291 555 0 
2a8 26e 28c de2 0 
293 28e 295 940 0 
28b 28c 29a 12bc 0 
250 2aa 2a9 c3c 0 
28f 29a 28c 5f0 0 
2b1 257 296 a61 0 
29b 261 2ac 357 0 
2d1 24c 269 ff3 0 
2af 276 284 163 0 
2af 29d 25d bd2 0 
29b 28b 29a bbb 0 
2b8 24d 2a2 ea7 0 
269 25b 2ce f27 0 
282 2a0 29f 84c 0 
2ae 2a0 266 129e 0 
2a4 24d 2b9 e26 0 
264 29c 2b4 e2a 0 
266 2a9 2ae aa4 0 
2b1 2b2 258 e63 0 
2ba 2a7 258 10a9 0 
2b9 24d 2b8 ea8 0 
297 2a6 296 f6a 0 
2bf 27c 281 e73 0 
281 280 2be e56 0 
2ac 28b 29b bba 0 
2c2 2aa 250 c44 0 
258 2b2 2bb e65 0 
27c 2c5 27d ee7 0 
27b 27a 2c7 f90 0 
29f 2a0 2a3 858 0 
24f 2bd 2bc d7c 0 
2bb 2ba 258 e67 0 
248 2c1 2c0 e9b 0 
25b 299 2cd f51 0 
285 2c3 283 1005 0 
250 2bc 2c2 fe4 0 
249 2d8 298 def 0 
2ab 297 2a4 e44 0 
2a5 24c 2d1 fef 0 
284 2b0 2af 100c 0 
285 28a 2c4 f47 0 
29d 2b0 29c 1040 0 
2cc 280 282 fd6 0 
283 2ca 284 1009 0 
27d 2c6 295 e69 0 
296 2a6 2b1 f69 0 
2a3 2a0 2ae e7a 0 
2c8 294 27b f3e 0 
2b3 2a6 297 a79 0 
2b3 297 2ab e45 0 
26b 294 2d5 d30 0 
298 2d9 260 e7d 0 
25f 2ad 2cf 10ce 0 
2af 2b0 29d 100b 0 
2d5 299 26b f19 0 
2a9 2aa 2ae aa3 0 
27a 293 2d2 e3c 0 
2b4 2d0 262 fd3 0 
282 29f 2cb f4a 0 
2c0 2d8 249 ebf 0 
25f 2cf 2bd 1038 0 
2b2 2b1 2a6 10a3 0 
281 2be 2bf e5b 0 
2d9 2ad 260 e22 0 
262 2d0 2c1 fd1 0 
2cd 2ce 25b e15 0 
2bf 2c5 27c e75 0 
2c9 2b0 284 1010 0 
27d 2c5 2c6 ee9 0 
2c4 2c3 285 f45 0 
2c8 27b 2c7 10b7 0 
2b5 2b2 2b6 f6d 0 
2d6 293 295 1046 0 
2be 280 2cc e58 0 
2ce 2d1 269 f25 0 
2b6 2b7 2b5 f71 0 
2d4 28a 2a7 1095 0 
283 2c3 2ca 1007 0 
2bb 2b2 2b5 f73 0 
2c9 284 2ca e0f 0 
27a 2d2 2c7 f91 0 
2cc 282 2cb fd9 0 
28a 2d4 2c4 dfd 0 
2dd 29f 2a3 f18 0 
2d3 2b2 2a6 e3d 0 
2a6 2b3 2d3 a81 0 
2de 2a2 2a5 fed 0 
29c 2b0 2dc 1042 0 
2d5 294 2c8 d2f 0 
2b4 29c 2db e2c 0 
295 2c6 2d6 104d 0 
2d4 2a7 2ba 10db 0 
2b6 2b2 2d3 e40 0 
2ae 2e0 2a3 e7c 0 
2d2 293 2d6 1049 0 
2e3 2ab 2a4 e47 0 
2a2 2de 2b8 e13 0 
299 2da 2cd e04 0 
2ae 2aa 2e2 fc8 0 
298 2d8 2d7 df1 0 
2d7 2d9 298 e7f 0 
2da 299 2d5 f1b 0 
2a4 2b9 2e3 e28 0 
29f 2dd 2cb e1b 0 
2ab 2e6 2b3 e48 0 
29c 2dc 2db e11 0 
2e2 2aa 2c2 c43 0 
2b0 2c9 2dc e02 0 
2db 2d0 2b4 8a2 0 
2a5 2d1 2e5 ff6 0 
2e0 2df 2a3 e19 0 
2e1 2dd 2a3 f13 0 
2a3 2df 2e1 f16 0 
2a5 2e4 2de fe5 0 
2cf 2ad 2e8 1099 0 
2e6 2d3 2b3 a7f 0 
2ae 2e2 2e0 fcb 0 
2a5 2e5 2e4 fea 0 
2d9 2e7 2ad 109c 0 
2e3 2e6 2ab e4a 0 
2e7 2e8 2ad e24 0 
2e1 2ff 2dd f14 0 
300 2e8 2e7 e25 0 
306 309 316 dd6 0 
30f 310 30e dcd 0 
311 312 313 98c 0 
30e 318 30f e61 0 
316 314 315 d1c 0 
319 318 30e c6a 0 
317 316 315 c90 0 
318 31a 30f c35 0 
31a 318 312 11a5 0 
30f 31a 320 c6b 0 
319 31b 31c 91c 0 
31e 31f 31d e85 0 
315 327 317 9e6 0 
312 32e 313 988 0 
318 32e 312 721 0 
334 30e 310 dcb 0 
315 326 327 617 0 
321 322 323 a13 0 
315 314 332 155 0 
319 32e 318 724 0 
319 30e 333 c67 0 
317 327 329 9e7 0 
31c 32e 319 91e 0 
326 324 325 af8 0 
31b 319 333 11f8 0 
313 32e 32f 63f 0 
332 326 315 1044 0 
329 327 328 697 0 
330 322 321 bc7 0 
32f 32e 31c b94 0 
321 329 330 bc9 0 
32b 32c 32a cd3 0 
332 324 326 c7d 0 
32a 32d 32b a51 0 
330 329 328 bc8 0 
331 322 330 c5a 0 
313 350 311 d88 0 
32b 32d 338 f3c 0 
338 339 320 a85 0 
338 32d 339 a86 0 
338 33a 32b f3b 0 
337 335 336 6e2 0 
330 328 343 9ce 0 
31a 354 320 c6e 0 
32c 347 32a 82c 0 
343 331 330 c58 0 
305 306 36f e05 0 
30a 36c 309 e0a 0 
353 326 325 af4 0 
31d 35b 31e cb1 0 
33b 33c 33d ce4 0 
30f 369 310 dcc 0 
327 326 353 347 0 
343 328 344 8ab 0 
328 327 353 345 0 
370 30a 30c 102b 0 
316 309 36c efc 0 
336 354 31a e32 0 
33f 33e 33c e53 0 
316 36f 306 dd4 0 
360 31f 31e cd1 0 
305 379 307 e09 0 
320 354 338 c6c 0 
320 369 30f 9c2 0 
317 329 361 978 0 
36c 314 316 efb 0 
34a 33a 335 9a6 0 
350 351 311 d85 0 
342 340 341 c4b 0 
32a 347 34b ad6 0 
35a 322 331 c55 0 
352 350 313 e5c 0 
344 33e 343 8ad 0 
346 339 345 ef6 0 
317 36f 316 f4f 0 
361 329 321 976 0 
34d 325 34e c65 0 
311 376 312 62f 0 
349 337 348 f03 0 
328 353 344 81b 0 
335 354 336 e34 0 
311 351 359 ffa 0 
33a 354 335 1276 0 
376 31a 312 369 0 
36b 313 32f 98e 0 
354 33a 338 c07 0 
341 34d 342 da4 0 
31e 35b 34a a42 0 
359 337 336 6e4 0 
34a 35c 31e 6f0 0 
356 331 343 8b7 0 
33c 355 33d c14 0 
337 35c 335 6df 0 
33e 355 33c c1a 0 
308 307 38b fc5 0 
30e 373 333 d50 0 
308 38a 30b e1a 0 
33d 355 340 101c 0 
373 30e 334 1129 0 
356 33e 33f e54 0 
34b 347 34c ad4 0 
320 339 369 cf6 0 
340 355 341 101b 0 
344 355 33e 8af 0 
343 33e 356 b78 0 
34d 34f 342 fa5 0 
341 355 344 60 0 
323 322 375 e52 0 
35f 325 34d c62 0 
30d 30b 38c fb9 0 
348 337 359 dde 0 
357 331 356 8ba 0 
353 325 35f da8 0 
325 324 377 af7 0 
34a 335 35c 121f 0 
349 35c 337 a3b 0 
32c 363 347 828 0 
371 32c 32b cd4 0 
34e 34f 34d fa7 0 
31e 35c 360 6f2 0 
378 32f 31c b96 0 
352 313 36b dfa 0 
361 362 317 de9 0 
336 31a 376 e33 0 
35a 331 357 fa2 0 
31f 381 31d e84 0 
3d3 2d8 2c0 ec1 0 
33d 363 33b f2b 0 
310 37f 334 f85 0 
344 35f 341 5d 0 
2ca 2c3 3db 1008 0 
358 356 33f c2b 0 
33d 340 364 d5a 0 
368 33c 33b ce3 0 
32b 33a 371 f3d 0 
359 351 348 ec8 0 
33c 368 33f 10d3 0 
35f 34d 341 1093 0 
2d4 2ba 3df 10da 0 
333 380 31b 900 0 
369 339 346 cf5 0 
36d 35b 31d 128b 0 
34c 35e 34b 2b 0 
344 353 35f 81d 0 
2c0 2c1 3ea e9c 0 
323 389 321 a0f 0 
359 376 311 c9b 0 
36c 30a 370 1029 0 
362 36f 317 de8 0 
3d7 2d0 2db 8a3 0 
34c 347 364 c0b 0 
357 356 358 9b1 0 
31c 31b 393 e35 0 
370 314 36c b9b 0 
32c 35b 36d a24 0 
34e 325 377 ee1 0 
386 32d 32a a53 0 
34b 35e 35d 7b5 0 
360 35c 349 a34 0 
371 33a 34a 9a4 0 
379 305 36f fdf 0 
375 322 35a 1012 0 
3f0 2c3 2c4 f44 0 
364 363 33d d5c 0 
35b 32c 371 a1f 0 
36d 363 32c a26 0 
339 32d 384 767 0 
2b5 3ff 2bb f75 0 
2b5 2b7 402 f72 0 
310 369 37c ba4 0 
347 363 364 821 0 
3e2 2d9 2d7 e80 0 
2d7 2d8 3e3 df0 0 
401 2ba 2bb e66 0 
37b 340 342 c4e 0 
33b 363 36d f2a 0 
336 376 359 c9c 0 
2dc 2c9 3ed e02 0 
32a 34b 386 ad5 0 
2c9 2ca 3f7 e0f 0 
2d4 3f5 2c4 dfd 0 
342 34f 37a ea3 0 
2c1 2d0 3fa fd2 0 
339 384 345 76a 0 
34a 35b 371 a3f 0 
310 37c 37f f84 0 
38a 308 372 1083 0 
374 373 334 123 0 
372 308 38b fc2 0 
3a5 332 314 113d 0 
2bf 2be 40a e5a 0 
36b 36a 352 df8 0 
389 361 321 110e 0 
38b 307 379 ea0 0 
31b 380 37e 8fe 0 
365 366 367 ed5 0 
388 36d 31d 99c 0 
364 340 37b c0f 0 
3a3 324 332 e95 0 
37b 35e 34c 2c 0 
36b 32f 383 e6a 0 
382 381 31f e86 0 
33f 387 358 c29 0 
364 37b 34c c11 0 
333 373 380 d52 0 
372 362 361 bc 0 
37c 369 346 e8a 0 
383 32f 378 e90 0 
38c 30b 38a fb7 0 
381 388 31d 65a 0 
36b 36e 36a e6e 0 
37a 37b 342 ea2 0 
323 375 38d eed 0 
33b 388 368 c04 0 
34b 35d 386 7b6 0 
368 387 33f c70 0 
2be 2cc 416 e57 0 
33b 36d 388 99e 0 
384 32d 386 d4c 0 
2c6 411 2d6 1047 0 
41e 2c5 2bf e74 0 
38a 389 323 e98 0 
31b 37e 394 10a1 0 
379 36f 362 fdd 0 
417 2cc 2cb fd8 0 
31c 399 378 f61 0 
2d5 2c8 415 d32 0 
2dc 408 2db e11 0 
345 39e 346 ef7 0 
395 34f 34e fa8 0 
334 390 374 120 0 
348 351 398 ec7 0 
38e 38a 323 ef0 0 
348 39c 349 f07 0 
358 387 366 d2c 0 
38d 38e 323 eec 0 
2d9 406 2e7 109d 0 
37a 35e 37b 28 0 
370 3a5 314 ba2 0 
367 381 365 ed6 0 
397 351 350 f9a 0 
384 385 345 e30 0 
37f 390 334 f20 0 
393 31b 394 e3a 0 
3ac 31f 360 eb6 0 
366 387 367 ed4 0 
2c7 2d2 421 f92 0 
387 368 367 c71 0 
35d 35e 391 fb1 0 
368 388 367 c00 0 
377 324 3a2 d6c 0 
383 36e 36b e6b 0 
393 399 31c e37 0 
30c 3b3 370 102e 0 
349 39d 360 ebd 0 
39a 357 358 1279 0 
3a1 350 352 f9e 0 
372 361 389 1104 0 
35a 357 39b cfd 0 
374 380 373 112b 0 
365 381 382 ae1 0 
38b 362 372 e9e 0 
384 35d 385 e2d 0 
3f3 303 304 daa 0 
37e 374 37d e60 0 
384 386 35d 12ed 0 
2e7 404 300 e23 0 
2c8 2c7 430 10b7 0 
379 362 38b e9f 0 
34e 377 396 ee0 0 
37e 380 374 e5f 0 
2c6 2c5 434 eea 0 
303 3f3 30c 102d 0 
367 388 381 65b 0 
382 31f 3ac e89 0 
36a 3a0 352 ed0 0 
392 35e 37a 101a 0 
345 385 39f e31 0 
3a7 358 366 d29 0 
3a2 324 3a3 e96 0 
300 404 304 1026 0 
37c 346 3a6 e8c 0 
372 389 38a d72 0 
396 395 34e ede 0 
374 38f 37d f2d 0 
391 35e 392 e18 0 
2cd 2da 438 e04 0 
398 39c 348 eca 0 
351 397 398 10b1 0 
37a 34f 3a8 108f 0 
43e 2d1 2ce f26 0 
3aa 366 365 ed8 0 
39c 39d 349 f06 0 
332 3a5 3a3 1053 0 
39f 39e 345 ef9 0 
439 2da 2d5 f1a 0 
3a9 375 35a 1011 0 
2cb 2dd 43d e1b 0 
2e5 2d1 436 ff7 0 
374 390 38f f1e 0 
357 39a 39b cfb 0 
440 2d2 2d6 104b 0 
2cd 447 2ce e15 0 
3a1 397 350 f9b 0 
346 39e 3a6 10ab 0 
38c 38a 38e 12e2 0 
3a1 352 3a0 e03 0 
36a 36e 3ae f60 0 
3a8 34f 395 fab 0 
2e4 2e5 436 feb 0 
385 35d 3ab fae 0 
3a7 39a 358 fa1 0 
3ad 365 382 ae4 0 
37d 3a4 37e ead 0 
3ab 35d 391 faf 0 
39b 3a9 35a 1015 0 
377 3a2 396 d67 0 
3b0 36e 383 e70 0 
2dd 2ff 43c f0e 0 
38d 375 3a9 101d 0 
39d 3ac 360 eba 0 
42b 302 301 107d 0 
3a4 394 37e e01 0 
37a 3a8 392 1089 0 
378 3b2 383 e93 0 
3a7 366 3aa d2a 0 
37c 3b4 37f f88 0 
30d 42b 301 fbc 0 
3a0 36a 3ae e06 0 
3ea 3d3 2c0 e99 0 
3aa 365 3ad e10 0 
378 399 3b2 f67 0 
3b4 390 37f e0b 0 
37d 38f 3b6 f2f 0 
302 43c 2ff 10bf 0 
385 3ab 39f e12 0 
3b3 3a5 370 e08 0 
36e 3b0 3af e14 0 
3ae 36e 3b1 f5e 0 
3db 2c3 3f0 1002 0 
3e2 2d7 3e3 e7e 0 
3b1 36e 3af f57 0 
3cc 402 2b7 109b 0 
382 3ac 3ad e0d 0 
3a6 3b4 37c e17 0 
3b5 3a4 37d eae 0 
3db 3f7 2ca 1146 0 
3b2 3b0 383 10ad 0 
3fa 2d0 3d7 89a 0 
3df 2ba 401 10dd 0 
3f9 2d8 3d3 ebe 0 
3df 3f5 2d4 1096 0 
37d 3b6 3b5 eb2 0 
3f5 3f0 2c4 f41 0 
3ea 2c1 3fa fcd 0 
3ed 2c9 3f7 100d 0 
30c 3f3 3b3 102f 0 
3e3 2d8 3f9 df3 0 
402 3ff 2b5 f6c 0 
2bb 3ff 401 e64 0 
408 3d7 2db 8a1 0 
406 2d9 3e2 e81 0 
3ed 408 2dc 103c 0 
304 3f2 3f3 daf 0 
3a2 3d5 396 d66 0 
3a8 3d9 392 108a 0 
38c 42b 30d fba 0 
406 404 2e7 e21 0 
39f 3dd 39e efa 0 
396 3e9 395 edf 0 
304 404 3f2 1023 0 
40a 41e 2bf e72 0 
3b4 3e1 390 e0b 0 
416 2cc 417 fd7 0 
391 3ec 3ab fb0 0 
3cd 2e4 436 fe9 0 
38f 390 400 f1f 0 
3ef 3a6 39e 10ab 0 
40a 2be 433 e59 0 
407 391 392 e18 0 
3fb 3a8 395 faa 0 
3a3 3f8 3a2 e97 0 
39f 3ab 3f6 e12 0 
3b3 3f1 3a5 e08 0 
433 2be 416 e55 0 
396 3d5 3e9 edd 0 
3b6 38f 3fc f30 0 
415 2c8 430 f3f 0 
434 411 2c6 e68 0 
3f4 3b4 3a6 e17 0 
430 2c7 421 f8e 0 
434 2c5 41e ee3 0 
3d2 3d3 3d4 cc5 0 
3d5 3d2 3d4 ed9 0 
39e 3dd 3ef ef3 0 
3a3 3a5 409 1052 0 
415 439 2d5 d35 0 
417 2cb 43d f49 0 
3d6 3d7 3d8 b6c 0 
39b 40d 3a9 1016 0 
3d9 3d6 3d8 b61 0 
38c 38e 425 12e1 0 
3a2 3f8 3d5 d65 0 
2d6 411 440 1045 0 
3f6 3dd 39f e2f 0 
436 2d1 42e ff5 0 
39b 39a 41c cfa 0 
3da 3db 3dc 1223 0 
40f 3a7 3aa d2b 0 
3dd 3da 3dc 1225 0 
3b6 403 3b5 eb3 0 
390 3e1 400 f21 0 
421 2d2 440 e3b 0 
422 398 397 10b1 0 
395 3e9 3fb fa4 0 
3fb 3d9 3a8 1085 0 
3e5 3f8 3a3 e94 0 
392 3d9 407 1019 0 
3d4 3d3 3ea cc8 0 
3e9 3d5 3d4 eda 0 
42e 2d1 43e f24 0 
424 39c 398 ec9 0 
3df 3e0 3de cb6 0 
3a6 3ef 3f4 e8b 0 
3b4 3f4 3e1 f8c 0 
426 302 42b 1079 0 
3de 3e0 3e1 d5e 0 
3ab 3ec 3f6 fac 0 
438 2da 439 f1c 0 
3b5 403 3cf eb1 0 
3b3 3f3 3f1 1031 0 
391 407 3ec fb5 0 
38f 400 3fc 10b4 0 
3e3 3e4 3e2 600 0 
3d4 3e8 3e9 1072 0 
3a1 3a0 427 e03 0 
3ea 3e8 3d4 c85 0 
2dd 43c 43d f12 0 
447 2cd 438 f54 0 
3e6 3e4 3e5 9de 0 
3e3 3e7 3e4 1201 0 
3db 3f0 3dc 74e 0 
3ef 3dd 3dc 753 0 
3e5 3e4 3e7 9db 0 
3f9 3d3 3d2 cc3 0 
41f 3ad 3ac e0d 0 
3d5 3f8 3d2 edb 0 
2ce 447 43e f28 0 
3a3 409 3e5 10af 0 
38d 3a9 432 12f2 0 
3eb 3ec 3d8 f0a 0 
3d8 3ed 3eb d38 0 
3a0 3ae 428 e06 0 
3cc 3ce 402 e4f 0 
442 38e 38d eeb 0 
426 43c 302 fbd 0 
3d6 3fa 3d7 898 0 
3f6 3da 3dd cb3 0 
3da 3f7 3db e9d 0 
403 3ce 3cf f7b 0 
3fb 3d6 3d9 1086 0 
3de 3f5 3df cbc 0 
3e1 3f4 3de d61 0 
3dc 3ee 3ef 74f 0 
409 3a5 3f1 e1f 0 
3f8 3e7 3d2 48c 0 
3dc 3f0 3ee 750 0 
3d2 3e7 3f9 95e 0 
431 3ac 39d eb9 0 
435 39a 3a7 fa0 0 
3eb 3da 3f6 14 0 
3d6 3e8 3fa c81 0 
3eb 3f7 3da d25 0 
3f4 3ee 3de 39b 0 
3fb 3e8 3d6 cd6 0 
3f5 3de 3ee 232 0 
43f 39d 39c f05 0 
3fc 403 3b6 f31 0 
3f1 3f2 3e6 e1c 0 
3f9 3e7 3e3 95d 0 
3e7 3f8 3e5 11d2 0 
407 3d9 3d8 b5c 0 
3d8 3d7 408 b6b 0 
401 3e0 3df bf8 0 
3e1 3e0 400 e42 0 
3f6 3ec 3eb 1d 0 
3ef 3ee 3f4 3a6 0 
3fa 3e8 3ea c8a 0 
3ed 3f7 3eb d20 0 
3e9 3e8 3fb cd8 0 
3ee 3f0 3f5 23c 0 
3f3 3f2 3f1 db1 0 
449 397 3a1 f9c 0 
3e2 3e4 405 130 0 
402 3ce 3fe e4d 0 
3ec 407 3d8 f0b 0 
3fe 3ce 403 f7c 0 
405 3e4 3e6 134 0 
3d8 408 3ed b68 0 
441 3aa 3ad e10 0 
409 3e6 3e5 e1e 0 
400 3e0 3fd e41 0 
3fd 3e0 401 bfb 0 
39b 41c 40d d04 0 
3e6 3f2 405 12c 0 
3ae 3b1 443 f5d 0 
3f1 3e6 409 e1d 0 
405 406 3e2 d75 0 
3fc 3fd 3fe ceb 0 
3d1 3d0 42a f36 0 
42d 3d0 3cd e0e 0 
3fd 3ff 3fe 8e0 0 
400 3fd 3fc ced 0 
401 3ff 3fd bfd 0 
3fe 403 3fc f80 0 
3f2 404 405 1025 0 
3fe 3ff 402 e4b 0 
422 424 398 ec6 0 
425 42b 38c d47 0 
3b1 3d1 443 f5b 0 
432 41a 38d 12f1 0 
39d 413 431 eb5 0 
406 405 404 12e6 0 
427 3a0 428 ed3 0 
3a9 40d 432 1014 0 
40f 435 3a7 d27 0 
41c 39a 435 f9f 0 
41a 442 38d 10cb 0 
40c 40a 40b e50 0 
431 41f 3ac e87 0 
43f 413 39d ebb 0 
40b 40d 40c d9a 0 
425 38e 442 eef 0 
3aa 441 40f ed7 0 
410 40e 40f baa 0 
424 43f 39c f04 0 
411 40e 410 1265 0 
449 422 397 10bc 0 
413 414 412 e5d 0 
41f 441 3ad add 0 
414 415 412 ab2 0 
41c 40c 40d cfe 0 
40c 41e 40a e51 0 
42a 3d0 42d f39 0 
449 3a1 427 f95 0 
428 3ae 443 e07 0 
417 418 416 1285 0 
41c 41d 40c 439 0 
416 418 41b 9fe 0 
41a 418 419 b49 0 
41d 41e 40c 1229 0 
436 42d 3cd d0f 0 
41b 418 41a b4e 0 
410 41f 420 d53 0 
420 421 410 adb 0 
40a 433 40b b40 0 
432 40d 40b d9e 0 
443 3d1 42a f35 0 
40e 411 434 927 0 
40e 435 40f 934 0 
431 413 412 e5e 0 
415 430 412 f40 0 
425 419 426 acc 0 
432 40b 41b d9c 0 
40b 433 41b b3c 0 
422 423 424 ec5 0 
412 430 420 abb 0 
434 41d 40e 923 0 
431 412 420 abd 0 
40e 41d 435 932 0 
41b 433 416 b3e 0 
41b 41a 432 b50 0 
415 414 439 ab0 0 
420 41f 431 7dd 0 
430 421 420 ab9 0 
426 42b 425 d45 0 
40f 441 410 d55 0 
428 429 427 ecd 0 
440 411 410 12a4 0 
435 41d 41c 440 0 
434 41e 41d c97 0 
42a 429 428 ed1 0 
417 43b 418 1288 0 
414 413 43f 12c4 0 
43b 419 418 1286 0 
42c 429 42a 10a5 0 
42d 42c 42a e43 0 
410 421 440 ada 0 
410 441 41f d56 0 
42c 42f 429 db3 0 
42e 42c 42d d0c 0 
419 43b 426 d8a 0 
41a 419 442 aca 0 
42e 42f 42c db5 0 
424 423 43a fff 0 
439 414 43a c74 0 
442 419 425 ace 0 
42d 436 42e d0e 0 
43a 414 43f c2f 0 
43d 43b 417 f48 0 
43a 423 437 ffd 0 
446 423 422 10d4 0 
443 42a 428 bdc 0 
43e 42f 42e 10b3 0 
426 43b 43c 12e8 0 
445 427 429 10ef 0 
43a 43f 424 f02 0 
429 42f 444 12f8 0 
438 439 437 c76 0 
437 439 43a c78 0 
423 446 437 e0c 0 
43d 43c 43b f4c 0 
444 42f 43e ff8 0 
445 429 444 12f7 0 
449 446 422 1070 0 
427 445 449 ec3 0 
448 438 437 1065 0 
437 446 448 e16 0 
448 447 438 4d 0 
43e 447 444 ff9 0 
444 447 448 48 0 
445 446 449 dfe 0 
44a 446 445 dfe 0 
444 44c 445 6d 0 
44a 448 446 e16 0 
448 44c 444 49 0 
44a 445 44b dff 0 
44c 44b 445 67 0 
44a 44d 448 e00 0 
44c 44a 44b 718 0 
44d 44c 448 4f 0 
44d 44a 44c 711 0 

))
(12 (2 1 12f9 1 2))
(45 (1 interior interior-geometry_3d)())
(45 (2 fluid geometry_3d)())
(45 (5 velocity-inlet inlet)())
(45 (6 pressure-outlet outlet)())
(45 (7 wall outerwall)())
